9.900969490325730593e-01,-6.710111489198711254e-02,-1.233104695337862294e-01,5.651109421632634078e-01
-6.022594648589785216e-02,-9.964593588082728548e-01,5.866499478636043319e-02,8.655226733312086640e-02
-1.268103579612810949e-01,-5.065754261369450479e-02,-9.906325991456538249e-01,5.101119488183953887e-01
0.000000000000000000e+00,0.000000000000000000e+00,0.000000000000000000e+00,1.000000000000000000e+00
9.900962967162920680e-01,-6.709761698965532872e-02,-1.233176103522673484e-01,5.651091592395709462e-01
-6.022213113432856035e-02,-9.964596227579142207e-01,5.866442818945185461e-02,8.655190921053615427e-02
-1.268172628246006517e-01,-5.065698379754886294e-02,-9.906317438090761485e-01,5.101088616450606406e-01
0.000000000000000000e+00,0.000000000000000000e+00,0.000000000000000000e+00,1.000000000000000000e+00
9.900979512051650833e-01,-6.710073274231048712e-02,-1.233026304860495581e-01,5.651097347088258616e-01
-6.022565443624033898e-02,-9.964592334676867225e-01,5.866742353910604779e-02,8.655074696996599426e-02
-1.268026717662558700e-01,-5.066051423382231245e-02,-9.906334310583829739e-01,5.101165443533338673e-01
0.000000000000000000e+00,0.000000000000000000e+00,0.000000000000000000e+00,1.000000000000000000e+00
9.900978659137926741e-01,-6.710242763255991338e-02,-1.233023929969355587e-01,5.651098222828140338e-01
-6.022752037699996563e-02,-9.964591887343978716e-01,5.866626778672407588e-02,8.655011906473704386e-02
-1.268024514833672733e-01,-5.065914915000676449e-02,-9.906335290637025004e-01,5.101165514919444588e-01
0.000000000000000000e+00,0.000000000000000000e+00,0.000000000000000000e+00,1.000000000000000000e+00
9.900965846596065933e-01,-6.711673889307701035e-02,-1.233048920592404313e-01,5.651107205844347892e-01
-6.024167440519884176e-02,-9.964582776873719405e-01,5.866720969310455086e-02,8.654753074301109461e-02
-1.268057321663354775e-01,-5.065811078865085221e-02,-9.906331622255963865e-01,5.101149704294746234e-01
0.000000000000000000e+00,0.000000000000000000e+00,0.000000000000000000e+00,1.000000000000000000e+00
9.900971336205282025e-01,-6.710809053116328915e-02,-1.233051912194908228e-01,5.651104492627646581e-01
-6.023286422190105016e-02,-9.964587684852973526e-01,5.866791948237631837e-02,8.654932843990323366e-02
-1.268056310423161803e-01,-5.065991407440162408e-02,-9.906330829534891746e-01,5.101149779451429334e-01
0.000000000000000000e+00,0.000000000000000000e+00,0.000000000000000000e+00,1.000000000000000000e+00
9.900971053799267896e-01,-6.710808152133818094e-02,-1.233054228848650541e-01,5.651102002659075252e-01
-6.023286506305525201e-02,-9.964587784762137801e-01,5.866774892551804982e-02,8.655098419978342339e-02
-1.268058511449126624e-01,-5.065972949214467974e-02,-9.906330642186323976e-01,5.101149632903586584e-01
0.000000000000000000e+00,0.000000000000000000e+00,0.000000000000000000e+00,1.000000000000000000e+00
9.900974814757784737e-01,-6.710766342632484838e-02,-1.233026304860495581e-01,5.651097347088258616e-01
-6.023262964939901654e-02,-9.964588118636924507e-01,5.866742353910604779e-02,8.655074696996599426e-02
-1.268030263867488405e-01,-5.065962661387878735e-02,-9.906334310583829739e-01,5.101165443533338673e-01
0.000000000000000000e+00,0.000000000000000000e+00,0.000000000000000000e+00,1.000000000000000000e+00
9.900965752807497910e-01,-6.711746892652736829e-02,-1.233045699973328857e-01,5.651108865371312628e-01
-6.024256231147701035e-02,-9.964582868398377258e-01,5.866614248749569410e-02,8.654637341401372197e-02
-1.268053835745089064e-01,-5.065696352044778139e-02,-9.906332655142415788e-01,5.101149880226204525e-01
0.000000000000000000e+00,0.000000000000000000e+00,0.000000000000000000e+00,1.000000000000000000e+00
9.900963982731207924e-01,-6.711485476860862276e-02,-1.233074141971295112e-01,5.651108799347893674e-01
-6.023979894845093996e-02,-9.964584603240104199e-01,5.866603336985330014e-02,8.654937287029516868e-02
-1.268080784068747191e-01,-5.065701450037403408e-02,-9.906329179532976648e-01,5.101135618254339921e-01
0.000000000000000000e+00,0.000000000000000000e+00,0.000000000000000000e+00,1.000000000000000000e+00
9.900981526483718653e-01,-6.709672181447529082e-02,-1.233031955953786535e-01,5.651089628315971725e-01
-6.022171368884926546e-02,-9.964595291482716277e-01,5.866644671346157164e-02,8.655580657436584557e-02
-1.268029704804250479e-01,-5.066001077137737701e-02,-9.906334185691417771e-01,5.101165345840488197e-01
0.000000000000000000e+00,0.000000000000000000e+00,0.000000000000000000e+00,1.000000000000000000e+00
9.900968637894889124e-01,-6.711250342593538809e-02,-1.233049560971594960e-01,5.651104715543565638e-01
-6.023758142162893847e-02,-9.964586046910060002e-01,5.866585822883757517e-02,8.654913301557945471e-02
-1.268054971154295718e-01,-5.065728991129785086e-02,-9.906332342901443822e-01,5.101149635971440333e-01
0.000000000000000000e+00,0.000000000000000000e+00,0.000000000000000000e+00,1.000000000000000000e+00
9.900962528518777450e-01,-6.711202769036034299e-02,-1.233101205414982027e-01,5.651113642632936696e-01
-6.023689396859249756e-02,-9.964586725219236607e-01,5.866541196362897587e-02,8.654948135116788399e-02
-1.268105937754691048e-01,-5.065658590088818053e-02,-9.906326178817145278e-01,5.101119634743173092e-01
0.000000000000000000e+00,0.000000000000000000e+00,0.000000000000000000e+00,1.000000000000000000e+00
9.900976621692122448e-01,-6.710467404958736504e-02,-1.233028064877653290e-01,5.651094750540419653e-01
-6.022965935668367354e-02,-9.964590131821987606e-01,5.866705363095059411e-02,8.655244229878057693e-02
-1.268030263867488405e-01,-5.065962661387878735e-02,-9.906334310583829739e-01,5.101165443533338673e-01
0.000000000000000000e+00,0.000000000000000000e+00,0.000000000000000000e+00,1.000000000000000000e+00
9.900970642952736656e-01,-6.710496051839526244e-02,-1.233074513065019057e-01,5.651108870374340620e-01
-6.022982219778927337e-02,-9.964590555822925300e-01,5.866616628064424965e-02,8.654934648871230596e-02
-1.268076172471645779e-01,-5.065841314007107909e-02,-9.906329054630814701e-01,5.101135520550202918e-01
0.000000000000000000e+00,0.000000000000000000e+00,0.000000000000000000e+00,1.000000000000000000e+00
9.900968031443695416e-01,-6.711303429925186137e-02,-1.233051541114435767e-01,5.651104421603364569e-01
-6.023785867754161139e-02,-9.964584743982933812e-01,5.866778657637034683e-02,8.654935482062822705e-02
-1.268058389240965811e-01,-5.065914948924282735e-02,-9.906330954434051650e-01,5.101149877151912593e-01
0.000000000000000000e+00,0.000000000000000000e+00,0.000000000000000000e+00,1.000000000000000000e+00
9.900977674423379060e-01,-6.710343432006921072e-02,-1.233026358524041133e-01,5.651095722217415185e-01
-6.022853030102659488e-02,-9.964591319551565629e-01,5.866619538502929054e-02,8.655178413011796468e-02
-1.268027406780970479e-01,-5.065893253542047558e-02,-9.906335031235794508e-01,5.101165375209418817e-01
0.000000000000000000e+00,0.000000000000000000e+00,0.000000000000000000e+00,1.000000000000000000e+00
9.900976827943134273e-01,-6.710469313357841914e-02,-1.233026304860495581e-01,5.651097347088258616e-01
-6.022964027269245291e-02,-9.964589925570972451e-01,5.866742353910604779e-02,8.655074696996599426e-02
-1.268028744072983716e-01,-5.066000702272995676e-02,-9.906334310583829739e-01,5.101165443533338673e-01
0.000000000000000000e+00,0.000000000000000000e+00,0.000000000000000000e+00,1.000000000000000000e+00
9.900975852062015026e-01,-6.711051184240335310e-02,-1.233002472385978932e-01,5.651093086034925106e-01
-6.023553281721494290e-02,-9.964585967195453975e-01,5.866809703698348116e-02,8.655062655400271032e-02
-1.268008373595179983e-01,-5.066008511604914999e-02,-9.906336878084450737e-01,5.101179627259677662e-01
0.000000000000000000e+00,0.000000000000000000e+00,0.000000000000000000e+00,1.000000000000000000e+00
9.900963090888030838e-01,-6.711659168813643994e-02,-1.233071849037900153e-01,5.651110636472601589e-01
-6.024165290613464618e-02,-9.964583915119960000e-01,5.866529843495559005e-02,8.654814958913148448e-02
-1.268078940124244269e-01,-5.065606681823598550e-02,-9.906329900173123093e-01,5.101135549931539170e-01
0.000000000000000000e+00,0.000000000000000000e+00,0.000000000000000000e+00,1.000000000000000000e+00
9.900976095350313422e-01,-6.710086924452296486e-02,-1.233052997224621111e-01,5.651102119427482418e-01
-6.022575099109456209e-02,-9.964592720427620787e-01,5.866666922169055248e-02,8.655088183470002750e-02
-1.268052937009155057e-01,-5.065957467881092302e-02,-9.906331434909627642e-01,5.101149557746692542e-01
0.000000000000000000e+00,0.000000000000000000e+00,0.000000000000000000e+00,1.000000000000000000e+00
9.900977056752868766e-01,-6.710851892507568861e-02,-1.233003645745454208e-01,5.651091355011091943e-01
-6.023355262192403581e-02,-9.964587309385760650e-01,5.866785043637166852e-02,8.655175677244683619e-02
-1.268008373595179983e-01,-5.066008511604914999e-02,-9.906336878084450737e-01,5.101179627259677662e-01
0.000000000000000000e+00,0.000000000000000000e+00,0.000000000000000000e+00,1.000000000000000000e+00
9.900968818030728702e-01,-6.710793681617688300e-02,-1.233072968648161877e-01,5.651110530324049419e-01
-6.023281101375255187e-02,-9.964588682279637011e-01,5.866627998456437620e-02,8.654824264836216696e-02
-1.268076224886084957e-01,-5.065815577102807804e-02,-9.906329179532976648e-01,5.101135618254339921e-01
0.000000000000000000e+00,0.000000000000000000e+00,0.000000000000000000e+00,1.000000000000000000e+00
9.900974615811268809e-01,-6.710283671622774282e-02,-1.233054170555539647e-01,5.651100388398545560e-01
-6.022775663289808845e-02,-9.964591653394527793e-01,5.866642261097376743e-02,8.655201205495083316e-02
-1.268054963381997635e-01,-5.065906745723084553e-02,-9.906331434909627642e-01,5.101149557746692542e-01
0.000000000000000000e+00,0.000000000000000000e+00,0.000000000000000000e+00,1.000000000000000000e+00
9.900972878726399529e-01,-6.710510522315704662e-02,-1.233055773281637457e-01,5.651100342652493058e-01
-6.022987624723735722e-02,-9.964589658309416231e-01,5.866763522055859492e-02,8.655208803929115291e-02
-1.268058459002786020e-01,-5.065998685470695512e-02,-9.906330517287396109e-01,5.101149535206945806e-01
0.000000000000000000e+00,0.000000000000000000e+00,0.000000000000000000e+00,1.000000000000000000e+00
9.900971322315819112e-01,-6.710854303794322462e-02,-1.233049560971594960e-01,5.651104715543565638e-01
-6.023359558672836123e-02,-9.964588456333600686e-01,5.866585822883757517e-02,8.654913301557945471e-02
-1.268052944852554875e-01,-5.065779713288105779e-02,-9.906332342901443822e-01,5.101149635971440333e-01
0.000000000000000000e+00,0.000000000000000000e+00,0.000000000000000000e+00,1.000000000000000000e+00
9.900973617479847944e-01,-6.710963990806934065e-02,-1.233025161587932711e-01,5.651098106060249426e-01
-6.023463444838123015e-02,-9.964586951556386740e-01,5.866734749067913091e-02,8.655022142983252731e-02
-1.268030089254591763e-01,-5.065930398388310274e-02,-9.906334497922621996e-01,5.101165590075494860e-01
0.000000000000000000e+00,0.000000000000000000e+00,0.000000000000000000e+00,1.000000000000000000e+00
9.900964517397029541e-01,-6.710503611794071954e-02,-1.233123285809654829e-01,5.651084396493618600e-01
-6.022978106657728148e-02,-9.964591196031620246e-01,5.866512108880056475e-02,8.655043066095492732e-02
-1.268124194435319985e-01,-5.065705367766006051e-02,-9.906323602566072806e-01,5.101118617593530802e-01
0.000000000000000000e+00,0.000000000000000000e+00,0.000000000000000000e+00,1.000000000000000000e+00
9.900969856519652446e-01,-6.711005800197145099e-02,-1.233053085550831762e-01,5.651102761629775983e-01
-6.023486986264203757e-02,-9.964586617679778158e-01,5.866767287187654722e-02,8.655045866062870130e-02
-1.268058336809580189e-01,-5.065940685147218847e-02,-9.906330829534891746e-01,5.101149779451429334e-01
0.000000000000000000e+00,0.000000000000000000e+00,0.000000000000000000e+00,1.000000000000000000e+00
9.900972181661458205e-01,-6.710755894747583161e-02,-1.233048016573993627e-01,5.651106375491184997e-01
-6.023259856692675385e-02,-9.964588992061271799e-01,5.866597193253318687e-02,8.654802917520060257e-02
-1.268050970960354074e-01,-5.065804699180960491e-02,-9.906332467797760444e-01,5.101149733672193376e-01
0.000000000000000000e+00,0.000000000000000000e+00,0.000000000000000000e+00,1.000000000000000000e+00
9.900977093592939760e-01,-6.709885724075409508e-02,-1.233055930542669154e-01,5.651097791812753623e-01
-6.022378988084570173e-02,-9.964594268677671174e-01,5.866605269445862580e-02,8.655370738467783875e-02
-1.268054456790689288e-01,-5.065919426270186487e-02,-9.906331434909627642e-01,5.101149557746692542e-01
0.000000000000000000e+00,0.000000000000000000e+00,0.000000000000000000e+00,1.000000000000000000e+00
9.900974883869158027e-01,-6.710361163641831439e-02,-1.233047800990299397e-01,5.651107311992126236e-01
-6.022859420677195708e-02,-9.964591261638873210e-01,5.866622814344188419e-02,8.654743768377530511e-02
-1.268048892188206600e-01,-5.065881157361588200e-02,-9.906332342901443822e-01,5.101149635971440333e-01
0.000000000000000000e+00,0.000000000000000000e+00,0.000000000000000000e+00,1.000000000000000000e+00
9.900977093395665340e-01,-6.710396183129080372e-02,-1.233028153250691622e-01,5.651095392757508051e-01
-6.022881363769588825e-02,-9.964590052089625782e-01,5.866805728640245299e-02,8.655201912393056807e-02
-1.268030597751454991e-01,-5.066072684545269017e-02,-9.906333705196647132e-01,5.101165665232643143e-01
0.000000000000000000e+00,0.000000000000000000e+00,0.000000000000000000e+00,1.000000000000000000e+00
9.900968155029703510e-01,-6.711349952957673670e-02,-1.233048016573993627e-01,5.651106375491184997e-01
-6.023857731923759617e-02,-9.964585377925995191e-01,5.866597193253318687e-02,8.654802917520060257e-02
-1.268054010420348598e-01,-5.065728616031520137e-02,-9.906332467797760444e-01,5.101149733672193376e-01
0.000000000000000000e+00,0.000000000000000000e+00,0.000000000000000000e+00,1.000000000000000000e+00
9.900975812654727592e-01,-6.710596482368036408e-02,-1.233027536486661080e-01,5.651097230319649389e-01
-6.023077559017631089e-02,-9.964588603645646581e-01,5.866850324287317675e-02,8.655084933504365863e-02
-1.268031278954367402e-01,-5.066092267257064907e-02,-9.906333517855621107e-01,5.101165518690699008e-01
0.000000000000000000e+00,0.000000000000000000e+00,0.000000000000000000e+00,1.000000000000000000e+00
9.900970947107263775e-01,-6.710835660193315011e-02,-1.233053588436718723e-01,5.651104493013119345e-01
-6.023297221303541837e-02,-9.964586924292065939e-01,5.866910039074950400e-02,8.654938192798758423e-02
-1.268058835534163764e-01,-5.066105759322375029e-02,-9.906329921518731707e-01,5.101149701228989697e-01
0.000000000000000000e+00,0.000000000000000000e+00,0.000000000000000000e+00,1.000000000000000000e+00
9.900975141590128148e-01,-6.710695492122803474e-02,-1.233027536486661080e-01,5.651097230319649389e-01
-6.023177204900653781e-02,-9.964588001332908007e-01,5.866850324287317675e-02,8.655084933504365863e-02
-1.268031785562959979e-01,-5.066079586941741458e-02,-9.906333517855621107e-01,5.101165518690699008e-01
0.000000000000000000e+00,0.000000000000000000e+00,0.000000000000000000e+00,1.000000000000000000e+00
9.900951668485489243e-01,-6.710515560859503514e-02,-1.233225797406554136e-01,5.651106890177803876e-01
-6.022943683496301270e-02,-9.964591694182475257e-01,5.866462836189748065e-02,8.654840078443129525e-02
-1.268226143938345762e-01,-5.065591547926649035e-02,-9.906311133339544828e-01,5.101057171148561942e-01
0.000000000000000000e+00,0.000000000000000000e+00,0.000000000000000000e+00,1.000000000000000000e+00
9.900957173422088031e-01,-6.711619855342326746e-02,-1.233121502219237525e-01,5.651087645787787883e-01
-6.024086114215515542e-02,-9.964583747283788373e-01,5.866639653608663602e-02,8.654830285445251625e-02
-1.268128903127295481e-01,-5.065691784361969763e-02,-9.906323069257919611e-01,5.101118832459115016e-01
0.000000000000000000e+00,0.000000000000000000e+00,0.000000000000000000e+00,1.000000000000000000e+00
9.900959369646393782e-01,-6.710815191309354999e-02,-1.233147661592965821e-01,5.651091658665367001e-01
-6.023286616259615478e-02,-9.964589674895905080e-01,5.866453735791291729e-02,8.654890976514452439e-02
-1.268149732482391212e-01,-5.065591827603511954e-02,-9.906320913960238173e-01,5.101102878392144158e-01
0.000000000000000000e+00,0.000000000000000000e+00,0.000000000000000000e+00,1.000000000000000000e+00
9.900965158820385081e-01,-6.709847920635164664e-02,-1.233153815484632071e-01,5.651085671505683417e-01
-6.022304193759020485e-02,-9.964595347562827943e-01,5.866498796621121697e-02,8.655289263616339213e-02
-1.268151192012667572e-01,-5.065757279506439420e-02,-9.906319881068252897e-01,5.101102702470898809e-01
0.000000000000000000e+00,0.000000000000000000e+00,0.000000000000000000e+00,1.000000000000000000e+00
9.900971772210488409e-01,-6.711235792008368728e-02,-1.233025185197668128e-01,5.651097453241794577e-01
-6.023748570794967838e-02,-9.964585761083082360e-01,5.866644199018366396e-02,8.655065391080037085e-02
-1.268030952875180972e-01,-5.065804491499458634e-02,-9.906335031235794508e-01,5.101165375209418817e-01
0.000000000000000000e+00,0.000000000000000000e+00,0.000000000000000000e+00,1.000000000000000000e+00
9.900981649688697095e-01,-6.709750044855838924e-02,-1.233026729589922488e-01,5.651095793239370169e-01
-6.022253938335753176e-02,-9.964594862189299906e-01,5.866632828570404745e-02,8.655175775036194619e-02
-1.268024821346034336e-01,-5.065982390279069603e-02,-9.906334906344735902e-01,5.101165277516439556e-01
0.000000000000000000e+00,0.000000000000000000e+00,0.000000000000000000e+00,1.000000000000000000e+00
9.900968134130496701e-01,-6.710865218436956603e-02,-1.233074566736429151e-01,5.651107245528376177e-01
-6.023369452224036635e-02,-9.964588938235194870e-01,5.866493811647244261e-02,8.655038365112595333e-02
-1.268077368046856834e-01,-5.065670461059854773e-02,-9.906329775272313398e-01,5.101135452227274492e-01
0.000000000000000000e+00,0.000000000000000000e+00,0.000000000000000000e+00,1.000000000000000000e+00
9.900970712334566937e-01,-6.711434712415587089e-02,-1.233022868605023470e-01,5.651099943204130893e-01
-6.023947778363181182e-02,-9.964584456407076241e-01,5.866661254632220268e-02,8.654899815083944015e-02
-1.268029765079929927e-01,-5.065797589129734241e-02,-9.906335218572557277e-01,5.101165521751765963e-01
0.000000000000000000e+00,0.000000000000000000e+00,0.000000000000000000e+00,1.000000000000000000e+00
9.900978482951232618e-01,-6.710245694495609037e-02,-1.233025185197668128e-01,5.651097453241794577e-01
-6.022752111917689666e-02,-9.964591784333423075e-01,5.866644199018366396e-02,8.655065391080037085e-02
-1.268025887007288299e-01,-5.065931294341453200e-02,-9.906335031235794508e-01,5.101165375209418817e-01
0.000000000000000000e+00,0.000000000000000000e+00,0.000000000000000000e+00,1.000000000000000000e+00
9.900967044011372842e-01,-6.711476241310182500e-02,-1.233050063875746755e-01,5.651106446900935332e-01
-6.023966960637855417e-02,-9.964583944092902934e-01,5.866728574745582597e-02,8.654805628255844707e-02
-1.268057496319519584e-01,-5.065843342911593300e-02,-9.906331434909627642e-01,5.101149557746692542e-01
0.000000000000000000e+00,0.000000000000000000e+00,0.000000000000000000e+00,1.000000000000000000e+00
9.900965912625888654e-01,-6.711225503474371745e-02,-1.233072795675644040e-01,5.651077630300992416e-01
-6.023683775544314001e-02,-9.964584775812055373e-01,5.866878074215028938e-02,8.654871505201952586e-02
-1.268079782483199636e-01,-5.066011923295875991e-02,-9.906327720057902519e-01,5.101148977022649245e-01
0.000000000000000000e+00,0.000000000000000000e+00,0.000000000000000000e+00,1.000000000000000000e+00
9.900971114994615574e-01,-6.711289550510507462e-02,-1.233027536486661080e-01,5.651097230319649389e-01
-6.023775080072318877e-02,-9.964584387247221731e-01,5.866850324287317675e-02,8.655084933504365863e-02
-1.268034825187887571e-01,-5.066003504943418501e-02,-9.906333517855621107e-01,5.101165518690699008e-01
0.000000000000000000e+00,0.000000000000000000e+00,0.000000000000000000e+00,1.000000000000000000e+00
9.900974615811268809e-01,-6.710283671622774282e-02,-1.233054170555539647e-01,5.651100388398545560e-01
-6.022775663289808845e-02,-9.964591653394527793e-01,5.866642261097376743e-02,8.655201205495083316e-02
-1.268054963381997635e-01,-5.065906745723084553e-02,-9.906331434909627642e-01,5.101149557746692542e-01
0.000000000000000000e+00,0.000000000000000000e+00,0.000000000000000000e+00,1.000000000000000000e+00
9.900975630246657833e-01,-6.710698301420903178e-02,-1.233023459766651730e-01,5.651102316738203513e-01
-6.023175212434861425e-02,-9.964587695165976200e-01,5.866904370704766752e-02,8.654749824484672671e-02
-1.268028064699262270e-01,-5.066136086011829159e-02,-9.906333705196647132e-01,5.101165665232643143e-01
0.000000000000000000e+00,0.000000000000000000e+00,0.000000000000000000e+00,1.000000000000000000e+00
9.900983850830955557e-01,-6.709453616002247767e-02,-1.233025185197668128e-01,5.651097453241794577e-01
-6.021954944382212904e-02,-9.964596602216246879e-01,5.866644199018366396e-02,8.655065391080037085e-02
-1.268021834221675914e-01,-5.066032736250302565e-02,-9.906335031235794508e-01,5.101165375209418817e-01
0.000000000000000000e+00,0.000000000000000000e+00,0.000000000000000000e+00,1.000000000000000000e+00
9.900979092617051558e-01,-6.710144404996210010e-02,-1.233025801920238501e-01,5.651095615683584539e-01
-6.022655562534556806e-02,-9.964592630443193100e-01,5.866599603415457997e-02,8.655182369972917733e-02
-1.268025712401281702e-01,-5.065899031348835430e-02,-9.906335218572557277e-01,5.101165521751765963e-01
0.000000000000000000e+00,0.000000000000000000e+00,0.000000000000000000e+00,1.000000000000000000e+00
9.900966134715741829e-01,-6.711116997298172127e-02,-1.233076917997326799e-01,5.651107022608894415e-01
-6.023595253366359481e-02,-9.964586359740801313e-01,5.866699936964383383e-02,8.655057907541489903e-02
-1.268082253423748473e-01,-5.065844112813901873e-02,-9.906328261914121303e-01,5.101135595706470793e-01
0.000000000000000000e+00,0.000000000000000000e+00,0.000000000000000000e+00,1.000000000000000000e+00
9.900967872525072710e-01,-6.710008563484309851e-02,-1.233123285809654829e-01,5.651084396493618600e-01
-6.022479877022629546e-02,-9.964594207396114678e-01,5.866512108880056475e-02,8.655043066095492732e-02
-1.268121661566784519e-01,-5.065768773912406736e-02,-9.906323602566072806e-01,5.101118617593530802e-01
0.000000000000000000e+00,0.000000000000000000e+00,0.000000000000000000e+00,1.000000000000000000e+00
9.900974865925584734e-01,-6.710838974986099714e-02,-1.233021940935342953e-01,5.651099765648653905e-01
-6.023352943639953549e-02,-9.964588247830465928e-01,5.866628029476696898e-02,8.654906410021978580e-02
-1.268025590228100963e-01,-5.065841033007775079e-02,-9.906335530800964850e-01,5.101165765996698021e-01
0.000000000000000000e+00,0.000000000000000000e+00,0.000000000000000000e+00,1.000000000000000000e+00
9.900965296076145172e-01,-6.711700140264775793e-02,-1.233051912194908228e-01,5.651104492627646581e-01
-6.024183234837771073e-02,-9.964582263491628122e-01,5.866791948237631837e-02,8.654932843990323366e-02
-1.268060869764072451e-01,-5.065877282167054879e-02,-9.906330829534891746e-01,5.101149779451429334e-01
0.000000000000000000e+00,0.000000000000000000e+00,0.000000000000000000e+00,1.000000000000000000e+00
9.900972915630894544e-01,-6.710555101265991418e-02,-1.233053050875022455e-01,5.651100494553757958e-01
-6.023061977483712415e-02,-9.964590500700540865e-01,5.866544106222044974e-02,8.655191899580125248e-02
-1.268054639239716008e-01,-5.065773935711285342e-02,-9.906332155557137087e-01,5.101149489423194572e-01
0.000000000000000000e+00,0.000000000000000000e+00,0.000000000000000000e+00,1.000000000000000000e+00
9.900975692081247503e-01,-6.710669241271854935e-02,-1.233024544832241332e-01,5.651099943585238261e-01
-6.023161410664851223e-02,-9.964588514706462785e-01,5.866779344673350716e-02,8.654905164037235421e-02
-1.268028237472279551e-01,-5.066013382557903871e-02,-9.906334310583829739e-01,5.101165443533338673e-01
0.000000000000000000e+00,0.000000000000000000e+00,0.000000000000000000e+00,1.000000000000000000e+00
9.900963990820924598e-01,-6.710123131485146164e-02,-1.233148218208375557e-01,5.651091765198206218e-01
-6.022587270273893623e-02,-9.964593784611228688e-01,5.866473671692991332e-02,8.654887019498332112e-02
-1.268146867751033802e-01,-5.065700181518860423e-02,-9.906320726613027094e-01,5.101102731844188165e-01
0.000000000000000000e+00,0.000000000000000000e+00,0.000000000000000000e+00,1.000000000000000000e+00
9.900973661928080816e-01,-6.710892239349514066e-02,-1.233028709854259997e-01,5.651095499291360902e-01
-6.023377768911325481e-02,-9.964586934180685862e-01,5.866825663724854756e-02,8.655197955431664925e-02
-1.268033811984650705e-01,-5.066028865629790268e-02,-9.906333517855621107e-01,5.101165518690699008e-01
0.000000000000000000e+00,0.000000000000000000e+00,0.000000000000000000e+00,1.000000000000000000e+00
9.900966830776296579e-01,-6.710944348447106522e-02,-1.233080725414204826e-01,5.651104497478900424e-01
-6.023407452931234252e-02,-9.964586939245658748e-01,5.866794327182048990e-02,8.655230151235378255e-02
-1.268085739383298660e-01,-5.065958840489023091e-02,-9.906327228990442491e-01,5.101135419778364266e-01
0.000000000000000000e+00,0.000000000000000000e+00,0.000000000000000000e+00,1.000000000000000000e+00
9.900977423274230915e-01,-6.710444615008792635e-02,-1.233022868605023470e-01,5.651099943204130893e-01
-6.022951319616348664e-02,-9.964590479856624272e-01,5.866661254632220268e-02,8.654899815083944015e-02
-1.268024699218939233e-01,-5.065924391852950903e-02,-9.906335218572557277e-01,5.101165521751765963e-01
0.000000000000000000e+00,0.000000000000000000e+00,0.000000000000000000e+00,1.000000000000000000e+00
9.900973335084550797e-01,-6.710963089843785534e-02,-1.233027478206500660e-01,5.651095616062018490e-01
-6.023463528961803259e-02,-9.964587051464568468e-01,5.866717693372774239e-02,8.655187718926234119e-02
-1.268032290242408489e-01,-5.065911940136793440e-02,-9.906334310583829739e-01,5.101165443533338673e-01
0.000000000000000000e+00,0.000000000000000000e+00,0.000000000000000000e+00,1.000000000000000000e+00
9.900963007217703504e-01,-6.710726860140042715e-02,-1.233123262205583909e-01,5.651085049313271380e-01
-6.023191210219114300e-02,-9.964589374818992873e-01,5.866602659937197178e-02,8.654999818035682968e-02
-1.268125863689398836e-01,-5.065767872004976746e-02,-9.906323069257919611e-01,5.101118832459115016e-01
0.000000000000000000e+00,0.000000000000000000e+00,0.000000000000000000e+00,1.000000000000000000e+00
9.900970527615282624e-01,-6.710906790495224650e-02,-1.233053085550831762e-01,5.651102761629775983e-01
-6.023387340395031098e-02,-9.964587220023494174e-01,5.866767287187654722e-02,8.655045866062870130e-02
-1.268057830214877890e-01,-5.065953365728052826e-02,-9.906330829534891746e-01,5.101149779451429334e-01
0.000000000000000000e+00,0.000000000000000000e+00,0.000000000000000000e+00,1.000000000000000000e+00
9.900971710998696107e-01,-6.710754393062573486e-02,-1.233051877563734328e-01,5.651102225580834082e-01
-6.023259996929986038e-02,-9.964589158569590044e-01,5.866568767271329587e-02,8.655078877552921379e-02
-1.268054639239716008e-01,-5.065773935711285342e-02,-9.906332155557137087e-01,5.101149489423194572e-01
0.000000000000000000e+00,0.000000000000000000e+00,0.000000000000000000e+00,1.000000000000000000e+00
9.900976220018804508e-01,-6.710060724207866922e-02,-1.233053421955652984e-01,5.651100565578146551e-01
-6.022562531637060124e-02,-9.964593441210879421e-01,5.866557396824318565e-02,8.655189261508335063e-02
-1.268052560482934576e-01,-5.065850394075603613e-02,-9.906332030661052501e-01,5.101149391726284010e-01
0.000000000000000000e+00,0.000000000000000000e+00,0.000000000000000000e+00,1.000000000000000000e+00
9.900971641276186119e-01,-6.710294851407311301e-02,-1.233077446357919160e-01,5.651104542836378197e-01
-6.022786108961736273e-02,-9.964592104155403085e-01,5.866554974265440064e-02,8.655217204206559767e-02
-1.268077692218333719e-01,-5.065803271699135385e-02,-9.906329054630814701e-01,5.101135520550202918e-01
0.000000000000000000e+00,0.000000000000000000e+00,0.000000000000000000e+00,1.000000000000000000e+00
9.900972758168293808e-01,-6.710583281014104173e-02,-1.233052781633880712e-01,5.651103055957081844e-01
-6.023071476249436396e-02,-9.964589569367259259e-01,5.866692543308592300e-02,8.655029034370470553e-02
-1.268055417530802309e-01,-5.065919801407839373e-02,-9.906331310012189695e-01,5.101149460049909656e-01
0.000000000000000000e+00,0.000000000000000000e+00,0.000000000000000000e+00,1.000000000000000000e+00
9.900974562097155651e-01,-6.709874220246231369e-02,-1.233076883324707163e-01,5.651104755532176949e-01
-6.022373077187426205e-02,-9.964595061010057542e-01,5.866476755989760011e-02,8.655203941056775763e-02
-1.268074503290994026e-01,-5.065778810595195775e-02,-9.906329587921279822e-01,5.101135305673760723e-01
0.000000000000000000e+00,0.000000000000000000e+00,0.000000000000000000e+00,1.000000000000000000e+00
9.900974722504933823e-01,-6.710256163520778028e-02,-1.233054810832705517e-01,5.651097897970758233e-01
-6.022764948269154761e-02,-9.964592513822227993e-01,5.866507114604121303e-02,8.655361432556010759e-02
-1.268054639239716008e-01,-5.065773935711285342e-02,-9.906332155557137087e-01,5.101149489423194572e-01
0.000000000000000000e+00,0.000000000000000000e+00,0.000000000000000000e+00,1.000000000000000000e+00
9.900970589462848581e-01,-6.710877729978920181e-02,-1.233054170555539647e-01,5.651100388398545560e-01
-6.023373538680587558e-02,-9.964588039549768794e-01,5.866642261097376743e-02,8.655201205495083316e-02
-1.268058002903220127e-01,-5.065830662334096235e-02,-9.906331434909627642e-01,5.101149557746692542e-01
0.000000000000000000e+00,0.000000000000000000e+00,0.000000000000000000e+00,1.000000000000000000e+00
9.900970055871092246e-01,-6.710978012029089612e-02,-1.233052997224621111e-01,5.651102119427482418e-01
-6.023471912210354162e-02,-9.964587299706466617e-01,5.866666922169055248e-02,8.655088183470002750e-02
-1.268057496319519584e-01,-5.065843342911593300e-02,-9.906331434909627642e-01,5.101149557746692542e-01
0.000000000000000000e+00,0.000000000000000000e+00,0.000000000000000000e+00,1.000000000000000000e+00
9.900977889244011454e-01,-6.709760514023144218e-02,-1.233056355218938582e-01,5.651096237912878184e-01
-6.022266774674678302e-02,-9.964595591683258480e-01,5.866495744079889413e-02,8.655471816428422782e-02
-1.268053573650477217e-01,-5.065825033014260265e-02,-9.906332030661052501e-01,5.101149391726284010e-01
0.000000000000000000e+00,0.000000000000000000e+00,0.000000000000000000e+00,1.000000000000000000e+00
9.900973981962102322e-01,-6.711451905226301085e-02,-1.232995677911277177e-01,5.651101563271374584e-01
-6.023948544468704647e-02,-9.964583047428388074e-01,5.866899779600322218e-02,8.654504140399425782e-02
-1.268004198670288907e-01,-5.066051955331211942e-02,-9.906337190304668194e-01,5.101179871489748274e-01
0.000000000000000000e+00,0.000000000000000000e+00,0.000000000000000000e+00,1.000000000000000000e+00
9.900975487178516055e-01,-6.710084150443429429e-02,-1.233058031574278263e-01,5.651096238290697071e-01
-6.022576511679389455e-02,-9.964593024441321667e-01,5.866613834786287007e-02,8.655477165233241288e-02
-1.268057618525210983e-01,-5.065901343246451138e-02,-9.906331122666206523e-01,5.101149313507620242e-01
0.000000000000000000e+00,0.000000000000000000e+00,0.000000000000000000e+00,1.000000000000000000e+00
9.900978879080690742e-01,-6.709738324648534258e-02,-1.233049614632561186e-01,5.651103090702275233e-01
-6.022252102295200249e-02,-9.964595873092041423e-01,5.866463006966407545e-02,8.655017017716289118e-02
-1.268046541796509774e-01,-5.065799069292736823e-02,-9.906333063537359207e-01,5.101149567649042593e-01
0.000000000000000000e+00,0.000000000000000000e+00,0.000000000000000000e+00,1.000000000000000000e+00
9.900968836013518404e-01,-6.710794989526008836e-02,-1.233072753074481859e-01,5.651111466829306096e-01
-6.023279248871121760e-02,-9.964588542629270185e-01,5.866653620273418190e-02,8.654765115566169509e-02
-1.268076172471645779e-01,-5.065841314007107909e-02,-9.906329054630814701e-01,5.101135520550202918e-01
0.000000000000000000e+00,0.000000000000000000e+00,0.000000000000000000e+00,1.000000000000000000e+00
9.900973784421045476e-01,-6.710000738400906384e-02,-1.233076243025468394e-01,5.651107245915673039e-01
-6.022483438114784038e-02,-9.964593598343618464e-01,5.866611903183682752e-02,8.655043713793766913e-02
-1.268075333954391537e-01,-5.065898940524040522e-02,-9.906328867277750527e-01,5.101135373996881217e-01
0.000000000000000000e+00,0.000000000000000000e+00,0.000000000000000000e+00,1.000000000000000000e+00
9.900971680448498180e-01,-6.710780893614176623e-02,-1.233050680603146876e-01,5.651104609392995082e-01
-6.023272536321550019e-02,-9.964588404473928573e-01,5.866683977816435774e-02,8.654922607478339469e-02
-1.268054282153882328e-01,-5.065887162213195821e-02,-9.906331622255963865e-01,5.101149704294746234e-01
0.000000000000000000e+00,0.000000000000000000e+00,0.000000000000000000e+00,1.000000000000000000e+00
9.900971979008099666e-01,-6.710831885128099028e-02,-1.233045508078246394e-01,5.651109149075735916e-01
-6.023343754268062344e-02,-9.964588766773297968e-01,5.866549320295703224e-02,8.654621440287887935e-02
-1.268048568105993312e-01,-5.065748347390539724e-02,-9.906333063537359207e-01,5.101149567649042593e-01
0.000000000000000000e+00,0.000000000000000000e+00,0.000000000000000000e+00,1.000000000000000000e+00
9.900972193804155053e-01,-6.710654782660274709e-02,-1.233053421955652984e-01,5.651100565578146551e-01
-6.023160407135125238e-02,-9.964589827493997021e-01,5.866557396824318565e-02,8.655189261508335063e-02
-1.268055599970346059e-01,-5.065774310830788163e-02,-9.906332030661052501e-01,5.101149391726284010e-01
0.000000000000000000e+00,0.000000000000000000e+00,0.000000000000000000e+00,1.000000000000000000e+00
9.900972044162505981e-01,-6.710754622408610093e-02,-1.233049189890966513e-01,5.651104644519299169e-01
-6.023261129031642902e-02,-9.964589129560226244e-01,5.866572532281252861e-02,8.654915939630263011e-02
-1.268051984118757913e-01,-5.065779338151409072e-02,-9.906332467797760444e-01,5.101149733672193376e-01
0.000000000000000000e+00,0.000000000000000000e+00,0.000000000000000000e+00,1.000000000000000000e+00
9.900971459250852424e-01,-6.711261391289335965e-02,-1.233026304860495581e-01,5.651097347088258616e-01
-6.023761194270521591e-02,-9.964585106880884391e-01,5.866742353910604779e-02,8.655074696996599426e-02
-1.268032796832968545e-01,-5.065899259811362104e-02,-9.906334310583829739e-01,5.101165443533338673e-01
0.000000000000000000e+00,0.000000000000000000e+00,0.000000000000000000e+00,1.000000000000000000e+00
9.900971786118621942e-01,-6.711190540796013737e-02,-1.233027536486661080e-01,5.651097230319649389e-01
-6.023675434225450598e-02,-9.964584989619748034e-01,5.866850324287317675e-02,8.655084933504365863e-02
-1.268034318586903075e-01,-5.066016185289135693e-02,-9.906333517855621107e-01,5.101165518690699008e-01
0.000000000000000000e+00,0.000000000000000000e+00,0.000000000000000000e+00,1.000000000000000000e+00
9.900964258840310173e-01,-6.711415298657896766e-02,-1.233075744654872491e-01,5.651108753609173085e-01
-6.023892918524192952e-02,-9.964584415113163507e-01,5.866724598491010467e-02,8.654944885383725195e-02
-1.268082760007525622e-01,-5.065831431988832706e-02,-9.906328261914121303e-01,5.101135595706470793e-01
0.000000000000000000e+00,0.000000000000000000e+00,0.000000000000000000e+00,1.000000000000000000e+00
9.900973371439403259e-01,-6.710028261999684274e-02,-1.233078061308164886e-01,5.651106263640249816e-01
-6.022497960238176740e-02,-9.964592947494697039e-01,5.866707542806456205e-02,8.655110461370746355e-02
-1.268077868759295013e-01,-5.065990505030655566e-02,-9.906328074558822250e-01,5.101135449153361145e-01
0.000000000000000000e+00,0.000000000000000000e+00,0.000000000000000000e+00,1.000000000000000000e+00
9.900975474753446193e-01,-6.710695721418563631e-02,-1.233024848766691717e-01,5.651099649265979297e-01
-6.023178336988987969e-02,-9.964587972319050024e-01,5.866854089908773301e-02,8.654921995491537956e-02
-1.268029130398446447e-01,-5.066084990008302980e-02,-9.906333830090781056e-01,5.101165762929191771e-01
0.000000000000000000e+00,0.000000000000000000e+00,0.000000000000000000e+00,1.000000000000000000e+00
9.900993967543171292e-01,-6.710173006070024870e-02,-1.232904796389330676e-01,5.651104588355913005e-01
-6.022716846118852940e-02,-9.964590890196032280e-01,5.866832270800034083e-02,8.655186057689280565e-02
-1.267906649792674145e-01,-5.066203443490397557e-02,-9.906348901290685793e-01,5.101226219026909758e-01
0.000000000000000000e+00,0.000000000000000000e+00,0.000000000000000000e+00,1.000000000000000000e+00
9.900976483709424958e-01,-6.710497472606569147e-02,-1.233027536486661080e-01,5.651097230319649389e-01
-6.022977913128590988e-02,-9.964589205948419792e-01,5.866850324287317675e-02,8.655084933504365863e-02
-1.268030772344506674e-01,-5.066104947567319494e-02,-9.906333517855621107e-01,5.101165518690699008e-01
0.000000000000000000e+00,0.000000000000000000e+00,0.000000000000000000e+00,1.000000000000000000e+00
9.900965713224136877e-01,-6.711218887612829809e-02,-1.233074756851982728e-01,5.651110520099632550e-01
-6.023691746269643765e-02,-9.964585446916864875e-01,5.866755905539677851e-02,8.654830544110987678e-02
-1.268080960751053476e-01,-5.065888683322080505e-02,-9.906328199462330897e-01,5.101135546855051217e-01
0.000000000000000000e+00,0.000000000000000000e+00,0.000000000000000000e+00,1.000000000000000000e+00
9.900975425346566494e-01,-6.710113211014029355e-02,-1.233056946631875400e-01,5.651098611599432164e-01
-6.022590313422071517e-02,-9.964592204929585417e-01,5.866738860928660121e-02,8.655321825918663170e-02
-1.268057445800512828e-01,-5.066024046629742650e-02,-9.906330517287396109e-01,5.101149535206945806e-01
0.000000000000000000e+00,0.000000000000000000e+00,0.000000000000000000e+00,1.000000000000000000e+00
9.900973029558807204e-01,-6.711477290478490287e-02,-1.233001943933201838e-01,5.651095565762572770e-01
-6.023963842591362194e-02,-9.964582631797435086e-01,5.866954664154391125e-02,8.654903359079496594e-02
-1.268010908541664095e-01,-5.066100076733837804e-02,-9.906336085351865606e-01,5.101179702417453221e-01
0.000000000000000000e+00,0.000000000000000000e+00,0.000000000000000000e+00,1.000000000000000000e+00
9.900972351521638570e-01,-6.710681883894009658e-02,-1.233050680603146876e-01,5.651104609392995082e-01
-6.023172890434480564e-02,-9.964589006796200632e-01,5.866683977816435774e-02,8.654922607478339469e-02
-1.268053775564532415e-01,-5.065899842753486537e-02,-9.906331622255963865e-01,5.101149704294746234e-01
0.000000000000000000e+00,0.000000000000000000e+00,0.000000000000000000e+00,1.000000000000000000e+00
9.900965274239065250e-01,-6.711288129276210546e-02,-1.233074513065019057e-01,5.651108870374340620e-01
-6.023779386830652172e-02,-9.964585737118283326e-01,5.866616628064424965e-02,8.654934648871230596e-02
-1.268080225104118719e-01,-5.065739867751205966e-02,-9.906329054630814701e-01,5.101135520550202918e-01
0.000000000000000000e+00,0.000000000000000000e+00,0.000000000000000000e+00,1.000000000000000000e+00
9.900971166834808823e-01,-6.710851723604893682e-02,-1.233050949857177198e-01,5.651102048019087665e-01
-6.023362683440725007e-02,-9.964588733476413829e-01,5.866535540779157371e-02,8.655085472730643381e-02
-1.268054010420348598e-01,-5.065728616031520137e-02,-9.906332467797760444e-01,5.101149733672193376e-01
0.000000000000000000e+00,0.000000000000000000e+00,0.000000000000000000e+00,1.000000000000000000e+00
9.900971571733936383e-01,-6.711336303353071520e-02,-1.233021324207085184e-01,5.651101603151486019e-01
-6.023848076430177167e-02,-9.964584992192666579e-01,5.866672625002732067e-02,8.654789431045313564e-02
-1.268027791192813114e-01,-5.065822574879948192e-02,-9.906335343463850140e-01,5.101165619448584376e-01
0.000000000000000000e+00,0.000000000000000000e+00,0.000000000000000000e+00,1.000000000000000000e+00
9.900972054601708816e-01,-6.711236692987909702e-02,-1.233022868605023470e-01,5.651099943204130893e-01
-6.023748486661995027e-02,-9.964585661176702525e-01,5.866661254632220268e-02,8.654899815083944015e-02
-1.268028751917875951e-01,-5.065822949714905016e-02,-9.906335218572557277e-01,5.101165521751765963e-01
0.000000000000000000e+00,0.000000000000000000e+00,0.000000000000000000e+00,1.000000000000000000e+00
9.900955053266151662e-01,-6.710878364326761103e-02,-1.233178879561108998e-01,5.651089815600077726e-01
-6.023323160770149842e-02,-9.964588949561243858e-01,5.866539416822026676e-02,8.655311541280108489e-02
-1.268181696056515095e-01,-5.065650817753606511e-02,-9.906316520468804177e-01,5.101088593906909496e-01
0.000000000000000000e+00,0.000000000000000000e+00,0.000000000000000000e+00,1.000000000000000000e+00
9.900956195060088838e-01,-6.710780857180220771e-02,-1.233175018547781332e-01,5.651093965624284232e-01
-6.023223374309710776e-02,-9.964589385352444761e-01,5.866567848010261627e-02,8.655035581921118049e-02
-1.268177521222078608e-01,-5.065694268216572316e-02,-9.906316832732365851e-01,5.101088838159684169e-01
0.000000000000000000e+00,0.000000000000000000e+00,0.000000000000000000e+00,1.000000000000000000e+00
9.900969917874520299e-01,-6.711008080041336310e-02,-1.233052468810634100e-01,5.651104599163171427e-01
-6.023483889549308135e-02,-9.964586373828224763e-01,5.866811884152270395e-02,8.654928886879312278e-02
-1.268058004851197740e-01,-5.065985629797049861e-02,-9.906330642186323976e-01,5.101149632903586584e-01
0.000000000000000000e+00,0.000000000000000000e+00,0.000000000000000000e+00,1.000000000000000000e+00
9.900974167578675544e-01,-6.709871710915937815e-02,-1.233080187648118026e-01,5.651100498887451362e-01
-6.022375041925692729e-02,-9.964595333862097393e-01,5.866428393133478469e-02,8.655483858032238242e-02
-1.268077490330823121e-01,-5.065728462957956590e-02,-9.906329463020705495e-01,5.101135207973341856e-01
0.000000000000000000e+00,0.000000000000000000e+00,0.000000000000000000e+00,1.000000000000000000e+00
9.900963196591467952e-01,-6.710144277891805231e-02,-1.233153444401784565e-01,5.651085600482534943e-01
-6.022604347972132510e-02,-9.964593611721070943e-01,5.866485506037712183e-02,8.655291901623708706e-02
-1.268152257585459797e-01,-5.065706179264565373e-02,-9.906320005967630404e-01,5.101102800167486295e-01
0.000000000000000000e+00,0.000000000000000000e+00,0.000000000000000000e+00,1.000000000000000000e+00
9.900957556775472623e-01,-6.711011708094166694e-02,-1.233151522510059772e-01,5.651087508706672535e-01
-6.023486048625126266e-02,-9.964588636750246753e-01,5.866425304800487045e-02,8.655166935969699216e-02
-1.268154413764676081e-01,-5.065535696114305958e-02,-9.906320601715002949e-01,5.101102634147473003e-01
0.000000000000000000e+00,0.000000000000000000e+00,0.000000000000000000e+00,1.000000000000000000e+00
9.900962617970232582e-01,-6.710292368735454316e-02,-1.233150031754825932e-01,5.651087543838745342e-01
-6.022777120060113232e-02,-9.964593577997072904e-01,5.866313859318517815e-02,8.655160268062038476e-02
-1.268148569835893802e-01,-5.065516642953894755e-02,-9.906321447248860323e-01,5.101102663521797087e-01
0.000000000000000000e+00,0.000000000000000000e+00,0.000000000000000000e+00,1.000000000000000000e+00
9.900971878068258736e-01,-6.710270259175021845e-02,-1.233076883324707163e-01,5.651104755532176949e-01
-6.022771660941678151e-02,-9.964592651981108995e-01,5.866476755989760011e-02,8.655203941056775763e-02
-1.268076529592373491e-01,-5.065728087574538491e-02,-9.906329587921279822e-01,5.101135305673760723e-01
0.000000000000000000e+00,0.000000000000000000e+00,0.000000000000000000e+00,1.000000000000000000e+00
9.900981858578234984e-01,-6.709224632061927540e-02,-1.233053642170544584e-01,5.651102868166092419e-01
-6.021691535333428824e-02,-9.964597351991835161e-01,5.866787223091159825e-02,8.655041908953986507e-02
-1.268049899111878820e-01,-5.066188518429370902e-02,-9.906330642186323976e-01,5.101149632903586584e-01
0.000000000000000000e+00,0.000000000000000000e+00,0.000000000000000000e+00,1.000000000000000000e+00
9.900972395941096682e-01,-6.710610132699312835e-02,-1.233054228848650541e-01,5.651102002659075252e-01
-6.023087214537781175e-02,-9.964588989399509877e-01,5.866774892551804982e-02,8.655098419978342339e-02
-1.268057498252000981e-01,-5.065998310374566355e-02,-9.906330642186323976e-01,5.101149632903586584e-01
0.000000000000000000e+00,0.000000000000000000e+00,0.000000000000000000e+00,1.000000000000000000e+00
9.900972069119940988e-01,-6.710680982897210267e-02,-1.233052997224621111e-01,5.651102119427482418e-01
-6.023172974564250381e-02,-9.964589106703198862e-01,5.866666922169055248e-02,8.655088183470002750e-02
-1.268055976560810705e-01,-5.065881384613688670e-02,-9.906331434909627642e-01,5.101149557746692542e-01
0.000000000000000000e+00,0.000000000000000000e+00,0.000000000000000000e+00,1.000000000000000000e+00
9.900976178919271842e-01,-6.710980333459160008e-02,-1.233003704014051793e-01,5.651092969266134913e-01
-6.023467521668390834e-02,-9.964585849909213255e-01,5.866917674069672267e-02,8.655072891907526766e-02
-1.268009895319112679e-01,-5.066125436941878307e-02,-9.906336085351865606e-01,5.101179702417453221e-01
0.000000000000000000e+00,0.000000000000000000e+00,0.000000000000000000e+00,1.000000000000000000e+00
9.900967904527542274e-01,-6.711305109108667288e-02,-1.233052468810634100e-01,5.651104599163171427e-01
-6.023782827113421945e-02,-9.964584566738217131e-01,5.866811884152270395e-02,8.654928886879312278e-02
-1.268059524641180214e-01,-5.065947588034105942e-02,-9.906330642186323976e-01,5.101149632903586584e-01
0.000000000000000000e+00,0.000000000000000000e+00,0.000000000000000000e+00,1.000000000000000000e+00
9.900972526967926068e-01,-6.710655012011773612e-02,-1.233050734286293693e-01,5.651102984549603025e-01
-6.023161539234328510e-02,-9.964589798484532190e-01,5.866561161880804592e-02,8.655026323634951169e-02
-1.268052944852554875e-01,-5.065779713288105779e-02,-9.906332342901443822e-01,5.101149635971440333e-01
0.000000000000000000e+00,0.000000000000000000e+00,0.000000000000000000e+00,1.000000000000000000e+00
9.900963409782446156e-01,-6.710175885044228350e-02,-1.233150012799276579e-01,5.651091435751059988e-01
-6.022615604387254740e-02,-9.964592517185613119e-01,5.866659861167818069e-02,8.654910518948978615e-02
-1.268150058536866298e-01,-5.065879611342667677e-02,-9.906319400598123659e-01,5.101103021871712384e-01
0.000000000000000000e+00,0.000000000000000000e+00,0.000000000000000000e+00,1.000000000000000000e+00
9.900961953551312700e-01,-6.712181278106876814e-02,-1.233052561421325993e-01,5.651108480358969510e-01
-6.024619032144484798e-02,-9.964577416396813714e-01,5.867167696681500205e-02,8.654680067615759531e-02
-1.268066263846097663e-01,-5.066193221077540387e-02,-9.906328523371437100e-01,5.101149998095291238e-01
0.000000000000000000e+00,0.000000000000000000e+00,0.000000000000000000e+00,1.000000000000000000e+00
9.900973897275855418e-01,-6.710335150909546575e-02,-1.233057138613966458e-01,5.651098327879626737e-01
-6.022805269390874017e-02,-9.964590523440882697e-01,5.866803789305709282e-02,8.655337727004901172e-02
-1.268059167520253772e-01,-5.066060814645065302e-02,-9.906330108869328965e-01,5.101149847776639268e-01
0.000000000000000000e+00,0.000000000000000000e+00,0.000000000000000000e+00,1.000000000000000000e+00
9.900973851096290801e-01,-6.710455684704552670e-02,-1.233050949857177198e-01,5.651102048019087665e-01
-6.022964099843214347e-02,-9.964591142741769936e-01,5.866535540779157371e-02,8.655085472730643381e-02
-1.268051984118757913e-01,-5.065779338151409072e-02,-9.906332467797760444e-01,5.101149733672193376e-01
0.000000000000000000e+00,0.000000000000000000e+00,0.000000000000000000e+00,1.000000000000000000e+00
9.900974439797755045e-01,-6.711425934940168370e-02,-1.232993415095806483e-01,5.651102428335222916e-01
-6.023937109072524665e-02,-9.964583739239366578e-01,5.866794020125302989e-02,8.654442280293085654e-02
-1.268001167006908847e-01,-5.065950284838129092e-02,-9.906338098287611471e-01,5.101179949708616324e-01
0.000000000000000000e+00,0.000000000000000000e+00,0.000000000000000000e+00,1.000000000000000000e+00
9.900975769580270258e-01,-6.710085051451769589e-02,-1.233055714964739896e-01,5.651098728371926061e-01
-6.022576427536230348e-02,-9.964592924534343421e-01,5.866630890596177123e-02,8.655311589415089213e-02
-1.268055417530802309e-01,-5.065919801407839373e-02,-9.906331310012189695e-01,5.101149460049909656e-01
0.000000000000000000e+00,0.000000000000000000e+00,0.000000000000000000e+00,1.000000000000000000e+00
9.900971000787471832e-01,-6.710367360258989722e-02,-1.233078643262185137e-01,5.651102158945566778e-01
-6.022873215496660215e-02,-9.964592255947777311e-01,5.866439763656861733e-02,8.655373474160488190e-02
-1.268078555873464186e-01,-5.065677364472832150e-02,-9.906329587921279822e-01,5.101135305673760723e-01
0.000000000000000000e+00,0.000000000000000000e+00,0.000000000000000000e+00,1.000000000000000000e+00
9.900963762048997641e-01,-6.711560159179380536e-02,-1.233071849037900153e-01,5.651110636472601589e-01
-6.024065644771298134e-02,-9.964584517531507313e-01,5.866529843495559005e-02,8.654814958913148448e-02
-1.268078433562941920e-01,-5.065619362610466331e-02,-9.906329900173123093e-01,5.101135549931539170e-01
0.000000000000000000e+00,0.000000000000000000e+00,0.000000000000000000e+00,1.000000000000000000e+00
9.900967715154047610e-01,-6.711377231636389551e-02,-1.233050063875746755e-01,5.651106446900935332e-01
-6.023867314795394723e-02,-9.964584546484616112e-01,5.866728574745582597e-02,8.654805628255844707e-02
-1.268056989734551443e-01,-5.065856023484023585e-02,-9.906331434909627642e-01,5.101149557746692542e-01
0.000000000000000000e+00,0.000000000000000000e+00,0.000000000000000000e+00,1.000000000000000000e+00
9.900976095054989656e-01,-6.710597383295147100e-02,-1.233025219832414587e-01,5.651099720287825479e-01
-6.023077474920968122e-02,-9.964588503735059000e-01,5.866867379974571861e-02,8.654919357515228340e-02
-1.268029077923943371e-01,-5.066110725440402945e-02,-9.906333705196647132e-01,5.101165665232643143e-01
0.000000000000000000e+00,0.000000000000000000e+00,0.000000000000000000e+00,1.000000000000000000e+00
9.900969855437329326e-01,-6.711078523399477413e-02,-1.233049136185988409e-01,5.651106269342468513e-01
-6.023571417861284250e-02,-9.964586530842725054e-01,5.866695348209296362e-02,8.654812223442663599e-02
-1.268054334585310694e-01,-5.065861426010615648e-02,-9.906331747153634959e-01,5.101149801995370492e-01
0.000000000000000000e+00,0.000000000000000000e+00,0.000000000000000000e+00,1.000000000000000000e+00
9.900970795714680861e-01,-6.710879638496236588e-02,-1.233052410557312073e-01,5.651102984933475959e-01
-6.023371630163282253e-02,-9.964587833297937625e-01,5.866679252696094249e-02,8.655031672444478408e-02
-1.268056483148315150e-01,-5.065868704051388477e-02,-9.906331434909627642e-01,5.101149557746692542e-01
0.000000000000000000e+00,0.000000000000000000e+00,0.000000000000000000e+00,1.000000000000000000e+00
9.900978778453011220e-01,-6.710177403887140901e-02,-1.233026528792755538e-01,5.651097325857581399e-01
-6.022667614251653312e-02,-9.964591601576509028e-01,5.866761984888559101e-02,8.655076558179863877e-02
-1.268027593037915901e-01,-5.066057696814321026e-02,-9.906334166452287482e-01,5.101165457198231223e-01
0.000000000000000000e+00,0.000000000000000000e+00,0.000000000000000000e+00,1.000000000000000000e+00
9.900966353813549503e-01,-6.712084401854723215e-02,-1.233022502015191785e-01,5.651103111189568207e-01
-6.024570834187398249e-02,-9.964579263888440064e-01,5.866903410855788675e-02,8.654695951436322532e-02
-1.268034196420034787e-01,-5.065958186841962307e-02,-9.906333830090781056e-01,5.101165762929191771e-01
0.000000000000000000e+00,0.000000000000000000e+00,0.000000000000000000e+00,1.000000000000000000e+00
9.900961671709493928e-01,-6.710475459077874794e-02,-1.233147666125466863e-01,5.651094897670058126e-01
-6.022911996974128490e-02,-9.964590435331727170e-01,5.866709187121396663e-02,8.654684475222311490e-02
-1.268149551948271059e-01,-5.065892292840720040e-02,-9.906319400598123659e-01,5.101103021871712384e-01
0.000000000000000000e+00,0.000000000000000000e+00,0.000000000000000000e+00,1.000000000000000000e+00
9.900968985401354949e-01,-6.709604102998417696e-02,-1.233136358206483041e-01,5.651074521827990083e-01
-6.022039427640518694e-02,-9.964595643105660372e-01,5.866720384670962019e-02,8.655810549437815971e-02
-1.268133889398082581e-01,-5.066022080587261056e-02,-9.906320741897574056e-01,5.101157715148579852e-01
0.000000000000000000e+00,0.000000000000000000e+00,0.000000000000000000e+00,1.000000000000000000e+00
9.901041909276740993e-01,-6.698771900230143794e-02,-1.233139757299407807e-01,5.650999746777293220e-01
-6.011219966786263136e-02,-9.964664838658161550e-01,5.866063401624968532e-02,8.661839470465459989e-02
-1.268077858751059661e-01,-5.066746525104713628e-02,-9.906324209344691267e-01,5.101147066813727093e-01
0.000000000000000000e+00,0.000000000000000000e+00,0.000000000000000000e+00,1.000000000000000000e+00
9.901073498851999943e-01,-6.694134409324270507e-02,-1.233137954743775272e-01,5.650960226653268803e-01
-6.006618925990730995e-02,-9.964695587905313401e-01,5.865553095486336632e-02,8.664104097583770481e-02
-1.268049234497601874e-01,-5.066828253250758862e-02,-9.906327455389845049e-01,5.101162041746125642e-01
0.000000000000000000e+00,0.000000000000000000e+00,0.000000000000000000e+00,1.000000000000000000e+00
9.900967957544963838e-01,-6.712007482358495203e-02,-1.233013811453691211e-01,5.651109285314233066e-01
-6.024530897089591663e-02,-9.964581023409982974e-01,5.866645571344622501e-02,8.654279439562773124e-02
-1.268023571692596940e-01,-5.065714001651521609e-02,-9.906336438773249986e-01,5.101165844225958867e-01
0.000000000000000000e+00,0.000000000000000000e+00,0.000000000000000000e+00,1.000000000000000000e+00
9.900953310744546876e-01,-6.714906325395830766e-02,-1.232973588065933573e-01,5.651127963046913560e-01
-6.027412923625147245e-02,-9.964561012259445238e-01,5.867084177342364593e-02,8.652762773137384622e-02
-1.268000975132810015e-01,-5.065808557087775332e-02,-9.906338847611242393e-01,5.101180535914575653e-01
0.000000000000000000e+00,0.000000000000000000e+00,0.000000000000000000e+00,1.000000000000000000e+00
9.900962672562882982e-01,-6.712905566624954856e-02,-1.233007358068965720e-01,5.651118804679723384e-01
-6.025420711715567812e-02,-9.964574844702966949e-01,5.866781202508947884e-02,8.653657817017820775e-02
-1.268022558547260425e-01,-5.065739362112822719e-02,-9.906336438773249986e-01,5.101165844225958867e-01
0.000000000000000000e+00,0.000000000000000000e+00,0.000000000000000000e+00,1.000000000000000000e+00
9.900994896686430291e-01,-6.707901470100252617e-02,-1.233020938371897912e-01,5.651072799166051430e-01
-6.020383426317382769e-02,-9.964605565306098311e-01,5.866734712529373535e-02,8.656406729757523677e-02
-1.268010208866819644e-01,-5.066325162728997633e-02,-9.906335023794851091e-01,5.101178872108264040e-01
0.000000000000000000e+00,0.000000000000000000e+00,0.000000000000000000e+00,1.000000000000000000e+00
9.900994178479948227e-01,-6.707484741377273130e-02,-1.233049375389356078e-01,5.651069492544635864e-01
-6.019983478184015580e-02,-9.964609549801122235e-01,5.866468351880768650e-02,8.656913174817014445e-02
-1.268034805094121475e-01,-5.066093213257930050e-02,-9.906333061663925577e-01,5.101164466674005249e-01
0.000000000000000000e+00,0.000000000000000000e+00,0.000000000000000000e+00,1.000000000000000000e+00
9.900956905669605623e-01,-6.713872501572043516e-02,-1.233001018815355204e-01,5.651124755176348824e-01
-6.026403741130237357e-02,-9.964569204472899511e-01,5.866729487195116582e-02,8.653260846509187865e-02
-1.268020871895360613e-01,-5.065567387733373172e-02,-9.906337534065809969e-01,5.101166069018839844e-01
0.000000000000000000e+00,0.000000000000000000e+00,0.000000000000000000e+00,1.000000000000000000e+00
9.900959076966614480e-01,-6.713400685635834142e-02,-1.233009273514773241e-01,5.651117215972346619e-01
-6.025917780255118927e-02,-9.964571827578940777e-01,5.866783122599059097e-02,8.653765563402172900e-02
-1.268027012838621737e-01,-5.065676710579958275e-02,-9.906336188992904690e-01,5.101165648824377286e-01
0.000000000000000000e+00,0.000000000000000000e+00,0.000000000000000000e+00,1.000000000000000000e+00
9.900998039635409143e-01,-6.707253308932042968e-02,-1.233030960533437331e-01,5.651062340747029511e-01
-6.019716351912235419e-02,-9.964609154261364621e-01,5.866809637578038888e-02,8.657098193868789648e-02
-1.268017338036437347e-01,-5.066477408503706342e-02,-9.906333332627679233e-01,5.101178813413537183e-01
0.000000000000000000e+00,0.000000000000000000e+00,0.000000000000000000e+00,1.000000000000000000e+00
9.900986269306625287e-01,-6.706138130033184597e-02,-1.233186120912340145e-01,5.651051437160016233e-01
-6.018570306036069573e-02,-9.964618659950108537e-01,5.866370909575088083e-02,8.657662507139282648e-02
-1.268163636805077765e-01,-5.066084045722394485e-02,-9.906316616921857499e-01,5.101140852546131033e-01
0.000000000000000000e+00,0.000000000000000000e+00,0.000000000000000000e+00,1.000000000000000000e+00
9.900976993425996131e-01,-6.708237645481940348e-02,-1.233146403541162256e-01,5.651063411207976062e-01
-6.020661020547324327e-02,-9.964604064536048966e-01,5.866704746178071084e-02,8.656545261541086222e-02
-1.268136816122666932e-01,-5.066175223470378852e-02,-9.906319584065781392e-01,5.101157441582399032e-01
0.000000000000000000e+00,0.000000000000000000e+00,0.000000000000000000e+00,1.000000000000000000e+00
9.900993848270174258e-01,-6.705427627751814335e-02,-1.233163906302001261e-01,5.651040675404213065e-01
-6.017866363348461922e-02,-9.964622897313164529e-01,5.866373314672012479e-02,8.658041954981549049e-02
-1.268137871386614823e-01,-5.066191050799370016e-02,-9.906319368035891859e-01,5.101156640686042021e-01
0.000000000000000000e+00,0.000000000000000000e+00,0.000000000000000000e+00,1.000000000000000000e+00
9.901011321350731142e-01,-6.705651486128683114e-02,-1.233011433827948672e-01,5.651049159563732438e-01
-6.018114462477353044e-02,-9.964618838106644727e-01,5.866808284027777431e-02,8.657640579561784455e-02
-1.267989667800909215e-01,-5.066693129803336026e-02,-9.906335771092871223e-01,5.101194357382166089e-01
0.000000000000000000e+00,0.000000000000000000e+00,0.000000000000000000e+00,1.000000000000000000e+00
9.901053973044147138e-01,-6.705241703039183099e-02,-1.232691185944368162e-01,5.651048555242874638e-01
-6.017803423484058278e-02,-9.964617796038788278e-01,5.867304308028618853e-02,8.657887818713429218e-02
-1.267671346378756170e-01,-5.067440339119115567e-02,-9.906372688409463834e-01,5.101363018494786683e-01
0.000000000000000000e+00,0.000000000000000000e+00,0.000000000000000000e+00,1.000000000000000000e+00
9.901044319656120418e-01,-6.703580728130464905e-02,-1.232859048885826952e-01,5.651022175248944235e-01
-6.016089202860258611e-02,-9.964630163911462057e-01,5.866961764815833286e-02,8.659364785347749283e-02
-1.267828098457188524e-01,-5.067205844251882613e-02,-9.906353827825967739e-01,5.101285832418294142e-01
0.000000000000000000e+00,0.000000000000000000e+00,0.000000000000000000e+00,1.000000000000000000e+00
9.901036144015049612e-01,-6.704034392149893495e-02,-1.232900037957778000e-01,5.651043736215929369e-01
-6.016515228086716238e-02,-9.964627156908740790e-01,5.867035613483546214e-02,8.658565156929255713e-02
-1.267871728531550501e-01,-5.067196981424244850e-02,-9.906348289228725790e-01,5.101256319369984471e-01
0.000000000000000000e+00,0.000000000000000000e+00,0.000000000000000000e+00,1.000000000000000000e+00
9.901026665251241310e-01,-6.704393628687427276e-02,-1.232956623202962065e-01,5.651033533998414127e-01
-6.016894924328430871e-02,-9.964627039270290698e-01,5.866666199293206485e-02,8.658063649464146916e-02
-1.267927730069739745e-01,-5.066744802726315389e-02,-9.906343434505016088e-01,5.101267684742659680e-01
0.000000000000000000e+00,0.000000000000000000e+00,0.000000000000000000e+00,1.000000000000000000e+00
9.900967088117786918e-01,-6.714437674490686403e-02,-1.232888473124061773e-01,5.651152626567081949e-01
-6.027029528061633723e-02,-9.964565376556069332e-01,5.866736801823736747e-02,8.652302468834964511e-02
-1.267911617853196282e-01,-5.065571275718067090e-02,-9.906351498196451777e-01,5.101212914939998733e-01
0.000000000000000000e+00,0.000000000000000000e+00,0.000000000000000000e+00,1.000000000000000000e+00
9.900756188242898492e-01,-6.716249362435167125e-02,-1.234482420282198428e-01,5.651399899056803733e-01
-6.028663243575221875e-02,-9.964584452078123489e-01,5.861816206250154010e-02,8.651597749836383022e-02
-1.269479852508715867e-01,-5.059413428637864890e-02,-9.906182123384145166e-01,5.100233013797705883e-01
0.000000000000000000e+00,0.000000000000000000e+00,0.000000000000000000e+00,1.000000000000000000e+00
9.900485412812486397e-01,-6.716979857809773913e-02,-1.236612472274539604e-01,5.651814433175155195e-01
-6.029214706308866356e-02,-9.964622839990787684e-01,5.854719096474140377e-02,8.652536680111805323e-02
-1.271563718788586428e-01,-5.050875890691428755e-02,-9.905958420891380900e-01,5.098906483708028903e-01
0.000000000000000000e+00,0.000000000000000000e+00,0.000000000000000000e+00,1.000000000000000000e+00
9.900389946439591693e-01,-6.732971903694762172e-02,-1.236507097382958109e-01,5.651956812063221314e-01
-6.045172618360949990e-02,-9.964517376058443787e-01,5.856213301883149425e-02,8.643224785965300527e-02
-1.271549365372829921e-01,-5.050389645066127170e-02,-9.905962742497572693e-01,5.098906548866637412e-01
0.000000000000000000e+00,0.000000000000000000e+00,0.000000000000000000e+00,1.000000000000000000e+00
9.900414225392474288e-01,-6.745292389761631258e-02,-1.235640915238935822e-01,5.652058874297711810e-01
-6.057706951156643926e-02,-9.964427035245124742e-01,5.858632299565790652e-02,8.635280395972029510e-02
-1.270763562030861049e-01,-5.051773599858853242e-02,-9.906056521359664080e-01,5.099281012308346517e-01
0.000000000000000000e+00,0.000000000000000000e+00,0.000000000000000000e+00,1.000000000000000000e+00
9.900349636443306345e-01,-6.756920197138688300e-02,-1.235523116202961458e-01,5.652221028152233373e-01
-6.069486550696107097e-02,-9.964356093988080421e-01,5.858506314000291176e-02,8.628269657012418992e-02
-1.270704688858144693e-01,-5.050226991904557122e-02,-9.906071959511312253e-01,5.099193314865481108e-01
0.000000000000000000e+00,0.000000000000000000e+00,0.000000000000000000e+00,1.000000000000000000e+00
9.900339301761544863e-01,-6.761459380624751381e-02,-1.235357592131659660e-01,5.652308997297328386e-01
-6.074145031770106229e-02,-9.964327937818626690e-01,5.858467111262564975e-02,8.625058647349180541e-02
-1.270562604252911953e-01,-5.049707100900419077e-02,-9.906092834746967890e-01,5.099202463960873510e-01
0.000000000000000000e+00,0.000000000000000000e+00,0.000000000000000000e+00,1.000000000000000000e+00
9.900387171278302034e-01,-6.765987954294838680e-02,-1.234725851681825054e-01,5.652395882529613891e-01
-6.078865095559687903e-02,-9.964291729180304591e-01,5.859729748792424225e-02,8.622141918147811779e-02
-1.269963720067584512e-01,-5.050786134972847646e-02,-9.906164128657456436e-01,5.099381017533104465e-01
0.000000000000000000e+00,0.000000000000000000e+00,0.000000000000000000e+00,1.000000000000000000e+00
9.900386177126153653e-01,-6.767605098466772384e-02,-1.234645194410707997e-01,5.652429604280214681e-01
-6.080467959761126640e-02,-9.964278916648976470e-01,5.860245431105042674e-02,8.621136787670351243e-02
-1.269894734878672105e-01,-5.051147231439170882e-02,-9.906171131107652794e-01,5.099412363963549133e-01
0.000000000000000000e+00,0.000000000000000000e+00,0.000000000000000000e+00,1.000000000000000000e+00
9.900471308938280091e-01,-6.758373225739450207e-02,-1.234468215186609458e-01,5.652367816199093120e-01
-6.071230768179902704e-02,-9.964333562476688222e-01,5.860530908507362996e-02,8.626285205049168126e-02
-1.269672962020136908e-01,-5.052727670444205621e-02,-9.906191498270073836e-01,5.099494737492472618e-01
0.000000000000000000e+00,0.000000000000000000e+00,0.000000000000000000e+00,1.000000000000000000e+00
9.900502579156535976e-01,-6.756283922221395510e-02,-1.234331785112141172e-01,5.652352332288380632e-01
-6.069189543885689098e-02,-9.964345608103575280e-01,5.860597111821225919e-02,8.627447880377683842e-02
-1.269526708233695844e-01,-5.053146325709503145e-02,-9.906208106999923046e-01,5.099532575674096124e-01
0.000000000000000000e+00,0.000000000000000000e+00,0.000000000000000000e+00,1.000000000000000000e+00
9.902212960431882038e-01,-6.606298522920239780e-02,-1.228717495812394894e-01,5.653964078810410632e-01
-5.923414382906605491e-02,-9.965327935835036621e-01,5.842694170924776775e-02,8.605770159489430082e-02
-1.263055860498107918e-01,-5.057739905594699908e-02,-9.907011787806399017e-01,5.099081082517540331e-01
0.000000000000000000e+00,0.000000000000000000e+00,0.000000000000000000e+00,1.000000000000000000e+00
9.908728607758707785e-01,-6.028525940294487961e-02,-1.205680773528459010e-01,5.658923046940583790e-01
-5.356671316618349943e-02,-9.968660656272876341e-01,5.821215028964354249e-02,8.573144925615391876e-02
-1.236995594915923091e-01,-5.122240427285588288e-02,-9.909968134570837917e-01,5.098361153954907854e-01
0.000000000000000000e+00,0.000000000000000000e+00,0.000000000000000000e+00,1.000000000000000000e+00
9.916669524886522202e-01,-5.329408792917589288e-02,-1.172876614724085581e-01,5.666364952418860845e-01
-4.668526314016618883e-02,-9.972014894922054395e-01,5.839242724925956807e-02,8.539655285771415028e-02
-1.200714018715634962e-01,-5.243023503975440675e-02,-9.913798106206688221e-01,5.097239508581319356e-01
0.000000000000000000e+00,0.000000000000000000e+00,0.000000000000000000e+00,1.000000000000000000e+00
9.925100139880251859e-01,-4.678815338344161079e-02,-1.128483089658757627e-01,5.676771251235750437e-01
-4.034091425704688927e-02,-9.974569932067316458e-01,5.875506224906369007e-02,8.500814418412618034e-02
-1.153103758141295065e-01,-5.376258369864037046e-02,-9.918735311639539365e-01,5.095307942517436350e-01
0.000000000000000000e+00,0.000000000000000000e+00,0.000000000000000000e+00,1.000000000000000000e+00
9.936237784040786725e-01,-3.978030060549481162e-02,-1.054955670809858553e-01,5.692025604621009371e-01
-3.363370712118557426e-02,-9.976664792321139341e-01,5.941691646226763407e-02,8.452815602563756858e-02
-1.076130137822030597e-01,-5.548985403057261900e-02,-9.926430956614652468e-01,5.093105001808645449e-01
0.000000000000000000e+00,0.000000000000000000e+00,0.000000000000000000e+00,1.000000000000000000e+00
9.947635579198350619e-01,-3.427128386059308252e-02,-9.628573589695416102e-02,5.710603281683562793e-01
-2.854754430392003606e-02,-9.977776155342477082e-01,6.020687380197527194e-02,8.405610580658511022e-02
-9.813511883564964011e-02,-5.714288268312958663e-02,-9.935311718359798316e-01,5.090601632184691416e-01
0.000000000000000000e+00,0.000000000000000000e+00,0.000000000000000000e+00,1.000000000000000000e+00
9.959805978318508890e-01,-2.913687843930762300e-02,-8.469764493374053183e-02,5.733614113725558070e-01
-2.399244951595469466e-02,-9.978411277070745600e-01,6.113465647648610307e-02,8.348431250147245186e-02
-8.629606658900125515e-02,-5.885682773550246494e-02,-9.945294679999080456e-01,5.086818043164806902e-01
0.000000000000000000e+00,0.000000000000000000e+00,0.000000000000000000e+00,1.000000000000000000e+00
9.971243054153898777e-01,-2.504898294597962538e-02,-7.152389812677023562e-02,5.759887174238862428e-01
-2.062460727870768507e-02,-9.978667047539651058e-01,6.194081948168173729e-02,8.273998233336912755e-02
-7.292287106577512168e-02,-6.028754429262499909e-02,-9.955137703109329106e-01,5.081129641439340316e-01
0.000000000000000000e+00,0.000000000000000000e+00,0.000000000000000000e+00,1.000000000000000000e+00
9.981355281497570342e-01,-2.342304749112378293e-02,-5.636335947611885444e-02,5.789800820028838668e-01
-1.987218486422576147e-02,-9.978310696243433142e-01,6.275549984711099871e-02,8.186503388082139177e-02
-5.771103632692511226e-02,-6.151843088511987218e-02,-9.964361088135581523e-01,5.074307140669539473e-01
0.000000000000000000e+00,0.000000000000000000e+00,0.000000000000000000e+00,1.000000000000000000e+00
9.989200136444774669e-01,-2.337154919138290099e-02,-4.015690512118465921e-02,5.821902634683300271e-01
-2.078310948269745939e-02,-9.977520990232593423e-01,6.370880045103846645e-02,8.091594438435258108e-02
-4.155560973860526752e-02,-6.280541046020476914e-02,-9.971602738357450146e-01,5.065408577682133373e-01
0.000000000000000000e+00,0.000000000000000000e+00,0.000000000000000000e+00,1.000000000000000000e+00
9.994536298264702356e-01,-2.389678227796870891e-02,-2.283387009361956266e-02,5.856290974788965764e-01
-2.237863560456609946e-02,-9.976618904887848416e-01,6.457514177159803803e-02,7.997779873071311774e-02
-2.432362010826064763e-02,-6.402886898191546827e-02,-9.976515751712746738e-01,5.055513656390663302e-01
0.000000000000000000e+00,0.000000000000000000e+00,0.000000000000000000e+00,1.000000000000000000e+00
9.996631649268786779e-01,-2.544056492929935853e-02,-5.131699957513207594e-03,5.891495608059630351e-01
-2.505135151354664913e-02,-9.975487440337459377e-01,6.533707266200952657e-02,7.908892337213029033e-02
-6.781332886723411002e-03,-6.518650882486419496e-02,-9.978500551643544325e-01,5.044049593759052375e-01
0.000000000000000000e+00,0.000000000000000000e+00,0.000000000000000000e+00,1.000000000000000000e+00
9.995385038258746135e-01,-2.776124067730401102e-02,1.233259443867785847e-02,5.926821447821908340e-01
-2.851539486908133414e-02,-9.974190987083054738e-01,6.589395865610021830e-02,7.820832543637380729e-02
1.047146718432892185e-02,-6.621521764646159935e-02,-9.977504163502209922e-01,5.031194292068754681e-01
0.000000000000000000e+00,0.000000000000000000e+00,0.000000000000000000e+00,1.000000000000000000e+00
9.991330885459974720e-01,-3.005310878127986918e-02,2.880767302502287852e-02,5.961406985844323048e-01
-3.190345779539871529e-02,-9.973039239853491722e-01,6.608367865155519161e-02,7.731157788657824770e-02
2.674398536555987194e-02,-6.694545433414700319e-02,-9.973981478781486221e-01,5.016050504337391525e-01
0.000000000000000000e+00,0.000000000000000000e+00,0.000000000000000000e+00,1.000000000000000000e+00
9.984918216507727706e-01,-3.241607072022562042e-02,4.430892072238497292e-02,5.995213188767227752e-01
-3.530294629604796564e-02,-9.971946444711788926e-01,6.600411366587018158e-02,7.633196608233575042e-02
4.204502443024162039e-02,-6.746880313937758666e-02,-9.968350799021874487e-01,4.998970771868926355e-01
0.000000000000000000e+00,0.000000000000000000e+00,0.000000000000000000e+00,1.000000000000000000e+00
9.976774329619029213e-01,-3.478885721571262080e-02,5.856172104858677063e-02,6.027683043970450960e-01
-3.861879598312711881e-02,-9.970989444157788428e-01,6.559179553689030440e-02,7.527778402736147456e-02
5.610996663126192885e-02,-6.770103735220286967e-02,-9.961266190530571052e-01,4.980583387610507118e-01
0.000000000000000000e+00,0.000000000000000000e+00,0.000000000000000000e+00,1.000000000000000000e+00
9.967770557903656847e-01,-3.714146276344587605e-02,7.110564530107214842e-02,6.058121511686820337e-01
-4.178149490750043826e-02,-9.970153518700692885e-01,6.492068097837602747e-02,7.418594893006311142e-02
6.848217091466095308e-02,-6.768234540257253573e-02,-9.953538528521512774e-01,4.960260023603050850e-01
0.000000000000000000e+00,0.000000000000000000e+00,0.000000000000000000e+00,1.000000000000000000e+00
9.958758219048501337e-01,-3.956952242228573002e-02,8.164312733238254793e-02,6.086300423917970770e-01
-4.485999535884338529e-02,-9.969400236353794797e-01,6.401695158544781772e-02,7.302955698729601819e-02
7.886018109124504072e-02,-6.741544458921297500e-02,-9.946035540199394953e-01,4.938099409976483001e-01
0.000000000000000000e+00,0.000000000000000000e+00,0.000000000000000000e+00,1.000000000000000000e+00
9.950985973728236900e-01,-4.217651122828292021e-02,8.944229093247393902e-02,6.111939865277877804e-01
-4.790581971828705710e-02,-9.968689600993995148e-01,6.290714448662385050e-02,7.177420757048968980e-02
8.650903966498403597e-02,-6.688361750797064409e-02,-9.940034043026663158e-01,4.912236835577432070e-01
0.000000000000000000e+00,0.000000000000000000e+00,0.000000000000000000e+00,1.000000000000000000e+00
9.945326613960648876e-01,-4.473897796368830893e-02,9.435681886978214417e-02,6.134771443993353168e-01
-5.067586258359935147e-02,-9.968203642596454861e-01,6.149079889443326286e-02,7.042099638866564093e-02
9.130576305944994309e-02,-6.593622106272156724e-02,-9.936375961003587332e-01,4.882884873324515040e-01
0.000000000000000000e+00,0.000000000000000000e+00,0.000000000000000000e+00,1.000000000000000000e+00
9.941420283283139980e-01,-4.630116278492274473e-02,9.766181360199148453e-02,6.156214825017733983e-01
-5.229927400160244710e-02,-9.968407008754661680e-01,5.977794758115019536e-02,6.900480737772073103e-02
9.458548223787485720e-02,-6.453541200669224431e-02,-9.934227534876353127e-01,4.851458862236113223e-01
0.000000000000000000e+00,0.000000000000000000e+00,0.000000000000000000e+00,1.000000000000000000e+00
9.941763071454254863e-01,-4.552734308526129592e-02,9.767666733811887492e-02,6.174641806222200824e-01
-5.132601704794492736e-02,-9.970138494690228281e-01,5.769769441628336965e-02,6.742712223290719953e-02
9.475816737716444282e-02,-6.237503505856858282e-02,-9.935442842252999451e-01,4.816187064757721514e-01
0.000000000000000000e+00,0.000000000000000000e+00,0.000000000000000000e+00,1.000000000000000000e+00
9.944059286909385786e-01,-4.298543362737033968e-02,9.648368504663681899e-02,6.192135770608123702e-01
-4.848713776353030802e-02,-9.972851028964251352e-01,5.542040249192940748e-02,6.571375461241353577e-02
9.383947173664247687e-02,-5.978859453720201944e-02,-9.937904595574731381e-01,4.777906007196693339e-01
0.000000000000000000e+00,0.000000000000000000e+00,0.000000000000000000e+00,1.000000000000000000e+00
9.948204584200301959e-01,-3.856444875760461910e-02,9.404806643936070021e-02,6.208410865784145249e-01
-4.368950808277805020e-02,-9.976352642694996664e-01,5.305757598506030681e-02,6.387594804619481370e-02
9.177953144598845203e-02,-5.689167582298538389e-02,-9.941528327322751712e-01,4.737963293095325268e-01
0.000000000000000000e+00,0.000000000000000000e+00,0.000000000000000000e+00,1.000000000000000000e+00
9.955486685290316773e-01,-2.989513091517209675e-02,8.938193182985568197e-02,6.222181591857690597e-01
-3.452867705836443202e-02,-9.981142757588225001e-01,5.075099001044702102e-02,6.199445948226534053e-02
8.769617466384387050e-02,-5.361132039043656206e-02,-9.947035775925019419e-01,4.696177697852831345e-01
0.000000000000000000e+00,0.000000000000000000e+00,0.000000000000000000e+00,1.000000000000000000e+00
9.963667083014813297e-01,-1.929962307217336637e-02,8.295123349138819324e-02,6.234133232801520874e-01
-2.338903909001682768e-02,-9.985437849766019003e-01,4.861339666231294376e-02,6.021761909777898630e-02
8.189221842712804400e-02,-5.037691965447817916e-02,-9.953671837704967107e-01,4.651883275667551554e-01
0.000000000000000000e+00,0.000000000000000000e+00,0.000000000000000000e+00,1.000000000000000000e+00
9.970842939615924827e-01,-7.247493487180178828e-03,7.596304741955509088e-02,6.245330528445831586e-01
-1.081507009124371699e-02,-9.988523268204445582e-01,4.665901268034973459e-02,5.855959925390588627e-02
7.553770577687531074e-02,-4.734451439751848068e-02,-9.960183492097067770e-01,4.606101688333214539e-01
0.000000000000000000e+00,0.000000000000000000e+00,0.000000000000000000e+00,1.000000000000000000e+00
9.975646703947999017e-01,3.077971548425428860e-03,6.967965607881056178e-02,6.255569892540978616e-01
-5.997188376782869312e-05,-9.989875690212677295e-01,4.498703529185828220e-02,5.707872117331995454e-02
6.974757905108536216e-02,-4.488165585319719986e-02,-9.965545204274515179e-01,4.564459758119731037e-01
0.000000000000000000e+00,0.000000000000000000e+00,0.000000000000000000e+00,1.000000000000000000e+00
9.979427721082879676e-01,1.230765839262665251e-02,6.291855959664106879e-02,6.267869680375675046e-01
9.603127336842653961e-03,-9.990242745929016621e-01,4.310775706852209427e-02,5.545365820997083528e-02
6.338772390753634467e-02,-4.241485964867433567e-02,-9.970872460014746919e-01,4.517188315369701224e-01
0.000000000000000000e+00,0.000000000000000000e+00,0.000000000000000000e+00,1.000000000000000000e+00
9.982279689386006627e-01,1.658686873553405494e-02,5.714715928430830205e-02,6.280424776230045802e-01
1.423260380997398711e-02,-9.990429306279062782e-01,4.136007436154630346e-02,5.397303341040998736e-02
5.777849961278210683e-02,-4.047343014811682904e-02,-9.975086698543232933e-01,4.472781686842087212e-01
0.000000000000000000e+00,0.000000000000000000e+00,0.000000000000000000e+00,1.000000000000000000e+00
9.984335306712832647e-01,1.830743597169731673e-02,5.287081065595029827e-02,6.294665631151582508e-01
1.621882012373548898e-02,-9.990813345671714085e-01,3.966657022321766479e-02,5.254696695708423182e-02
5.354843326437359191e-02,-3.874693158976270924e-02,-9.978132293106306561e-01,4.430346545112913703e-01
0.000000000000000000e+00,0.000000000000000000e+00,0.000000000000000000e+00,1.000000000000000000e+00
9.985142819228551847e-01,1.864214079427095605e-02,5.120253297144278237e-02,6.311621799677951117e-01
1.670217496334164275e-02,-9.991359348358475057e-01,3.805812753133121923e-02,5.120076411393983951e-02
5.186777561819104487e-02,-3.714639021902034488e-02,-9.979628648131737556e-01,4.391455399061384712e-01
0.000000000000000000e+00,0.000000000000000000e+00,0.000000000000000000e+00,1.000000000000000000e+00
9.984312677335254183e-01,1.772620464386387429e-02,5.311106552263269304e-02,6.332174277529339923e-01
1.579008601035220005e-02,-9.992032388868088422e-01,3.665461201399494717e-02,4.997904554646981357e-02
5.371849584464559457e-02,-3.575848244870966780e-02,-9.979156548211647326e-01,4.355581909543203012e-01
0.000000000000000000e+00,0.000000000000000000e+00,0.000000000000000000e+00,1.000000000000000000e+00
9.982524350342842911e-01,1.603037618913932816e-02,5.687796574559014079e-02,6.355155737676801975e-01
1.403738109702684644e-02,-9.992792996464238131e-01,3.526801993434542509e-02,4.880153364620645751e-02
5.740233340256011008e-02,-3.440796909710353707e-02,-9.977580186510925930e-01,4.323170301822581996e-01
0.000000000000000000e+00,0.000000000000000000e+00,0.000000000000000000e+00,1.000000000000000000e+00
9.978634556015427703e-01,1.421560068526572795e-02,6.376864960233076529e-02,6.380279876049115284e-01
1.205779964083425471e-02,-9.993458180837346827e-01,3.409611922745436896e-02,4.768636303994738812e-02
6.421163012079098009e-02,-3.325436175463834798e-02,-9.973820802388231321e-01,4.295943207989230128e-01
0.000000000000000000e+00,0.000000000000000000e+00,0.000000000000000000e+00,1.000000000000000000e+00
9.972763928495167463e-01,1.246749055365331538e-02,7.269358943091698555e-02,6.407521092748466041e-01
1.009419581600012883e-02,-9.994068697817446445e-01,3.292439587726429112e-02,4.663386556679664785e-02
7.306095726093667087e-02,-3.210093943094406710e-02,-9.968107273759478915e-01,4.269480999334268057e-01
0.000000000000000000e+00,0.000000000000000000e+00,0.000000000000000000e+00,1.000000000000000000e+00
9.964920184314081109e-01,1.102463687411736615e-02,8.295851122273126266e-02,6.436208172099127101e-01
8.422119212276590883e-03,-9.994633345348807874e-01,3.165613413528302333e-02,4.558724296331859854e-02
8.326298763840012107e-02,-3.084639852901277166e-02,-9.960500863848749109e-01,4.244093997782951155e-01
0.000000000000000000e+00,0.000000000000000000e+00,0.000000000000000000e+00,1.000000000000000000e+00
9.955845438370483080e-01,9.249949339546537086e-03,9.341228243647659024e-02,6.465388997157888173e-01
6.437058501450654280e-03,-9.995180222137372006e-01,3.036918747329453785e-02,4.453847336517696709e-02
9.364817323698937379e-02,-2.963379333050413650e-02,-9.951642366676064499e-01,4.218910301588991718e-01
0.000000000000000000e+00,0.000000000000000000e+00,0.000000000000000000e+00,1.000000000000000000e+00
9.946282826580226111e-01,7.275591991656449320e-03,1.032552424718634898e-01,6.494535696521114287e-01
4.301247424140897113e-03,-9.995701796118852123e-01,2.899922932182614696e-02,4.345056686968028908e-02
1.034218478240874206e-01,-2.839932731306298724e-02,-9.942320652648538593e-01,4.193269095276408454e-01
0.000000000000000000e+00,0.000000000000000000e+00,0.000000000000000000e+00,1.000000000000000000e+00
9.937216241048461018e-01,5.454779110846796897e-03,1.117478374344629405e-01,6.523328276823352478e-01
2.392497643679214470e-03,-9.996184095527225200e-01,2.751928847755741661e-02,4.236585629407249587e-02
1.118553071671267163e-01,-2.707915560237993124e-02,-9.933554799720037964e-01,4.165934983651364831e-01
0.000000000000000000e+00,0.000000000000000000e+00,0.000000000000000000e+00,1.000000000000000000e+00
9.928712075708179263e-01,3.695041397039133813e-03,1.191348473199177332e-01,6.551018817759616253e-01
6.052300328921456085e-04,-9.996627688520538513e-01,2.596116845700026723e-02,4.127002966666606931e-02
1.191905989307596447e-01,-2.570399268828925388e-02,-9.925386168237522178e-01,4.137229245060031757e-01
0.000000000000000000e+00,0.000000000000000000e+00,0.000000000000000000e+00,1.000000000000000000e+00
9.920554067907954021e-01,1.842141746239922551e-03,1.257882203186612702e-01,6.577929569627367634e-01
-1.230382051876421912e-03,-9.997028812286501420e-01,2.434410448428789980e-02,4.011487547554139915e-02
1.257956915683351995e-01,-2.430546804573541220e-02,-9.917583819690772851e-01,4.107818018460403509e-01
0.000000000000000000e+00,0.000000000000000000e+00,0.000000000000000000e+00,1.000000000000000000e+00
9.915760281710591650e-01,-2.699852405253500010e-04,1.295257019455111347e-01,6.602781177389740463e-01
-3.228265848382649850e-03,-9.997386983601128652e-01,2.262992047797038678e-02,3.887340684802752938e-02
1.294857469226617930e-01,-2.285743006545127437e-02,-9.913177993129566046e-01,4.075904765420961251e-01
0.000000000000000000e+00,0.000000000000000000e+00,0.000000000000000000e+00,1.000000000000000000e+00
9.911807683007467507e-01,-2.436350089360717064e-03,1.324943347807111538e-01,6.626382430619998098e-01
-5.255111747580476500e-03,-9.997671518525932388e-01,2.092906775453247728e-02,3.758052871925707944e-02
1.324124931842216302e-01,-2.144076199194987209e-02,-9.909627769870790193e-01,4.044194337383928417e-01
0.000000000000000000e+00,0.000000000000000000e+00,0.000000000000000000e+00,1.000000000000000000e+00
9.911631096876349911e-01,-4.490517456750553471e-03,1.325727168285682211e-01,6.647686363698271927e-01
-7.074817646595288334e-03,-9.997939036824093906e-01,1.902884953844523330e-02,3.625642507385267582e-02
1.324599446987826112e-01,-1.979862147877935880e-02,-9.909906042127420989e-01,4.011052441600596596e-01
0.000000000000000000e+00,0.000000000000000000e+00,0.000000000000000000e+00,1.000000000000000000e+00
9.915230716265357458e-01,-6.155607580416666558e-03,1.297848486056649153e-01,6.666832531290238784e-01
-8.426477944668997466e-03,-9.998207397907956651e-01,1.695531638260475496e-02,3.492016648128076078e-02
1.296572130724992500e-01,-1.790521654440784677e-02,-9.913972010847974525e-01,3.976260404844426666e-01
0.000000000000000000e+00,0.000000000000000000e+00,0.000000000000000000e+00,1.000000000000000000e+00
9.919709693281273388e-01,-7.689602117285698757e-03,1.262317948438259896e-01,6.684544406169385944e-01
-9.648161227145235497e-03,-9.998422674925905307e-01,1.491150965564077939e-02,3.346813086534936726e-02
1.260972204100905825e-01,-1.600968939589688528e-02,-9.918886937808577553e-01,3.941255252447252722e-01
0.000000000000000000e+00,0.000000000000000000e+00,0.000000000000000000e+00,1.000000000000000000e+00
9.924231091676389838e-01,-9.212824620929871422e-03,1.225214114044595876e-01,6.701993253245414062e-01
-1.086288653873790366e-02,-9.998589873902778979e-01,1.280636681243014531e-02,3.192299353451116123e-02
1.223861515290163154e-01,-1.404027055978584321e-02,-9.923832428636251146e-01,3.905143899290535181e-01
0.000000000000000000e+00,0.000000000000000000e+00,0.000000000000000000e+00,1.000000000000000000e+00
9.928608946734295282e-01,-1.026966255520161964e-02,1.188350868189997911e-01,6.718567857865437309e-01
-1.162058878664573580e-02,-9.998754342574842635e-01,1.068072491261947213e-02,3.034820077298844287e-02
1.187105965974756538e-01,-1.198540776985310141e-02,-9.928565577444014023e-01,3.869570521657701434e-01
0.000000000000000000e+00,0.000000000000000000e+00,0.000000000000000000e+00,1.000000000000000000e+00
9.932714603479565474e-01,-1.019824541881425572e-02,1.153594462912123364e-01,6.734519077780516394e-01
-1.124121781245707163e-02,-9.999015821833365791e-01,8.394103248882938545e-03,2.867270794024804823e-02
1.152624877413740145e-01,-9.634403854813448909e-03,-9.932883454375328602e-01,3.836102700775856356e-01
0.000000000000000000e+00,0.000000000000000000e+00,0.000000000000000000e+00,1.000000000000000000e+00
9.936839582510834656e-01,-9.945184883932034481e-03,1.117733618179355820e-01,6.749402588748387721e-01
-1.070524417421664376e-02,-9.999234642477750068e-01,6.201886317807382178e-03,2.707425193642398059e-02
1.117031282535503878e-01,-7.359276075336131095e-03,-9.937143715344051165e-01,3.801899435046526832e-01
0.000000000000000000e+00,0.000000000000000000e+00,0.000000000000000000e+00,1.000000000000000000e+00
9.941333892001293915e-01,-7.992046478380532282e-03,1.078653404507268904e-01,6.762275376458911635e-01
-8.488679544817134826e-03,-9.999553762663868639e-01,4.145816630503226970e-03,2.552751487187932683e-02
1.078273935373068176e-01,-5.037129046963254031e-03,-9.941568691780563460e-01,3.766781791398206014e-01
0.000000000000000000e+00,0.000000000000000000e+00,0.000000000000000000e+00,1.000000000000000000e+00
9.945637466413850269e-01,-2.819245482997279062e-03,1.040913335564371961e-01,6.774198684139276505e-01
-3.030055980166257434e-03,-9.999936661986589259e-01,1.867169869674061618e-03,2.398731157926485211e-02
1.040854102523881275e-01,-2.172422028925098669e-03,-9.945659897438280383e-01,3.733056797141067751e-01
0.000000000000000000e+00,0.000000000000000000e+00,0.000000000000000000e+00,1.000000000000000000e+00
9.949556055085867490e-01,3.240023567529781712e-03,1.002638784125357146e-01,6.785145329605769549e-01
3.282970362479042947e-03,-9.999945763633776297e-01,-2.633427956891493484e-04,2.251224863310256896e-02
1.002624813808284665e-01,5.911777319967878586e-04,-9.949608461322728692e-01,3.699486377267043324e-01
0.000000000000000000e+00,0.000000000000000000e+00,0.000000000000000000e+00,1.000000000000000000e+00
9.952974539595225156e-01,1.015294693630963696e-02,9.633221584807616367e-02,6.794770753297123544e-01
1.042339702555911130e-02,-9.999430190663727291e-01,-2.304650705681960451e-03,2.104502499431292611e-02
9.630332775215713625e-02,3.297921911767642822e-03,-9.953465691782558133e-01,3.666105792427030718e-01
0.000000000000000000e+00,0.000000000000000000e+00,0.000000000000000000e+00,1.000000000000000000e+00
9.955666187903311481e-01,1.693201053143872370e-02,9.252250844929829632e-02,6.803437843639909000e-01
1.736917080372102351e-02,-9.998414537264721513e-01,-3.921647068028039258e-03,1.962126559516370189e-02
9.244143798090972974e-02,5.511300164050290940e-03,-9.957028703958442639e-01,3.634197850067379942e-01
0.000000000000000000e+00,0.000000000000000000e+00,0.000000000000000000e+00,1.000000000000000000e+00
9.958267605143666934e-01,2.038802490534569190e-02,8.895724525816550710e-02,6.811612986437106665e-01
2.091890078267288899e-02,-9.997684749057733633e-01,-5.039461739975624466e-03,1.820649094231411788e-02
8.883390475211075388e-02,6.879318646711471419e-03,-9.960226966999546905e-01,3.604064963376701902e-01
0.000000000000000000e+00,0.000000000000000000e+00,0.000000000000000000e+00,1.000000000000000000e+00
9.960980801435328491e-01,2.201040453978331257e-02,8.546435997749836366e-02,6.819332076845147084e-01
2.260129804825378175e-02,-9.997268378628664243e-01,-5.952393069008249903e-03,1.680505083185206486e-02
8.530999977084938179e-02,7.860772780653481340e-03,-9.963234475763322884e-01,3.574578960136957084e-01
0.000000000000000000e+00,0.000000000000000000e+00,0.000000000000000000e+00,1.000000000000000000e+00
9.964053231821342616e-01,2.144437650890584912e-02,8.195468656794827056e-02,6.826281880790862067e-01
2.207209197643661414e-02,-9.997335209494311314e-01,-6.760905696517504476e-03,1.545812974305808656e-02
8.178786395358458861e-02,8.545513805370281990e-03,-9.966131242883128349e-01,3.545369950939765147e-01
0.000000000000000000e+00,0.000000000000000000e+00,0.000000000000000000e+00,1.000000000000000000e+00
9.967119677801654642e-01,2.022908894561481485e-02,7.846041832810389527e-02,6.832615337008350886e-01
2.089150140088019691e-02,-9.997526265674494539e-01,-7.630913490731192246e-03,1.415892022811833691e-02
7.828664287736253335e-02,9.244978740722151200e-03,-9.968880237594771598e-01,3.516516191886121523e-01
0.000000000000000000e+00,0.000000000000000000e+00,0.000000000000000000e+00,1.000000000000000000e+00
9.969983309965243512e-01,1.936672570848851915e-02,7.496170972888187289e-02,6.838260572626532197e-01
2.006040648269691307e-02,-9.997625358120583172e-01,-8.511878664097364405e-03,1.285858612429044770e-02
7.477906178800293457e-02,9.990091189549299422e-03,-9.971500839874258837e-01,3.488271449940513191e-01
0.000000000000000000e+00,0.000000000000000000e+00,0.000000000000000000e+00,1.000000000000000000e+00
9.972571125032432260e-01,1.880960291614902635e-02,7.158526663937388179e-02,6.843056535560628761e-01
1.952575647040249995e-02,-9.997659366633478983e-01,-9.317549136832642062e-03,1.166338239863578055e-02
7.139325175359367837e-02,1.068974863107407039e-02,-9.973909629018363754e-01,3.461490570925277455e-01
0.000000000000000000e+00,0.000000000000000000e+00,0.000000000000000000e+00,1.000000000000000000e+00
9.975276734977732707e-01,1.908235420762505186e-02,6.763434308111943016e-02,6.848222289795463658e-01
1.982293684263430888e-02,-9.997504949443078992e-01,-1.029558320564337784e-02,1.025359941536072364e-02
6.742100400507805569e-02,1.161084047371829450e-02,-9.976570536023093849e-01,3.430412290381612550e-01
0.000000000000000000e+00,0.000000000000000000e+00,0.000000000000000000e+00,1.000000000000000000e+00
9.977417509773318649e-01,2.016269178051599553e-02,6.406921426747676229e-02,6.853785764460263996e-01
2.091671847426301856e-02,-9.997193788788421021e-01,-1.111999920732210413e-02,8.930227794286479254e-03
6.382702597612040230e-02,1.243500519768016982e-02,-9.978835009162027037e-01,3.401359959452350812e-01
0.000000000000000000e+00,0.000000000000000000e+00,0.000000000000000000e+00,1.000000000000000000e+00
9.979158545555602000e-01,2.222106038714921628e-02,6.058194204477503758e-02,6.859405041089962074e-01
2.298166593479267217e-02,-9.996652130906921174e-01,-1.188716817424348079e-02,7.608226309355639247e-03
6.029751452180579646e-02,1.325466754059985083e-02,-9.980924423773985810e-01,3.372624547220532953e-01
0.000000000000000000e+00,0.000000000000000000e+00,0.000000000000000000e+00,1.000000000000000000e+00
9.980276748046358337e-01,2.562503242468811004e-02,5.730722500074297843e-02,6.865345593613436659e-01
2.639433652936573615e-02,-9.995708345339902046e-01,-1.270770428507998762e-02,6.241540410759457112e-03
5.695699538447136778e-02,1.419522674197699549e-02,-9.982757115218807709e-01,3.344768596821501294e-01
0.000000000000000000e+00,0.000000000000000000e+00,0.000000000000000000e+00,1.000000000000000000e+00
9.980464778052045016e-01,3.133564265291788331e-02,5.404910397180035658e-02,6.871662095008221893e-01
3.211082698552625292e-02,-9.993926820947527379e-01,-1.353372697234849278e-02,4.918232175703190524e-03
5.359219095102794872e-02,1.524284996269090545e-02,-9.984465597086723543e-01,3.316330123440708322e-01
0.000000000000000000e+00,0.000000000000000000e+00,0.000000000000000000e+00,1.000000000000000000e+00
9.980520675078381476e-01,3.617092785052866688e-02,5.083044876608315554e-02,6.878698103552681742e-01
3.694613129234047832e-02,-9.992135812314879573e-01,-1.439452899798592325e-02,3.720604152018218078e-03
5.026981127733312626e-02,1.624447786100169724e-02,-9.986035564793290797e-01,3.287465590298605522e-01
0.000000000000000000e+00,0.000000000000000000e+00,0.000000000000000000e+00,1.000000000000000000e+00
9.980715855955146765e-01,3.957425578019779788e-02,4.782246654344528281e-02,6.887051412981785026e-01
4.034575878816359928e-02,-9.990689960199150566e-01,-1.527615591586883176e-02,2.549674974417165917e-03
4.717340113520310241e-02,1.717613085657239066e-02,-9.987390303548444592e-01,3.258534297410644598e-01
0.000000000000000000e+00,0.000000000000000000e+00,0.000000000000000000e+00,1.000000000000000000e+00
9.980722945332693996e-01,4.261125424567768771e-02,4.512178959997932559e-02,6.896095983018741826e-01
4.337898499883774406e-02,-9.989277583489926116e-01,-1.617396860165525724e-02,1.385174577705316178e-03
4.438421504955550323e-02,1.810012738814134603e-02,-9.988505528070592554e-01,3.230043344606332578e-01
0.000000000000000000e+00,0.000000000000000000e+00,0.000000000000000000e+00,1.000000000000000000e+00
9.981092320243618587e-01,4.456977188799066125e-02,4.232607212571258548e-02,6.905040706140214146e-01
4.532591049762252355e-02,-9.988263015661897892e-01,-1.707574704569246593e-02,1.613637785164748987e-04
4.151533193050561954e-02,1.896192852690435637e-02,-9.989579182734577012e-01,3.200614810091682028e-01
0.000000000000000000e+00,0.000000000000000000e+00,0.000000000000000000e+00,1.000000000000000000e+00
9.982325998056791327e-01,4.447281816368825469e-02,3.941884231904946301e-02,6.914477316169058696e-01
4.520961355510860757e-02,-9.988153260971917025e-01,-1.800097762784300809e-02,-1.088155567260168247e-03
3.857158964046344257e-02,1.975127332451958803e-02,-9.990606186186440363e-01,3.170628708404569229e-01
0.000000000000000000e+00,0.000000000000000000e+00,0.000000000000000000e+00,1.000000000000000000e+00
9.983951156096009250e-01,4.292724460673436049e-02,3.693839191634141345e-02,6.924780006650653741e-01
4.364778453223439048e-02,-9.988676971928203141e-01,-1.892602467873629943e-02,-2.398968744201706790e-03
3.608412438066456451e-02,2.050792956848878842e-02,-9.991383091406786932e-01,3.141768980239043607e-01
0.000000000000000000e+00,0.000000000000000000e+00,0.000000000000000000e+00,1.000000000000000000e+00
9.985209238165790868e-01,4.141493307736698881e-02,3.522453716775893889e-02,6.936457243478096890e-01
4.213157261701289125e-02,-9.989148320975185236e-01,-1.985167006585710284e-02,-3.637880884768355388e-03
3.436415704339337157e-02,2.130637307904566236e-02,-9.991822372204749447e-01,3.115502069560117659e-01
0.000000000000000000e+00,0.000000000000000000e+00,0.000000000000000000e+00,1.000000000000000000e+00
9.986234366481341329e-01,4.018589872144484598e-02,3.370942480997397850e-02,6.949530949342169750e-01
4.090110319416501161e-02,-9.989466280775108897e-01,-2.080225973473038420e-02,-4.760800603319178398e-03
3.283795874547904003e-02,2.215237676911226139e-02,-9.992151623493858992e-01,3.089736024795995961e-01
0.000000000000000000e+00,0.000000000000000000e+00,0.000000000000000000e+00,1.000000000000000000e+00
9.986994686256809306e-01,3.961963982019556241e-02,3.208824562515961293e-02,6.962346095886048358e-01
4.032852048290830327e-02,-9.989496356537699295e-01,-2.175398498804538561e-02,-5.740886020349801437e-03
3.119265622614139644e-02,2.301976471900680360e-02,-9.992482717672516168e-01,3.062913965890180501e-01
0.000000000000000000e+00,0.000000000000000000e+00,0.000000000000000000e+00,1.000000000000000000e+00
9.987265326627229323e-01,4.029687717751423426e-02,3.035580084984493970e-02,6.975096214682935392e-01
4.099321564387925498e-02,-9.989020519828404332e-01,-2.267701072992325817e-02,-6.597932118417542194e-03
2.940865904235577880e-02,2.389251418773197938e-02,-9.992818814224140311e-01,3.036135694104639682e-01
0.000000000000000000e+00,0.000000000000000000e+00,0.000000000000000000e+00,1.000000000000000000e+00
9.987348145498138319e-01,4.136655419040391468e-02,2.859332790288561868e-02,6.987747713301527552e-01
4.204582717272242753e-02,-9.988374417179834985e-01,-2.357781668509245643e-02,-7.295599470879151477e-03
2.758475346112643223e-02,2.475021649777303656e-02,-9.993130181078410113e-01,3.009397687334962601e-01
0.000000000000000000e+00,0.000000000000000000e+00,0.000000000000000000e+00,1.000000000000000000e+00
9.987759733367451709e-01,4.167580648614654937e-02,2.663986184212160935e-02,6.999902368295218835e-01
4.232942610703810393e-02,-9.988042203253199025e-01,-2.446117629589407774e-02,-7.816848502187204520e-03
2.558856718706331926e-02,2.555888522724111822e-02,-9.993457702993765457e-01,2.981484125369271987e-01
0.000000000000000000e+00,0.000000000000000000e+00,0.000000000000000000e+00,1.000000000000000000e+00
9.988251993937002915e-01,4.173927033015922827e-02,2.461817150888323188e-02,7.011395663729165229e-01
4.236180049881699272e-02,-9.987811299588472691e-01,-2.533243566313650441e-02,-8.132115120064332264e-03
2.353080777689796343e-02,2.634554517246537331e-02,-9.993759119245031464e-01,2.953426861338053211e-01
0.000000000000000000e+00,0.000000000000000000e+00,0.000000000000000000e+00,1.000000000000000000e+00
9.988735347964605715e-01,4.190691947212954460e-02,2.225919099114434876e-02,7.021353373838992162e-01
4.248487855628541032e-02,-9.987545777647460765e-01,-2.615967293415093556e-02,-8.251339602696056152e-03
2.113519759267660364e-02,2.707588399887459960e-02,-9.994099258704598476e-01,2.924296522515806296e-01
0.000000000000000000e+00,0.000000000000000000e+00,0.000000000000000000e+00,1.000000000000000000e+00
9.989102169627819272e-01,4.230512401042152426e-02,1.971433310641360764e-02,7.030512778072915969e-01
4.282926906324419081e-02,-9.987183198185239918e-01,-2.696982332854052158e-02,-8.165320337434502432e-03
1.854810391592705276e-02,2.778478254957734289e-02,-9.994418310736231659e-01,2.894434010176883953e-01
0.000000000000000000e+00,0.000000000000000000e+00,0.000000000000000000e+00,1.000000000000000000e+00
9.989371468581834668e-01,4.287320016703966008e-02,1.692528682972928300e-02,7.037791754536711908e-01
4.333053923634999638e-02,-9.986781410393126279e-01,-2.764841731003852762e-02,-7.942285494238537566e-03
1.571753785803604517e-02,2.835241290789638699e-02,-9.994744117214713341e-01,2.864697859963779014e-01
0.000000000000000000e+00,0.000000000000000000e+00,0.000000000000000000e+00,1.000000000000000000e+00
9.989475775660003887e-01,4.362484422955620333e-02,1.416369446741255235e-02,7.042958902361167173e-01
4.400832586215969178e-02,-9.986387741671055585e-01,-2.799760676969690124e-02,-7.557600047569676752e-03
1.292302324648586694e-02,2.859146194176815856e-02,-9.995076406782508194e-01,2.837367019004271018e-01
0.000000000000000000e+00,0.000000000000000000e+00,0.000000000000000000e+00,1.000000000000000000e+00
9.989384464771771110e-01,4.475842947202207656e-02,1.089326126383986099e-02,7.047299155082950017e-01
4.504993310907917659e-02,-9.985873632855976068e-01,-2.817412666234097446e-02,-6.895226000526616036e-03
9.616843381886766920e-03,2.863495901020583420e-02,-9.995436736060371308e-01,2.806924369756038096e-01
0.000000000000000000e+00,0.000000000000000000e+00,0.000000000000000000e+00,1.000000000000000000e+00
9.989088018887715137e-01,4.608655512802689591e-02,7.565378085096291332e-03,7.049452101770004031e-01
4.628306683091826246e-02,-9.985284315693963020e-01,-2.826391820478257877e-02,-6.077523073595918028e-03
6.251658489061801688e-03,2.858322557013529691e-02,-9.995718663418569072e-01,2.778373219892364410e-01
0.000000000000000000e+00,0.000000000000000000e+00,0.000000000000000000e+00,1.000000000000000000e+00
9.988621286286161194e-01,4.752665426466312626e-02,3.957919392457097049e-03,7.049741641541530379e-01
4.761959381980407358e-02,-9.984675983279975853e-01,-2.819271844922343478e-02,-5.151607952594677506e-03
2.611948687645289022e-03,2.834911327585892121e-02,-9.995946706043032925e-01,2.749874408366764778e-01
0.000000000000000000e+00,0.000000000000000000e+00,0.000000000000000000e+00,1.000000000000000000e+00
9.988015322287734366e-01,4.894383736121471484e-02,-1.346668260148176571e-06,7.047811605468620177e-01
4.892483794510127382e-02,-9.984145751646280598e-01,-2.783336722138892230e-02,-4.214322138119573451e-03
-1.363616331717538641e-03,2.779994394228298832e-02,-9.996125767852792610e-01,2.721196192698297489e-01
0.000000000000000000e+00,0.000000000000000000e+00,0.000000000000000000e+00,1.000000000000000000e+00
9.987257038463648318e-01,5.031291182796154837e-02,-3.947072329634722550e-03,7.045358716954476241e-01
5.018702439518935021e-02,-9.983671299465887161e-01,-2.728252965851920425e-02,-3.287607974007292037e-03
-5.313290782581825758e-03,2.704967182061695716e-02,-9.996199698862846539e-01,2.693140545048789969e-01
0.000000000000000000e+00,0.000000000000000000e+00,0.000000000000000000e+00,1.000000000000000000e+00
9.986426601764653022e-01,5.151532537343556095e-02,-7.681700810484172470e-03,7.042962148591342952e-01
5.129312217859199885e-02,-9.983251219253354014e-01,-2.675755126943113807e-02,-2.482417933800841556e-03
-9.047258858061688405e-03,2.632721376130130880e-02,-9.996124373589606593e-01,2.666573534000026835e-01
0.000000000000000000e+00,0.000000000000000000e+00,0.000000000000000000e+00,1.000000000000000000e+00
9.985507754024698368e-01,5.256008396872724475e-02,-1.156661213694652572e-02,7.040357226298363802e-01
5.224047412372123667e-02,-9.982858308066986375e-01,-2.638811993887264784e-02,-1.786511946533684073e-03
-1.293374680651445882e-02,2.574563232433539628e-02,-9.995848541318366198e-01,2.638932988254483192e-01
0.000000000000000000e+00,0.000000000000000000e+00,0.000000000000000000e+00,1.000000000000000000e+00
9.984572321679909823e-01,5.334149574820279405e-02,-1.542207388061103343e-02,7.037636992698644844e-01
5.292465115389183294e-02,-9.982526504521567201e-01,-2.627978625261593801e-02,-1.305992328709530692e-03
-1.679692923344655933e-02,2.542303476355242675e-02,-9.995356584293219049e-01,2.611656447487272215e-01
0.000000000000000000e+00,0.000000000000000000e+00,0.000000000000000000e+00,1.000000000000000000e+00
9.983716424438925374e-01,5.377016409481483183e-02,-1.904817621456490057e-02,7.035028417356512520e-01
5.325850050424446591e-02,-9.982311603709386194e-01,-2.642125259197292478e-02,-1.083897308335155484e-03
-2.043515813307619430e-02,2.536375204314462312e-02,-9.994694014297637041e-01,2.585895159486221728e-01
0.000000000000000000e+00,0.000000000000000000e+00,0.000000000000000000e+00,1.000000000000000000e+00
9.982853007398453382e-01,5.398240898401185373e-02,-2.263532299393325800e-02,7.032360324840362109e-01
5.337251407656345981e-02,-9.982167267110634290e-01,-2.673464522669417864e-02,-1.041231760565786667e-03
-2.403815857972151082e-02,2.548069925518220077e-02,-9.993862621116837985e-01,2.560398474053580675e-01
0.000000000000000000e+00,0.000000000000000000e+00,0.000000000000000000e+00,1.000000000000000000e+00
9.981938363259398317e-01,5.411035949433945502e-02,-2.609854624870781153e-02,7.029850959675392197e-01
5.340191106006203503e-02,-9.982047914960756607e-01,-2.711881504434021650e-02,-1.086134637504322219e-03
-2.751910274765180173e-02,2.567612178015316743e-02,-9.992914668675474399e-01,2.535310743764920827e-01
0.000000000000000000e+00,0.000000000000000000e+00,0.000000000000000000e+00,1.000000000000000000e+00
9.980894424490149852e-01,5.438354695347835666e-02,-2.932396106553717546e-02,7.027829533268844520e-01
5.358001770206216596e-02,-9.981841280545269424e-01,-2.752504683138525324e-02,-1.121370147890875767e-03
-3.076762218405952251e-02,2.590128029233425277e-02,-9.991909112398674742e-01,2.510279545861730521e-01
0.000000000000000000e+00,0.000000000000000000e+00,0.000000000000000000e+00,1.000000000000000000e+00
9.979830900025972173e-01,5.473080111082495591e-02,-3.216040233944762738e-02,7.026750542949169454e-01
5.383958013490386385e-02,-9.981582426081709869e-01,-2.795393217894720159e-02,-1.117859903933570050e-03
-3.363111178306622817e-02,2.616604905474333512e-02,-9.990917306219182503e-01,2.485500430183563703e-01
0.000000000000000000e+00,0.000000000000000000e+00,0.000000000000000000e+00,1.000000000000000000e+00
9.978878964833690635e-01,5.508892327950271062e-02,-3.442319833923426775e-02,7.026717628941341331e-01
5.412148130589394812e-02,-9.981295037328896669e-01,-2.843165558301329054e-02,-1.108507180118596148e-03
-3.592507916836044229e-02,2.650857049786682629e-02,-9.990028450294357043e-01,2.460416119160120096e-01
0.000000000000000000e+00,0.000000000000000000e+00,0.000000000000000000e+00,1.000000000000000000e+00
9.978006898414002457e-01,5.607908010398804377e-02,-3.534006404516751992e-02,7.028537460826121963e-01
5.506720037696949399e-02,-9.980618830579686129e-01,-2.898415134904674603e-02,-1.095656230113884085e-03
-3.689697541355837357e-02,2.697432782243622609e-02,-9.989549533606902898e-01,2.435148736344342757e-01
0.000000000000000000e+00,0.000000000000000000e+00,0.000000000000000000e+00,1.000000000000000000e+00
9.977342790647997228e-01,5.796451288413678737e-02,-3.415294460437148794e-02,7.032690952555183950e-01
5.696060774657557557e-02,-9.979354805163843656e-01,-2.966927521315453758e-02,-1.121675751837623337e-03
-3.580220027016866452e-02,2.765668043417174315e-02,-9.989761310878138012e-01,2.410157830497071663e-01
0.000000000000000000e+00,0.000000000000000000e+00,0.000000000000000000e+00,1.000000000000000000e+00
9.976528867589131711e-01,6.077558291531048873e-02,-3.154435072895880182e-02,7.038922773657197984e-01
5.981918913869005427e-02,-9.977454160221289614e-01,-3.042613050682471329e-02,-1.150366963548368586e-03
-3.332239715862254925e-02,2.846775945052432838e-02,-9.990391406343749336e-01,2.385895462093642894e-01
0.000000000000000000e+00,0.000000000000000000e+00,0.000000000000000000e+00,1.000000000000000000e+00
9.975261758026199299e-01,6.418115683690300832e-02,-2.867590793117320153e-02,7.046739037022894392e-01
6.328361824772232858e-02,-9.975083283938521728e-01,-3.118202120419569581e-02,-1.173274424240082058e-03
-3.060575517899865108e-02,2.929016715519434585e-02,-9.991022839819473367e-01,2.363284839379332092e-01
0.000000000000000000e+00,0.000000000000000000e+00,0.000000000000000000e+00,1.000000000000000000e+00
9.974307298537277156e-01,6.754969051578341155e-02,-2.385326926612080928e-02,7.057895053214415793e-01
6.677147666890526079e-02,-9.972537336718616530e-01,-3.203998409777340101e-02,-1.190949353541220779e-03
-2.595205284585441752e-02,3.036494671086403460e-02,-9.992019120099465690e-01,2.342247545032853373e-01
0.000000000000000000e+00,0.000000000000000000e+00,0.000000000000000000e+00,1.000000000000000000e+00
9.974744773723076552e-01,6.868990639562322364e-02,-1.806554040714652282e-02,7.070867551334081291e-01
6.806998670670982854e-02,-9.971365073805038559e-01,-3.294332343219930070e-02,-1.149186652153718138e-03
-2.027668366844194436e-02,3.163040322807589982e-02,-9.992939375834516413e-01,2.321672408211474248e-01
0.000000000000000000e+00,0.000000000000000000e+00,0.000000000000000000e+00,1.000000000000000000e+00
9.975323727223196490e-01,6.902139674485691101e-02,-1.285348833462462807e-02,7.083153202781912183e-01
6.855388390154126821e-02,-9.970739674509161432e-01,-3.382112407510444452e-02,-1.119628990900401345e-03
-1.515025983253301747e-02,3.285650959975323221e-02,-9.993452453501382449e-01,2.300711707816295859e-01
0.000000000000000000e+00,0.000000000000000000e+00,0.000000000000000000e+00,1.000000000000000000e+00
9.975623059578881957e-01,6.937466807326370111e-02,-7.523374356315624782e-03,7.095416506530877188e-01
6.907442835734534103e-02,-9.970079072187444380e-01,-3.469807329529287637e-02,-1.080535631672540752e-03
-9.908031039856069269e-03,3.409381722576735468e-02,-9.993695225230202484e-01,2.280183531387702800e-01
0.000000000000000000e+00,0.000000000000000000e+00,0.000000000000000000e+00,1.000000000000000000e+00
9.975505626781555613e-01,6.982759865141752176e-02,-4.120845431729508630e-03,7.106641333229980484e-01
6.963851835285495007e-02,-9.969419238546366469e-01,-3.545810517547375723e-02,-9.601501362420019475e-04
-6.584197909748660052e-03,3.508428319906828352e-02,-9.993626676088580574e-01,2.260473445902107525e-01
0.000000000000000000e+00,0.000000000000000000e+00,0.000000000000000000e+00,1.000000000000000000e+00
9.975189953936529630e-01,7.037463541610772255e-02,-1.806797965277864978e-03,7.116272989325949094e-01
7.026355850930271485e-02,-9.968728910054789338e-01,-3.615897570435528535e-02,-7.610785395634187857e-04
-4.345822643323133533e-03,3.594231306452419505e-02,-9.993444170840823926e-01,2.239636207199406925e-01
0.000000000000000000e+00,0.000000000000000000e+00,0.000000000000000000e+00,1.000000000000000000e+00
9.974823479878462962e-01,7.091510091699482210e-02,-1.179601018846889067e-04,7.124124099883774042e-01
7.086261267976046163e-02,-9.968053443187594453e-01,-3.684556502155587887e-02,-5.720921520601146733e-04
-2.730490221822461788e-03,3.674444174962888943e-02,-9.993209646673368862e-01,2.217706647935581143e-01
0.000000000000000000e+00,0.000000000000000000e+00,0.000000000000000000e+00,1.000000000000000000e+00
9.974487193641610183e-01,7.138600627362395867e-02,3.005779386852378346e-04,7.129838232239485984e-01
7.134713411337983979e-02,-9.967478404492751132e-01,-3.746103326810191342e-02,-4.244825421994675128e-04
-2.374593144622093310e-03,3.738690503382936792e-02,-9.992980439485453781e-01,2.194791997151452345e-01
0.000000000000000000e+00,0.000000000000000000e+00,0.000000000000000000e+00,1.000000000000000000e+00
9.974100201271984822e-01,7.192528566184824834e-02,-7.093886914987779214e-05,7.134052714726074607e-01
7.187059095413339538e-02,-9.966890508352401756e-01,-3.802044319904570452e-02,-2.215401620962649011e-04
-2.805335232241835952e-03,3.791687259795777781e-02,-9.992769590391969992e-01,2.172252400268236405e-01
0.000000000000000000e+00,0.000000000000000000e+00,0.000000000000000000e+00,1.000000000000000000e+00
9.973652756382016538e-01,7.252591878856884389e-02,-1.580523649848196432e-03,7.136364618265909066e-01
7.241148181905632253e-02,-9.966309009914648964e-01,-3.851525009277812633e-02,3.779402965039136558e-05
-4.368552609536772990e-03,3.829932496552237303e-02,-9.992567625266706166e-01,2.149290910685929534e-01
0.000000000000000000e+00,0.000000000000000000e+00,0.000000000000000000e+00,1.000000000000000000e+00
9.973144958024420248e-01,7.311416759465166892e-02,-4.256167203271067449e-03,7.136476075807690611e-01
7.289375400269676453e-02,-9.965774312300094140e-01,-3.898620512938116844e-02,2.868343533546317131e-04
-7.092044114030204155e-03,3.857125950674981235e-02,-9.992306845020060280e-01,2.124449017386888516e-01
0.000000000000000000e+00,0.000000000000000000e+00,0.000000000000000000e+00,1.000000000000000000e+00
9.972598034578892268e-01,7.362856946698531635e-02,-7.191534285333613802e-03,7.135387646948765372e-01
7.329032117361627963e-02,-9.965305322363542384e-01,-3.943890392742466916e-02,4.905296050459915722e-04
-1.007041356648174721e-02,3.880376372175493166e-02,-9.991961042216017663e-01,2.099252557457858825e-01
0.000000000000000000e+00,0.000000000000000000e+00,0.000000000000000000e+00,1.000000000000000000e+00
9.972000721512476185e-01,7.406757923703188862e-02,-1.029610642486653016e-02,7.133023880791655724e-01
7.360338173973540732e-02,-9.964908431745895800e-01,-3.985651346606076256e-02,6.494911564600977863e-04
-1.321205124198979869e-02,3.898708985243060088e-02,-9.991523650208798957e-01,2.074482033839749329e-01
0.000000000000000000e+00,0.000000000000000000e+00,0.000000000000000000e+00,1.000000000000000000e+00
9.971299602576977339e-01,7.451173824708995364e-02,-1.341056374203948055e-02,7.129875100262010879e-01
7.391984572354026728e-02,-9.964519140745626835e-01,-4.024225820388407926e-02,8.190975169304007958e-04
-1.636150251933384675e-02,3.913545452064169650e-02,-9.990999536756934862e-01,2.050787794551434673e-01
0.000000000000000000e+00,0.000000000000000000e+00,0.000000000000000000e+00,1.000000000000000000e+00
9.970593787780579476e-01,7.486384881474444919e-02,-1.637068512177318122e-02,7.126486967847752707e-01
7.414951808198605443e-02,-9.964208844742229454e-01,-4.058657354121442129e-02,9.445429537811968548e-04
-1.935055965398408545e-02,3.925334538928183098e-02,-9.990419063867278515e-01,2.028837796379663883e-01
0.000000000000000000e+00,0.000000000000000000e+00,0.000000000000000000e+00,1.000000000000000000e+00
9.969985726226258116e-01,7.503498705777167377e-02,-1.906821716066910144e-02,7.123056653022399320e-01
7.420843701295287698e-02,-9.964045316779172046e-01,-4.087929950238127635e-02,9.529751723471088093e-04
-2.206703569900123063e-02,3.934158066157013300e-02,-9.989821249484437393e-01,2.009318025970361909e-01
0.000000000000000000e+00,0.000000000000000000e+00,0.000000000000000000e+00,1.000000000000000000e+00
9.969424221404199482e-01,7.513611332722763825e-02,-2.145626740303665375e-02,7.119895406858469666e-01
7.420929339298276695e-02,-9.963936551755440130e-01,-4.114200651442650319e-02,9.199299697898915065e-04
-2.447013916811295597e-02,3.942395718337907834e-02,-9.989229018743620570e-01,1.992262319668987591e-01
0.000000000000000000e+00,0.000000000000000000e+00,0.000000000000000000e+00,1.000000000000000000e+00
9.968912690068930660e-01,7.520245949250276007e-02,-2.350293309577616147e-02,7.117157125505120252e-01
7.418922104705855114e-02,-9.963860950101555147e-01,-4.136071990239268553e-02,8.764357532815647903e-04
-2.652842359162573688e-02,3.948847625183814214e-02,-9.988678105660684370e-01,1.977652105756119161e-01
0.000000000000000000e+00,0.000000000000000000e+00,0.000000000000000000e+00,1.000000000000000000e+00
9.968435469140465299e-01,7.528384850236802261e-02,-2.520486323104567661e-02,7.114865925129405522e-01
7.419819355323387100e-02,-9.963777221537777340e-01,-4.154591278436570168e-02,8.635464805898983645e-04
-2.824130041729772458e-02,3.954461973924881801e-02,-9.988186281805211397e-01,1.965276445284402373e-01
0.000000000000000000e+00,0.000000000000000000e+00,0.000000000000000000e+00,1.000000000000000000e+00
9.967993237386474359e-01,7.542515532171156778e-02,-2.649819123771720783e-02,7.113273749713425742e-01
7.428403341606076848e-02,-9.963652734707861836e-01,-4.169081674574236923e-02,9.077543028976186451e-04
-2.954641388758616136e-02,3.958898541490010053e-02,-9.987791155506818841e-01,1.955508211311604017e-01
0.000000000000000000e+00,0.000000000000000000e+00,0.000000000000000000e+00,1.000000000000000000e+00
9.967620415744582463e-01,7.555490001807196876e-02,-2.751162589846390880e-02,7.112091705552185950e-01
7.436990629301609701e-02,-9.963537959699275692e-01,-4.181184394742722132e-02,9.498184971546185310e-04
-3.057040258625811149e-02,3.963042189499295376e-02,-9.987466546357683939e-01,1.947743713021466427e-01
0.000000000000000000e+00,0.000000000000000000e+00,0.000000000000000000e+00,1.000000000000000000e+00
9.967310895226444423e-01,7.572574558200295680e-02,-2.815575669471909181e-02,7.111623665511818126e-01
7.451186903225087699e-02,-9.963387776202852208e-01,-4.191684128648887064e-02,1.030653743781543598e-03
-3.122685626705219014e-02,3.968188082948902184e-02,-9.987243021883021044e-01,1.941884920046169638e-01
0.000000000000000000e+00,0.000000000000000000e+00,0.000000000000000000e+00,1.000000000000000000e+00
9.967081216661450860e-01,7.591361453906303458e-02,-2.846126020328740985e-02,7.111936180158809906e-01
7.468507360604548229e-02,-9.963225265527938523e-01,-4.199479567657049550e-02,1.130914349445337475e-03
-3.154457140625372552e-02,3.973092260534481779e-02,-9.987123679036541413e-01,1.937674393845494891e-01
0.000000000000000000e+00,0.000000000000000000e+00,0.000000000000000000e+00,1.000000000000000000e+00
9.966925448101847662e-01,7.612159818220348706e-02,-2.845124619388743684e-02,7.113182060546495711e-01
7.489204250065134572e-02,-9.963052113079143846e-01,-4.203698241754120352e-02,1.261519177812326503e-03
-3.154604713555480416e-02,3.976717504273102888e-02,-9.987108784324131294e-01,1.934754609719799845e-01
0.000000000000000000e+00,0.000000000000000000e+00,0.000000000000000000e+00,1.000000000000000000e+00
9.966813068613831206e-01,7.640012760255959767e-02,-2.809613951057005066e-02,7.115357627914966621e-01
7.518518830980874812e-02,-9.962839272298986693e-01,-4.201813658634479670e-02,1.452842744116202879e-03
-3.120192320840826233e-02,3.976627774487741240e-02,-9.987217245771784491e-01,1.932796425071805491e-01
0.000000000000000000e+00,0.000000000000000000e+00,0.000000000000000000e+00,1.000000000000000000e+00
9.966757398127272793e-01,7.671320701025374778e-02,-2.743270928935928957e-02,7.117895182033898704e-01
7.553129701166605425e-02,-9.962670164947202700e-01,-4.179778721947288722e-02,1.715553390474391406e-03
-3.053674574161503036e-02,3.958681238633379729e-02,-9.987494137393028160e-01,1.931412246466875371e-01
0.000000000000000000e+00,0.000000000000000000e+00,0.000000000000000000e+00,1.000000000000000000e+00
9.966690969731206717e-01,7.707967624656986150e-02,-2.663521444456588491e-02,7.120321945059338020e-01
7.593832829409352669e-02,-9.962488483138585149e-01,-4.149219841378470192e-02,2.031787067839019301e-03
-2.973350693548444668e-02,3.933135826582131317e-02,-9.987837417690995645e-01,1.930045461357621783e-01
0.000000000000000000e+00,0.000000000000000000e+00,0.000000000000000000e+00,1.000000000000000000e+00
9.966701512191074031e-01,7.745465511709109796e-02,-2.548305455737350303e-02,7.122911928190733821e-01
7.636918863377833988e-02,-9.962313431326097479e-01,-4.112004362369552080e-02,2.390069067824577426e-03
-2.857195646608680709e-02,3.903699989610801002e-02,-9.988291925763939094e-01,1.928835548426012236e-01
0.000000000000000000e+00,0.000000000000000000e+00,0.000000000000000000e+00,1.000000000000000000e+00
9.966730980811031593e-01,7.792945691787200868e-02,-2.386912872102596103e-02,7.125836172244718325e-01
7.691714037981178809e-02,-9.962047615381294241e-01,-4.074096960739816142e-02,2.814190318062424756e-03
-2.695346132146470008e-02,3.876948327285465595e-02,-9.988845969828284987e-01,1.927618633103090617e-01
0.000000000000000000e+00,0.000000000000000000e+00,0.000000000000000000e+00,1.000000000000000000e+00
9.966990598053383499e-01,7.831849497691839579e-02,-2.138217780548486158e-02,7.129230755479889492e-01
7.741269950047430237e-02,-9.961830108827218755e-01,-4.033215571580762299e-02,3.269575235858965430e-03
-2.445931600033438361e-02,3.854376957674621879e-02,-9.989575164578374800e-01,1.926482717554632573e-01
0.000000000000000000e+00,0.000000000000000000e+00,0.000000000000000000e+00,1.000000000000000000e+00
9.967705415443192107e-01,7.829208839954188148e-02,-1.785599068892945729e-02,7.132922491219002570e-01
7.753047877105323504e-02,-9.961886911081414553e-01,-3.996394086897841341e-02,3.725214424938287812e-03
-2.091679638415199632e-02,3.845049547517259692e-02,-9.990415642137907559e-01,1.925225244338492903e-01
0.000000000000000000e+00,0.000000000000000000e+00,0.000000000000000000e+00,1.000000000000000000e+00
9.968407898490080354e-01,7.840363368973829461e-02,-1.270078412739886718e-02,7.138186602494136501e-01
7.784456121715521704e-02,-9.961725707703739108e-01,-3.975466681602457530e-02,4.154000135287172664e-03
-1.576908310949172790e-02,3.864038650155894594e-02,-9.991287487350646312e-01,1.924344720477670634e-01
0.000000000000000000e+00,0.000000000000000000e+00,0.000000000000000000e+00,1.000000000000000000e+00
9.968662547965767562e-01,7.874910041626237422e-02,-7.499948764877897335e-03,7.143555033398465426e-01
7.839212741616602420e-02,-9.961308006603644127e-01,-3.972533618371448805e-02,4.511561588916840511e-03
-1.059926445627072146e-02,3.901291016280337975e-02,-9.991824900555529299e-01,1.923036431033461890e-01
0.000000000000000000e+00,0.000000000000000000e+00,0.000000000000000000e+00,1.000000000000000000e+00
9.968867955761946398e-01,7.878752949820350127e-02,-3.040066018317561132e-03,7.148070947286917498e-01
7.860469989558865889e-02,-9.961101117405609662e-01,-3.982394308115694975e-02,4.782312431653368799e-03
-6.165870591446576121e-03,3.946099952835070007e-02,-9.992020874458145130e-01,1.920768794479728592e-01
0.000000000000000000e+00,0.000000000000000000e+00,0.000000000000000000e+00,1.000000000000000000e+00
9.969294330864995057e-01,7.828593228040059415e-02,1.737311952169570467e-03,7.152771602341576607e-01
7.829285887447318126e-02,-9.961328756681477881e-01,-3.986881315474805759e-02,4.955572254735605975e-03
-1.390573655885456172e-03,3.988241241568669937e-02,-9.992034124665571948e-01,1.917822698446517982e-01
0.000000000000000000e+00,0.000000000000000000e+00,0.000000000000000000e+00,1.000000000000000000e+00
9.970130234787764056e-01,7.701117559923892353e-02,5.857460758046693222e-03,7.156762041357878079e-01
7.718458298144398322e-02,-9.962124064757138520e-01,-4.004224436576572788e-02,4.944915955367005372e-03
2.751574765371092579e-03,4.037474478792810878e-02,-9.991808188809571112e-01,1.913894102133935626e-01
0.000000000000000000e+00,0.000000000000000000e+00,0.000000000000000000e+00,1.000000000000000000e+00
9.971564084188708765e-01,7.489241677986463452e-02,8.379919930957662952e-03,7.159035395216581943e-01
7.516992436029007463e-02,-9.963639795418018918e-01,-4.010364999962124505e-02,4.870429356692480144e-03
5.345991100485156244e-03,4.061952954546516753e-02,-9.991603846223381380e-01,1.908806045305891930e-01
0.000000000000000000e+00,0.000000000000000000e+00,0.000000000000000000e+00,1.000000000000000000e+00
9.972786628467396053e-01,7.308295089972188796e-02,9.703139616016270494e-03,7.159990496770162194e-01
7.341610928005826153e-02,-9.964922901129604771e-01,-4.016454460847113106e-02,4.832543595300786872e-03
6.733760375719068797e-03,4.076761009939341984e-02,-9.991459645307018134e-01,1.902488310993827314e-01
0.000000000000000000e+00,0.000000000000000000e+00,0.000000000000000000e+00,1.000000000000000000e+00
9.974023253270281053e-01,7.139145590528561680e-02,9.584438218335098944e-03,7.159438392843108234e-01
7.172172930737497065e-02,-9.966119371556168005e-01,-4.025717655386493871e-02,4.750377117951141114e-03
6.677947094506735820e-03,4.084001398938433280e-02,-9.991433822429840461e-01,1.895055439736753888e-01
0.000000000000000000e+00,0.000000000000000000e+00,0.000000000000000000e+00,1.000000000000000000e+00
9.976867721662618926e-01,6.745706754658870041e-02,8.405277061492522073e-03,7.157728903321620706e-01
6.774161830295588604e-02,-9.968957565266274301e-01,-4.012385535937201819e-02,4.605337634430741595e-03
5.672547413825675122e-03,4.060042681078806365e-02,-9.991593604368722570e-01,1.886511151250748752e-01
0.000000000000000000e+00,0.000000000000000000e+00,0.000000000000000000e+00,1.000000000000000000e+00
9.982000016540146792e-01,5.953987247270986494e-02,7.194462027044530236e-03,7.155987101785238336e-01
5.978160712414559708e-02,-9.974049249577078280e-01,-4.011951046266000465e-02,4.446956797400931916e-03
4.787081321580986121e-03,4.047739191255585178e-02,-9.991689870068917179e-01,1.877800864673803971e-01
0.000000000000000000e+00,0.000000000000000000e+00,0.000000000000000000e+00,1.000000000000000000e+00
9.986930400470469538e-01,5.074555825302012879e-02,6.090983432622293359e-03,7.154407660277217751e-01
5.095011840314089824e-02,-9.978908581680490109e-01,-4.022338398668945381e-02,4.254431641174272020e-03
4.036978609436608911e-03,4.048114996173028668e-02,-9.991721469804302203e-01,1.870024717726337382e-01
0.000000000000000000e+00,0.000000000000000000e+00,0.000000000000000000e+00,1.000000000000000000e+00
9.991872682897589009e-01,3.998607924063629637e-02,5.090810800938621282e-03,7.152988711520813503e-01
4.015928131299972836e-02,-9.983782750165858255e-01,-4.034912761547905513e-02,4.077367066438295981e-03
3.469151491753644928e-03,4.052077790305155802e-02,-9.991726735384924840e-01,1.862742795510528293e-01
0.000000000000000000e+00,0.000000000000000000e+00,0.000000000000000000e+00,1.000000000000000000e+00
9.994951421855244877e-01,3.146960317498220805e-02,4.373193746834835340e-03,7.151899267464912890e-01
3.162090246328919108e-02,-9.986818047348480221e-01,-4.043230662420931043e-02,4.020747096475384835e-03
3.095040378630859595e-03,4.055017839117454337e-02,-9.991727096741076508e-01,1.857273106147965258e-01
0.000000000000000000e+00,0.000000000000000000e+00,0.000000000000000000e+00,1.000000000000000000e+00
9.997410700331514910e-01,2.245712566942748012e-02,3.670203759555627082e-03,7.150837119598028035e-01
2.258747661566040676e-02,-9.989239272901107025e-01,-4.050670793138419490e-02,4.037176409273042499e-03
2.756590122980559499e-03,4.057912017243608255e-02,-9.991725257516467229e-01,1.851915370358355739e-01
0.000000000000000000e+00,0.000000000000000000e+00,0.000000000000000000e+00,1.000000000000000000e+00
9.998328067192127078e-01,1.800434341341267119e-02,3.194092395935807082e-03,7.150122358193876648e-01
1.811920778453796066e-02,-9.990118729786214846e-01,-4.058290227432257563e-02,4.101878130188285274e-03
2.460267717670772125e-03,4.063399150955242234e-02,-9.991710693453643710e-01,1.848480558641886207e-01
0.000000000000000000e+00,0.000000000000000000e+00,0.000000000000000000e+00,1.000000000000000000e+00
9.998322570402204956e-01,1.807487252484507589e-02,2.959183175980183763e-03,7.149763211107692529e-01
1.818015743551404384e-02,-9.990103390811968520e-01,-4.059340198224214297e-02,4.175443512933049370e-03
2.222534021860598369e-03,4.064039114086596960e-02,-9.991713661581976824e-01,1.846768873249233500e-01
0.000000000000000000e+00,0.000000000000000000e+00,0.000000000000000000e+00,1.000000000000000000e+00
9.998287744187017712e-01,1.826752917877716431e-02,2.952832893907728941e-03,7.149753659576713050e-01
1.837238538828067647e-02,-9.990070474375840615e-01,-4.058786302807132484e-02,4.316020181112565322e-03
2.208460898749889378e-03,4.063516393154477380e-02,-9.991716099613294766e-01,1.846702172691219446e-01
0.000000000000000000e+00,0.000000000000000000e+00,0.000000000000000000e+00,1.000000000000000000e+00
9.998227368492438316e-01,1.857660078232586942e-02,3.066721810315982399e-03,7.149936995018489894e-01
1.868581032550309384e-02,-9.990015991580292187e-01,-4.057887839972282307e-02,4.539343548848789704e-03
2.309842368452188349e-03,4.062898944195218742e-02,-9.991716318256632645e-01,1.847341512776847217e-01
0.000000000000000000e+00,0.000000000000000000e+00,0.000000000000000000e+00,1.000000000000000000e+00
9.998160356581052843e-01,1.892500941593444619e-02,3.120714584356960083e-03,7.150081966389207899e-01
1.903617507437488365e-02,-9.989941461514337817e-01,-4.059950730865361651e-02,4.762319107743110541e-03
2.349229543483478261e-03,4.065144491619530204e-02,-9.991706266433063588e-01,1.847531565913846929e-01
0.000000000000000000e+00,0.000000000000000000e+00,0.000000000000000000e+00,1.000000000000000000e+00
9.998092042073489782e-01,1.926713320580941691e-02,3.214461120773300703e-03,7.150310089563804983e-01
1.938190448886079054e-02,-9.989862312907105135e-01,-4.063067154216924021e-02,4.974126672508141778e-03
2.428365839827351796e-03,4.068522175941238772e-02,-9.991690626564333488e-01,1.847830130251539860e-01
0.000000000000000000e+00,0.000000000000000000e+00,0.000000000000000000e+00,1.000000000000000000e+00
9.998042595772005381e-01,1.950440074046699834e-02,3.319771534447219993e-03,7.150575415418637393e-01
1.962324100947715477e-02,-9.989818496905673584e-01,-4.062256024792802733e-02,5.147459911918212012e-03
2.524072813852747815e-03,4.067975344772677138e-02,-9.991690481174156924e-01,1.848192226363047364e-01
0.000000000000000000e+00,0.000000000000000000e+00,0.000000000000000000e+00,1.000000000000000000e+00
9.997998757975239403e-01,1.972792598864275826e-02,3.319230549690738077e-03,7.150567150083243506e-01
1.984652890652521817e-02,-9.989779471207580475e-01,-4.061005364141479640e-02,5.319568176621271641e-03
2.514685987917961857e-03,4.066780179186917088e-02,-9.991695583091988464e-01,1.848151547970545983e-01
0.000000000000000000e+00,0.000000000000000000e+00,0.000000000000000000e+00,1.000000000000000000e+00
9.997987372621615076e-01,1.979290161020430538e-02,3.275059516387633478e-03,7.150476738992920245e-01
1.990950207677116834e-02,-9.989792046073951992e-01,-4.054824890215648348e-02,5.426789647442181903e-03
2.469148849736476498e-03,4.060529285481095929e-02,-9.991722141333460039e-01,1.847941171941259175e-01
0.000000000000000000e+00,0.000000000000000000e+00,0.000000000000000000e+00,1.000000000000000000e+00
9.997992259308577934e-01,1.977799725602874537e-02,3.215377520314820908e-03,7.150377129837468537e-01
1.989193670983402384e-02,-9.989837515583879224e-01,-4.044471505970900771e-02,5.560240618022490970e-03
2.412194434448955427e-03,4.050055489582351370e-02,-9.991766041952447885e-01,1.847594979189963460e-01
0.000000000000000000e+00,0.000000000000000000e+00,0.000000000000000000e+00,1.000000000000000000e+00
9.997961577581668813e-01,1.993314667955808916e-02,3.211323007516012421e-03,7.150348168255270531e-01
2.004630558358083681e-02,-9.989888872044624391e-01,-4.024113410976135757e-02,5.730562981732995921e-03
2.405943568970864144e-03,4.029730642910678284e-02,-9.991848370197087270e-01,1.847520000862545309e-01
0.000000000000000000e+00,0.000000000000000000e+00,0.000000000000000000e+00,1.000000000000000000e+00
9.998074862035558619e-01,1.936641670452404762e-02,3.151576645550151646e-03,7.150231215359446058e-01
1.947715292414725630e-02,-9.990081509322634723e-01,-4.004191410096465120e-02,5.878753509308518553e-03
2.372982363066388628e-03,4.009558922034177353e-02,-9.991930307401958311e-01,1.847201406873530405e-01
0.000000000000000000e+00,0.000000000000000000e+00,0.000000000000000000e+00,1.000000000000000000e+00
9.998619282181666623e-01,1.632251685577768008e-02,3.114473204702040022e-03,7.150156398091027654e-01
1.643359462025900664e-02,-9.990726549728528028e-01,-3.979657087429148976e-02,6.084827580796993950e-03
2.462004814565748462e-03,3.984225808094174481e-02,-9.992029488563897166e-01,1.847009226981677910e-01
0.000000000000000000e+00,0.000000000000000000e+00,0.000000000000000000e+00,1.000000000000000000e+00
9.999095300324857272e-01,1.309055990624863330e-02,3.093378663274460021e-03,7.150091578784617541e-01
1.320262347677969572e-02,-9.991317486828611427e-01,-3.951505418518742874e-02,6.326937180295034470e-03
2.573418649165857414e-03,3.955231997328130522e-02,-9.992141869995578851e-01,1.846798451181609069e-01
0.000000000000000000e+00,0.000000000000000000e+00,0.000000000000000000e+00,1.000000000000000000e+00
9.999446696178374561e-01,1.006155692659971290e-02,3.069653903416424447e-03,7.150020477452733170e-01
1.017425956502615580e-02,-9.991786480763573675e-01,-3.922389157906926160e-02,6.578857675319006899e-03
2.672479219272400758e-03,3.925295276174643744e-02,-9.992257320317099456e-01,1.846565349914825183e-01
0.000000000000000000e+00,0.000000000000000000e+00,0.000000000000000000e+00,1.000000000000000000e+00
9.999790865202760060e-01,5.700845484901406746e-03,3.053994569693358439e-03,7.149962518028528669e-01
5.815439702971880731e-03,-9.992250362450172396e-01,-3.892952096038451021e-02,6.825364196057229910e-03
2.829696650797443314e-03,3.894646712991050447e-02,-9.992372918956554662e-01,1.846398197402504548e-01
0.000000000000000000e+00,0.000000000000000000e+00,0.000000000000000000e+00,1.000000000000000000e+00
9.999866427476280517e-01,4.105308376456062724e-03,3.140186214619802938e-03,7.150148326924717912e-01
4.223847380719014666e-03,-9.992410451078429512e-01,-3.872328608331054856e-02,7.014396786619418039e-03
2.978831924208173026e-03,3.873603251392325475e-02,-9.992450381890558564e-01,1.846675367430233305e-01
0.000000000000000000e+00,0.000000000000000000e+00,0.000000000000000000e+00,1.000000000000000000e+00
9.999862289025531759e-01,4.148913723956093591e-03,3.213801512450386883e-03,7.150357315721468376e-01
4.270136150849701551e-03,-9.992425695259786744e-01,-3.867884673012925156e-02,7.049236673197815592e-03
3.050892083222005169e-03,3.869203744998177957e-02,-9.992465252856604918e-01,1.846930585903645561e-01
0.000000000000000000e+00,0.000000000000000000e+00,0.000000000000000000e+00,1.000000000000000000e+00
9.999865688652562756e-01,4.041664963485680495e-03,3.244539014255714941e-03,7.150446434977488774e-01
4.164164463672348493e-03,-9.992429162804610243e-01,-3.868144254857982384e-02,6.979180125561834994e-03
3.085745195504929067e-03,3.869443380697705492e-02,-9.992463254718257915e-01,1.847119581635425778e-01
0.000000000000000000e+00,0.000000000000000000e+00,0.000000000000000000e+00,1.000000000000000000e+00
9.999875667017885661e-01,3.778316319526853206e-03,3.254345959708382710e-03,7.150510644799180637e-01
3.901453193711434952e-03,-9.992432033187211848e-01,-3.870141191633685168e-02,6.785132637797412249e-03
3.105656905253991601e-03,3.871362740857923340e-02,-9.992455203542602860e-01,1.847235745733936674e-01
0.000000000000000000e+00,0.000000000000000000e+00,0.000000000000000000e+00,1.000000000000000000e+00
9.999896958700209559e-01,3.220580456115840207e-03,3.199377331399428075e-03,7.150503951771175482e-01
3.342099774147400115e-03,-9.992440302846676836e-01,-3.873239354279461172e-02,6.372346332006187386e-03
3.072217909366500854e-03,3.874268707743386275e-02,-9.992444974455139128e-01,1.847063292862362593e-01
0.000000000000000000e+00,0.000000000000000000e+00,0.000000000000000000e+00,1.000000000000000000e+00
9.999921836114680218e-01,2.389192350385704877e-03,3.150313616329755099e-03,7.150523231499027466e-01
2.509700362113398420e-03,-9.992430467277702011e-01,-3.882054829977845539e-02,5.743307203246865965e-03
3.055179219093623333e-03,3.882815120651358920e-02,-9.992412324127860623e-01,1.847047443188434834e-01
0.000000000000000000e+00,0.000000000000000000e+00,0.000000000000000000e+00,1.000000000000000000e+00
9.999941673627801286e-01,1.375733745057505786e-03,3.126115334192458486e-03,7.150621414481771465e-01
1.497467875368529988e-03,-9.992271866742434838e-01,-3.927832737068881475e-02,4.863678173293506900e-03
3.069662910190978922e-03,3.928277953174233450e-02,-9.992234186616516523e-01,1.847214823222474711e-01
0.000000000000000000e+00,0.000000000000000000e+00,0.000000000000000000e+00,1.000000000000000000e+00
9.999950835168806007e-01,-2.176962579969465850e-05,3.135676665526094305e-03,7.150779577247360352e-01
1.033048428177862910e-04,-9.992043965011576656e-01,-3.988186731920517758e-02,3.766720560151782041e-03
3.134050123527413328e-03,3.988199517126278515e-02,-9.991994816807014956e-01,1.847658766470032243e-01
0.000000000000000000e+00,0.000000000000000000e+00,0.000000000000000000e+00,1.000000000000000000e+00
9.999940404058551557e-01,-1.381200273291915970e-03,3.164085741191888755e-03,7.150960521919407231e-01
-1.251936423176724933e-03,-9.991788606746141443e-01,-4.049737073159212497e-02,2.687712972768498652e-03
3.217422565483255004e-03,4.049316814951320342e-02,-9.991746351490564670e-01,1.848150809319218935e-01
0.000000000000000000e+00,0.000000000000000000e+00,0.000000000000000000e+00,1.000000000000000000e+00
9.999916226357982163e-01,-2.625439480269831094e-03,3.140338478377946527e-03,7.151012572635964126e-01
-2.494837404496130784e-03,-9.991604061402348247e-01,-4.089325846648061286e-02,1.704309634833558323e-03
3.245064644728703346e-03,4.088508125486244038e-02,-9.991585858542350040e-01,1.848317959693612234e-01
0.000000000000000000e+00,0.000000000000000000e+00,0.000000000000000000e+00,1.000000000000000000e+00
9.999891650961255651e-01,-3.473966058114730249e-03,3.098588417340300116e-03,7.151026600404712941e-01
-3.343978027091354388e-03,-9.991530238911825457e-01,-4.101283530871725758e-02,1.001101555369559269e-03
3.238441184789282723e-03,4.100202932700651448e-02,-9.991538150303784782e-01,1.848364714353951110e-01
0.000000000000000000e+00,0.000000000000000000e+00,0.000000000000000000e+00,1.000000000000000000e+00
9.999871092827081753e-01,-4.051178965424673262e-03,3.060917738694652127e-03,7.151014919372415957e-01
-3.922255497872173535e-03,-9.991509549558903469e-01,-4.101201192994630845e-02,5.399513255666130510e-04
3.224465881718621002e-03,4.099947755426584795e-02,-9.991539649423678560e-01,1.848284306361789864e-01
0.000000000000000000e+00,0.000000000000000000e+00,0.000000000000000000e+00,1.000000000000000000e+00
9.999856378995937156e-01,-4.408225987883429564e-03,3.048202451003596738e-03,7.151018775947254325e-01
-4.279540222584254927e-03,-9.991496783382163294e-01,-4.100738728719809795e-02,2.898565892428088542e-04
3.226380328764658773e-03,4.099375342998885785e-02,-9.991541936306403970e-01,1.848295826185523960e-01
0.000000000000000000e+00,0.000000000000000000e+00,0.000000000000000000e+00,1.000000000000000000e+00
9.999853989538258769e-01,-4.470529418362012564e-03,3.035827049985694893e-03,7.151009410054519622e-01
-4.342293616380943355e-03,-9.991493403956985819e-01,-4.100902428722058568e-02,2.371944239948180211e-04
3.216576644042946215e-03,4.099524306014382113e-02,-9.991541641213995684e-01,1.848292533744644583e-01
0.000000000000000000e+00,0.000000000000000000e+00,0.000000000000000000e+00,1.000000000000000000e+00
9.999855329729775422e-01,-4.445520478110032148e-03,3.028397666851602096e-03,7.150996764226993374e-01
-4.317644018898447733e-03,-9.991498800008884462e-01,-4.099847856123810252e-02,2.588932284740847606e-04
3.208082741445145852e-03,4.098480989206776393e-02,-9.991546194474782983e-01,1.848232032037796513e-01
0.000000000000000000e+00,0.000000000000000000e+00,0.000000000000000000e+00,1.000000000000000000e+00
9.999856707472047912e-01,-4.418969552872908935e-03,3.021755839474609719e-03,7.150970636992995955e-01
-4.291367467975371053e-03,-9.991497365793564622e-01,-4.100473214956051188e-02,2.696222236672311812e-04
3.200385213910791893e-03,4.099117711768204830e-02,-9.991543829323821235e-01,1.848210316044998636e-01
0.000000000000000000e+00,0.000000000000000000e+00,0.000000000000000000e+00,1.000000000000000000e+00
9.999855365896801462e-01,-4.440609515027338361e-03,3.034402508638159215e-03,7.151006982102178222e-01
-4.312416362177384777e-03,-9.991489495486285399e-01,-4.102169768538616729e-02,2.480149637398149087e-04
3.213981420077876433e-03,4.100801876471285579e-02,-9.991536482045313416e-01,1.848281853871539537e-01
0.000000000000000000e+00,0.000000000000000000e+00,0.000000000000000000e+00,1.000000000000000000e+00
9.999854236027490018e-01,-4.478009150721107279e-03,3.016623290505933939e-03,7.150969176180362874e-01
-4.350443964688921472e-03,-9.991478885251734443e-01,-4.104351950062103127e-02,2.042676546639976554e-04
3.197846047086477794e-03,4.102979758338828886e-02,-9.991528058765214437e-01,1.848203157018424858e-01
0.000000000000000000e+00,0.000000000000000000e+00,0.000000000000000000e+00,1.000000000000000000e+00
9.999853699862051304e-01,-4.491989648743144325e-03,3.013609554690686171e-03,7.150972575923116858e-01
-4.364447989965547503e-03,-9.991466914037336888e-01,-4.107116568488163033e-02,1.697125129352348993e-04
3.195529266870205526e-03,4.105741207099758427e-02,-9.991516789290488809e-01,1.848262890072840392e-01
0.000000000000000000e+00,0.000000000000000000e+00,0.000000000000000000e+00,1.000000000000000000e+00
9.999853449463367294e-01,-4.513591956331608479e-03,2.989545150523415917e-03,7.150927238387385643e-01
-4.386994541792255120e-03,-9.991462603008369747e-01,-4.107925030647927023e-02,1.519847171926420534e-04
3.172407830901512876e-03,4.106553316960381839e-02,-9.991514188620514991e-01,1.848190731091351180e-01
0.000000000000000000e+00,0.000000000000000000e+00,0.000000000000000000e+00,1.000000000000000000e+00
9.999854947641939606e-01,-4.523765773784771405e-03,2.923320788896336796e-03,7.150815622260933146e-01
-4.399871899640472872e-03,-9.991461045766869553e-01,-4.108166058594794889e-02,1.380283462065409750e-04
3.106668388742867687e-03,4.106820244978114098e-02,-9.991515157167436545e-01,1.848030186860788460e-01
0.000000000000000000e+00,0.000000000000000000e+00,0.000000000000000000e+00,1.000000000000000000e+00
9.999856487522902349e-01,-4.563937695847619658e-03,2.805844288207029469e-03,7.150674150948370666e-01
-4.444804860331164065e-03,-9.991454956766523399e-01,-4.109163149365711171e-02,1.065685433137408128e-04
2.990986328089997176e-03,4.107857034714521710e-02,-9.991514425045984193e-01,1.847920352540889100e-01
0.000000000000000000e+00,0.000000000000000000e+00,0.000000000000000000e+00,1.000000000000000000e+00
9.999851789185347783e-01,-4.686343987865715377e-03,2.771303536885331466e-03,7.150642488390935858e-01
-4.568443488890405746e-03,-9.991437761363248793e-01,-4.111987271544113864e-02,1.867952949173839333e-05
2.961632548945439952e-03,4.110660273085894878e-02,-9.991503770427014874e-01,1.847895062319263038e-01
0.000000000000000000e+00,0.000000000000000000e+00,0.000000000000000000e+00,1.000000000000000000e+00
9.999845269118310398e-01,-4.843633150697912448e-03,2.735901098850099765e-03,7.150576798460579475e-01
-4.726907191266338515e-03,-9.991409572448346488e-01,-4.117042511659031734e-02,-1.019480895975864373e-04
2.932965278755403360e-03,4.115685573239381140e-02,-9.991483928530818792e-01,1.847871468878393708e-01
0.000000000000000000e+00,0.000000000000000000e+00,0.000000000000000000e+00,1.000000000000000000e+00
9.999836606183252208e-01,-5.047439228989591964e-03,2.683626949487654019e-03,7.150511969504445009e-01
-4.932397612600503134e-03,-9.991357529312456798e-01,-4.127249287726875854e-02,-2.589137518834508378e-04
2.889628032389825185e-03,4.125858179509622053e-02,-9.991443236480362922e-01,1.847834920618442456e-01
0.000000000000000000e+00,0.000000000000000000e+00,0.000000000000000000e+00,1.000000000000000000e+00
9.999825394556305369e-01,-5.290225714648377764e-03,2.633305101275112275e-03,7.150456318542283141e-01
-5.176717925026330658e-03,-9.991296361933537096e-01,-4.139047803132170356e-02,-4.485500304348454328e-04
2.849978139045909742e-03,4.137612345332374042e-02,-9.991395768522944865e-01,1.847887921628909302e-01
0.000000000000000000e+00,0.000000000000000000e+00,0.000000000000000000e+00,1.000000000000000000e+00
9.999814119278869207e-01,-5.505302586473692639e-03,2.620580496998739864e-03,7.150454341506240485e-01
-5.391977372721012962e-03,-9.991261624902723071e-01,-4.144680937627939765e-02,-6.188556772756203216e-04
2.846467762323452722e-03,4.143190884925464917e-02,-9.991372751280903630e-01,1.847927206576103765e-01
0.000000000000000000e+00,0.000000000000000000e+00,0.000000000000000000e+00,1.000000000000000000e+00
9.999798523685663465e-01,-5.786121069996819077e-03,2.610681884803080308e-03,7.150454677835764716e-01
-5.672831490100893603e-03,-9.991226518277593893e-01,-4.149392229653733888e-02,-8.225146049808469868e-04
2.848480265899872022e-03,4.147827633387743407e-02,-9.991353455626246216e-01,1.847938811556916194e-01
0.000000000000000000e+00,0.000000000000000000e+00,0.000000000000000000e+00,1.000000000000000000e+00
9.999784704152638870e-01,-6.037721311833887938e-03,2.569946946945255752e-03,7.150361146705707105e-01
-5.925898231301796049e-03,-9.991210734972427732e-01,-4.149655677125101833e-02,-1.007073163397437764e-03
2.818232797648648896e-03,4.148043412354833481e-02,-9.991353417574719842e-01,1.847810524598484661e-01
0.000000000000000000e+00,0.000000000000000000e+00,0.000000000000000000e+00,1.000000000000000000e+00
9.999774579881406389e-01,-6.212282282711478754e-03,2.547756741980125323e-03,7.150325643015420507e-01
-6.101230571039839568e-03,-9.991200268114830418e-01,-4.149634935438116512e-02,-1.131145010207001110e-03
2.803301820247711129e-03,4.147986949186017319e-02,-9.991354072025687705e-01,1.847794663137489746e-01
0.000000000000000000e+00,0.000000000000000000e+00,0.000000000000000000e+00,1.000000000000000000e+00
9.999767533888117566e-01,-6.324323574291523808e-03,2.548649308714953828e-03,7.150332435506598916e-01
-6.213156108100914565e-03,-9.991195931896303950e-01,-4.149018192010908712e-02,-1.209104020163923824e-03
2.808802796125230844e-03,4.147338225796202982e-02,-9.991356610545624184e-01,1.847833549969659650e-01
0.000000000000000000e+00,0.000000000000000000e+00,0.000000000000000000e+00,1.000000000000000000e+00
9.999767329335647048e-01,-6.343730152766235975e-03,2.508122657088025266e-03,7.150250122641638173e-01
-6.234238994013541202e-03,-9.991196439043620314e-01,-4.148579791430333924e-02,-1.220034393794172233e-03
2.769089323158793747e-03,4.146919642541656986e-02,-9.991359456511165194e-01,1.847730127023297086e-01
0.000000000000000000e+00,0.000000000000000000e+00,0.000000000000000000e+00,1.000000000000000000e+00
9.999770299275658747e-01,-6.321544116354715914e-03,2.444932970276540891e-03,7.150140979857058099e-01
-6.214723210628159134e-03,-9.991202374564731592e-01,-4.147442971682672314e-02,-1.206208867704709579e-03
2.704964446983388476e-03,4.145828246449316523e-02,-9.991365742391951077e-01,1.847580720221591866e-01
0.000000000000000000e+00,0.000000000000000000e+00,0.000000000000000000e+00,1.000000000000000000e+00
9.999776912267381856e-01,-6.261685574617259498e-03,2.325584358165428637e-03,7.149912223518679610e-01
-6.159915913752089800e-03,-9.991214095496684378e-01,-4.145436545672230577e-02,-1.160967472280287523e-03
2.583115324141998376e-03,4.143911525658598716e-02,-9.991376918332995904e-01,1.847291404995031472e-01
0.000000000000000000e+00,0.000000000000000000e+00,0.000000000000000000e+00,1.000000000000000000e+00
9.999781017493680757e-01,-6.212551815785449794e-03,2.280399453336701306e-03,7.149824218991172042e-01
-6.112697502421216011e-03,-9.991217130964364923e-01,-4.145403898881010185e-02,-1.127081881059053235e-03
2.535931973553579716e-03,4.143919182583168104e-02,-9.991378095287192229e-01,1.847200022646603990e-01
0.000000000000000000e+00,0.000000000000000000e+00,0.000000000000000000e+00,1.000000000000000000e+00
9.999782288285672394e-01,-6.199345376882881009e-03,2.260527765824613816e-03,7.149782581593057129e-01
-6.100333762498189039e-03,-9.991219191031341929e-01,-4.145089499222005119e-02,-1.114845328213066259e-03
2.515511253814325249e-03,4.143620258382822719e-02,-9.991379851244591714e-01,1.847144854019542870e-01
0.000000000000000000e+00,0.000000000000000000e+00,0.000000000000000000e+00,1.000000000000000000e+00
9.999781640280660522e-01,-6.213351689909940578e-03,2.250717182496093927e-03,7.149753258944955281e-01
-6.114713999054499638e-03,-9.991214904965161070e-01,-4.145910636675249894e-02,-1.127543674183872739e-03
2.506339914667688601e-03,4.144443857500575840e-02,-9.991376665762504716e-01,1.847108205562384420e-01
0.000000000000000000e+00,0.000000000000000000e+00,0.000000000000000000e+00,1.000000000000000000e+00
9.999781959718384572e-01,-6.219200366594457297e-03,2.220163892008945265e-03,7.149680709065712181e-01
-6.121847462227381076e-03,-9.991218406583829426e-01,-4.144961402780367177e-02,-1.123998850327551612e-03
2.475997689103948129e-03,4.143511875456411947e-02,-9.991381287736138539e-01,1.847008255217878481e-01
0.000000000000000000e+00,0.000000000000000000e+00,0.000000000000000000e+00,1.000000000000000000e+00
9.999783562592752251e-01,-6.207521762674028665e-03,2.180295063507818425e-03,7.149598566544704825e-01
-6.111827958509175041e-03,-9.991218528915557506e-01,-4.145079774322821958e-02,-1.120780343233663753e-03
2.435687172773381287e-03,4.143657500458208798e-02,-9.991381674622815678e-01,1.846904914916355223e-01
0.000000000000000000e+00,0.000000000000000000e+00,0.000000000000000000e+00,1.000000000000000000e+00
9.999778301368248412e-01,-6.277871105435206545e-03,2.219812882136373757e-03,7.149660773329286068e-01
-6.180453378182071411e-03,-9.991209926494147853e-01,-4.146135602326728870e-02,-1.174525943032469003e-03
2.478150699266646467e-03,4.144671738065085209e-02,-9.991376423633934190e-01,1.847208880560068933e-01
0.000000000000000000e+00,0.000000000000000000e+00,0.000000000000000000e+00,1.000000000000000000e+00
9.999769320965794517e-01,-6.428453861335448050e-03,2.193229505827989836e-03,7.149597172577313309e-01
-6.332008990561910355e-03,-9.991200451870786425e-01,-4.146131893118328721e-02,-1.277936337502174995e-03
2.457831738747796174e-03,4.144647495653325242e-02,-9.991377026100165537e-01,1.847118187585490567e-01
0.000000000000000000e+00,0.000000000000000000e+00,0.000000000000000000e+00,1.000000000000000000e+00
9.999769750025498949e-01,-6.481483915168728682e-03,2.009933085190859781e-03,7.149196246571929425e-01
-6.392538271841163855e-03,-9.991187045329551486e-01,-4.148433085916232443e-02,-1.325638811989675661e-03
2.277041763469107860e-03,4.147052710837917378e-02,-9.991371329613171204e-01,1.846208966727795608e-01
0.000000000000000000e+00,0.000000000000000000e+00,0.000000000000000000e+00,1.000000000000000000e+00
9.999767461362387699e-01,-6.523453419756686245e-03,1.987898956334209835e-03,7.149098690680919521e-01
-6.435367117804957626e-03,-9.991180911877279858e-01,-4.149248017954901974e-02,-1.353704963178021994e-03
2.256820072448095793e-03,4.147872245949073278e-02,-9.991368386493859610e-01,1.846113500684434805e-01
0.000000000000000000e+00,0.000000000000000000e+00,0.000000000000000000e+00,1.000000000000000000e+00
9.999773099123041575e-01,-6.430092010199672803e-03,2.008376780265545836e-03,7.149127998316541222e-01
-6.341337853144723979e-03,-9.991205418425317397e-01,-4.144792277687800452e-02,-1.271513029131969563e-03
2.273124454010011508e-03,4.143424652417533605e-02,-9.991386470956822308e-01,1.846289903453558201e-01
0.000000000000000000e+00,0.000000000000000000e+00,0.000000000000000000e+00,1.000000000000000000e+00
9.999778740429221546e-01,-6.374682382228824551e-03,1.901275656818771694e-03,7.148896926527863460e-01
-6.290438732354020068e-03,-9.991213483521410588e-01,-4.143623592405272504e-02,-1.233352096814262829e-03
2.163747940960719651e-03,4.142335924964270222e-02,-9.991393413850357952e-01,1.845777278727447901e-01
0.000000000000000000e+00,0.000000000000000000e+00,0.000000000000000000e+00,1.000000000000000000e+00
9.999774821808297132e-01,-6.435957549443371839e-03,1.900942321644269245e-03,7.148899369720292940e-01
-6.351625629067436662e-03,-9.991200122388379512e-01,-4.145911233652507105e-02,-1.278511226144848911e-03
2.166098602701924808e-03,4.144610469376099060e-02,-9.991383930279914560e-01,1.845792947008882412e-01
0.000000000000000000e+00,0.000000000000000000e+00,0.000000000000000000e+00,1.000000000000000000e+00
9.999773081862808333e-01,-6.453422959560528582e-03,1.932988521686405297e-03,7.148948165757592621e-01
-6.367736215449504300e-03,-9.991196898982983576e-01,-4.146440875037959994e-02,-1.299466883327229927e-03
2.198874259798404979e-03,4.145115908672669658e-02,-9.991381117555051539e-01,1.846029629461512500e-01
0.000000000000000000e+00,0.000000000000000000e+00,0.000000000000000000e+00,1.000000000000000000e+00
9.999775092406579802e-01,-6.443791904888473976e-03,1.859720069226379006e-03,7.148768999712648009e-01
-6.361174088864496312e-03,-9.991201916019094575e-01,-4.145332553094950578e-02,-1.285784820563687630e-03
2.125200475378372783e-03,4.144056321106418667e-02,-9.991387107122258193e-01,1.845769132946583624e-01
0.000000000000000000e+00,0.000000000000000000e+00,0.000000000000000000e+00,1.000000000000000000e+00
9.999776363989298922e-01,-6.438275523341918660e-03,1.809781836343095579e-03,7.148651886526915522e-01
-6.357737381665395926e-03,-9.991203225480580485e-01,-4.145069657858647255e-02,-1.279422126561278929e-03
2.075060817276194736e-03,4.143826347411051075e-02,-9.991389114847116781e-01,1.845558246795205304e-01
0.000000000000000000e+00,0.000000000000000000e+00,0.000000000000000000e+00,1.000000000000000000e+00
9.999774322988228548e-01,-6.463451709296630376e-03,1.832671562181117323e-03,7.148683146388375986e-01
-6.381922679795315467e-03,-9.991197576988313234e-01,-4.146059380589898341e-02,-1.302292724382364021e-03
2.099036913051216535e-03,4.144796216740005701e-02,-9.991384591117525860e-01,1.845668137901940731e-01
0.000000000000000000e+00,0.000000000000000000e+00,0.000000000000000000e+00,1.000000000000000000e+00
9.999775757313218438e-01,-6.444941474899046341e-03,1.819550464677263755e-03,7.148647333557016648e-01
-6.363989389922442008e-03,-9.991202145104698396e-01,-4.145234125592400093e-02,-1.290504371214151909e-03
2.085107563973162548e-03,4.143983211763471036e-02,-9.991388255095029480e-01,1.845598287836928697e-01
0.000000000000000000e+00,0.000000000000000000e+00,0.000000000000000000e+00,1.000000000000000000e+00
9.999777330068950754e-01,-6.431684722913111329e-03,1.779584787462860614e-03,7.148559977211996763e-01
-6.352417579682023696e-03,-9.991206407354042973e-01,-4.144384209226442684e-02,-1.274520741111820690e-03
2.044573619136565851e-03,4.143161459682993819e-02,-9.991392500700867485e-01,1.845426194725088564e-01
0.000000000000000000e+00,0.000000000000000000e+00,0.000000000000000000e+00,1.000000000000000000e+00
9.999774890541320849e-01,-6.463904422333244248e-03,1.799812382403129154e-03,7.148607048196304881e-01
-6.383742245090584522e-03,-9.991198521406374766e-01,-4.145803774202296010e-02,-1.297847999467829656e-03
2.066209074889399644e-03,4.144561494404077479e-02,-9.991386249074595272e-01,1.845551207262951243e-01
0.000000000000000000e+00,0.000000000000000000e+00,0.000000000000000000e+00,1.000000000000000000e+00
9.999774768350653265e-01,-6.471426345621145160e-03,1.779455992548434817e-03,7.148561592085321825e-01
-6.392101523666593454e-03,-9.991198011123604283e-01,-4.145797948897784330e-02,-1.302975173127899657e-03
2.046181978064370161e-03,4.144567126070669572e-02,-9.991386637864945186e-01,1.845436451628535701e-01
0.000000000000000000e+00,0.000000000000000000e+00,0.000000000000000000e+00,1.000000000000000000e+00
9.999776481582971499e-01,-6.444265876969890172e-03,1.781746645164040748e-03,7.148563944408486970e-01
-6.364882308310892967e-03,-9.991202360089224133e-01,-4.145168598111410169e-02,-1.286746983794601409e-03
2.047304814135349205e-03,4.143941885189106333e-02,-9.991389208254353171e-01,1.845446352488225861e-01
0.000000000000000000e+00,0.000000000000000000e+00,0.000000000000000000e+00,1.000000000000000000e+00
9.999777141793260160e-01,-6.432259325481637369e-03,1.788067297256764080e-03,7.148572915329182154e-01
-6.352627071499139522e-03,-9.991203734644211742e-01,-4.145025280509106319e-02,-1.280916158958970551e-03
2.053113240963813646e-03,4.143797012747196806e-02,-9.991389689916685413e-01,1.845489006998833892e-01
0.000000000000000000e+00,0.000000000000000000e+00,0.000000000000000000e+00,1.000000000000000000e+00
9.999775793773637567e-01,-6.455436139601422596e-03,1.779912030215235943e-03,7.148561734980102278e-01
-6.376106171593842742e-03,-9.991199041306232376e-01,-4.145795991245371237e-02,-1.295111755297937740e-03
2.045974749682488714e-03,4.144568149109850719e-02,-9.991386637864945186e-01,1.845436451628535701e-01
0.000000000000000000e+00,0.000000000000000000e+00,0.000000000000000000e+00,1.000000000000000000e+00
9.999775552921512656e-01,-6.456967507593447397e-03,1.787870951199293157e-03,7.148573552174604107e-01
-6.377308479946941500e-03,-9.991199392011489433e-01,-4.145692978555017005e-02,-1.294985656993684949e-03
2.053983564651619409e-03,4.144459749229470469e-02,-9.991386923196488024e-01,1.845493333870765751e-01
0.000000000000000000e+00,0.000000000000000000e+00,0.000000000000000000e+00,1.000000000000000000e+00
9.999776236343879132e-01,-6.449167115024634356e-03,1.777772214018488424e-03,7.148542875878053371e-01
-6.369939140953906342e-03,-9.991201043504995827e-01,-4.145408252497283924e-02,-1.293621685119192288e-03
2.043552265785113231e-03,4.144183063245637094e-02,-9.991388284757868332e-01,1.845449133255485930e-01
0.000000000000000000e+00,0.000000000000000000e+00,0.000000000000000000e+00,1.000000000000000000e+00
9.999776646201784525e-01,-6.446293589670859525e-03,1.765094821686355063e-03,7.148523753289831584e-01
-6.367587808835506458e-03,-9.991200040455636699e-01,-4.145686121126268553e-02,-1.288852693758596631e-03
2.030784644058286625e-03,4.144469586025332358e-02,-9.991387356612597692e-01,1.845356712493832763e-01
0.000000000000000000e+00,0.000000000000000000e+00,0.000000000000000000e+00,1.000000000000000000e+00
9.999776433815452670e-01,-6.445895640127596860e-03,1.778529304698154775e-03,7.148543809166220120e-01
-6.366625519365565200e-03,-9.991198501216139727e-01,-4.146071842672022917e-02,-1.291249501747065292e-03
2.044215396490235009e-03,4.144846827519928223e-02,-9.991385517840118968e-01,1.845453460309753602e-01
0.000000000000000000e+00,0.000000000000000000e+00,0.000000000000000000e+00,1.000000000000000000e+00
9.999776372583770723e-01,-6.448012510033684919e-03,1.774293612740965960e-03,7.148537122805085353e-01
-6.368928904272208591e-03,-9.991200949002585485e-01,-4.145446551471321239e-02,-1.285103510136858217e-03
2.040031314978502791e-03,4.144223812933696405e-02,-9.991388187689762557e-01,1.845420691003805402e-01
0.000000000000000000e+00,0.000000000000000000e+00,0.000000000000000000e+00,1.000000000000000000e+00
9.999777535289362529e-01,-6.433670373678257448e-03,1.760776176736571046e-03,7.148501235396945708e-01
-6.355152066946534450e-03,-9.991200353732583306e-01,-4.145801439945537292e-02,-1.281690447920717270e-03
2.025953954978801375e-03,4.144590210457869267e-02,-9.991386954318753899e-01,1.845351305269083420e-01
0.000000000000000000e+00,0.000000000000000000e+00,0.000000000000000000e+00,1.000000000000000000e+00
9.999778655694063767e-01,-6.414793990924150258e-03,1.766009430333385704e-03,7.148508177285346488e-01
-6.336084953735554581e-03,-9.991203601694288450e-01,-4.145310509925369952e-02,-1.268756401383606697e-03
2.030369107593292533e-03,4.144099797259633011e-02,-9.991388898888492465e-01,1.845383619488784044e-01
0.000000000000000000e+00,0.000000000000000000e+00,0.000000000000000000e+00,1.000000000000000000e+00
9.999778060299544524e-01,-6.424289675863947835e-03,1.765205279725951546e-03,7.148522614552046406e-01
-6.345602575416386948e-03,-9.991202334911789551e-01,-4.145470246530723324e-02,-1.270936788973864393e-03
2.029969328303547066e-03,4.144258112971330177e-02,-9.991388250357571277e-01,1.845349577243987904e-01
0.000000000000000000e+00,0.000000000000000000e+00,0.000000000000000000e+00,1.000000000000000000e+00
9.999778260867160373e-01,-6.426620713767261517e-03,1.745245279864235171e-03,7.148462209297126169e-01
-6.348749177958912249e-03,-9.991200148000212167e-01,-4.145949119177302217e-02,-1.276382163108540514e-03
2.010153914722988960e-03,4.144749174807468850e-02,-9.991386614024264645e-01,1.845266610615522163e-01
0.000000000000000000e+00,0.000000000000000000e+00,0.000000000000000000e+00,1.000000000000000000e+00
9.999778035339776938e-01,-6.426004301328003265e-03,1.760371574609307342e-03,7.148500114675123696e-01
-6.347506217145248986e-03,-9.991200200634776651e-01,-4.145955466691876590e-02,-1.274315895778204040e-03
2.025241759563672916e-03,4.144746044180799144e-02,-9.991386322321542668e-01,1.845345274258072266e-01
0.000000000000000000e+00,0.000000000000000000e+00,0.000000000000000000e+00,1.000000000000000000e+00
9.999777991004972222e-01,-6.427312033063348196e-03,1.758114374941423252e-03,7.148497078508236902e-01
-6.348904605964378334e-03,-9.991199747667030007e-01,-4.146043213097635322e-02,-1.278652925566358279e-03
2.023046324259755030e-03,4.144834957163642808e-02,-9.991385997955225529e-01,1.845331060634401721e-01
0.000000000000000000e+00,0.000000000000000000e+00,0.000000000000000000e+00,1.000000000000000000e+00
9.999778116103656966e-01,-6.430699225785652118e-03,1.738503497656874877e-03,7.148452110621535960e-01
-6.353099285310470634e-03,-9.991198974003013822e-01,-4.146165395015660726e-02,-1.275531421124821100e-03
2.003600862165950958e-03,4.144968909749541242e-02,-9.991385834093816642e-01,1.845217916812444403e-01
0.000000000000000000e+00,0.000000000000000000e+00,0.000000000000000000e+00,1.000000000000000000e+00
9.999777878641971096e-01,-6.428413421013523532e-03,1.760476956786817928e-03,7.148500583807784192e-01
-6.349901490926179726e-03,-9.991198531257117210e-01,-4.146321069468864029e-02,-1.279432011530037393e-03
2.025470138604056752e-03,4.145111085296922238e-02,-9.991384803318169583e-01,1.845347973109233153e-01
0.000000000000000000e+00,0.000000000000000000e+00,0.000000000000000000e+00,1.000000000000000000e+00
9.999778577425633141e-01,-6.423060456796580997e-03,1.740206585981666837e-03,7.148454716038282752e-01
-6.345399785875449616e-03,-9.991200147519043728e-01,-4.146000510989136800e-02,-1.275882839152208976e-03
2.004975349217306968e-03,4.144804478528685276e-02,-9.991386488657746368e-01,1.845230526702179852e-01
0.000000000000000000e+00,0.000000000000000000e+00,0.000000000000000000e+00,1.000000000000000000e+00
9.999778784786292896e-01,-6.419515153053612089e-03,1.741372613494790054e-03,7.148456244245325886e-01
-6.341812521204470698e-03,-9.991201062996397653e-01,-4.145834779320536900e-02,-1.273681546069908941e-03
2.005982882581334309e-03,4.144638721283435551e-02,-9.991387156044342355e-01,1.845237619883188795e-01
0.000000000000000000e+00,0.000000000000000000e+00,0.000000000000000000e+00,1.000000000000000000e+00
9.999778160126994164e-01,-6.429494753300679655e-03,1.740425146070277273e-03,7.148454957925717279e-01
-6.351816731375636849e-03,-9.991199166611040017e-01,-4.146138631691039661e-02,-1.274924943893844791e-03
2.005469192685856161e-03,4.144941167648038410e-02,-9.991385911699091071e-01,1.845231605400867725e-01
0.000000000000000000e+00,0.000000000000000000e+00,0.000000000000000000e+00,1.000000000000000000e+00
9.999778145664752760e-01,-6.431263612214799252e-03,1.734711274537444102e-03,7.148446607934174635e-01
-6.353813719420287054e-03,-9.991197548712329457e-01,-4.146497892518966749e-02,-1.277968775064933660e-03
1.999856513531066138e-03,4.145303697436075047e-02,-9.991384520173005601e-01,1.845191634068454323e-01
0.000000000000000000e+00,0.000000000000000000e+00,0.000000000000000000e+00,1.000000000000000000e+00
9.999778781445052278e-01,-6.419783658982103347e-03,1.740574441109813764e-03,7.148455090425309688e-01
-6.342107655841644487e-03,-9.991199757677433624e-01,-4.146144826638248349e-02,-1.274071681673071173e-03
2.005216221481958411e-03,4.144949215172681611e-02,-9.991385883391097344e-01,1.845232137756092072e-01
0.000000000000000000e+00,0.000000000000000000e+00,0.000000000000000000e+00,1.000000000000000000e+00
9.999778967289345566e-01,-6.418545907925177207e-03,1.734451499575624493e-03,7.148445828005103309e-01
-6.341131015640655288e-03,-9.991201116999790521e-01,-4.145832189155312236e-02,-1.271762713073501787e-03
1.999027518320713181e-03,4.144640714282735866e-02,-9.991387287178551402e-01,1.845187306827973384e-01
0.000000000000000000e+00,0.000000000000000000e+00,0.000000000000000000e+00,1.000000000000000000e+00
9.999778869947031357e-01,-6.423277144620820334e-03,1.722507571072097021e-03,7.148412764687921417e-01
-6.346346536915847825e-03,-9.991199389723945945e-01,-4.146168633126611630e-02,-1.275468184478905764e-03
1.987311561478279087e-03,4.144983785881817262e-02,-9.991386097705539093e-01,1.845132143643697376e-01
0.000000000000000000e+00,0.000000000000000000e+00,0.000000000000000000e+00,1.000000000000000000e+00
9.999777510446534734e-01,-6.438725187523808291e-03,1.743626575955818051e-03,7.148459978257799552e-01
-6.360902794590062026e-03,-9.991197813744501222e-01,-4.146325339272282501e-02,-1.280530676474127359e-03
2.009062297344096221e-03,4.145123983948988122e-02,-9.991385081080874642e-01,1.845256150781379723e-01
0.000000000000000000e+00,0.000000000000000000e+00,0.000000000000000000e+00,1.000000000000000000e+00
9.999778458816765969e-01,-6.425709609185925597e-03,1.737239724481937347e-03,7.148450462034795505e-01
-6.348169200273590107e-03,-9.991199881216714651e-01,-4.146022290769558333e-02,-1.279219341705425516e-03
2.002122285625858311e-03,4.144827610129914186e-02,-9.991386449910660827e-01,1.845210257514449115e-01
0.000000000000000000e+00,0.000000000000000000e+00,0.000000000000000000e+00,1.000000000000000000e+00
9.999778071094527210e-01,-6.433554136731134410e-03,1.730511409939020128e-03,7.148444562751727904e-01
-6.356284203313633530e-03,-9.991199017729905929e-01,-4.146106043333589591e-02,-1.278796567405393082e-03
1.995730366779340653e-03,4.144914067022109627e-02,-9.991386219128972623e-01,1.845224375432212849e-01
0.000000000000000000e+00,0.000000000000000000e+00,0.000000000000000000e+00,1.000000000000000000e+00
9.999777616595095786e-01,-6.438775669244500843e-03,1.737341163428079765e-03,7.148450931505926365e-01
-6.361209561003333679e-03,-9.991196922347496123e-01,-4.146535423290750866e-02,-1.283660347872396957e-03
2.002797882462648699e-03,4.145338052102201520e-02,-9.991384318721912017e-01,1.845212972875341917e-01
0.000000000000000000e+00,0.000000000000000000e+00,0.000000000000000000e+00,1.000000000000000000e+00
9.999778825952704286e-01,-6.422154126592360956e-03,1.729235858357184349e-03,7.148422597623003139e-01
-6.344954293153459712e-03,-9.991201286706101747e-01,-4.145732794381751934e-02,-1.272391433648358862e-03
1.993959703035529107e-03,4.144543909283302657e-02,-9.991387790007477676e-01,1.845179217919175607e-01
0.000000000000000000e+00,0.000000000000000000e+00,0.000000000000000000e+00,1.000000000000000000e+00
9.999777837134116165e-01,-6.436166903035500653e-03,1.734311162807008425e-03,7.148445960625011697e-01
-6.358738146030606941e-03,-9.991199051291850264e-01,-4.146060327393459588e-02,-1.276547424357460467e-03
1.999632167019833179e-03,4.144865414274213899e-02,-9.991386342950371313e-01,1.845188395406278103e-01
0.000000000000000000e+00,0.000000000000000000e+00,0.000000000000000000e+00,1.000000000000000000e+00
9.999778607846436795e-01,-6.423368602026857666e-03,1.737318730159050474e-03,7.148450488170179362e-01
-6.345823977253972625e-03,-9.991199419387120084e-01,-4.146169483311590298e-02,-1.277114551824391937e-03
2.002113537583557340e-03,4.144975218487099988e-02,-9.991385837736399544e-01,1.845210273986192251e-01
0.000000000000000000e+00,0.000000000000000000e+00,0.000000000000000000e+00,1.000000000000000000e+00
9.999778395780976048e-01,-6.426962606314645665e-03,1.736232812024291004e-03,7.148448807996093946e-01
-6.349462631612734498e-03,-9.991199752243804522e-01,-4.146033564653031633e-02,-1.275940947341670101e-03
2.001168910979039817e-03,4.144839272264045499e-02,-9.991386420631019893e-01,1.845202083991346609e-01
0.000000000000000000e+00,0.000000000000000000e+00,0.000000000000000000e+00,1.000000000000000000e+00
9.999777944982172206e-01,-6.434262269986557037e-03,1.735159797347235553e-03,7.148447304714050654e-01
-6.356803252475284882e-03,-9.991199854316972218e-01,-4.145896481310917120e-02,-1.278060760314856346e-03
2.000390684497130311e-03,4.144701412654878958e-02,-9.991387008104044565e-01,1.845194957051971285e-01
0.000000000000000000e+00,0.000000000000000000e+00,0.000000000000000000e+00,1.000000000000000000e+00
9.999777945636554310e-01,-6.432303763685920384e-03,1.742368473983216389e-03,7.148473754730543250e-01
-6.354538383366248322e-03,-9.991198085102195314e-01,-4.146357539379192519e-02,-1.280658344879138759e-03
2.007541168141873528e-03,4.145158272966202595e-02,-9.991384969400710636e-01,1.845218904475387778e-01
0.000000000000000000e+00,0.000000000000000000e+00,0.000000000000000000e+00,1.000000000000000000e+00
9.999778734576789674e-01,-6.421351888935056262e-03,1.737479489392609010e-03,7.148450361083289462e-01
-6.343808234652636990e-03,-9.991200769934207582e-01,-4.145874872379614468e-02,-1.272311952938528796e-03
2.002171855647032900e-03,4.144680914834562857e-02,-9.991387057457443710e-01,1.845209177989770577e-01
0.000000000000000000e+00,0.000000000000000000e+00,0.000000000000000000e+00,1.000000000000000000e+00
9.999778265062940763e-01,-6.431485936072289800e-03,1.726987088063028364e-03,7.148419649387841579e-01
-6.354371032998351598e-03,-9.991200632758588940e-01,-4.145746167360687962e-02,-1.278712674366772918e-03
1.992100530401101632e-03,4.144556850011463234e-02,-9.991387773413555884e-01,1.845165527723240939e-01
0.000000000000000000e+00,0.000000000000000000e+00,0.000000000000000000e+00,1.000000000000000000e+00
9.999777816098760486e-01,-6.435133158009920251e-03,1.739352704260146510e-03,7.148453543987304259e-01
-6.357493072777775645e-03,-9.991198458463650400e-01,-4.146222277887322283e-02,-1.277678818308953124e-03
2.004636730362045760e-03,4.145024363226367664e-02,-9.991385583263239223e-01,1.845225034695966992e-01
0.000000000000000000e+00,0.000000000000000000e+00,0.000000000000000000e+00,1.000000000000000000e+00
9.999778334362880994e-01,-6.433754328230290032e-03,1.714479895322902712e-03,7.148405033855339541e-01
-6.357147167905474738e-03,-9.991198638044875846e-01,-4.146184307514871187e-02,-1.275459789353244715e-03
1.979726231851851315e-03,4.145002480755159702e-02,-9.991386170734771754e-01,1.845137547519652976e-01
0.000000000000000000e+00,0.000000000000000000e+00,0.000000000000000000e+00,1.000000000000000000e+00
9.999778551396552029e-01,-6.429040725403234458e-03,1.719495753389200122e-03,7.148428029101712156e-01
-6.352229006784670950e-03,-9.991198805774819114e-01,-4.146219267578557521e-02,-1.275093984884647074e-03
1.984544517056933272e-03,4.145035187051746006e-02,-9.991385939462402721e-01,1.845144565823812477e-01
0.000000000000000000e+00,0.000000000000000000e+00,0.000000000000000000e+00,1.000000000000000000e+00
9.999778111351615983e-01,-6.430364852026082545e-03,1.740012988612503692e-03,7.148454480856399895e-01
-6.352710341398948302e-03,-9.991200593216559289e-01,-4.145781147635999031e-02,-1.276818874250022079e-03
2.005070734162603396e-03,4.144583777607774300e-02,-9.991387402269966689e-01,1.845229438961969448e-01
0.000000000000000000e+00,0.000000000000000000e+00,0.000000000000000000e+00,1.000000000000000000e+00
9.999778140713624364e-01,-6.433611117721560468e-03,1.726271428655732579e-03,7.148438399911303254e-01
-6.356515882438518172e-03,-9.991198795373065211e-01,-4.146156074238368378e-02,-1.279854301943153614e-03
1.991499659997588573e-03,4.144966780740221013e-02,-9.991386084862101669e-01,1.845194871343820431e-01
0.000000000000000000e+00,0.000000000000000000e+00,0.000000000000000000e+00,1.000000000000000000e+00
9.999778551343152522e-01,-6.429103725469398345e-03,1.719263290439214950e-03,7.148407990098886167e-01
-6.352306331686430330e-03,-9.991199791939369135e-01,-4.145980438660774869e-02,-1.275874837048156241e-03
1.984299685811600350e-03,4.144796497772260113e-02,-9.991386934524968400e-01,1.845109193060724684e-01
0.000000000000000000e+00,0.000000000000000000e+00,0.000000000000000000e+00,1.000000000000000000e+00
9.999777799358098296e-01,-6.436001068628016686e-03,1.737102441949804361e-03,7.148450246859908708e-01
-6.358457487283197818e-03,-9.991199220000845926e-01,-4.146023975964635566e-02,-1.278070458450362816e-03
2.002411803705764215e-03,4.144827321842935869e-02,-9.991386445304669683e-01,1.845209194460936120e-01
0.000000000000000000e+00,0.000000000000000000e+00,0.000000000000000000e+00,1.000000000000000000e+00
9.999778636384717423e-01,-6.429624934487510046e-03,1.712354005378682442e-03,7.148401774788559759e-01
-6.353113370530405479e-03,-9.991199719667666068e-01,-4.145985489155407794e-02,-1.273706894272846196e-03
1.977418402642133061e-03,4.144805834209065731e-02,-9.991387032219959385e-01,1.845121707386002674e-01
0.000000000000000000e+00,0.000000000000000000e+00,0.000000000000000000e+00,1.000000000000000000e+00
9.999778583939532561e-01,-6.427455067588405679e-03,1.723526384211284714e-03,7.148429756080260100e-01
-6.350480215017439978e-03,-9.991199454309587225e-01,-4.146089776014646316e-02,-1.274546305496211760e-03
1.988497644357364869e-03,4.144903452907894303e-02,-9.991386407369727829e-01,1.845110171317066727e-01
0.000000000000000000e+00,0.000000000000000000e+00,0.000000000000000000e+00,1.000000000000000000e+00
9.999778863055071021e-01,-6.421584352348297386e-03,1.729206285013168941e-03,7.148437921991657173e-01
-6.344387578597565636e-03,-9.991201602405221927e-01,-4.145665383513021801e-02,-1.268906012330123668e-03
1.993902260139603089e-03,4.144476632047715964e-02,-9.991388070225368789e-01,1.845149072250252820e-01
0.000000000000000000e+00,0.000000000000000000e+00,0.000000000000000000e+00,1.000000000000000000e+00
9.999778706183019006e-01,-6.427406548313197021e-03,1.716600929110792626e-03,7.148403742946003447e-01
-6.350720542507348743e-03,-9.991199805314057159e-01,-4.146001509303299387e-02,-1.272203325351696501e-03
1.981570659375490179e-03,4.144819595575000015e-02,-9.991386892867956115e-01,1.845088392485452200e-01
0.000000000000000000e+00,0.000000000000000000e+00,0.000000000000000000e+00,1.000000000000000000e+00
9.999778624571844521e-01,-6.428721613705445925e-03,1.716430591134387442e-03,7.148403603217281521e-01
-6.352042977682492708e-03,-9.991200022088582156e-01,-4.145929010705826784e-02,-1.273753531241264385e-03
1.981450370405795497e-03,4.144746945936531035e-02,-9.991387196630130418e-01,1.845087852723162891e-01
0.000000000000000000e+00,0.000000000000000000e+00,0.000000000000000000e+00,1.000000000000000000e+00
9.999778800945402502e-01,-6.425473413454840799e-03,1.718316921512509209e-03,7.148406525644582787e-01
-6.348721237219412394e-03,-9.991200621454757735e-01,-4.145835449065779499e-02,-1.275848129500874433e-03
1.983194463952515918e-03,4.144652832064407016e-02,-9.991387552436770125e-01,1.845102065338349584e-01
0.000000000000000000e+00,0.000000000000000000e+00,0.000000000000000000e+00,1.000000000000000000e+00
9.999778815283835165e-01,-6.425711992778970760e-03,1.716589465187000818e-03,7.148404002600077245e-01
-6.349021950458222374e-03,-9.991198665013905078e-01,-4.146302307497728989e-02,-1.276152651850896626e-03
1.981508081925202613e-03,4.145120731208386949e-02,-9.991385644834716029e-01,1.845090020858345947e-01
0.000000000000000000e+00,0.000000000000000000e+00,0.000000000000000000e+00,1.000000000000000000e+00
9.999779042604814983e-01,-6.424325496504568189e-03,1.708517699704851893e-03,7.148391796791796482e-01
-6.347976862572102252e-03,-9.991199914949652205e-01,-4.146017106637089195e-02,-1.273160886477229473e-03
1.973367823669247567e-03,4.144840934240360403e-02,-9.991386966694948413e-01,1.845030970203226928e-01
0.000000000000000000e+00,0.000000000000000000e+00,0.000000000000000000e+00,1.000000000000000000e+00
9.999778847620730549e-01,-6.426007898542140939e-03,1.713595418508623205e-03,7.148399653383785690e-01
-6.349441265175337357e-03,-9.991198545224748706e-01,-4.146324751643321732e-02,-1.278199864048023496e-03
1.978530361290517514e-03,4.145145017338708326e-02,-9.991385603088954737e-01,1.845069220320595393e-01
0.000000000000000000e+00,0.000000000000000000e+00,0.000000000000000000e+00,1.000000000000000000e+00
9.999778632371303377e-01,-6.432588249138837533e-03,1.701424144689340145e-03,7.148386050794762747e-01
-6.356514880558050695e-03,-9.991196913054767315e-01,-4.146609656360513568e-02,-1.281746972384925024e-03
1.966660691714229581e-03,4.145436351056453611e-02,-9.991384628727180139e-01,1.845046739721296070e-01
0.000000000000000000e+00,0.000000000000000000e+00,0.000000000000000000e+00,1.000000000000000000e+00
9.999779303194693547e-01,-6.422179412629513973e-03,1.701318777545887543e-03,7.148385581698554203e-01
-6.346126538576080112e-03,-9.991199090597833177e-01,-4.146244081487616973e-02,-1.276630881323792110e-03
1.966100696102052875e-03,4.145072896780860328e-02,-9.991386147657843608e-01,1.845044040833841714e-01
0.000000000000000000e+00,0.000000000000000000e+00,0.000000000000000000e+00,1.000000000000000000e+00
9.999779026446109498e-01,-6.423778240348176904e-03,1.711518508067332543e-03,7.148396235425210632e-01
-6.347304839212364325e-03,-9.991199777734929288e-01,-4.146060461658891000e-02,-1.272420840824893887e-03
1.976346063506911888e-03,4.144882491716542217e-02,-9.991386735429790278e-01,1.845052309681792235e-01
0.000000000000000000e+00,0.000000000000000000e+00,0.000000000000000000e+00,1.000000000000000000e+00
9.999779117764060477e-01,-6.423981783098164922e-03,1.705408264620513707e-03,7.148387586625178924e-01
-6.347758986693152750e-03,-9.991199226144817924e-01,-4.146186429333290069e-02,-1.279970922610664582e-03
1.970257634287535253e-03,4.145012295376604428e-02,-9.991386317183278409e-01,1.845011249230411043e-01
0.000000000000000000e+00,0.000000000000000000e+00,0.000000000000000000e+00,1.000000000000000000e+00
9.999778983422514811e-01,-6.425288127730466314e-03,1.708361639058004252e-03,7.148391574871664211e-01
-6.348946558365320403e-03,-9.991200152105638166e-01,-4.145945107260829571e-02,-1.272706967827583451e-03
1.973247225560005591e-03,4.144768845326150114e-02,-9.991387268128827381e-01,1.845029898919322009e-01
0.000000000000000000e+00,0.000000000000000000e+00,0.000000000000000000e+00,1.000000000000000000e+00
9.999779174609342292e-01,-6.422289909772838090e-03,1.708444557956855349e-03,7.148391600311505556e-01
-6.345947482524649796e-03,-9.991200344055886085e-01,-4.145944765580208968e-02,-1.271277289510064270e-03
1.973205777870561811e-03,4.144769042648800694e-02,-9.991387268128827381e-01,1.845029898919322009e-01
0.000000000000000000e+00,0.000000000000000000e+00,0.000000000000000000e+00,1.000000000000000000e+00
9.999779150834038344e-01,-6.427413037191243017e-03,1.690475405972868481e-03,7.148369355008910020e-01
-6.351808745417353297e-03,-9.991199494003498716e-01,-4.146059859558025307e-02,-1.276716671345733134e-03
1.955472094021189905e-03,4.144894536525066397e-02,-9.991387096179379368e-01,1.844965793518164032e-01
0.000000000000000000e+00,0.000000000000000000e+00,0.000000000000000000e+00,1.000000000000000000e+00
9.999779530904955305e-01,-6.416730640653622864e-03,1.708479097972639710e-03,7.148391873994539569e-01
-6.340385906299428331e-03,-9.991199510929019700e-01,-4.146230619100179510e-02,-1.274507798843264785e-03
1.973028003377765016e-03,4.145055965849536034e-02,-9.991386081342744641e-01,1.845031525618273383e-01
0.000000000000000000e+00,0.000000000000000000e+00,0.000000000000000000e+00,1.000000000000000000e+00
9.999779479647041835e-01,-6.422319957995359374e-03,1.690381808000704237e-03,7.148369240667410418e-01
-6.346722309214736235e-03,-9.991199476594642137e-01,-4.146141947496823771e-02,-1.276164091658740264e-03
1.955172685315042375e-03,4.144977678235062246e-02,-9.991386757124679496e-01,1.844965271045772015e-01
0.000000000000000000e+00,0.000000000000000000e+00,0.000000000000000000e+00,1.000000000000000000e+00
9.999779258586800612e-01,-6.424890214911604946e-03,1.693688607339263351e-03,7.148374035734628151e-01
-6.349148308643526306e-03,-9.991198266991418997e-01,-4.146396281630077008e-02,-1.274345657582598695e-03
1.958599276817005186e-03,4.145229405476923146e-02,-9.991385645677329785e-01,1.844988228951954801e-01
0.000000000000000000e+00,0.000000000000000000e+00,0.000000000000000000e+00,1.000000000000000000e+00
9.999779773126268312e-01,-6.412983016566731198e-03,1.708373078968454398e-03,7.148391315026915160e-01
-6.336657468657524994e-03,-9.991202180400253763e-01,-4.145644311536286764e-02,-1.268757644597262417e-03
1.972729548778830860e-03,4.144470475804645782e-02,-9.991388516045434098e-01,1.845028270613329746e-01
0.000000000000000000e+00,0.000000000000000000e+00,0.000000000000000000e+00,1.000000000000000000e+00
9.999779672750466197e-01,-6.417950164311458927e-03,1.695547154866607542e-03,7.148376774145261958e-01
-6.342143324894633505e-03,-9.991200013393319868e-01,-4.146082659257729897e-02,-1.274516901229152347e-03
1.960148594483509393e-03,4.144915969451837268e-02,-9.991386915629412169e-01,1.845001353718410675e-01
0.000000000000000000e+00,0.000000000000000000e+00,0.000000000000000000e+00,1.000000000000000000e+00
9.999778856608578792e-01,-6.429147781252697591e-03,1.701248966756096223e-03,7.148385295452195365e-01
-6.353100493011354377e-03,-9.991200475782571200e-01,-4.145803470193832468e-02,-1.274788313778455265e-03
1.966291780426919489e-03,4.144630967924933795e-02,-9.991387977206200866e-01,1.845042396844590593e-01
0.000000000000000000e+00,0.000000000000000000e+00,0.000000000000000000e+00,1.000000000000000000e+00
9.999778507491720037e-01,-6.431135612720129124e-03,1.714207046324638280e-03,7.148405209670752880e-01
-6.354540558542565165e-03,-9.991198500052855813e-01,-4.146257516973359675e-02,-1.285066232335357623e-03
1.979349730770990634e-03,4.145076380655456777e-02,-9.991385871612089575e-01,1.845139150371121473e-01
0.000000000000000000e+00,0.000000000000000000e+00,0.000000000000000000e+00,1.000000000000000000e+00
9.999776311525434558e-01,-6.461913732178636849e-03,1.726518307378718852e-03,7.148420549507417121e-01
-6.384772978141384225e-03,-9.991194704259407366e-01,-4.146707717943544369e-02,-1.303022526613646388e-03
1.992954732408149660e-03,4.145512618127632221e-02,-9.991383791271002401e-01,1.845172014099979996e-01
0.000000000000000000e+00,0.000000000000000000e+00,0.000000000000000000e+00,1.000000000000000000e+00
9.999776813782593754e-01,-6.456703746475611627e-03,1.716893150739355394e-03,7.148410245451440881e-01
-6.379964367052792795e-03,-9.991194570148476117e-01,-4.146814040961470382e-02,-1.301213138899387934e-03
1.983128850061442044e-03,4.145626118075085298e-02,-9.991383515854436181e-01,1.845164800022466300e-01
0.000000000000000000e+00,0.000000000000000000e+00,0.000000000000000000e+00,1.000000000000000000e+00
9.999775700236308573e-01,-6.468702030735851150e-03,1.736474495001671600e-03,7.148435151430672096e-01
-6.391149304967869149e-03,-9.991195660697926861e-01,-4.146379031240283314e-02,-1.300232152324669495e-03
2.003162548533332643e-03,4.145176221280413159e-02,-9.991384982820237237e-01,1.845242029874467615e-01
0.000000000000000000e+00,0.000000000000000000e+00,0.000000000000000000e+00,1.000000000000000000e+00
9.999775599115170444e-01,-6.472225837917233715e-03,1.729151847551216011e-03,7.148429239609792596e-01
-6.394967505828907939e-03,-9.991194144848631886e-01,-4.146685411293390272e-02,-1.312455361020755523e-03
1.996012026087571473e-03,4.145486572318077267e-02,-9.991383838307208443e-01,1.845257235641466487e-01
0.000000000000000000e+00,0.000000000000000000e+00,0.000000000000000000e+00,1.000000000000000000e+00
9.999775534759096640e-01,-6.481609089292850179e-03,1.697435697613548485e-03,7.148382259304282282e-01
-6.405643929516591228e-03,-9.991190596361569920e-01,-4.147375552816078004e-02,-1.314758652211307603e-03
1.964757028791036531e-03,4.146195141783605431e-02,-9.991381517660322675e-01,1.845031338231625795e-01
0.000000000000000000e+00,0.000000000000000000e+00,0.000000000000000000e+00,1.000000000000000000e+00
9.999777655596266968e-01,-6.443169089216160828e-03,1.718708370861054538e-03,7.148407906707237025e-01
-6.366379811163280777e-03,-9.991198307363133857e-01,-4.146122330010029028e-02,-1.286494808885642934e-03
1.984337288948260364e-03,4.144935948272951420e-02,-9.991386355276205000e-01,1.845109740234042173e-01
0.000000000000000000e+00,0.000000000000000000e+00,0.000000000000000000e+00,1.000000000000000000e+00
9.999780653500727201e-01,-6.393197659871507899e-03,1.730850197927573777e-03,7.148423826613311549e-01
-6.315961991779028839e-03,-9.991204419639435619e-01,-4.145420453817443701e-02,-1.254411027296629347e-03
1.994352738172139317e-03,4.144236327064630687e-02,-9.991389058002392298e-01,1.845183637106513896e-01
0.000000000000000000e+00,0.000000000000000000e+00,0.000000000000000000e+00,1.000000000000000000e+00
9.999779835227871061e-01,-6.409679078043017952e-03,1.717114969176288539e-03,7.148403901017805762e-01
-6.332985407853708448e-03,-9.991200603170837802e-01,-4.146080519974198325e-02,-1.262932260286802125e-03
1.981354467222428556e-03,4.144901791482567821e-02,-9.991386556171130140e-01,1.845088401544937029e-01
0.000000000000000000e+00,0.000000000000000000e+00,0.000000000000000000e+00,1.000000000000000000e+00
9.999778748558041386e-01,-6.425067413932894489e-03,1.722877707909659974e-03,7.148413139707199271e-01
-6.348117203752723370e-03,-9.991198708964246222e-01,-4.146305569877034580e-02,-1.273655063420621458e-03
1.987764281149322076e-03,4.145120129306666817e-02,-9.991385523061976359e-01,1.845133753914051655e-01
0.000000000000000000e+00,0.000000000000000000e+00,0.000000000000000000e+00,1.000000000000000000e+00
9.999778325241166499e-01,-6.434368784228927662e-03,1.712705088004874785e-03,7.148402668289534079e-01
-6.357826899030305512e-03,-9.991196967281299468e-01,-4.146576475855490856e-02,-1.280467523628872877e-03
1.978003410488680253e-03,4.145395648473601535e-02,-9.991384573692826399e-01,1.845126557957827429e-01
0.000000000000000000e+00,0.000000000000000000e+00,0.000000000000000000e+00,1.000000000000000000e+00
9.999779458995365911e-01,-6.417518861130400154e-03,1.709726940343568157e-03,7.148397540132133132e-01
-6.341123095843226309e-03,-9.991199751715498234e-01,-4.146161322338035027e-02,-1.268647441558678861e-03
1.974303023060099138e-03,4.144985723580796311e-02,-9.991386347563107062e-01,1.845100924123343755e-01
0.000000000000000000e+00,0.000000000000000000e+00,0.000000000000000000e+00,1.000000000000000000e+00
9.999778680154358668e-01,-6.429543411408833453e-03,1.710102577158356717e-03,7.148378909661571301e-01
-6.353109332412509858e-03,-9.991196381526306070e-01,-4.146789914580813197e-02,-1.279136660819870340e-03
1.975216725832260739e-03,4.145611691026201973e-02,-9.991383732444714116e-01,1.845073091219453509e-01
0.000000000000000000e+00,0.000000000000000000e+00,0.000000000000000000e+00,1.000000000000000000e+00
9.999777074581179814e-01,-6.453850681921557975e-03,1.712424650034928162e-03,7.148403014200933603e-01
-6.377300960829557219e-03,-9.991195151331963009e-01,-4.146714979911228505e-02,-1.293385252807868150e-03
1.978539679053342715e-03,4.145530474357264628e-02,-9.991384003677149517e-01,1.845129231452215801e-01
0.000000000000000000e+00,0.000000000000000000e+00,0.000000000000000000e+00,1.000000000000000000e+00
9.999777288573330480e-01,-6.446608427932709606e-03,1.727144784698602656e-03,7.148420832602563335e-01
-6.369453429647509157e-03,-9.991195389063363130e-01,-4.146778314062547766e-02,-1.293609052828816226e-03
1.992950661194699963e-03,4.145585863743866950e-02,-9.991383487447046408e-01,1.845172553904703139e-01
0.000000000000000000e+00,0.000000000000000000e+00,0.000000000000000000e+00,1.000000000000000000e+00
9.999777657913873075e-01,-6.442104606338705519e-03,1.722559463804914422e-03,7.148413303561689247e-01
-6.365148573160450685e-03,-9.991196708490416301e-01,-4.146526505576259708e-02,-1.283301263078802379e-03
1.988166619513540706e-03,4.145337876149596257e-02,-9.991384611667939453e-01,1.845135373283130487e-01
0.000000000000000000e+00,0.000000000000000000e+00,0.000000000000000000e+00,1.000000000000000000e+00
9.999777443513299113e-01,-6.448131291680592181e-03,1.712426603279795876e-03,7.148402845417979323e-01
-6.371581994400299376e-03,-9.991194593116730083e-01,-4.146937385154125105e-02,-1.288721791442322320e-03
1.978318709158394945e-03,4.145754005721406787e-02,-9.991383080572427966e-01,1.845128193016603024e-01
0.000000000000000000e+00,0.000000000000000000e+00,0.000000000000000000e+00,1.000000000000000000e+00
9.999777276170762619e-01,-6.449373994670881682e-03,1.717511241704729056e-03,7.148410440514310071e-01
-6.372612404295041610e-03,-9.991194437650825488e-01,-4.146959008354136195e-02,-1.289815430308821707e-03
1.983451772326914886e-03,4.145772142350794692e-02,-9.991382903549625993e-01,1.845164816498707783e-01
0.000000000000000000e+00,0.000000000000000000e+00,0.000000000000000000e+00,1.000000000000000000e+00
9.999777614240878965e-01,-6.442776418637718994e-03,1.722582157506887587e-03,7.148413309667873694e-01
-6.365820337932870387e-03,-9.991196972208080673e-01,-4.146452648742412345e-02,-1.283281390455865388e-03
1.988212437109494052e-03,4.145263872687218742e-02,-9.991384917787345943e-01,1.845135365046390308e-01
0.000000000000000000e+00,0.000000000000000000e+00,0.000000000000000000e+00,1.000000000000000000e+00
9.999779097483401102e-01,-6.423228128794089553e-03,1.709431410110007123e-03,7.148397710762561807e-01
-6.346836808874933844e-03,-9.991198778630446808e-01,-4.146308383919105472e-02,-1.278273750150321544e-03
1.974253748106828688e-03,4.145131842703853042e-02,-9.991385742342242526e-01,1.845102535193670623e-01
0.000000000000000000e+00,0.000000000000000000e+00,0.000000000000000000e+00,1.000000000000000000e+00
9.999777505205212913e-01,-6.447166096335110730e-03,1.712458246068111018e-03,7.148403028535893489e-01
-6.370614879919855866e-03,-9.991194353821064578e-01,-4.147009896048796385e-02,-1.291320227828512881e-03
1.978314931956562384e-03,4.145826686038853182e-02,-9.991382779069988285e-01,1.845129264404632430e-01
0.000000000000000000e+00,0.000000000000000000e+00,0.000000000000000000e+00,1.000000000000000000e+00
9.999777294358647151e-01,-6.448423679479897697e-03,1.720018704119052801e-03,7.148414287030702141e-01
-6.371569721672187825e-03,-9.991196753231654792e-01,-4.146417105664398917e-02,-1.291762928208422135e-03
1.985883071700732944e-03,4.145228840706730034e-02,-9.991385109454259394e-01,1.845183432285392167e-01
0.000000000000000000e+00,0.000000000000000000e+00,0.000000000000000000e+00,1.000000000000000000e+00
9.999775621945941051e-01,-6.472423512787650601e-03,1.727090393750345832e-03,7.148421248282375018e-01
-6.395244396701027512e-03,-9.991192864323183986e-01,-4.146989664903389522e-02,-1.302257632464524570e-03
1.993980055951975056e-03,4.145792099039946610e-02,-9.991382611183950990e-01,1.845175235693999882e-01
0.000000000000000000e+00,0.000000000000000000e+00,0.000000000000000000e+00,1.000000000000000000e+00
9.999776484774451912e-01,-6.456415151374239603e-03,1.737023002822328825e-03,7.148435585901891098e-01
-6.378842916423377307e-03,-9.991194932970695053e-01,-4.146743875446334132e-02,-1.294191564435990659e-03
2.003224542288219168e-03,4.145543169719352605e-02,-9.991383459132336942e-01,1.845243665734122573e-01
0.000000000000000000e+00,0.000000000000000000e+00,0.000000000000000000e+00,1.000000000000000000e+00
9.999776470166601428e-01,-6.459289626398800888e-03,1.727149254094376488e-03,7.148420921025406827e-01
-6.382122099500620038e-03,-9.991194276866224300e-01,-4.146851500431460169e-02,-1.294918210000902455e-03
1.993485523069930820e-03,4.145656518186589812e-02,-9.991383183617725816e-01,1.845173093713771695e-01
0.000000000000000000e+00,0.000000000000000000e+00,0.000000000000000000e+00,1.000000000000000000e+00
9.999776457389819573e-01,-6.460259041997817864e-03,1.724260836871191948e-03,7.148416603557700144e-01
-6.383211458659887594e-03,-9.991194422107219086e-01,-4.146799739570189436e-02,-1.295515858695031434e-03
1.990636530689832845e-03,4.145606408773259977e-02,-9.991383448334651973e-01,1.845152284935593356e-01
0.000000000000000000e+00,0.000000000000000000e+00,0.000000000000000000e+00,1.000000000000000000e+00
9.999777273116962073e-01,-6.445537354199948332e-03,1.732030239428734722e-03,7.148428194012937942e-01
-6.368178945015123826e-03,-9.991195096929997854e-01,-4.146868273461690874e-02,-1.294286544062074433e-03
1.997793147186933960e-03,4.145672923706914675e-02,-9.991383029508504876e-01,1.845208121745012808e-01
0.000000000000000000e+00,0.000000000000000000e+00,0.000000000000000000e+00,1.000000000000000000e+00
9.999777845075297211e-01,-6.440569707046706061e-03,1.717426348204039799e-03,7.148409977510329361e-01
-6.363827767845886552e-03,-9.991196790754697243e-01,-4.146526956709092882e-02,-1.284681445942612455e-03
1.982974420921618935e-03,4.145341899022315924e-02,-9.991384698161046574e-01,1.845162110064531014e-01
0.000000000000000000e+00,0.000000000000000000e+00,0.000000000000000000e+00,1.000000000000000000e+00
9.999776876591596197e-01,-6.452975529721849401e-03,1.727220499262327241e-03,7.148420592914829230e-01
-6.375819406181260085e-03,-9.991196538666171634e-01,-4.146403482960936415e-02,-1.288925006675547495e-03
1.993266349493261202e-03,4.145209722395368224e-02,-9.991385041749696327e-01,1.845170917206513106e-01
0.000000000000000000e+00,0.000000000000000000e+00,0.000000000000000000e+00,1.000000000000000000e+00
9.999777844292450091e-01,-6.442779303212464725e-03,1.709164365553141355e-03,7.148397803834735109e-01
-6.366377611783213819e-03,-9.991196555892842834e-01,-4.146544406194413446e-02,-1.285204947317858566e-03
1.974812417057863340e-03,4.145364169768597784e-02,-9.991384767417964552e-01,1.845103624638280426e-01
0.000000000000000000e+00,0.000000000000000000e+00,0.000000000000000000e+00,1.000000000000000000e+00
9.999778814460349441e-01,-6.434453160810316152e-03,1.683576912855439889e-03,7.148343873662129644e-01
-6.359121921926835785e-03,-9.991197572924354064e-01,-4.146410684298836025e-02,-1.282228600329672098e-03
1.948893809891438789e-03,4.145248364604974672e-02,-9.991385756803168317e-01,1.844947253989537295e-01
0.000000000000000000e+00,0.000000000000000000e+00,0.000000000000000000e+00,1.000000000000000000e+00
9.999778740226614726e-01,-6.432216378358224240e-03,1.696483887500057101e-03,7.148362902288227794e-01
-6.356354443650014119e-03,-9.991198258883622341e-01,-4.146287827678554749e-02,-1.278741860881392987e-03
1.961688891047457667e-03,4.145117741718351567e-02,-9.991386048328951830e-01,1.845038626532639059e-01
0.000000000000000000e+00,0.000000000000000000e+00,0.000000000000000000e+00,1.000000000000000000e+00
9.999776874295780438e-01,-6.459392385303464046e-03,1.703200812079177324e-03,7.148389634941916260e-01
-6.383213963186085138e-03,-9.991193442299921568e-01,-4.147035766581566585e-02,-1.297156265308187142e-03
1.969574190979015565e-03,4.145856046033405407e-02,-9.991382829929315035e-01,1.845065263314132342e-01
0.000000000000000000e+00,0.000000000000000000e+00,0.000000000000000000e+00,1.000000000000000000e+00
9.999775418480036926e-01,-6.473742108460300848e-03,1.733915435379974630e-03,7.148418453413806217e-01
-6.396388979885148096e-03,-9.991215592026214676e-01,-4.141492659103105517e-02,-1.284302574783417229e-03
2.000501847513370263e-03,4.140290569073183657e-02,-9.991405293514633579e-01,1.845305543317118102e-01
0.000000000000000000e+00,0.000000000000000000e+00,0.000000000000000000e+00,1.000000000000000000e+00
9.999771398286383395e-01,-6.371431628182544493e-03,2.263775417902058867e-03,7.149463717527928530e-01
-6.272306450265108246e-03,-9.991236153227225358e-01,-4.138429021073875003e-02,-1.199686975305286341e-03
2.525468655371686938e-03,4.136914506561723687e-02,-9.991407387573636445e-01,1.848298747134535513e-01
0.000000000000000000e+00,0.000000000000000000e+00,0.000000000000000000e+00,1.000000000000000000e+00
9.999770380071837383e-01,-6.366436413179410447e-03,2.322056367974563874e-03,7.149576744158803177e-01
-6.264898407732921726e-03,-9.991235648221776788e-01,-4.138663147641592766e-02,-1.198433829440528463e-03
2.583506593739133550e-03,4.137113370963890757e-02,-9.991405080314076370e-01,1.848593322123982807e-01
0.000000000000000000e+00,0.000000000000000000e+00,0.000000000000000000e+00,1.000000000000000000e+00
9.999766684268023287e-01,-6.431136510918533666e-03,2.302842854130916425e-03,7.149536122182004183e-01
-6.330260206166171688e-03,-9.991218953858507223e-01,-4.141697678859751486e-02,-1.250650620071758982e-03
2.567178948791937199e-03,4.140143287089139562e-02,-9.991392950677507878e-01,1.848505654053008429e-01
0.000000000000000000e+00,0.000000000000000000e+00,0.000000000000000000e+00,1.000000000000000000e+00
9.999768119664773636e-01,-6.399090480149305371e-03,2.329628808853132296e-03,7.149569800143105169e-01
-6.297179783951556420e-03,-9.991228583014196696e-01,-4.139878677412713037e-02,-1.220281076751421768e-03
2.592499976618790891e-03,4.138315672623239794e-02,-9.991399868302955900e-01,1.848622972673619747e-01
0.000000000000000000e+00,0.000000000000000000e+00,0.000000000000000000e+00,1.000000000000000000e+00
9.999768493557137372e-01,-6.398808881280027006e-03,2.314302815285228070e-03,7.149551259850214224e-01
-6.297522955462098171e-03,-9.991227001089768578e-01,-4.140255223501011772e-02,-1.223495218130962736e-03
2.577199496626485231e-03,4.138701936414564825e-02,-9.991398664205660696e-01,1.848576293509344159e-01
0.000000000000000000e+00,0.000000000000000000e+00,0.000000000000000000e+00,1.000000000000000000e+00
9.999768818368238721e-01,-6.393772364160721366e-03,2.314188164051685873e-03,7.149551050493727633e-01
-6.292497347649916861e-03,-9.991227616926232624e-01,-4.140183021118255119e-02,-1.222326488329590014e-03
2.576871947373531729e-03,4.138631105403169086e-02,-9.991398966052281727e-01,1.848575222646347549e-01
0.000000000000000000e+00,0.000000000000000000e+00,0.000000000000000000e+00,1.000000000000000000e+00
9.999766514400501016e-01,-6.427234247001201162e-03,2.321041722726014268e-03,7.149578258398379127e-01
-6.325620640218909685e-03,-9.991221302330959286e-01,-4.141202001830613516e-02,-1.245833272429056320e-03
2.585168903669190360e-03,4.139637107784600867e-02,-9.991394584157533565e-01,1.848604558569545975e-01
0.000000000000000000e+00,0.000000000000000000e+00,0.000000000000000000e+00,1.000000000000000000e+00
9.999767760198277067e-01,-6.403025872040835065e-03,2.334240920089391842e-03,7.149592280011417555e-01
-6.300907128060584395e-03,-9.991226144672598064e-01,-4.140410401724419626e-02,-1.223088229882113992e-03
2.597304440107171125e-03,4.138843461390145917e-02,-9.991397557348301595e-01,1.848627727913554897e-01
0.000000000000000000e+00,0.000000000000000000e+00,0.000000000000000000e+00,1.000000000000000000e+00
9.999767302090538657e-01,-6.414577245458463750e-03,2.322119542817707109e-03,7.149579232642941928e-01
-6.312936910854827222e-03,-9.991223237549765601e-01,-4.140928642243432017e-02,-1.235150596521104611e-03
2.585704540092832737e-03,4.139366344282277566e-02,-9.991395692088336222e-01,1.848608452367107025e-01
0.000000000000000000e+00,0.000000000000000000e+00,0.000000000000000000e+00,1.000000000000000000e+00
9.999766685695810065e-01,-6.422348625546636658e-03,2.327177392069695438e-03,7.149567293973861926e-01
-6.320482897763435304e-03,-9.991221259867320015e-01,-4.141290692153923314e-02,-1.239339753441278009e-03
2.591102549360201068e-03,4.139723181427631959e-02,-9.991394073830206501e-01,1.848612419809156915e-01
0.000000000000000000e+00,0.000000000000000000e+00,0.000000000000000000e+00,1.000000000000000000e+00
9.999768458378652802e-01,-6.390009752312075797e-03,2.339992204998043220e-03,7.149600797455790691e-01
-6.287665027571165410e-03,-9.991227128341453323e-01,-4.140374339886166571e-02,-1.221280913683837725e-03
2.602509683969335408e-03,4.138807164272188116e-02,-9.991397572257054716e-01,1.848668806182276747e-01
0.000000000000000000e+00,0.000000000000000000e+00,0.000000000000000000e+00,1.000000000000000000e+00
9.999768074416451880e-01,-6.402573332517813576e-03,2.321989133667191028e-03,7.149558893715963759e-01
-6.300958612106388745e-03,-9.991225589022681985e-01,-4.140543699989188836e-02,-1.227874742359622452e-03
2.585053071729501162e-03,4.138984594444906212e-02,-9.991397290435962697e-01,1.848570927418011767e-01
0.000000000000000000e+00,0.000000000000000000e+00,0.000000000000000000e+00,1.000000000000000000e+00
9.999767312633345284e-01,-6.417369751939461242e-03,2.313935471000181168e-03,7.149551416081050270e-01
-6.316073265963839667e-03,-9.991224238344695863e-01,-4.140639334249495568e-02,-1.233186327999213558e-03
2.577624952555389315e-03,4.139081488206445419e-02,-9.991397080954209642e-01,1.848577930245855760e-01
0.000000000000000000e+00,0.000000000000000000e+00,0.000000000000000000e+00,1.000000000000000000e+00
9.999767892526786328e-01,-6.407220394776813599e-03,2.316998644066109274e-03,7.149555862863700151e-01
-6.305802969325424723e-03,-9.991224434146215305e-01,-4.140748620851224943e-02,-1.231034221630112474e-03
2.580272236779281719e-03,4.139191457288299292e-02,-9.991396557054350591e-01,1.848599280605904005e-01
0.000000000000000000e+00,0.000000000000000000e+00,0.000000000000000000e+00,1.000000000000000000e+00
9.999766910672136522e-01,-6.421457357289550583e-03,2.319958550173274996e-03,7.149560450629892649e-01
-6.319910059690458937e-03,-9.991224313347593089e-01,-4.140562691901465003e-02,-1.235671155143992957e-03
2.583807094857407116e-03,4.138999986866053610e-02,-9.991397258901122402e-01,1.848621660782878151e-01
0.000000000000000000e+00,0.000000000000000000e+00,0.000000000000000000e+00,1.000000000000000000e+00
9.999767153712879608e-01,-6.419548021140086824e-03,2.314760992916595206e-03,7.149552838511241681e-01
-6.318218976338330073e-03,-9.991224660111609479e-01,-4.140504825191713978e-02,-1.236712334290662046e-03
2.578531407040150075e-03,4.138945898391066525e-02,-9.991397619256288110e-01,1.848585027852998053e-01
0.000000000000000000e+00,0.000000000000000000e+00,0.000000000000000000e+00,1.000000000000000000e+00
9.999767340638827662e-01,-6.413016514671798785e-03,2.324768830135139075e-03,7.149563606796888182e-01
-6.311269837830091323e-03,-9.991223661021136904e-01,-4.140851877993667607e-02,-1.236653473673846124e-03
2.588282048988827660e-03,4.139288312858649399e-02,-9.991395948626690116e-01,1.848594425337734548e-01
0.000000000000000000e+00,0.000000000000000000e+00,0.000000000000000000e+00,1.000000000000000000e+00
9.999767006798678803e-01,-6.420811380068169871e-03,2.317601913093552454e-03,7.149557396475334503e-01
-6.319351504401549136e-03,-9.991222636844149241e-01,-4.140975738511859516e-02,-1.240096176348343040e-03
2.581451911193549664e-03,4.139414682478859825e-02,-9.991395601789961889e-01,1.848607481175592593e-01
0.000000000000000000e+00,0.000000000000000000e+00,0.000000000000000000e+00,1.000000000000000000e+00
9.999767371821507433e-01,-6.410683831518659836e-03,2.329855650532322488e-03,7.149570921588062067e-01
-6.308735073076554567e-03,-9.991224856562856971e-01,-4.140602030844193343e-02,-1.233805557035343777e-03
2.593252073699120475e-03,4.139035864567591760e-02,-9.991396865578227038e-01,1.848629429778313182e-01
0.000000000000000000e+00,0.000000000000000000e+00,0.000000000000000000e+00,1.000000000000000000e+00
9.999766736419191115e-01,-6.425345214322975007e-03,2.316702596305153603e-03,7.149556034731688881e-01
-6.323927596102785209e-03,-9.991223776104691812e-01,-4.140630987859182655e-02,-1.242020150642409500e-03
2.580719241257967145e-03,4.139069336070007321e-02,-9.991397051420377595e-01,1.848600861486777713e-01
0.000000000000000000e+00,0.000000000000000000e+00,0.000000000000000000e+00,1.000000000000000000e+00
9.999767678265598647e-01,-6.408048225798768094e-03,2.323946015339646998e-03,7.149562093527273010e-01
-6.306349340861716612e-03,-9.991225490247075403e-01,-4.140485464727455128e-02,-1.233847851604971593e-03
2.587231172003857937e-03,4.138923710708807685e-02,-9.991397486270656714e-01,1.848586740490146818e-01
0.000000000000000000e+00,0.000000000000000000e+00,0.000000000000000000e+00,1.000000000000000000e+00
9.999767521615123833e-01,-6.415922250879557698e-03,2.308912770895129186e-03,7.149544207468618850e-01
-6.314828104588832147e-03,-9.991223223804954756e-01,-4.140903122526043423e-02,-1.236612649006760874e-03
2.572563414656316161e-03,4.139348816753392335e-02,-9.991396103922622896e-01,1.848543458898051772e-01
0.000000000000000000e+00,0.000000000000000000e+00,0.000000000000000000e+00,1.000000000000000000e+00
9.999766994546255283e-01,-6.419477435387899167e-03,2.321821976293337794e-03,7.149559368115218083e-01
-6.317851802765006575e-03,-9.991223979298744506e-01,-4.140674707648434039e-02,-1.240651524153734905e-03
2.585594019050906772e-03,4.139111334953666371e-02,-9.991396751401949716e-01,1.848574130259560411e-01
0.000000000000000000e+00,0.000000000000000000e+00,0.000000000000000000e+00,1.000000000000000000e+00
9.999767983421221640e-01,-6.408068901712860033e-03,2.310720751071588218e-03,7.149546660895417238e-01
-6.306920740577870443e-03,-9.991225993701160490e-01,-4.140355273010412618e-02,-1.233567457001394710e-03
2.574010141899400056e-03,4.138801856640814125e-02,-9.991398332520510239e-01,1.848554966171451208e-01
0.000000000000000000e+00,0.000000000000000000e+00,0.000000000000000000e+00,1.000000000000000000e+00
9.999768329208316153e-01,-6.402618061605025446e-03,2.310866413462509417e-03,7.149546441754517367e-01
-6.301470224090721661e-03,-9.991226610450990586e-01,-4.140289433330682917e-02,-1.226106645088987247e-03
2.573925919399595863e-03,4.138737329327971809e-02,-9.991398601983829675e-01,1.848553364809860655e-01
0.000000000000000000e+00,0.000000000000000000e+00,0.000000000000000000e+00,1.000000000000000000e+00
9.999768077100807950e-01,-6.408398024951689198e-03,2.305748622494691036e-03,7.149523773217765221e-01
-6.307454200738249472e-03,-9.991225771496179409e-01,-4.140400767330846415e-02,-1.234529676005861366e-03
2.569058866964873955e-03,4.138850401572391480e-02,-9.991398258861862169e-01,1.848548476786487094e-01
0.000000000000000000e+00,0.000000000000000000e+00,0.000000000000000000e+00,1.000000000000000000e+00
9.999766837721796309e-01,-6.424709707146203375e-03,2.314091003665823178e-03,7.149551812155042763e-01
-6.323397537020825077e-03,-9.991223297113549506e-01,-4.140754660376858021e-02,-1.236945750768445821e-03
2.578091461361130959e-03,4.139194821862547669e-02,-9.991396599410333756e-01,1.848580068786712938e-01
0.000000000000000000e+00,0.000000000000000000e+00,0.000000000000000000e+00,1.000000000000000000e+00
9.999767834959544244e-01,-6.410269599460449719e-03,2.311041485427987093e-03,7.149547197847343494e-01
-6.309090619337764938e-03,-9.991223337230843438e-01,-4.140963210769566666e-02,-1.233744692631793226e-03
2.574460068076416669e-03,4.139409015064769715e-02,-9.991395805671787755e-01,1.848557691083755339e-01
0.000000000000000000e+00,0.000000000000000000e+00,0.000000000000000000e+00,1.000000000000000000e+00
9.999768293370779881e-01,-6.403878527510176166e-03,2.308923725302904593e-03,7.149543506260712666e-01
-6.302813298214027249e-03,-9.991227053994149454e-01,-4.140161953211298623e-02,-1.226096904512589264e-03
2.572029061311435078e-03,4.138610751398197340e-02,-9.991399175147337441e-01,1.848539125220976520e-01
0.000000000000000000e+00,0.000000000000000000e+00,0.000000000000000000e+00,1.000000000000000000e+00
9.999767758562392306e-01,-6.410489956128251343e-03,2.313734358744563152e-03,7.149550826839634610e-01
-6.309225260259343493e-03,-9.991227496725001433e-01,-4.139957443595262271e-02,-1.229554974538147119e-03
2.577096190630227823e-03,4.138401509502258324e-02,-9.991399911272891288e-01,1.848574665854139654e-01
0.000000000000000000e+00,0.000000000000000000e+00,0.000000000000000000e+00,1.000000000000000000e+00
9.999769349561560272e-01,-6.388968314040899266e-03,2.304482495879659008e-03,7.149521254002065840e-01
-6.288105758015194446e-03,-9.991228969592194087e-01,-4.139923305802972048e-02,-1.222373185904592624e-03
2.566959615508516285e-03,4.138378735325255742e-02,-9.991400266542388442e-01,1.848535465784053033e-01
0.000000000000000000e+00,0.000000000000000000e+00,0.000000000000000000e+00,1.000000000000000000e+00
9.999768400800379542e-01,-6.406213671437954726e-03,2.297766293136996579e-03,7.149511620913642229e-01
-6.305609984194882056e-03,-9.991227163815672441e-01,-4.140092864955485785e-02,-1.230101764721674810e-03
2.560973695533996092e-03,4.138548098928164498e-02,-9.991399718643112493e-01,1.848489415553111748e-01
0.000000000000000000e+00,0.000000000000000000e+00,0.000000000000000000e+00,1.000000000000000000e+00
9.999767530317835718e-01,-6.426210704479295988e-03,2.279739457227281021e-03,7.149485578705764288e-01
-6.326313572245945149e-03,-9.991222205962463354e-01,-4.140973396933576856e-02,-1.239726639407226407e-03
2.543846024589176830e-03,4.139434897189689377e-02,-9.991396482577378224e-01,1.848364674146610043e-01
0.000000000000000000e+00,0.000000000000000000e+00,0.000000000000000000e+00,1.000000000000000000e+00
9.999768616970379220e-01,-6.410327389952896748e-03,2.276790130059940572e-03,7.149480640000701603e-01
-6.310574454486517215e-03,-9.991224592984286890e-01,-4.140637602488300012e-02,-1.230506115664157640e-03
2.540220580403033945e-03,4.139105009797701407e-02,-9.991397941485413714e-01,1.848340110475177323e-01
0.000000000000000000e+00,0.000000000000000000e+00,0.000000000000000000e+00,1.000000000000000000e+00
9.999769314312132451e-01,-6.404677978362027790e-03,2.262013573839570264e-03,7.149443227187408656e-01
-6.305534286396741184e-03,-9.991223729717748636e-01,-4.140922680530016720e-02,-1.232089994015710035e-03
2.525241132609774841e-03,4.139400834955703906e-02,-9.991397095651732840e-01,1.848263585298722811e-01
0.000000000000000000e+00,0.000000000000000000e+00,0.000000000000000000e+00,1.000000000000000000e+00
9.999767406336453890e-01,-6.434474385608734970e-03,2.261798198762124141e-03,7.149443862273719974e-01
-6.335305818270409173e-03,-9.991220481330724823e-01,-4.141252026336374875e-02,-1.248213971997180413e-03
2.526280249688855201e-03,4.139722785109491154e-02,-9.991395735503345588e-01,1.848267873172298181e-01
0.000000000000000000e+00,0.000000000000000000e+00,0.000000000000000000e+00,1.000000000000000000e+00
9.999767243449412257e-01,-6.435391901514875279e-03,2.266384661777274667e-03,7.149450680161857363e-01
-6.336040762781880442e-03,-9.991221756926393915e-01,-4.140933018848766412e-02,-1.247338148851910578e-03
2.530880442373519001e-03,4.139400645360082759e-02,-9.991396953749288601e-01,1.848300743293398440e-01
0.000000000000000000e+00,0.000000000000000000e+00,0.000000000000000000e+00,1.000000000000000000e+00
9.999767803061517801e-01,-6.426555499508268543e-03,2.266767070870022785e-03,7.149450971738767757e-01
-6.327189061366755851e-03,-9.991221169047773687e-01,-4.141210197874600762e-02,-1.242842950267265996e-03
2.530914286095461985e-03,4.139679813860096952e-02,-9.991395796267648066e-01,1.848301837246543178e-01
0.000000000000000000e+00,0.000000000000000000e+00,0.000000000000000000e+00,1.000000000000000000e+00
9.999768067377935443e-01,-6.426648117299871288e-03,2.254812733270898997e-03,7.149437530599143109e-01
-6.327778062856614927e-03,-9.991221392863091078e-01,-4.141147199432156090e-02,-1.246156491111514737e-03
2.518970280282591123e-03,4.139624357264378579e-02,-9.991396327875303740e-01,1.848279841109266020e-01
0.000000000000000000e+00,0.000000000000000000e+00,0.000000000000000000e+00,1.000000000000000000e+00
9.999767042989340382e-01,-6.435645983635107648e-03,2.274493397525344501e-03,7.149462871116565310e-01
-6.335951353567903510e-03,-9.991220519855406046e-01,-4.141232855862955753e-02,-1.249619225848569871e-03
2.539011596524292508e-03,4.139695274988228202e-02,-9.991395526767702373e-01,1.848359803339937879e-01
0.000000000000000000e+00,0.000000000000000000e+00,0.000000000000000000e+00,1.000000000000000000e+00
9.999767516644000320e-01,-6.433519547530075489e-03,2.259636463354208931e-03,7.149444946793078737e-01
-6.334437752968546942e-03,-9.991219956574592942e-01,-4.141391905880742463e-02,-1.248880246639804022e-03
2.524089750531373355e-03,4.139864272759718328e-02,-9.991395204631053906e-01,1.848315962693072301e-01
0.000000000000000000e+00,0.000000000000000000e+00,0.000000000000000000e+00,1.000000000000000000e+00
9.999764727682091126e-01,-6.473839023162508699e-03,2.267888523104119071e-03,7.149459101507132930e-01
-6.374332854624686906e-03,-9.991209526149117393e-01,-4.143295700924361225e-02,-1.279247799014169781e-03
2.534125235559566564e-03,4.141752593013683925e-02,-9.991387124694534050e-01,1.848386894333315933e-01
0.000000000000000000e+00,0.000000000000000000e+00,0.000000000000000000e+00,1.000000000000000000e+00
9.999758926555259997e-01,-6.563048938299509416e-03,2.267266287268544008e-03,7.149466734539758894e-01
-6.463443522480127879e-03,-9.991195847180516232e-01,-4.145213300494554609e-02,-1.348352016935743750e-03
2.537322528889111167e-03,4.143647935649782954e-02,-9.991379184942000835e-01,1.848472466615737053e-01
0.000000000000000000e+00,0.000000000000000000e+00,0.000000000000000000e+00,1.000000000000000000e+00
9.999742960091706490e-01,-6.802304059119634871e-03,2.266270162919705421e-03,7.149336670944256289e-01
-6.702294340999670474e-03,-9.991140884296116909e-01,-4.154657088175295332e-02,-1.523298473291665595e-03
2.546874855712283336e-03,4.153031375938790598e-02,-9.991339982542462028e-01,1.849071510728932943e-01
0.000000000000000000e+00,0.000000000000000000e+00,0.000000000000000000e+00,1.000000000000000000e+00
9.999719842863461494e-01,-7.220307116961421912e-03,1.974286596329638890e-03,7.148597719432696618e-01
-7.131675021084915578e-03,-9.991039905341458915e-01,-4.171756596614447504e-02,-1.857032706735948623e-03
2.273731255298814397e-03,4.170231724835854470e-02,-9.991274928067467309e-01,1.850388813812838817e-01
0.000000000000000000e+00,0.000000000000000000e+00,0.000000000000000000e+00,1.000000000000000000e+00
9.999687600860540648e-01,-7.815352950214238259e-03,1.182839897415182079e-03,7.146710940403143697e-01
-7.758993758576027133e-03,-9.990932977796340708e-01,-4.186144225501307187e-02,-2.284553244270010833e-03
1.508929360081748272e-03,4.185095685977793800e-02,-9.991227254657494283e-01,1.850963848878066642e-01
0.000000000000000000e+00,0.000000000000000000e+00,0.000000000000000000e+00,1.000000000000000000e+00
9.999638411052580445e-01,-8.467536371355222080e-03,7.856906628089601902e-04,7.144783735843305283e-01
-8.426927176499732219e-03,-9.990768266579166390e-01,-4.212459297736763364e-02,-2.801285286048546975e-03
1.141656857298185140e-03,4.211644884064538741e-02,-9.991120564564685003e-01,1.852604167244983890e-01
0.000000000000000000e+00,0.000000000000000000e+00,0.000000000000000000e+00,1.000000000000000000e+00
9.999573023957020190e-01,-9.162399389470332611e-03,1.201591835254348008e-03,7.144518363444557485e-01
-9.102986947167324150e-03,-9.990529915331869404e-01,-4.254710022116365425e-02,-3.391082533309475698e-03
1.590287442702766063e-03,4.253434548712226732e-02,-9.990937395659286180e-01,1.857507145744721200e-01
0.000000000000000000e+00,0.000000000000000000e+00,0.000000000000000000e+00,1.000000000000000000e+00
9.999469955716859815e-01,-1.002247098409264625e-02,2.357142874652969847e-03,7.146007126934458276e-01
-9.911948186468011457e-03,-9.990270107360673668e-01,-4.297423766521549920e-02,-4.071883107702260404e-03
2.785557450005398533e-03,4.294859596227417614e-02,-9.990734000935875825e-01,1.866505727180161056e-01
0.000000000000000000e+00,0.000000000000000000e+00,0.000000000000000000e+00,1.000000000000000000e+00
9.999300241843798176e-01,-1.100331849441132936e-02,4.344389109651557515e-03,7.148949116133828108e-01
-1.080509657762490638e-02,-9.990045538667324809e-01,-4.327991729981378599e-02,-4.804520064578484545e-03
4.816287218772533768e-03,4.322994720840020455e-02,-9.990535396272739455e-01,1.880873677483874129e-01
0.000000000000000000e+00,0.000000000000000000e+00,0.000000000000000000e+00,1.000000000000000000e+00
9.999033649354229780e-01,-1.197607039446080268e-02,7.059357529201203303e-03,7.152888149491288816e-01
-1.165973515243923231e-02,-9.989955335943849768e-01,-4.326631986482067094e-02,-5.434264223036144523e-03
7.570427134128192292e-03,4.317982858206967367e-02,-9.990386334054504047e-01,1.900563616309669523e-01
0.000000000000000000e+00,0.000000000000000000e+00,0.000000000000000000e+00,1.000000000000000000e+00
9.998609213831535225e-01,-1.289886700979075984e-02,1.057152404788654423e-02,7.157869324999155403e-01
-1.243383929423186318e-02,-9.990005854964254528e-01,-4.293285243498580483e-02,-5.948672782233616757e-03
1.111474386733805886e-02,4.279543676214535297e-02,-9.990220283162432047e-01,1.925883567758984449e-01
0.000000000000000000e+00,0.000000000000000000e+00,0.000000000000000000e+00,1.000000000000000000e+00
9.997921169545577191e-01,-1.382158494229146495e-02,1.498955186811869872e-02,7.163981017033813625e-01
-1.317354328802450292e-02,-9.990095163722643168e-01,-4.250228176101775168e-02,-6.416396048385718601e-03
1.556215386000744938e-02,4.229598074684426390e-02,-9.989839184791216020e-01,1.957934600139532577e-01
0.000000000000000000e+00,0.000000000000000000e+00,0.000000000000000000e+00,1.000000000000000000e+00
9.996866651990611308e-01,-1.460094400111994206e-02,2.033184343477178677e-02,7.171216861625739902e-01
-1.373718701812032261e-02,-9.990234462673583948e-01,-4.199337448835734760e-02,-6.738322597760215173e-03
2.092513120649672209e-02,4.170091416703469028e-02,-9.989109933530737617e-01,1.996523623580088447e-01
0.000000000000000000e+00,0.000000000000000000e+00,0.000000000000000000e+00,1.000000000000000000e+00
9.995346836775355071e-01,-1.522451108494721206e-02,2.643161720125476732e-02,7.179216963389567496e-01
-1.412209217801141392e-02,-9.990426170410386941e-01,-4.140550504833962614e-02,-6.925388522591129428e-03
2.703669059195469918e-02,4.101296865647072187e-02,-9.987927481533984686e-01,2.040753398051688150e-01
0.000000000000000000e+00,0.000000000000000000e+00,0.000000000000000000e+00,1.000000000000000000e+00
9.993333461758555636e-01,-1.568040682423943455e-02,3.296950201009549164e-02,7.187507231061723845e-01
-1.433176027284066567e-02,-9.990665138803417333e-01,-4.075170536876692590e-02,-6.965624017830801193e-03
3.357772875656098166e-02,4.025202708941882229e-02,-9.986252101998743802e-01,2.088561441673822960e-01
0.000000000000000000e+00,0.000000000000000000e+00,0.000000000000000000e+00,1.000000000000000000e+00
9.990788825738786683e-01,-1.597355705215203203e-02,3.982752653670008219e-02,7.195838732449288955e-01
-1.437804052876995309e-02,-9.990950172774730742e-01,-4.003021860893048872e-02,-6.875369163494039586e-03
4.043090829406314340e-02,3.942070428629303180e-02,-9.984044018973922130e-01,2.140365711413754202e-01
0.000000000000000000e+00,0.000000000000000000e+00,0.000000000000000000e+00,1.000000000000000000e+00
9.987686805485983532e-01,-1.628884032266519899e-02,4.685932603180271994e-02,7.203897445001481437e-01
-1.445502228264805566e-02,-9.991264051115537059e-01,-3.921069930097891010e-02,-6.762938685326086267e-03
4.745708678395913621e-02,3.848506580228698570e-02,-9.981316168843533676e-01,2.195834630245437347e-01
0.000000000000000000e+00,0.000000000000000000e+00,0.000000000000000000e+00,1.000000000000000000e+00
9.984324654239901120e-01,-1.666705370542620468e-02,5.343052786706626450e-02,7.210687186036478513e-01
-1.462592356171393826e-02,-9.991566495566897022e-01,-3.836759057613044893e-02,-6.690175440181807265e-03
5.402494190038351768e-02,3.752597723485842640e-02,-9.978342080151538784e-01,2.252496495125971276e-01
0.000000000000000000e+00,0.000000000000000000e+00,0.000000000000000000e+00,1.000000000000000000e+00
9.980605624201337456e-01,-1.713191123281804229e-02,5.984656514051101689e-02,7.216753024441446840e-01
-1.490495080129156102e-02,-9.991869113083953202e-01,-3.746142965237694855e-02,-6.602894081173456622e-03
6.043969046262295808e-02,3.649676543886797714e-02,-9.975044009573504900e-01,2.311096207578120509e-01
0.000000000000000000e+00,0.000000000000000000e+00,0.000000000000000000e+00,1.000000000000000000e+00
9.976257334561624557e-01,-1.761271518506979383e-02,6.657843652312454841e-02,7.222396059459034179e-01
-1.520778467377909005e-02,-9.992194783356393994e-01,-3.645761100194047644e-02,-6.488638771688861814e-03
6.716858812994432049e-02,3.535854038930977272e-02,-9.971149153383314090e-01,2.372586998972071592e-01
0.000000000000000000e+00,0.000000000000000000e+00,0.000000000000000000e+00,1.000000000000000000e+00
9.971160569694736964e-01,-1.774102684716605260e-02,7.378905677712237210e-02,7.227881055830741586e-01
-1.516309854544856117e-02,-9.992599144918272724e-01,-3.535114895285984549e-02,-6.257075713946852122e-03
7.436161224819076709e-02,3.413032751372895024e-02,-9.966471147641252637e-01,2.434292067251034031e-01
0.000000000000000000e+00,0.000000000000000000e+00,0.000000000000000000e+00,1.000000000000000000e+00
9.965205687842186855e-01,-1.763978748565664390e-02,8.145915471841173872e-02,7.233370578960565123e-01
-1.489947391817575406e-02,-9.993064510854587912e-01,-3.412656583875552790e-02,-5.856020062624502781e-03
8.200464417908842618e-02,3.279412624916512586e-02,-9.960922565789852579e-01,2.496582930150982871e-01
0.000000000000000000e+00,0.000000000000000000e+00,0.000000000000000000e+00,1.000000000000000000e+00
9.958241007859383043e-01,-1.736508537443870459e-02,8.962596779848905348e-02,7.238753234949829585e-01
-1.447345596491905750e-02,-9.993567056399690340e-01,-3.281301517477128865e-02,-5.342692056134589612e-03
9.013811272879462821e-02,3.137879383224724539e-02,-9.954348255568139514e-01,2.560312650181618133e-01
0.000000000000000000e+00,0.000000000000000000e+00,0.000000000000000000e+00,1.000000000000000000e+00
9.950461173602725973e-01,-1.702164741364897704e-02,9.794635187475053684e-02,7.243991041032181721e-01
-1.399861369032484593e-02,-9.994066917267107053e-01,-3.146908557013755603e-02,-4.789274685326867786e-03
9.842389517284948208e-02,2.994207827117229687e-02,-9.946940277330548197e-01,2.623439984654696300e-01
0.000000000000000000e+00,0.000000000000000000e+00,0.000000000000000000e+00,1.000000000000000000e+00
9.941701331510843787e-01,-1.648956386221417381e-02,1.065544022271700253e-01,7.249137871649499187e-01
-1.336290813143214962e-02,-9.994608420408614968e-01,-2.999096385985496743e-02,-4.107508216281105171e-03
1.069914904869841976e-01,2.839224384592001216e-02,-9.938544669380761087e-01,2.687930312188675508e-01
0.000000000000000000e+00,0.000000000000000000e+00,0.000000000000000000e+00,1.000000000000000000e+00
9.932396746817857558e-01,-1.592978894140989476e-02,1.149834355996674079e-01,7.253227298249134147e-01
-1.274498100463394845e-02,-9.995159466168617168e-01,-2.838023815598483476e-02,-3.330637139115024629e-03
1.153798686825923681e-01,2.672291681087667070e-02,-9.929619185144548110e-01,2.753369113423974057e-01
0.000000000000000000e+00,0.000000000000000000e+00,0.000000000000000000e+00,1.000000000000000000e+00
9.923197861426589217e-01,-1.551377948502014048e-02,1.227223071649066188e-01,7.256062794484553491e-01
-1.233570352881990795e-02,-9.995696681145237461e-01,-2.661407529616352172e-02,-2.321544411814846151e-03
1.230823807384167634e-01,2.489580750871454862e-02,-9.920841326824315631e-01,2.816625056996234222e-01
0.000000000000000000e+00,0.000000000000000000e+00,0.000000000000000000e+00,1.000000000000000000e+00
9.914941815484787924e-01,-1.581108708948952835e-02,1.291870639056428294e-01,7.256349378963887764e-01
-1.274812211954357011e-02,-9.996184912349499463e-01,-2.450219099564798775e-02,-9.692960097673676036e-04
1.295251841841472684e-01,2.264688734044006946e-02,-9.913174794967817283e-01,2.878684557778534159e-01
0.000000000000000000e+00,0.000000000000000000e+00,0.000000000000000000e+00,1.000000000000000000e+00
9.908231725692980829e-01,-1.570300277153530155e-02,1.342492324137010695e-01,7.253982892518525682e-01
-1.280312070745182051e-02,-9.996662776174616294e-01,-2.243687800471073565e-02,7.208494300198499925e-04
1.345567567974987055e-01,2.051216951970242369e-02,-9.906935601394277757e-01,2.937916364018947624e-01
0.000000000000000000e+00,0.000000000000000000e+00,0.000000000000000000e+00,1.000000000000000000e+00
9.904607737837652914e-01,-1.555549503016911972e-02,1.369141415998769151e-01,7.248542625921329252e-01
-1.293728118299652952e-02,-9.997164292122441287e-01,-1.999219644541900751e-02,2.796383576957156038e-03
1.371863052613373213e-01,1.803018961316055907e-02,-9.903811538550482130e-01,2.992477896584236907e-01
0.000000000000000000e+00,0.000000000000000000e+00,0.000000000000000000e+00,1.000000000000000000e+00
9.905612764654736502e-01,-1.526213444242358053e-02,1.362182984013262377e-01,7.239268240845051494e-01
-1.306258462452042357e-02,-9.997697060342763953e-01,-1.702656098757828959e-02,5.319511435510801758e-03
1.364467898120677591e-01,1.508648893539731722e-02,-9.905325191035293519e-01,3.043975363148516133e-01
0.000000000000000000e+00,0.000000000000000000e+00,0.000000000000000000e+00,1.000000000000000000e+00
9.909559209293948845e-01,-1.388786967159882924e-02,1.334671864203309799e-01,7.227565037343257615e-01
-1.219980067545267666e-02,-9.998350187806648304e-01,-1.345734310133514175e-02,8.375325626194456835e-03
1.336320606682915579e-01,1.170736075520489167e-02,-9.909618610550526840e-01,3.091111639463635097e-01
0.000000000000000000e+00,0.000000000000000000e+00,0.000000000000000000e+00,1.000000000000000000e+00
9.918080443142700542e-01,-1.250957651496636958e-02,1.271232226185259884e-01,7.212429083821149112e-01
-1.138056464789044542e-02,-9.998891196555700356e-01,-9.603704634369320328e-03,1.179741999148224176e-02
1.272292654297678682e-01,8.078297458327429736e-03,-9.918404383409544778e-01,3.132244319106967101e-01
0.000000000000000000e+00,0.000000000000000000e+00,0.000000000000000000e+00,1.000000000000000000e+00
9.928474821173003395e-01,-9.714997808898784282e-03,1.189936808024263520e-01,7.195642741262887609e-01
-9.120229742177854426e-03,-9.999430529253006128e-01,-5.541869348803004323e-03,1.564491599729033594e-02
1.190407437089779363e-01,4.416981322396588971e-03,-9.928795453695332673e-01,3.170158918544780935e-01
0.000000000000000000e+00,0.000000000000000000e+00,0.000000000000000000e+00,1.000000000000000000e+00
9.939282158802209555e-01,-4.238978620937972064e-03,1.099487732419588137e-01,7.178962484476089090e-01
-4.131312179319557298e-03,-9.999907376246235380e-01,-1.207031332668418106e-03,1.991978827889070991e-02
1.099528714351630521e-01,7.454697929949044566e-04,-9.939365222879930073e-01,3.205102935028936173e-01
0.000000000000000000e+00,0.000000000000000000e+00,0.000000000000000000e+00,1.000000000000000000e+00
9.949151003472774812e-01,2.101755389228687765e-03,1.006952120274386686e-01,7.162992915744337274e-01
1.805191908334891071e-03,-9.999937614030167676e-01,3.036187942216381826e-03,2.450393053227458220e-02
1.007009651549628099e-01,-2.838975049243380733e-03,-9.949126875447555918e-01,3.236747547248102208e-01
0.000000000000000000e+00,0.000000000000000000e+00,0.000000000000000000e+00,1.000000000000000000e+00
9.957359505746294914e-01,8.664895396436778086e-03,9.184136497792264042e-02,7.147070138426945274e-01
8.065472076942303836e-03,-9.999436959152662174e-01,6.895879892651548757e-03,2.920903179880459874e-02
9.189594601186330813e-02,-6.125731555220170765e-03,-9.957497730451653206e-01,3.267199895192736125e-01
0.000000000000000000e+00,0.000000000000000000e+00,0.000000000000000000e+00,1.000000000000000000e+00
9.964055799106263933e-01,1.538790094913250472e-02,8.330145753435504175e-02,7.130992983761120785e-01
1.455552030115420115e-02,-9.998379756887314507e-01,1.059052403906717878e-02,3.398497822929852363e-02
8.345092660798301976e-02,-9.339961190447131079e-03,-9.964681168874546247e-01,3.296479633723258251e-01
0.000000000000000000e+00,0.000000000000000000e+00,0.000000000000000000e+00,1.000000000000000000e+00
9.968979059185316682e-01,2.233950791168926031e-02,7.546861308855436212e-02,7.115502853973382225e-01
2.132761953560574630e-02,-9.996718685153723749e-01,1.418759824383516652e-02,3.889145230018579980e-02
7.576079342371486169e-02,-1.253402111246017941e-02,-9.970472408539935438e-01,3.323539028025724318e-01
0.000000000000000000e+00,0.000000000000000000e+00,0.000000000000000000e+00,1.000000000000000000e+00
9.971695068213788371e-01,2.933638727885712338e-02,6.922680873067434126e-02,7.101916726539487801e-01
2.818197390037535666e-02,-9.994479586128254267e-01,1.759415731811764250e-02,4.380954832869151522e-02
6.970474168008239380e-02,-1.559340905899096394e-02,-9.974457852842086858e-01,3.348020996429752483e-01
0.000000000000000000e+00,0.000000000000000000e+00,0.000000000000000000e+00,1.000000000000000000e+00
9.972520264798798717e-01,3.671514217033383654e-02,6.434589355339624672e-02,7.089443741977968783e-01
3.543045960893526081e-02,-9.991516015609442913e-01,2.099427612706492377e-02,4.897197513929913565e-02
6.506211043051429721e-02,-1.865677982964919837e-02,-9.977067937789717567e-01,3.372499241917183976e-01
0.000000000000000000e+00,0.000000000000000000e+00,0.000000000000000000e+00,1.000000000000000000e+00
9.971198772539102695e-01,4.420559850858907236e-02,6.162641840675765065e-02,7.078854236126115307e-01
4.279050560713842932e-02,-9.987934312155939409e-01,2.409677137016827397e-02,5.420515350338041272e-02
6.261727409455625226e-02,-2.139034410845548975e-02,-9.978083634465533258e-01,3.396896713302333115e-01
0.000000000000000000e+00,0.000000000000000000e+00,0.000000000000000000e+00,1.000000000000000000e+00
9.967146526585524136e-01,5.176962808931823146e-02,6.228809503616773019e-02,7.071439172402910200e-01
5.015156661619424305e-02,-9.983693366776393852e-01,2.726697540600795180e-02,5.948864485089041393e-02
6.359812530006214715e-02,-2.405354837324630984e-02,-9.976856745834197238e-01,3.421637093022372733e-01
0.000000000000000000e+00,0.000000000000000000e+00,0.000000000000000000e+00,1.000000000000000000e+00
9.961160915073573596e-01,5.917290773237565693e-02,6.520198793443104934e-02,7.066556024496479793e-01
5.728887898827306202e-02,-9.978947796200399178e-01,3.039725565472905372e-02,6.466409243729198675e-02
6.686341738479231744e-02,-2.654384669876816427e-02,-9.974089971611743710e-01,3.446178651008788840e-01
0.000000000000000000e+00,0.000000000000000000e+00,0.000000000000000000e+00,1.000000000000000000e+00
9.954612698140929972e-01,6.630729368163384985e-02,6.826568028468882332e-02,7.062350627619649046e-01
6.416384320709656031e-02,-9.973893310238408638e-01,3.312889350264899141e-02,6.977228120658074406e-02
7.028414846186095688e-02,-2.859834198747025075e-02,-9.971169807552967557e-01,3.469366112805605251e-01
0.000000000000000000e+00,0.000000000000000000e+00,0.000000000000000000e+00,1.000000000000000000e+00
9.948707181083418227e-01,7.211348619273694194e-02,7.093588203245292101e-02,7.058067718957158343e-01
6.973242915011051979e-02,-9.969341586930660082e-01,3.549185196314225132e-02,7.474996328309214955e-02
7.327784505167281304e-02,-3.036327288153766596e-02,-9.968492509324086148e-01,3.489857270188179150e-01
0.000000000000000000e+00,0.000000000000000000e+00,0.000000000000000000e+00,1.000000000000000000e+00
9.944345297683552243e-01,7.602260740080041268e-02,7.294195753045391861e-02,7.053033892476540112e-01
7.341444098167604349e-02,-9.965849474443522205e-01,3.779897330200449740e-02,7.965808532003533504e-02
7.556643341946714387e-02,-3.223361120509800337e-02,-9.966196408103443760e-01,3.506447074475229075e-01
0.000000000000000000e+00,0.000000000000000000e+00,0.000000000000000000e+00,1.000000000000000000e+00
9.942826296484514881e-01,7.673522081896716474e-02,7.425468513989121055e-02,7.047147786056165986e-01
7.391927474950155119e-02,-9.964633339724668915e-01,3.995954040005222224e-02,8.458063549414128468e-02
7.705837527399425624e-02,-3.424222443621409429e-02,-9.964383959210886266e-01,3.518769462068183085e-01
0.000000000000000000e+00,0.000000000000000000e+00,0.000000000000000000e+00,1.000000000000000000e+00
9.945677266732373401e-01,7.206163425152750657e-02,7.511429909829496487e-02,7.041084442791408771e-01
6.904570348827887560e-02,-9.967287306956645887e-01,4.200628804855609244e-02,8.962563507514187400e-02
7.789562176295741769e-02,-3.659177878716282639e-02,-9.962897740292999682e-01,3.527606277235209031e-01
0.000000000000000000e+00,0.000000000000000000e+00,0.000000000000000000e+00,1.000000000000000000e+00
9.949394993774183238e-01,6.638626503859290651e-02,7.542053031395484775e-02,7.034596395607054520e-01
6.320952336693930196e-02,-9.970405775027164630e-01,4.375663342596070732e-02,9.469124465580050498e-02
7.810216856359897264e-02,-3.876790718203966535e-02,-9.961912972107255237e-01,3.532469835113907219e-01
0.000000000000000000e+00,0.000000000000000000e+00,0.000000000000000000e+00,1.000000000000000000e+00
9.952736974095863776e-01,6.138743503689814141e-02,7.524526605868339657e-02,7.027673651742954997e-01
5.809577125040521484e-02,-9.972880387246677580e-01,4.518239900145002569e-02,9.984282156745183379e-02
7.781483539449288167e-02,-4.059742154738722048e-02,-9.961409040674074067e-01,3.533537386267008307e-01
0.000000000000000000e+00,0.000000000000000000e+00,0.000000000000000000e+00,1.000000000000000000e+00
9.955566030021774093e-01,5.746981630589986789e-02,7.459403751327089993e-02,7.019815507167718183e-01
5.409365106062363759e-02,-9.974516626220101267e-01,4.651943300943338355e-02,1.051654928197854055e-01
7.707741000900733552e-02,-4.227766486401292323e-02,-9.961283410886115908e-01,3.531737585173809757e-01
0.000000000000000000e+00,0.000000000000000000e+00,0.000000000000000000e+00,1.000000000000000000e+00
9.957025872903962904e-01,5.650367849424381417e-02,7.337364635773556409e-02,7.010761045105041722e-01
5.307234772761210140e-02,-9.974410425600416241e-01,4.790294900542867162e-02,1.105182698215580184e-01
7.589257914902038105e-02,-4.380297859000463478e-02,-9.961534096195994170e-01,3.527620883437595500e-01
0.000000000000000000e+00,0.000000000000000000e+00,0.000000000000000000e+00,1.000000000000000000e+00
9.956800739480934359e-01,5.873354857414953001e-02,7.191356349540210802e-02,7.001278226157513496e-01
5.525156975134015713e-02,-9.972453000293602932e-01,4.948813604657064519e-02,1.158953031984628901e-01
7.462207704648789186e-02,-4.530101368886908786e-02,-9.961823948334106449e-01,3.522209799463440483e-01
0.000000000000000000e+00,0.000000000000000000e+00,0.000000000000000000e+00,1.000000000000000000e+00
9.955213328298817554e-01,6.325712342111577957e-02,7.025533586213425497e-02,6.991297672263053764e-01
5.971649757234115397e-02,-9.968909502759025765e-01,5.140401906174911495e-02,1.215145617359315727e-01
7.328857890768619709e-02,-4.697839497570996392e-02,-9.962037013619243764e-01,3.515671382330797234e-01
0.000000000000000000e+00,0.000000000000000000e+00,0.000000000000000000e+00,1.000000000000000000e+00
9.952910641776586687e-01,6.875399672970333720e-02,6.832704809806719459e-02,6.980691628503381541e-01
6.514223894344567389e-02,-9.964271107252758997e-01,5.375408558532220049e-02,1.274929396348974120e-01
7.177873134528559018e-02,-4.904998415260770211e-02,-9.962137886925127583e-01,3.507650506333698237e-01
0.000000000000000000e+00,0.000000000000000000e+00,0.000000000000000000e+00,1.000000000000000000e+00
9.950805412334544631e-01,7.384231461154755483e-02,6.604565868658338057e-02,6.969318688423976615e-01
7.017445789213749840e-02,-9.959485234405276444e-01,5.623241161623144385e-02,1.336834412757584023e-01
6.993040767849161010e-02,-5.132106029148184034e-02,-9.962308401432259375e-01,3.497483307295338184e-01
0.000000000000000000e+00,0.000000000000000000e+00,0.000000000000000000e+00,1.000000000000000000e+00
9.948909624334653090e-01,7.854327722448134486e-02,6.342654389962394668e-02,6.956934279351831840e-01
7.484115096450205673e-02,-9.954617176142332990e-01,5.877729907735747966e-02,1.401555426850512320e-01
6.775525802859332092e-02,-5.373008810116342709e-02,-9.962541355708993684e-01,3.485306392281785071e-01
0.000000000000000000e+00,0.000000000000000000e+00,0.000000000000000000e+00,1.000000000000000000e+00
9.948415707118370976e-01,8.142792795782149984e-02,6.049579929301487913e-02,6.943526169955009930e-01
7.773886496719689676e-02,-9.951046318508700583e-01,6.102000116811232694e-02,1.468616140993297681e-01
6.516838234310295963e-02,-5.600235903460065029e-02,-9.963015696692156808e-01,3.470829348996667396e-01
0.000000000000000000e+00,0.000000000000000000e+00,0.000000000000000000e+00,1.000000000000000000e+00
9.950103454020785554e-01,8.143407720959600082e-02,5.764463211659633796e-02,6.929431870993590925e-01
7.778019320244566881e-02,-9.949765913539341256e-01,6.302241032439685753e-02,1.538869221015488897e-01
6.248723140151425659e-02,-5.822433964183686833e-02,-9.963459600886860335e-01,3.453788941267517121e-01
0.000000000000000000e+00,0.000000000000000000e+00,0.000000000000000000e+00,1.000000000000000000e+00
9.952926910192883003e-01,8.014960874738702445e-02,5.448393727718260637e-02,6.914764343115609169e-01
7.658520464878665335e-02,-9.949659935628930585e-01,6.463263945026878621e-02,1.609795869984443073e-01
5.938994555046039903e-02,-6.015573015969274268e-02,-9.964206553943306677e-01,3.433232086799387628e-01
0.000000000000000000e+00,0.000000000000000000e+00,0.000000000000000000e+00,1.000000000000000000e+00
9.957393703386065997e-01,7.697771922656065913e-02,5.076945046336316797e-02,6.899718788845787820e-01
7.357084391744950214e-02,-9.951124045825430198e-01,6.586830171807350753e-02,1.678378390955656274e-01
5.559170156551588443e-02,-6.185250996221308695e-02,-9.965359149214969570e-01,3.409848101673279563e-01
0.000000000000000000e+00,0.000000000000000000e+00,0.000000000000000000e+00,1.000000000000000000e+00
9.964282300635414202e-01,7.038969212629747618e-02,4.664840377551558032e-02,6.884089854769238626e-01
6.719532689789320390e-02,-9.954990824855933784e-01,6.683086722037290262e-02,1.743941101890140177e-01
5.114264732611883274e-02,-6.345760799704699973e-02,-9.966732471636677859e-01,3.384219878213308719e-01
0.000000000000000000e+00,0.000000000000000000e+00,0.000000000000000000e+00,1.000000000000000000e+00
9.972408892761048804e-01,6.096823823038288737e-02,4.234952990160192193e-02,6.867890953586978098e-01
5.803145390277603122e-02,-9.960356017267262274e-01,6.741980755541104875e-02,1.810903935925192998e-01
4.629210638687096535e-02,-6.477618404909292471e-02,-9.968255047230205612e-01,3.355763747118462592e-01
0.000000000000000000e+00,0.000000000000000000e+00,0.000000000000000000e+00,1.000000000000000000e+00
9.979782596825191865e-01,5.032513481241646103e-02,3.881718700733802208e-02,6.853617431424202655e-01
4.762781966176932169e-02,-9.965795403028381294e-01,6.753377409896511863e-02,1.874259838134260669e-01
4.208306066954384944e-02,-6.554846036251489594e-02,-9.969615917119311055e-01,3.325443570041360930e-01
0.000000000000000000e+00,0.000000000000000000e+00,0.000000000000000000e+00,1.000000000000000000e+00
9.985511417885206686e-01,4.000271354320877881e-02,3.599166767492278929e-02,6.840585662740497064e-01
3.751751177104467594e-02,-9.970299479050932501e-01,6.725860012575857194e-02,1.935719526320735795e-01
3.857529706109356221e-02,-6.581083413502028523e-02,-9.970861951542111523e-01,3.292760652623525908e-01
0.000000000000000000e+00,0.000000000000000000e+00,0.000000000000000000e+00,1.000000000000000000e+00
9.989222214676087841e-01,3.234730244603595262e-02,3.328734718601552428e-02,6.827677908377265403e-01
3.006847688201752522e-02,-9.973118390579596149e-01,6.682052358988170571e-02,1.997779584007784159e-01
3.535932912561035035e-02,-6.574760603470698739e-02,-9.972095918835176542e-01,3.256378745923578233e-01
0.000000000000000000e+00,0.000000000000000000e+00,0.000000000000000000e+00,1.000000000000000000e+00
9.990992422179415522e-01,2.995314656184722146e-02,3.005849647902583341e-02,6.815391200017429929e-01
2.791235967152300157e-02,-9.974186770862214502e-01,6.615801370310196716e-02,2.057235261924416636e-01
3.196254647400059712e-02,-6.525941779250560293e-02,-9.973563074509934623e-01,3.216345041826662587e-01
0.000000000000000000e+00,0.000000000000000000e+00,0.000000000000000000e+00,1.000000000000000000e+00
9.990822793748880271e-01,3.274779446848791187e-02,2.760762569523358620e-02,6.804592771273415552e-01
3.087825544061256755e-02,-9.973667346707688619e-01,6.562110874644216940e-02,2.116966632987357932e-01
2.968387407369081979e-02,-6.470841158317658381e-02,-9.974626254102756384e-01,3.174531814205604485e-01
0.000000000000000000e+00,0.000000000000000000e+00,0.000000000000000000e+00,1.000000000000000000e+00
9.988279469018669365e-01,4.050635812609565400e-02,2.649466812704070334e-02,6.795086138046972923e-01
3.870198358159265828e-02,-9.971086491889864512e-01,6.539494001346418672e-02,2.176657163963756636e-01
2.906697360668410168e-02,-6.429289746056665589e-02,-9.975076613146754978e-01,3.130845502894519239e-01
0.000000000000000000e+00,0.000000000000000000e+00,0.000000000000000000e+00,1.000000000000000000e+00
9.984892527351677538e-01,4.803033780756338356e-02,2.668892696340312287e-02,6.787975300623334540e-01
4.619940717487913684e-02,-9.967867664375293923e-01,6.543513606392636905e-02,2.232959720295662476e-01
2.974604089717224412e-02,-6.410326750725096889e-02,-9.974998466896312088e-01,3.082932109366123274e-01
0.000000000000000000e+00,0.000000000000000000e+00,0.000000000000000000e+00,1.000000000000000000e+00
9.981026613510910472e-01,5.506753000740288728e-02,2.754350273208583388e-02,6.783900635776425325e-01
5.316712681833701826e-02,-9.964333089447969805e-01,6.552798983034439917e-02,2.285851917446459769e-01
3.105372811356968410e-02,-6.393925213987594613e-02,-9.974705198681521612e-01,3.034399931768803071e-01
0.000000000000000000e+00,0.000000000000000000e+00,0.000000000000000000e+00,1.000000000000000000e+00
9.976188134944284913e-01,6.158413306621335348e-02,3.104991974952219999e-02,6.784181429562821108e-01
5.942266173070853696e-02,-9.960291376725547430e-01,6.629407349156296592e-02,2.335577119002030244e-01
3.500928783632450969e-02,-6.429114606032401702e-02,-9.973168996379453421e-01,2.987438761127687581e-01
0.000000000000000000e+00,0.000000000000000000e+00,0.000000000000000000e+00,1.000000000000000000e+00
9.970822810747252962e-01,6.722577102216942269e-02,3.616103534604234171e-02,6.787799445645932295e-01
6.466773646094231554e-02,-9.956021681368210086e-01,6.778205265613652941e-02,2.381165289979402799e-01
4.055870594386613154e-02,-6.524583137439501912e-02,-9.970446192926488704e-01,2.939789223555250297e-01
0.000000000000000000e+00,0.000000000000000000e+00,0.000000000000000000e+00,1.000000000000000000e+00
9.964109941704494267e-01,7.220718902579276177e-02,4.417298438242919095e-02,6.796403311903932432e-01
6.900432764892183712e-02,-9.951449735767556870e-01,7.017752012317635124e-02,2.422954956400718285e-01
4.902584483695447692e-02,-6.687752550679491870e-02,-9.965560009954839149e-01,2.894875017226174463e-01
0.000000000000000000e+00,0.000000000000000000e+00,0.000000000000000000e+00,1.000000000000000000e+00
9.956227538687005829e-01,7.631436617218911866e-02,5.395784924032511615e-02,6.809204232187755501e-01
7.227878076400900964e-02,-9.946979289661236345e-01,7.315605211992234902e-02,2.460191288096251760e-01
5.925461864000917955e-02,-6.893582251806032457e-02,-9.958598006464490782e-01,2.850449873520939370e-01
0.000000000000000000e+00,0.000000000000000000e+00,0.000000000000000000e+00,1.000000000000000000e+00
9.947024973515496971e-01,7.940309663418210206e-02,6.528468432559754453e-02,6.825003014838757487e-01
7.433708334076050139e-02,-9.942811031657183829e-01,7.667519760620500335e-02,2.493080428588569653e-01
7.099957607605142385e-02,-7.141593752422847885e-02,-9.949164910004035800e-01,2.808837444769309855e-01
0.000000000000000000e+00,0.000000000000000000e+00,0.000000000000000000e+00,1.000000000000000000e+00
9.937151501429783984e-01,8.085801450242274813e-02,7.740918464267437793e-02,6.843526456383444145e-01
7.460341496733363664e-02,-9.939553655129860221e-01,8.054229847203252246e-02,2.522428743520669370e-01
8.345376475348177669e-02,-7.426111269481591726e-02,-9.937407892855149028e-01,2.770022364162402773e-01
0.000000000000000000e+00,0.000000000000000000e+00,0.000000000000000000e+00,1.000000000000000000e+00
9.927854410814287434e-01,7.982483049647470796e-02,8.947102554996516632e-02,6.862442297954846060e-01
7.230827822113067294e-02,-9.938116370782734688e-01,8.432047739723570745e-02,2.545725137142798578e-01
9.564821418849926704e-02,-7.724264653681450765e-02,-9.924137205211039925e-01,2.733375061822043151e-01
0.000000000000000000e+00,0.000000000000000000e+00,0.000000000000000000e+00,1.000000000000000000e+00
9.917749991078375071e-01,7.773470202838389520e-02,1.016841543467210673e-01,6.882269906298763562e-01
6.884788563913368797e-02,-9.937235713858385555e-01,8.816707046962213301e-02,2.565719466437587637e-01
1.078995819624440911e-01,-8.044115720657503410e-02,-9.909020640000690827e-01,2.702206383092773945e-01
0.000000000000000000e+00,0.000000000000000000e+00,0.000000000000000000e+00,1.000000000000000000e+00
9.908645753391153166e-01,7.309520402675445672e-02,1.133335099885379449e-01,6.901799506961067143e-01
6.279331429442824852e-02,-9.937817700286857292e-01,9.194994963877649308e-02,2.584116041364379890e-01
1.193498764890693203e-01,-8.399336108847835214e-02,-9.892930416590953735e-01,2.675803878173426686e-01
0.000000000000000000e+00,0.000000000000000000e+00,0.000000000000000000e+00,1.000000000000000000e+00
9.903266272200910159e-01,6.387372468342483733e-02,1.231800256289341533e-01,6.919499813108490605e-01
5.227226409451979361e-02,-9.940829053246658109e-01,9.521968151440242389e-02,2.599827177044837234e-01
1.285331934766718864e-01,-8.785968720828400691e-02,-9.878055950126778395e-01,2.657651833552471254e-01
0.000000000000000000e+00,0.000000000000000000e+00,0.000000000000000000e+00,1.000000000000000000e+00
9.901272313221144428e-01,4.933704195534582837e-02,1.312018372032197622e-01,6.935769638520925540e-01
3.656360771918587549e-02,-9.945101595420942076e-01,9.804409802795646667e-02,2.614268990486063315e-01
1.353187658270694760e-01,-9.227891882035950399e-02,-9.864955310372086617e-01,2.638956411804474489e-01
0.000000000000000000e+00,0.000000000000000000e+00,0.000000000000000000e+00,1.000000000000000000e+00
9.902609537798487960e-01,2.940390825892519322e-02,1.360832598012146066e-01,6.948358551834077357e-01
1.581581025370820681e-02,-9.948742155255944075e-01,9.987569988917237296e-02,2.626320634348676686e-01
1.383224622577361451e-01,-9.675073881595962211e-02,-9.856501361910946502e-01,2.622173406758286918e-01
0.000000000000000000e+00,0.000000000000000000e+00,0.000000000000000000e+00,1.000000000000000000e+00
9.905018865853092436e-01,5.834878549716260299e-03,1.373752774819871347e-01,6.957392599128268129e-01
-8.068945595143706129e-03,-9.949107526293436976e-01,1.004364795255970194e-01,2.636341114338413005e-01
1.372621753722617355e-01,-1.005909960922106161e-01,-9.854138961458031032e-01,2.607016090555077659e-01
0.000000000000000000e+00,0.000000000000000000e+00,0.000000000000000000e+00,1.000000000000000000e+00
9.903408041138146434e-01,-1.983764689457706565e-02,1.372281293062361796e-01,6.963972711818542383e-01
-3.385562099683986359e-02,-9.943523521839978674e-01,1.005842762715364741e-01,2.646360046390093257e-01
1.344577578056444234e-01,-1.042586565798567649e-01,-9.854193238890955886e-01,2.594379004502247454e-01
0.000000000000000000e+00,0.000000000000000000e+00,0.000000000000000000e+00,1.000000000000000000e+00
9.896241133603933537e-01,-4.389479270519469623e-02,1.368114082561220357e-01,6.968257408465431402e-01
-5.796289233199158897e-02,-9.932368648013343293e-01,1.006023534124611263e-01,2.656138278087537552e-01
1.314702147566713386e-01,-1.074884997243135409e-01,-9.854754208293837747e-01,2.583274948524735826e-01
0.000000000000000000e+00,0.000000000000000000e+00,0.000000000000000000e+00,1.000000000000000000e+00
9.886218500926672315e-01,-6.260316415328742723e-02,1.367760262522236536e-01,6.970848573552834715e-01
-7.675899167333694040e-02,-9.919412890991801124e-01,1.007994850063732989e-01,2.667638845511189905e-01
1.293634210920730498e-01,-1.101513632155953076e-01,-9.854601881685028930e-01,2.573361092075864276e-01
0.000000000000000000e+00,0.000000000000000000e+00,0.000000000000000000e+00,1.000000000000000000e+00
9.878446318009168614e-01,-7.393254782231012401e-02,1.367368340814304473e-01,6.972038978580723523e-01
-8.815094355586883257e-02,-9.909704502429922401e-01,1.010295892073774376e-01,2.680450932804938069e-01
1.280327870989338701e-01,-1.118550182946800725e-01,-9.854420633959034559e-01,2.564849331469758464e-01
0.000000000000000000e+00,0.000000000000000000e+00,0.000000000000000000e+00,1.000000000000000000e+00
9.875149338185289505e-01,-7.865853997471256021e-02,1.364810960332359380e-01,6.971543606640764335e-01
-9.288675409484326018e-02,-9.905185572800980776e-01,1.012177780702455260e-01,2.693906872491538818e-01
1.272254156963572858e-01,-1.126313534181308529e-01,-9.854582039985709807e-01,2.556575506574821910e-01
0.000000000000000000e+00,0.000000000000000000e+00,0.000000000000000000e+00,1.000000000000000000e+00
9.876835372210971409e-01,-7.705489640707929855e-02,1.361755236528064961e-01,6.969777561196538462e-01
-9.127369035142118836e-02,-9.906443568948153366e-01,1.014537904767033732e-01,2.709569312904420713e-01
1.270840027385610749e-01,-1.126334812218472425e-01,-9.854762073007106160e-01,2.548747309869405786e-01
0.000000000000000000e+00,0.000000000000000000e+00,0.000000000000000000e+00,1.000000000000000000e+00
9.879230486543957301e-01,-7.474391351202336331e-02,1.357254483518545718e-01,6.966474995778374479e-01
-8.892955811795333343e-02,-9.908374282593147564e-01,1.016500096085218019e-01,2.727046401126563269e-01
1.268841346676184700e-01,-1.124923915354910098e-01,-9.855180760474540058e-01,2.541062842292352020e-01
0.000000000000000000e+00,0.000000000000000000e+00,0.000000000000000000e+00,1.000000000000000000e+00
9.881616605882372895e-01,-7.219934397453897645e-02,1.353653843238510068e-01,6.963217464734730022e-01
-8.635779405415772159e-02,-9.910477700780961907e-01,1.018167414000894361e-01,2.744877834710060527e-01
1.268024603452051480e-01,-1.123012562390964530e-01,-9.855503862804395609e-01,2.533620171657003928e-01
0.000000000000000000e+00,0.000000000000000000e+00,0.000000000000000000e+00,1.000000000000000000e+00
9.883248847724364072e-01,-6.963764629179847176e-02,1.355157568642433030e-01,6.961578592034509683e-01
-8.384426991422999631e-02,-9.912328528610885314e-01,1.021154729285287527e-01,2.762005133905461318e-01
1.272165890994569892e-01,-1.122854827117278631e-01,-9.854988126984699504e-01,2.528637618222355776e-01
0.000000000000000000e+00,0.000000000000000000e+00,0.000000000000000000e+00,1.000000000000000000e+00
9.884317161358647796e-01,-6.757520604257533092e-02,1.357804627515046547e-01,6.960780468614374827e-01
-8.186363616665215392e-02,-9.913524095578136741e-01,1.025609337783665587e-01,2.778001224947904135e-01
1.276757126875870674e-01,-1.124899621842764263e-01,-9.854161155560104968e-01,2.524255125250616794e-01
0.000000000000000000e+00,0.000000000000000000e+00,0.000000000000000000e+00,1.000000000000000000e+00
9.885284275714344426e-01,-6.570829907023584271e-02,1.359925266933557642e-01,6.960253637368597479e-01
-8.006972317689592389e-02,-9.914556083222502147e-01,1.029787170085733200e-01,2.792649484040986008e-01
1.280639969449723914e-01,-1.126862731642723908e-01,-9.853432988186527908e-01,2.519673177375822970e-01
0.000000000000000000e+00,0.000000000000000000e+00,0.000000000000000000e+00,1.000000000000000000e+00
9.886271223033020750e-01,-6.385747238008682158e-02,1.361566607534057949e-01,6.960018378904869740e-01
-7.828083338375058098e-02,-9.915596168224947160e-01,1.033520072933896694e-01,2.807266278443861229e-01
1.284076484133134521e-01,-1.128350544292589797e-01,-9.852815467270810146e-01,2.514251735331785587e-01
0.000000000000000000e+00,0.000000000000000000e+00,0.000000000000000000e+00,1.000000000000000000e+00
9.887279112666846892e-01,-6.210600286713108265e-02,1.362349510591402135e-01,6.960601592553520289e-01
-7.657862916037899703e-02,-9.916561533812568996e-01,1.037004677762168592e-01,2.821472640547025845e-01
1.286578059743582192e-01,-1.129642326975973665e-01,-9.852341097896009092e-01,2.507710673288475745e-01
0.000000000000000000e+00,0.000000000000000000e+00,0.000000000000000000e+00,1.000000000000000000e+00
9.887907074824920928e-01,-6.032748017680195085e-02,1.365779335463451205e-01,6.962204413136988679e-01
-7.489824535194095079e-02,-9.917332826887281794e-01,1.041890054211082745e-01,2.836371520446748784e-01
1.291634222195771620e-01,-1.132505679586501279e-01,-9.851350766354685096e-01,2.501833149649249077e-01
0.000000000000000000e+00,0.000000000000000000e+00,0.000000000000000000e+00,1.000000000000000000e+00
9.888844650075803155e-01,-5.882057438850829545e-02,1.365564165291323351e-01,6.963552213645540778e-01
-7.344792850823700370e-02,-9.917907528815761431e-01,1.046733217990389736e-01,2.850525195016031521e-01
1.292784462488654473e-01,-1.135396077463816239e-01,-9.850867174052631015e-01,2.494347811450839392e-01
0.000000000000000000e+00,0.000000000000000000e+00,0.000000000000000000e+00,1.000000000000000000e+00
9.890003430098992521e-01,-5.724983496802199534e-02,1.363846689420628588e-01,6.965321142341972527e-01
-7.188221798453847677e-02,-9.918817296964580477e-01,1.048979553279554278e-01,2.863924963661400036e-01
1.292720707033237770e-01,-1.135477463030275108e-01,-9.850866160117994763e-01,2.486050267679740522e-01
0.000000000000000000e+00,0.000000000000000000e+00,0.000000000000000000e+00,1.000000000000000000e+00
9.891304387007960885e-01,-5.587380644182837752e-02,1.360113708087361817e-01,6.967530444640680498e-01
-7.046710900388336585e-02,-9.919767916474262481e-01,1.049591891237428437e-01,2.875746315071493475e-01
1.290556538250273166e-01,-1.134026568761943993e-01,-9.851317047122249981e-01,2.476567473377603856e-01
0.000000000000000000e+00,0.000000000000000000e+00,0.000000000000000000e+00,1.000000000000000000e+00
9.891958143840275941e-01,-5.485622402864587244e-02,1.359501213329345204e-01,6.970301107077405689e-01
-6.945147172904725386e-02,-9.920387708319254871e-01,1.050503224219326709e-01,2.884886214345158684e-01
1.291051272405163153e-01,-1.133572752477831208e-01,-9.851304453059038790e-01,2.466098595301951524e-01
0.000000000000000000e+00,0.000000000000000000e+00,0.000000000000000000e+00,1.000000000000000000e+00
9.892561721232313587e-01,-5.411012525125941108e-02,1.358098680559872984e-01,6.973683181230718731e-01
-6.868559967528858889e-02,-9.920932672300311062e-01,1.050392189331594284e-01,2.892429089393552255e-01
1.290523704289762985e-01,-1.132388778738786378e-01,-9.851509743305982836e-01,2.454073574093830756e-01
0.000000000000000000e+00,0.000000000000000000e+00,0.000000000000000000e+00,1.000000000000000000e+00
9.892775042938688479e-01,-5.359706911727413203e-02,1.358579172523003420e-01,6.978115394418118456e-01
-6.812407557070737640e-02,-9.921743179763086173e-01,1.046385831129396787e-01,2.897900002032330335e-01
1.291864150200449646e-01,-1.127717913765900748e-01,-9.851869838989874006e-01,2.441651412252662801e-01
0.000000000000000000e+00,0.000000000000000000e+00,0.000000000000000000e+00,1.000000000000000000e+00
9.892988375629536701e-01,-5.318158584512772125e-02,1.358658489966694805e-01,6.982379669078361273e-01
-6.760142162892912587e-02,-9.922956205323629764e-01,1.038241266086086245e-01,2.902093172917716846e-01
1.292975552372753745e-01,-1.118978123078816361e-01,-9.852720547190881861e-01,2.428637458882561551e-01
0.000000000000000000e+00,0.000000000000000000e+00,0.000000000000000000e+00,1.000000000000000000e+00
9.893978891033201606e-01,-5.286869585835729524e-02,1.352653615532470044e-01,6.985441205840086099e-01
-6.708946287644290685e-02,-9.924337537325071956e-01,1.028311646503895505e-01,2.905682341295990345e-01
1.288053609476116079e-01,-1.108158176915265414e-01,-9.854587934259420035e-01,2.413612619357299316e-01
0.000000000000000000e+00,0.000000000000000000e+00,0.000000000000000000e+00,1.000000000000000000e+00
9.895743354459187735e-01,-5.243034544435359878e-02,1.341405736656663683e-01,6.987463293013439491e-01
-6.637933156746683716e-02,-9.925957229080022426e-01,1.017227369145989324e-01,2.908992929037820252e-01
1.278140014529889901e-01,-1.095663713980077475e-01,-9.857275441475951139e-01,2.396598688449900760e-01
0.000000000000000000e+00,0.000000000000000000e+00,0.000000000000000000e+00,1.000000000000000000e+00
9.897237313568659767e-01,-5.113366244756034629e-02,1.335375758119833334e-01,6.989999099209148747e-01
-6.482665181929125886e-02,-9.928439208117740833e-01,1.002918447382647182e-01,2.911306511273856201e-01
1.274536810097794126e-01,-1.079180127309743997e-01,-9.859560140925428540e-01,2.380350816408945414e-01
0.000000000000000000e+00,0.000000000000000000e+00,0.000000000000000000e+00,1.000000000000000000e+00
9.898869955682305655e-01,-4.985879624176886571e-02,1.328075165125229273e-01,6.991868208308935628e-01
-6.331233340400493903e-02,-9.930628655728207521e-01,9.908427453051135703e-02,2.914617523947017896e-01
1.269459902629555270e-01,-1.064905885870643804e-01,-9.861766931430382410e-01,2.363661494282373043e-01
0.000000000000000000e+00,0.000000000000000000e+00,0.000000000000000000e+00,1.000000000000000000e+00
9.900551827285478668e-01,-4.923375726603546054e-02,1.317830501157521150e-01,6.992089257610719644e-01
-6.246794191370136362e-02,-9.931991470719744308e-01,9.825075311960157487e-02,2.919326917840928126e-01
1.260495592432128442e-01,-1.055058832528857765e-01,-9.863974945292693919e-01,2.347681401155384262e-01
0.000000000000000000e+00,0.000000000000000000e+00,0.000000000000000000e+00,1.000000000000000000e+00
9.902987459029595207e-01,-4.866846050145434699e-02,1.301528901540183747e-01,6.989678122381528524e-01
-6.155162497253469089e-02,-9.933921780881364016e-01,9.686783767870937867e-02,2.923415424078884550e-01
1.245784545026388801e-01,-1.039392200554089957e-01,-9.867506509792669522e-01,2.329446993485490003e-01
0.000000000000000000e+00,0.000000000000000000e+00,0.000000000000000000e+00,1.000000000000000000e+00
9.905672834668172166e-01,-4.787005094409135797e-02,1.283935946524588645e-01,6.985547156815743453e-01
-6.033952417933480250e-02,-9.936414522820554707e-01,9.505685734663886499e-02,2.927487669634092904e-01
1.230268212504140035e-01,-1.019074213657566313e-01,-9.871571702234659407e-01,2.311746020649240174e-01
0.000000000000000000e+00,0.000000000000000000e+00,0.000000000000000000e+00,1.000000000000000000e+00
9.907727935515870943e-01,-4.650478448598399650e-02,1.273050532300118720e-01,6.982863492364146385e-01
-5.852634744191742566e-02,-9.940023085948425097e-01,9.238006908003129625e-02,2.928473121568839210e-01
1.222454016030540130e-01,-9.897835888736258858e-02,-9.875521992577771524e-01,2.296241132155590337e-01
0.000000000000000000e+00,0.000000000000000000e+00,0.000000000000000000e+00,1.000000000000000000e+00
9.908970465992762433e-01,-4.497634558145052752e-02,1.268864507304452716e-01,6.981199208829176328e-01
-5.654801982130652771e-02,-9.944143587370301018e-01,8.912016938892421136e-02,2.927991879442336520e-01
1.221694089988197424e-01,-9.548409017087261530e-02,-9.879055744498660419e-01,2.283922214896237368e-01
0.000000000000000000e+00,0.000000000000000000e+00,0.000000000000000000e+00,1.000000000000000000e+00
9.909342992355265611e-01,-4.383986804831097039e-02,1.269932304026591130e-01,6.979657239682124370e-01
-5.501868504592011266e-02,-9.947834554351970837e-01,8.590006454146237314e-02,2.928630669533282549e-01
1.225649170619962230e-01,-9.210832080716832571e-02,-9.881770581953773780e-01,2.275341888849614358e-01
0.000000000000000000e+00,0.000000000000000000e+00,0.000000000000000000e+00,1.000000000000000000e+00
9.908894523037246049e-01,-4.269426371579260193e-02,1.277313319393138802e-01,6.978577557481474569e-01
-5.354943717933358105e-02,-9.951269504305790825e-01,8.279378179859060716e-02,2.930107338999604627e-01
1.235740712730686586e-01,-8.887942603607640324e-02,-9.883470526775987031e-01,2.271295687075362002e-01
0.000000000000000000e+00,0.000000000000000000e+00,0.000000000000000000e+00,1.000000000000000000e+00
9.908192404907829598e-01,-4.191157813522272679e-02,1.285326895831676586e-01,6.977564079090740057e-01
-5.251715885322039146e-02,-9.953891044166048863e-01,8.026505363291421002e-02,2.931986977438459374e-01
1.245760037055829161e-01,-8.627833115518691864e-02,-9.884517534375779624e-01,2.269672105910073290e-01
0.000000000000000000e+00,0.000000000000000000e+00,0.000000000000000000e+00,1.000000000000000000e+00
9.907303836146883480e-01,-4.109451415645543060e-02,1.294779822554306403e-01,6.976540335250830394e-01
-5.153790804047014840e-02,-9.955914982466667063e-01,7.836716566119862615e-02,2.935209847076756251e-01
1.256867177449740858e-01,-8.431375644106112177e-02,-9.884806722730054007e-01,2.270481197399958351e-01
0.000000000000000000e+00,0.000000000000000000e+00,0.000000000000000000e+00,1.000000000000000000e+00
9.906399938561283314e-01,-4.028788924947668271e-02,1.304196632128454547e-01,6.975963989369842189e-01
-5.064464753108705031e-02,-9.957367852018537135e-01,7.709328292613819300e-02,2.938866433071270490e-01
1.267577305302605151e-01,-8.297674719883588179e-02,-9.884570487254963345e-01,2.272429140589604102e-01
0.000000000000000000e+00,0.000000000000000000e+00,0.000000000000000000e+00,1.000000000000000000e+00
9.905251236724116337e-01,-3.955962877442825709e-02,1.315105134389766561e-01,6.976456855326447215e-01
-4.993737843658618836e-02,-9.958125933538755081e-01,7.657373670332748294e-02,2.942886559758085552e-01
1.279305968431125595e-01,-8.241550029611406647e-02,-9.883528963393117817e-01,2.276329418040257124e-01
0.000000000000000000e+00,0.000000000000000000e+00,0.000000000000000000e+00,1.000000000000000000e+00
9.903995932656171064e-01,-3.904906099267452246e-02,1.326039837067130855e-01,6.977842996284088217e-01
-4.952115856510380665e-02,-9.958301770030144606e-01,7.661536023875847867e-02,2.946435558700842838e-01
1.290592906910218440e-01,-8.244652452186961022e-02,-9.882035570066498575e-01,2.281035806080824180e-01
0.000000000000000000e+00,0.000000000000000000e+00,0.000000000000000000e+00,1.000000000000000000e+00
9.902873067548876307e-01,-3.857619826770686267e-02,1.335774195265123088e-01,6.979584596598099600e-01
-4.920003603477768328e-02,-9.958034470477026279e-01,7.716768301620957615e-02,2.950547144713424608e-01
1.300400189723449618e-01,-8.299019083677405817e-02,-9.880294639789584110e-01,2.285606209733570537e-01
0.000000000000000000e+00,0.000000000000000000e+00,0.000000000000000000e+00,1.000000000000000000e+00
9.901956178432603783e-01,-3.813769729439420164e-02,1.343806327157486546e-01,6.981325309688161118e-01
-4.890901138693998229e-02,-9.957695600189659935e-01,7.778747935746030406e-02,2.955478030259464095e-01
1.308455081734024583e-01,-8.359724507850893604e-02,-9.878719317837347802e-01,2.288621199226790748e-01
0.000000000000000000e+00,0.000000000000000000e+00,0.000000000000000000e+00,1.000000000000000000e+00
9.901809659167988276e-01,-3.749049456884340215e-02,1.346704034042322529e-01,6.981303272950005745e-01
-4.832701222418583908e-02,-9.957719129226259014e-01,7.812040273768193488e-02,2.961932373234931748e-01
1.311722326773411273e-01,-8.386155407215958868e-02,-9.878061981598637020e-01,2.288185605583724080e-01
0.000000000000000000e+00,0.000000000000000000e+00,0.000000000000000000e+00,1.000000000000000000e+00
9.902053418386641548e-01,-3.671513816942828523e-02,1.347047869356315930e-01,6.980533275441825891e-01
-4.755280321722782366e-02,-9.958076523059162799e-01,7.813994186818162824e-02,2.967438635770701660e-01
1.312711388704986826e-01,-8.378017807440485409e-02,-9.877999644976017679e-01,2.286017488004814524e-01
0.000000000000000000e+00,0.000000000000000000e+00,0.000000000000000000e+00,1.000000000000000000e+00
9.902542945028713905e-01,-3.632075078683238978e-02,1.344516094396103756e-01,6.979955622533171589e-01
-4.711701271477719555e-02,-9.958387629221291393e-01,7.800734179908273835e-02,2.970520608959676956e-01
1.310588391962030641e-01,-8.358206341078333601e-02,-9.878449368926984775e-01,2.281959426758631282e-01
0.000000000000000000e+00,0.000000000000000000e+00,0.000000000000000000e+00,1.000000000000000000e+00
9.903534397977405979e-01,-3.583031908751782568e-02,1.338516063215891561e-01,6.978451645126189096e-01
-4.654098687300040060e-02,-9.958846924087061403e-01,7.776641927531435794e-02,2.973964259833288271e-01
1.305143701730588635e-01,-8.324582668280387787e-02,-9.879454091791846082e-01,2.275950901833450057e-01
0.000000000000000000e+00,0.000000000000000000e+00,0.000000000000000000e+00,1.000000000000000000e+00
9.904491193473837773e-01,-3.559141968147833124e-02,1.332058288103370736e-01,6.977317847994032318e-01
-4.617649368862886128e-02,-9.959428413959245940e-01,7.723721967313527947e-02,2.975505913047598594e-01
1.299164093354490956e-01,-8.265051431944633875e-02,-9.880741971472157825e-01,2.269121455275797117e-01
0.000000000000000000e+00,0.000000000000000000e+00,0.000000000000000000e+00,1.000000000000000000e+00
9.906001183932899856e-01,-3.580206249391243434e-02,1.320212776804616517e-01,6.976371178445689436e-01
-4.613741712328284228e-02,-9.960340214595846398e-01,7.607605954727005015e-02,2.973634220731308786e-01
1.287740042881008184e-01,-8.145207435191291478e-02,-9.883232342727651387e-01,2.259506661158622309e-01
0.000000000000000000e+00,0.000000000000000000e+00,0.000000000000000000e+00,1.000000000000000000e+00
9.908052919390166746e-01,-3.623535835891084078e-02,1.303528759569255457e-01,6.975171257406197478e-01
-4.621205799838890016e-02,-9.961613784556220264e-01,7.434348504710239225e-02,2.970615005631109806e-01
1.271586377765736575e-01,-7.968379306983640331e-02,-9.886764758811699139e-01,2.247381530164724306e-01
0.000000000000000000e+00,0.000000000000000000e+00,0.000000000000000000e+00,1.000000000000000000e+00
9.909632124044286394e-01,-3.637088446358982541e-02,1.291087542517224129e-01,6.974166860592602157e-01
-4.603260958730587271e-02,-9.962941878620957814e-01,7.265597075801620564e-02,2.968558974822228524e-01
1.259877395450769710e-01,-7.794260706149883089e-02,-9.889651356285410477e-01,2.234502232834635338e-01
0.000000000000000000e+00,0.000000000000000000e+00,0.000000000000000000e+00,1.000000000000000000e+00
9.910848672244495505e-01,-3.636947468182599730e-02,1.281719441612050037e-01,6.973050232622628464e-01
-4.566005952535079349e-02,-9.964797564037051192e-01,7.030827861463906370e-02,2.966584445422152383e-01
1.251636725365490588e-01,-7.553380957544965357e-02,-9.892566394460958756e-01,2.220545159558921511e-01
0.000000000000000000e+00,0.000000000000000000e+00,0.000000000000000000e+00,1.000000000000000000e+00
9.911764046656492688e-01,-3.636188721164823612e-02,1.274643008551181178e-01,6.972176756232867367e-01
-4.516878447168715116e-02,-9.967369532884026162e-01,6.689713640136597805e-02,2.963134027085085331e-01
1.246158727587582254e-01,-7.206427067389262198e-02,-9.895845720042389937e-01,2.205297846871218659e-01
0.000000000000000000e+00,0.000000000000000000e+00,0.000000000000000000e+00,1.000000000000000000e+00
9.912749175963564419e-01,-3.630771415711464556e-02,1.267114345156821198e-01,6.971035017606840301e-01
-4.462757427397290311e-02,-9.969866748159932346e-01,6.345037315706004988e-02,2.960070195057811770e-01
1.240258737472055839e-01,-6.855158737793298762e-02,-9.899082091331536937e-01,2.189576230943230395e-01
0.000000000000000000e+00,0.000000000000000000e+00,0.000000000000000000e+00,1.000000000000000000e+00
9.913595413881126639e-01,-3.610834199414991730e-02,1.261049060789647125e-01,6.970081397343121932e-01
-4.394185712464215854e-02,-9.972367674979238927e-01,5.989943858442462604e-02,2.957670858057794838e-01
1.235935794901520113e-01,-6.492316373009883457e-02,-9.902068520870204171e-01,2.173697733320720249e-01
0.000000000000000000e+00,0.000000000000000000e+00,0.000000000000000000e+00,1.000000000000000000e+00
9.913584281459590919e-01,-3.553157863246547699e-02,1.262773687715190440e-01,6.970206631964408484e-01
-4.287585919790432021e-02,-9.975139203070901850e-01,5.592530278524661391e-02,2.957197443451448637e-01
1.239763188758837564e-01,-6.085627094609841886e-02,-9.904172790518752656e-01,2.159688469238269237e-01
0.000000000000000000e+00,0.000000000000000000e+00,0.000000000000000000e+00,1.000000000000000000e+00
9.912316715733651140e-01,-3.460928143193719997e-02,1.275224329623511343e-01,6.972401397408017898e-01
-4.151668452052958980e-02,-9.977883205171267367e-01,5.191177463768897882e-02,2.958547794361525152e-01
1.254437649956952616e-01,-5.675090376704446798e-02,-9.904762474412640572e-01,2.149942295054291796e-01
0.000000000000000000e+00,0.000000000000000000e+00,0.000000000000000000e+00,1.000000000000000000e+00
9.909419282047854383e-01,-3.398453965288561474e-02,1.299197675119661832e-01,6.978287431177389033e-01
-4.054249913017504703e-02,-9.980160432902625001e-01,4.816931699255139893e-02,2.958075808456833711e-01
1.280250002540974652e-01,-5.300026792225281946e-02,-9.903537604866797794e-01,2.146170684128437811e-01
0.000000000000000000e+00,0.000000000000000000e+00,0.000000000000000000e+00,1.000000000000000000e+00
9.905359356084894040e-01,-3.371701235804175356e-02,1.330478235292182065e-01,6.987098047823534497e-01
-4.012986241530780429e-02,-9.981435438182961750e-01,4.581550039431465937e-02,2.958076385084028037e-01
1.312560642817802159e-01,-5.072109040133725849e-02,-9.900501081146126925e-01,2.148692537083134457e-01
0.000000000000000000e+00,0.000000000000000000e+00,0.000000000000000000e+00,1.000000000000000000e+00
9.901363915762364520e-01,-3.363417069994178998e-02,1.360098108142095419e-01,6.995831471801485790e-01
-4.007658086504489736e-02,-9.981868714169737089e-01,4.490921282945601473e-02,2.958184556052692593e-01
1.342527234083444598e-01,-4.991705412102197953e-02,-9.896890895454600878e-01,2.155713136830673116e-01
0.000000000000000000e+00,0.000000000000000000e+00,0.000000000000000000e+00,1.000000000000000000e+00
9.897352094739696460e-01,-3.378813277197484366e-02,1.388617197477423071e-01,7.004408411060859541e-01
-4.040717040454827602e-02,-9.981637548121322645e-01,4.512625797962175472e-02,2.957651510719546128e-01
1.370820035869587672e-01,-5.027405556675296205e-02,-9.892830957968785643e-01,2.166766182159045040e-01
0.000000000000000000e+00,0.000000000000000000e+00,0.000000000000000000e+00,1.000000000000000000e+00
9.893166421144914402e-01,-3.418447033741051078e-02,1.417180426870811305e-01,7.012821496773511409e-01
-4.101511300499866008e-02,-9.981192282147735018e-01,4.556058354687567147e-02,2.956347432437276823e-01
1.398940389741246404e-01,-5.088642506302969160e-02,-9.888580432012529231e-01,2.180676457781002553e-01
0.000000000000000000e+00,0.000000000000000000e+00,0.000000000000000000e+00,1.000000000000000000e+00
9.888889266812947998e-01,-3.494081702996448824e-02,1.444916260286241150e-01,7.021410048155160011e-01
-4.193331224253421530e-02,-9.980777180967936868e-01,4.563404390438775132e-02,2.954307211529716426e-01
1.426193816123437763e-01,-5.118601316742683177e-02,-9.884531875837806458e-01,2.194652572172119398e-01
0.000000000000000000e+00,0.000000000000000000e+00,0.000000000000000000e+00,1.000000000000000000e+00
9.884901439866354833e-01,-3.536167481423785341e-02,1.470944839061376075e-01,7.029020114763553373e-01
-4.242133106282119925e-02,-9.980797300421280216e-01,4.513627310591279002e-02,2.951964148334247362e-01
1.452159285758261587e-01,-5.085670490078091771e-02,-9.880920653737157444e-01,2.206989964286338313e-01
0.000000000000000000e+00,0.000000000000000000e+00,0.000000000000000000e+00,1.000000000000000000e+00
9.881601637650235803e-01,-3.604508604037964803e-02,1.491316281686193013e-01,7.036006237120220330e-01
-4.307799089431146866e-02,-9.980935149137386553e-01,4.419979850234929952e-02,2.947702205229981165e-01
1.472541254036411895e-01,-5.010077104676414345e-02,-9.878290010382002606e-01,2.217088480324881650e-01
0.000000000000000000e+00,0.000000000000000000e+00,0.000000000000000000e+00,1.000000000000000000e+00
9.879853418958117750e-01,-3.785274300756075183e-02,1.498403618716247498e-01,7.040868374398837615e-01
-4.482622652130485719e-02,-9.980499852489739254e-01,4.343772968726273415e-02,2.943349603200147158e-01
1.479039337369921214e-01,-4.963261821953977859e-02,-9.877555515378270146e-01,2.223880548657885536e-01
0.000000000000000000e+00,0.000000000000000000e+00,0.000000000000000000e+00,1.000000000000000000e+00
9.881312096636231113e-01,-3.876312819308946889e-02,1.486409512260697952e-01,7.042758835638504022e-01
-4.551280905154952983e-02,-9.980686780988425877e-01,4.227881278212818061e-02,2.938312767059001462e-01
1.467150186618328134e-01,-4.854208164793893943e-02,-9.879870290688752554e-01,2.225537307275432530e-01
0.000000000000000000e+00,0.000000000000000000e+00,0.000000000000000000e+00,1.000000000000000000e+00
9.885053454516796734e-01,-3.955157707891754360e-02,1.459207139649001117e-01,7.042377645054326285e-01
-4.588559904625294505e-02,-9.981335242286428766e-01,4.029863038709546874e-02,2.931966965545201864e-01
1.440544821018153732e-01,-4.653107092556157953e-02,-9.884751719820270566e-01,2.223102987650909801e-01
0.000000000000000000e+00,0.000000000000000000e+00,0.000000000000000000e+00,1.000000000000000000e+00
9.891147558191397682e-01,-4.046395973425709336e-02,1.414732051784650668e-01,7.040098483040000410e-01
-4.623499743914638582e-02,-9.982172334983674400e-01,3.774493023794989882e-02,2.925002144307456420e-01
1.396936821500734394e-01,-4.387508073485438947e-02,-9.892222462408859496e-01,2.217761804920933000e-01
0.000000000000000000e+00,0.000000000000000000e+00,0.000000000000000000e+00,1.000000000000000000e+00
9.900057338947941821e-01,-4.144244553056208868e-02,1.348004842865042352e-01,7.035511094282550504e-01
-4.648375401299870147e-02,-9.983242348231942120e-01,3.446712604124274604e-02,2.917704376655988474e-01
1.331461883355611331e-01,-4.038868496411178455e-02,-9.902731172048350183e-01,2.210213356390359762e-01
0.000000000000000000e+00,0.000000000000000000e+00,0.000000000000000000e+00,1.000000000000000000e+00
9.909044954469867772e-01,-4.216955571949981829e-02,1.277889254723288681e-01,7.029871211139067100e-01
-4.653181256927529930e-02,-9.984249240772158362e-01,3.134424030701451341e-02,2.912347943038842146e-01
1.262658755245068820e-01,-3.700539895509875887e-02,-9.913059714972988212e-01,2.202422898413632368e-01
0.000000000000000000e+00,0.000000000000000000e+00,0.000000000000000000e+00,1.000000000000000000e+00
9.918893234186321184e-01,-4.232898994971540096e-02,1.198491831343261871e-01,7.021696332836910859e-01
-4.603899163648539350e-02,-9.985370865657059447e-01,2.835662183631644170e-02,2.911211903374049115e-01
1.184735469935125352e-01,-3.364436598762278463e-02,-9.923870592163457349e-01,2.194351667759859570e-01
0.000000000000000000e+00,0.000000000000000000e+00,0.000000000000000000e+00,1.000000000000000000e+00
9.927441750361384321e-01,-4.219379191705896481e-02,1.125996752014714608e-01,7.013254098583241447e-01
-4.535901388584162586e-02,-9.986401859349136600e-01,2.569706004945793154e-02,2.912120641930350806e-01
1.113623041748015297e-01,-3.061801691065801911e-02,-9.933080963373538408e-01,2.186446244294334706e-01
0.000000000000000000e+00,0.000000000000000000e+00,0.000000000000000000e+00,1.000000000000000000e+00
9.935484969488164175e-01,-4.191796643455586446e-02,1.053767920404642955e-01,7.004456376041616750e-01
-4.457829512920769011e-02,-9.987406902343818338e-01,2.301758617935251855e-02,2.913782909061670701e-01
1.042792396123077697e-01,-2.756660588723450905e-02,-9.941659431029292726e-01,2.178701075283359656e-01
0.000000000000000000e+00,0.000000000000000000e+00,0.000000000000000000e+00,1.000000000000000000e+00
9.943506501253320806e-01,-4.176420617861914542e-02,9.758348055689915201e-02,6.995425240932000577e-01
-4.392813145256113661e-02,-9.988318292322364567e-01,2.013196909570405188e-02,2.914443945850823114e-01
9.662869067940155210e-02,-2.430489652011832286e-02,-9.950237023019756766e-01,2.170663127413284266e-01
0.000000000000000000e+00,0.000000000000000000e+00,0.000000000000000000e+00,1.000000000000000000e+00
9.950148662598770066e-01,-4.186813563075264533e-02,9.051229275984441769e-02,6.987706424698063579e-01
-4.362486232547324594e-02,-9.988943947611077512e-01,1.751740568473476867e-02,2.913528554673969206e-01
8.967880077767780012e-02,-2.137866538502747327e-02,-9.957412642636803701e-01,2.162445649082666843e-01
0.000000000000000000e+00,0.000000000000000000e+00,0.000000000000000000e+00,1.000000000000000000e+00
9.956599960400311922e-01,-4.265467893367830277e-02,8.271487563086730999e-02,6.980167728391560855e-01
-4.401037825932813119e-02,-9.989238612835980025e-01,1.463577684095546984e-02,2.910105804367962845e-01
8.200157858868262206e-02,-1.821257047569618814e-02,-9.964657763243210953e-01,2.153675785909541784e-01
0.000000000000000000e+00,0.000000000000000000e+00,0.000000000000000000e+00,1.000000000000000000e+00
9.961842283075210691e-01,-4.314018505049921348e-02,7.586769869422287094e-02,6.973509811133892233e-01
-4.417393246777068239e-02,-9.989517828333880356e-01,1.199996934697434951e-02,2.906800293186526662e-01
7.527049197183141582e-02,-1.530555480223330655e-02,-9.970456825193690920e-01,2.144321442108837739e-01
0.000000000000000000e+00,0.000000000000000000e+00,0.000000000000000000e+00,1.000000000000000000e+00
9.964468197058282684e-01,-4.327249911390851356e-02,7.225805365893572807e-02,6.970353795030524990e-01
-4.414446722023207537e-02,-9.989698344326440882e-01,1.051360582566980909e-02,2.904343718908678484e-01
7.172866590131703191e-02,-1.366604236977396469e-02,-9.973305559211371740e-01,2.136844370615261779e-01
0.000000000000000000e+00,0.000000000000000000e+00,0.000000000000000000e+00,1.000000000000000000e+00
9.964990634800350300e-01,-4.349136221181010287e-02,7.140110570834674875e-02,6.970275623700254997e-01
-4.432132631356661134e-02,-9.989664692700395143e-01,1.008034265079539235e-02,2.902479629942986139e-01
7.088890263799924041e-02,-1.320964371632454837e-02,-9.973967459319625917e-01,2.130585680382817149e-01
0.000000000000000000e+00,0.000000000000000000e+00,0.000000000000000000e+00,1.000000000000000000e+00
9.965173873052664000e-01,-4.358558436981646578e-02,7.108722552911569958e-02,6.971291239775562198e-01
-4.439673329376808697e-02,-9.989652208085672003e-01,9.870039905311095776e-03,2.901792628165745791e-01
7.058347449033491872e-02,-1.299170697144937450e-02,-9.974212694137016832e-01,2.124247159584400357e-01
0.000000000000000000e+00,0.000000000000000000e+00,0.000000000000000000e+00,1.000000000000000000e+00
9.965196232029956969e-01,-4.357893402123186322e-02,7.105995412982313297e-02,6.973313983501387980e-01
-4.437857183503668423e-02,-9.989675710766843242e-01,9.712584570147696217e-03,2.902123274387501950e-01
7.056332569573195435e-02,-1.283232039511556996e-02,-9.974247583753048652e-01,2.118340162660546089e-01
0.000000000000000000e+00,0.000000000000000000e+00,0.000000000000000000e+00,1.000000000000000000e+00
9.965045657699685977e-01,-4.345074366420309531e-02,7.134902434255431525e-02,6.976298166965566594e-01
-4.425726775928379153e-02,-9.989724759303497681e-01,9.761484726720243837e-03,2.903959548054582118e-01
7.085156773205353309e-02,-1.288507697356253492e-02,-9.974036445398100081e-01,2.112757711863886834e-01
0.000000000000000000e+00,0.000000000000000000e+00,0.000000000000000000e+00,1.000000000000000000e+00
9.965037517088106700e-01,-4.327910613687019348e-02,7.146461923398543525e-02,6.978949177709555807e-01
-4.408098842555813190e-02,-9.989810512675501020e-01,9.681201774902239987e-03,2.905769464252045964e-01
7.097280669165349776e-02,-1.279758494303023797e-02,-9.973961512508132676e-01,2.106325760365467814e-01
0.000000000000000000e+00,0.000000000000000000e+00,0.000000000000000000e+00,1.000000000000000000e+00
9.965126491347351401e-01,-4.316422504242323210e-02,7.141001183979220346e-02,6.981174713979206858e-01
-4.395951017301019670e-02,-9.989871656326365645e-01,9.602310483442450320e-03,2.907617329698376496e-01
7.092320903499252371e-02,-1.270797299959556398e-02,-9.974008250660415520e-01,2.099137316600785674e-01
0.000000000000000000e+00,0.000000000000000000e+00,0.000000000000000000e+00,1.000000000000000000e+00
9.965438268044661818e-01,-4.294494846365060070e-02,7.110648816644209169e-02,6.982426510093413530e-01
-4.372263998577480271e-02,-9.989993324018677789e-01,9.416188894481055879e-03,2.909732859794321169e-01
7.063095646091946400e-02,-1.249260829757391222e-02,-9.974242842077483129e-01,2.090893576993573810e-01
0.000000000000000000e+00,0.000000000000000000e+00,0.000000000000000000e+00,1.000000000000000000e+00
9.965767188433971580e-01,-4.276018327100772343e-02,7.075599045987700231e-02,6.983662800071436250e-01
-4.351397968456682808e-02,-9.990109538838951586e-01,9.145905750710576348e-03,2.911270387930106618e-01
7.029492891624181117e-02,-1.219347147532658104e-02,-9.974517242563876174e-01,2.082389187353291260e-01
0.000000000000000000e+00,0.000000000000000000e+00,0.000000000000000000e+00,1.000000000000000000e+00
9.966101251195638167e-01,-4.264005020725875061e-02,7.035683781616573762e-02,6.984994910422677172e-01
-4.336658431215079101e-02,-9.990201983586692869e-01,8.830777797105457752e-03,2.912173562561999329e-01
6.991135726235678249e-02,-1.185197830436736724e-02,-9.974827982155922701e-01,2.073571199597807058e-01
0.000000000000000000e+00,0.000000000000000000e+00,0.000000000000000000e+00,1.000000000000000000e+00
9.966415220234974282e-01,-4.266374535460232265e-02,6.989621886056550382e-02,6.986643564051819855e-01
-4.335987417400355426e-02,-9.990235963505709194e-01,8.472027289026441699e-03,2.912306662762535470e-01
6.946652352249227391e-02,-1.147426542699259491e-02,-9.975182922345885439e-01,2.063962298637035953e-01
0.000000000000000000e+00,0.000000000000000000e+00,0.000000000000000000e+00,1.000000000000000000e+00
9.966664773013338419e-01,-4.263443633187136150e-02,6.955744289731825847e-02,6.988630137512633622e-01
-4.330359270932665483e-02,-9.990287966078054138e-01,8.140172407584658071e-03,2.912580386466827598e-01
6.914283681058222553e-02,-1.112512413522059179e-02,-9.975447357039989305e-01,2.054677040069132765e-01
0.000000000000000000e+00,0.000000000000000000e+00,0.000000000000000000e+00,1.000000000000000000e+00
9.966683814002585962e-01,-4.291645784312914103e-02,6.935643562919960314e-02,6.991547126237961374e-01
-4.356807330829737257e-02,-9.990191523016338504e-01,7.909255510323422861e-03,2.910922682277657381e-01
6.894897029826640988e-02,-1.090463115945022876e-02,-9.975605888937699728e-01,2.046961478614809371e-01
0.000000000000000000e+00,0.000000000000000000e+00,0.000000000000000000e+00,1.000000000000000000e+00
9.966441423797038901e-01,-4.333218852152187495e-02,6.944620146674544692e-02,6.995102107317996420e-01
-4.397826244473973523e-02,-9.990020323057917651e-01,7.800761580723871574e-03,2.908492294469400274e-01
6.903887232976893551e-02,-1.082870660942389027e-02,-9.975551980820914766e-01,2.041831297904121711e-01
0.000000000000000000e+00,0.000000000000000000e+00,0.000000000000000000e+00,1.000000000000000000e+00
9.966157951547374161e-01,-4.377333985827031038e-02,6.957622845299205050e-02,6.998274935507632355e-01
-4.441222578250531017e-02,-9.989839110196433447e-01,7.661574573225744637e-03,2.905672018053974126e-01
6.917016010632281997e-02,-1.072568140258213162e-02,-9.975472162806710008e-01,2.038223702660165726e-01
0.000000000000000000e+00,0.000000000000000000e+00,0.000000000000000000e+00,1.000000000000000000e+00
9.965872023749200448e-01,-4.440677270632248375e-02,6.958438474499298310e-02,7.001070816033456712e-01
-4.502849594485336393e-02,-9.989583605058275362e-01,7.391111449122396079e-03,2.901492344618255559e-01
6.918368749549660968e-02,-1.049916726783709994e-02,-9.975486879702700760e-01,2.034947744415089022e-01
0.000000000000000000e+00,0.000000000000000000e+00,0.000000000000000000e+00,1.000000000000000000e+00
9.965671246499243630e-01,-4.479318945593740997e-02,6.962425041138307902e-02,7.003502749497731994e-01
-4.540602730269616139e-02,-9.989423511353636709e-01,7.243741625628761192e-03,2.898883239472864193e-01
6.922614211097774528e-02,-1.038023537866883741e-02,-9.975469873454153591e-01,2.031459285650594748e-01
0.000000000000000000e+00,0.000000000000000000e+00,0.000000000000000000e+00,1.000000000000000000e+00
9.965472395441012932e-01,-4.476809657242658558e-02,6.992436546951080745e-02,7.005344540475182402e-01
-4.538867234985805021e-02,-9.989426521608459897e-01,7.310685068608906677e-03,2.899377321558366249e-01
6.952314563761537169e-02,-1.045921713786581581e-02,-9.975255069408068831e-01,2.029129033221362399e-01
0.000000000000000000e+00,0.000000000000000000e+00,0.000000000000000000e+00,1.000000000000000000e+00
9.965293785768002399e-01,-4.461268570343013273e-02,7.027734989072662031e-02,7.006698090702949688e-01
-4.524652340265755690e-02,-9.989480536980628322e-01,7.452391081056700464e-03,2.900948639353948533e-01
6.987095071136095736e-02,-1.060633240942420938e-02,-9.974996521099701585e-01,2.028716786749804046e-01
0.000000000000000000e+00,0.000000000000000000e+00,0.000000000000000000e+00,1.000000000000000000e+00
9.964896526224811257e-01,-4.431784518444359389e-02,7.102324136882598449e-02,7.008439586258240483e-01
-4.497972956530243982e-02,-9.989578655175628263e-01,7.746408769697162543e-03,2.903413341498300992e-01
7.060592145535019015e-02,-1.091382237360821392e-02,-9.974445810854044581e-01,2.030969214810502965e-01
0.000000000000000000e+00,0.000000000000000000e+00,0.000000000000000000e+00,1.000000000000000000e+00
9.964411974130207295e-01,-4.392036256309128639e-02,7.194401886489507070e-02,7.010020881354512845e-01
-4.462180839522394971e-02,-9.989705339546253171e-01,8.171077404550140463e-03,2.907034050599237029e-01
7.151107825816710450e-02,-1.135227037811624082e-02,-9.973752010370102727e-01,2.034813083343769424e-01
0.000000000000000000e+00,0.000000000000000000e+00,0.000000000000000000e+00,1.000000000000000000e+00
9.964024088021312675e-01,-4.353550770165104389e-02,7.271106726262373254e-02,7.010950119105869849e-01
-4.427042745211362540e-02,-9.989832031024589165e-01,8.525794529456441964e-03,2.910305994668068719e-01
7.226596008161445539e-02,-1.171407223431818537e-02,-9.973166054594555519e-01,2.038550744681723592e-01
0.000000000000000000e+00,0.000000000000000000e+00,0.000000000000000000e+00,1.000000000000000000e+00
9.963582617171715672e-01,-4.312405244686040584e-02,7.355630774105453851e-02,7.011886307099036708e-01
-4.389955734766587403e-02,-9.989957845692227778e-01,8.958307742114264560e-03,2.913865297006942856e-01
7.309612282888405810e-02,-1.215477327982141323e-02,-9.972508301896272354e-01,2.042500868527896141e-01
0.000000000000000000e+00,0.000000000000000000e+00,0.000000000000000000e+00,1.000000000000000000e+00
9.963134667925339638e-01,-4.268807254237022564e-02,7.441239379606208459e-02,7.012826939248822944e-01
-4.350274430506240186e-02,-9.990094498940886858e-01,9.361103580174895064e-03,2.917459312277088657e-01
7.393907712279906841e-02,-1.256373690140569557e-02,-9.971836166871681506e-01,2.046679082971545882e-01
0.000000000000000000e+00,0.000000000000000000e+00,0.000000000000000000e+00,1.000000000000000000e+00
9.962636868978989035e-01,-4.258043858409499283e-02,7.513702428624491336e-02,7.014500810931976194e-01
-4.342690549142569356e-02,-9.990098333845844891e-01,9.667299537278638971e-03,2.918685449834422796e-01
7.465098825899374457e-02,-1.289414793194124109e-02,-9.971263565371566440e-01,2.050219216978232395e-01
0.000000000000000000e+00,0.000000000000000000e+00,0.000000000000000000e+00,1.000000000000000000e+00
9.962282851191242017e-01,-4.250461984632231127e-02,7.564761212575395188e-02,7.015729821170131331e-01
-4.337294443430317337e-02,-9.990101740589212298e-01,9.872173917780462452e-03,2.919247524174210517e-01
7.515312115745925725e-02,-1.311599856982620035e-02,-9.970857430340724914e-01,2.052481831743537266e-01
0.000000000000000000e+00,0.000000000000000000e+00,0.000000000000000000e+00,1.000000000000000000e+00
9.962055717495670315e-01,-4.223800667194421710e-02,7.609474099764874933e-02,7.016745294380524189e-01
-4.312319524408247950e-02,-9.990194471600795101e-01,1.002667581552392495e-02,2.919554902382746620e-01
7.559661928326702474e-02,-1.327007868664102294e-02,-9.970501773554782954e-01,2.054408125621964565e-01
0.000000000000000000e+00,0.000000000000000000e+00,0.000000000000000000e+00,1.000000000000000000e+00
9.961854009428992018e-01,-4.229459413162106607e-02,7.632702179095343653e-02,7.018138409954082224e-01
-4.318894472861650735e-02,-9.990158252861226496e-01,1.010425064594704797e-02,2.917596638431806944e-01
7.582454748604676442e-02,-1.336219050638969355e-02,-9.970316393492270057e-01,2.055210145668398547e-01
0.000000000000000000e+00,0.000000000000000000e+00,0.000000000000000000e+00,1.000000000000000000e+00
9.961738467311658241e-01,-4.250068375333215798e-02,7.636333524231965486e-02,7.018811666643598457e-01
-4.339567648957404211e-02,-9.990069239529408840e-01,1.009857198300549534e-02,2.916138907578993966e-01
7.585830442900698412e-02,-1.337377189064273622e-02,-9.970289162680153749e-01,2.055222776133312501e-01
0.000000000000000000e+00,0.000000000000000000e+00,0.000000000000000000e+00,1.000000000000000000e+00
9.961848710376906002e-01,-4.233584800160239414e-02,7.631106531561987483e-02,7.018326507146539495e-01
-4.322914972392616351e-02,-9.990142128576916525e-01,1.009173535488606943e-02,2.917117092144611012e-01
7.580859667455902562e-02,-1.335209655117490166e-02,-9.970329875124103181e-01,2.054385190017354867e-01
0.000000000000000000e+00,0.000000000000000000e+00,0.000000000000000000e+00,1.000000000000000000e+00
9.962015876784818813e-01,-4.186542168709656009e-02,7.635236194011023325e-02,7.017194171169475192e-01
-4.276108510029708043e-02,-9.990339386200968175e-01,1.013306894587102762e-02,2.919951150770090931e-01
7.585437566757220751e-02,-1.335948921846196943e-02,-9.970294066575491332e-01,2.053681083051794865e-01
0.000000000000000000e+00,0.000000000000000000e+00,0.000000000000000000e+00,1.000000000000000000e+00
9.962194182080448268e-01,-4.090016986249539466e-02,7.664233093039062028e-02,7.015640946291069602e-01
-4.180653441907272727e-02,-9.990730604038764451e-01,1.025834563167908262e-02,2.924441896597554380e-01
7.615172004026839192e-02,-1.342371336296773604e-02,-9.970058773419832043e-01,2.053016461354334465e-01
0.000000000000000000e+00,0.000000000000000000e+00,0.000000000000000000e+00,1.000000000000000000e+00
9.962452220835162908e-01,-4.028302428735819340e-02,7.663377473431048914e-02,7.013918672700141244e-01
-4.119084656170851622e-02,-9.990981839647488094e-01,1.030208512248043107e-02,2.928468335940024869e-01
7.614966602221392988e-02,-1.342001313729430240e-02,-9.970060840396611779e-01,2.052133410044071349e-01
0.000000000000000000e+00,0.000000000000000000e+00,0.000000000000000000e+00,1.000000000000000000e+00
9.962775664549502475e-01,-3.985140135300058173e-02,7.643871001530669340e-02,7.012445788829593241e-01
-4.075000734535627611e-02,-9.991169836398685611e-01,1.023180842880122392e-02,2.931270665007672527e-01
7.596346147955271300e-02,-1.330859919647257861e-02,-9.970217819623963251e-01,2.050426928580854347e-01
0.000000000000000000e+00,0.000000000000000000e+00,0.000000000000000000e+00,1.000000000000000000e+00
9.963096343976071134e-01,-3.955864892978866454e-02,7.617234210234094527e-02,7.011255387733544842e-01
-4.044428085653262173e-02,-9.991305571794739659e-01,1.011878729058322823e-02,2.933135276124202440e-01
7.570582905235420657e-02,-1.316218086351504668e-02,-9.970433212465803496e-01,2.048179198160406389e-01
0.000000000000000000e+00,0.000000000000000000e+00,0.000000000000000000e+00,1.000000000000000000e+00
9.963443607157675963e-01,-3.923218124793714789e-02,7.588643373105286027e-02,7.010375305693560266e-01
-4.009010971488918829e-02,-9.991478640494848573e-01,9.814727117988765112e-03,2.933945265668903013e-01
7.543671501952199654e-02,-1.282114347012162925e-02,-9.970681623174926234e-01,2.045083341426017220e-01
0.000000000000000000e+00,0.000000000000000000e+00,0.000000000000000000e+00,1.000000000000000000e+00
9.963753486541184756e-01,-3.880812616770429324e-02,7.569738395569063083e-02,7.010336530487665252e-01
-3.964375414714366164e-02,-9.991680738261998762e-01,9.567288203156963655e-03,2.933035796028846121e-01
7.526312079301875069e-02,-1.253353859821622340e-02,-9.970849377353476761e-01,2.041408104822981240e-01
0.000000000000000000e+00,0.000000000000000000e+00,0.000000000000000000e+00,1.000000000000000000e+00
9.964016410161262716e-01,-3.899764708823738601e-02,7.525259664591159303e-02,7.010408424596352717e-01
-3.980773230666573292e-02,-9.991641284663705935e-01,9.294559410697452589e-03,2.931008203458763672e-01
7.482722919480459811e-02,-1.225674947200275366e-02,-9.971211851442173257e-01,2.036255470694729452e-01
0.000000000000000000e+00,0.000000000000000000e+00,0.000000000000000000e+00,1.000000000000000000e+00
9.964389745078405802e-01,-3.922847243360721992e-02,7.463576242183658782e-02,7.010419430360297355e-01
-4.000529709725536565e-02,-9.991594617781399679e-01,8.941260726424243160e-03,2.928534174000805845e-01
7.422227621087501559e-02,-1.189524651881107911e-02,-9.971707761583935570e-01,2.029538594752122727e-01
0.000000000000000000e+00,0.000000000000000000e+00,0.000000000000000000e+00,1.000000000000000000e+00
9.964743574137407967e-01,-3.943619887524152379e-02,7.405161196857670824e-02,7.010536719466818889e-01
-4.018000330220367067e-02,-9.991556096057403469e-01,8.581091306827968307e-03,2.926003415233501825e-01
7.365067787540835464e-02,-1.152623145931100726e-02,-9.972174906392482496e-01,2.021958375908166072e-01
0.000000000000000000e+00,0.000000000000000000e+00,0.000000000000000000e+00,1.000000000000000000e+00
9.965096349797086805e-01,-3.929242633008078744e-02,7.365224114514742904e-02,7.010718102241439986e-01
-4.000692290274326934e-02,-9.991653409507317285e-01,8.250306822297638620e-03,2.924002069220386635e-01
7.326659206256104506e-02,-1.116810977306653338e-02,-9.972498582660390687e-01,2.013827167785011696e-01
0.000000000000000000e+00,0.000000000000000000e+00,0.000000000000000000e+00,1.000000000000000000e+00
9.965179351991582113e-01,-3.925610836640364143e-02,7.355924674934637142e-02,7.011157439261940238e-01
-3.995321850934979713e-02,-9.991692934107672119e-01,8.028912490014904549e-03,2.921974583251545909e-01
7.318295673960042991e-02,-1.093988395520417711e-02,-9.972585290594893070e-01,2.005834840638053285e-01
0.000000000000000000e+00,0.000000000000000000e+00,0.000000000000000000e+00,1.000000000000000000e+00
9.965084330212484742e-01,-3.943949507356514506e-02,7.358987121797597175e-02,7.011695294278027513e-01
-4.012825456124780032e-02,-9.991632755057642257e-01,7.903927280795110949e-03,2.920352134350436279e-01
7.321656986914737431e-02,-1.082936327466342205e-02,-9.972572681047060517e-01,1.998466129082132337e-01
0.000000000000000000e+00,0.000000000000000000e+00,0.000000000000000000e+00,1.000000000000000000e+00
9.965080185959280801e-01,-3.926971118034083830e-02,7.368621755681392660e-02,7.012277523076295704e-01
-3.994936589070147148e-02,-9.991714789971786193e-01,7.771983242481964732e-03,2.920305404999556376e-01
7.331996344071892158e-02,-1.068856128780550085e-02,-9.972511908334070752e-01,1.990588609431723499e-01
0.000000000000000000e+00,0.000000000000000000e+00,0.000000000000000000e+00,1.000000000000000000e+00
9.964863944907184079e-01,-3.861965882942619555e-02,7.431949641101417980e-02,7.013857141266588435e-01
-3.930740642761970660e-02,-9.991966191851456847e-01,7.813066549621685425e-03,2.921568496406581894e-01
7.395805158886988029e-02,-1.070692116687222556e-02,-9.972038750648256622e-01,1.984766139651041594e-01
0.000000000000000000e+00,0.000000000000000000e+00,0.000000000000000000e+00,1.000000000000000000e+00
9.964192962829448996e-01,-3.828986987008048404e-02,7.538217203247210563e-02,7.016772028827906738e-01
-3.901179853536340669e-02,-9.992056979164685160e-01,8.127288988306556258e-03,2.924213549720368066e-01
7.501110297840679619e-02,-1.103898168290540910e-02,-9.971215950491530977e-01,1.980328073330291094e-01
0.000000000000000000e+00,0.000000000000000000e+00,0.000000000000000000e+00,1.000000000000000000e+00
9.963444704350333803e-01,-3.808808388167378434e-02,7.646563999441516324e-02,7.020948723710681572e-01
-3.884374599446621668e-02,-9.992098297889518976e-01,8.418993422689523623e-03,2.926509036381903517e-01
7.608455579584019746e-02,-1.135842944057297021e-02,-9.970366725702687338e-01,1.976922438045001784e-01
0.000000000000000000e+00,0.000000000000000000e+00,0.000000000000000000e+00,1.000000000000000000e+00
9.962585905004117670e-01,-3.829796643701788295e-02,7.747313483344889229e-02,7.026710432851156485e-01
-3.907615282444326654e-02,-9.991996286833852992e-01,8.553146755788203909e-03,2.926010070432125132e-01
7.708355943113587294e-02,-1.154849798780522435e-02,-9.969577508900026031e-01,1.974441210884951281e-01
0.000000000000000000e+00,0.000000000000000000e+00,0.000000000000000000e+00,1.000000000000000000e+00
9.961554259214082663e-01,-3.851761644521567440e-02,7.868138681236372389e-02,7.032966145060516316e-01
-3.931804628529067536e-02,-9.991893167254883856e-01,8.648732737192563191e-03,2.925385886557814730e-01
7.828447255775125568e-02,-1.170908045197781300e-02,-9.968622968049917210e-01,1.973142663130342811e-01
0.000000000000000000e+00,0.000000000000000000e+00,0.000000000000000000e+00,1.000000000000000000e+00
9.960337209864136288e-01,-3.872406801735911452e-02,8.010788484379126329e-02,7.039655336018564302e-01
-3.954407871130038998e-02,-9.991801713166030829e-01,8.674738416705532473e-03,2.924613625944621487e-01
7.970628894154882516e-02,-1.180812448743363829e-02,-9.967484515660185451e-01,1.972786600178599026e-01
0.000000000000000000e+00,0.000000000000000000e+00,0.000000000000000000e+00,1.000000000000000000e+00
9.958595246037649229e-01,-3.907958057739469027e-02,8.207675455241933427e-02,7.048107251530468798e-01
-3.991261768927639730e-02,-9.991667400986758985e-01,8.532785581188008506e-03,2.922842362217664691e-01
8.167490560235010633e-02,-1.177335391805499343e-02,-9.965894831536038501e-01,1.974125953696885261e-01
0.000000000000000000e+00,0.000000000000000000e+00,0.000000000000000000e+00,1.000000000000000000e+00
9.956800402382961490e-01,-3.930629097234283886e-02,8.412058583404069534e-02,7.056306069716097307e-01
-4.016053435338734490e-02,-9.991572013108878103e-01,8.486374316780129559e-03,2.922266510203298528e-01
8.371612121637694859e-02,-1.182804119842396223e-02,-9.964194440545069975e-01,1.975952731916058303e-01
0.000000000000000000e+00,0.000000000000000000e+00,0.000000000000000000e+00,1.000000000000000000e+00
9.955488554852789385e-01,-3.917340957904991150e-02,8.572001122201951262e-02,7.062356403777897418e-01
-4.006756766295221928e-02,-9.991587910540764561e-01,8.735003201550722157e-03,2.924559921220196701e-01
8.530572292364624332e-02,-1.213071478967128053e-02,-9.962809741208379366e-01,1.976592987550008784e-01
0.000000000000000000e+00,0.000000000000000000e+00,0.000000000000000000e+00,1.000000000000000000e+00
9.954541011613371460e-01,-3.885975037276451216e-02,8.695431146320853344e-02,7.066811234594149171e-01
-3.980847880967308683e-02,-9.991649491628973312e-01,9.202683258960847254e-03,2.928269245400461629e-01
8.652408621842866410e-02,-1.262236765711412245e-02,-9.961697939301282778e-01,1.976880700963851711e-01
0.000000000000000000e+00,0.000000000000000000e+00,0.000000000000000000e+00,1.000000000000000000e+00
9.953734248723193900e-01,-3.849498453772842721e-02,8.803340969989006948e-02,7.070160954195718883e-01
-3.948698708541537039e-02,-9.991744061620771999e-01,9.554261958760412732e-03,2.931785117032315591e-01
8.759293869293863222e-02,-1.298623255992330250e-02,-9.960717016636074783e-01,1.977759437111427099e-01
0.000000000000000000e+00,0.000000000000000000e+00,0.000000000000000000e+00,1.000000000000000000e+00
9.953361458103338055e-01,-3.839526332328874192e-02,8.849723497242958925e-02,7.071732257112589570e-01
-3.940423927915509550e-02,-9.991764442926416301e-01,9.681895348774963161e-03,2.933822745587867931e-01
8.805261364809793823e-02,-1.312390662298591054e-02,-9.960293671898886592e-01,1.977188312602057296e-01
0.000000000000000000e+00,0.000000000000000000e+00,0.000000000000000000e+00,1.000000000000000000e+00
9.953477781732744667e-01,-3.864589138010954272e-02,8.825698592724946778e-02,7.071075781294735574e-01
-3.964920855060505289e-02,-9.991671311990133475e-01,9.642831163329496774e-03,2.935205632681769927e-01
8.781082363146688885e-02,-1.309729021479733718e-02,-9.960510630696564061e-01,1.974940879129815641e-01
0.000000000000000000e+00,0.000000000000000000e+00,0.000000000000000000e+00,1.000000000000000000e+00
9.953965180277617453e-01,-3.861219652600633712e-02,8.772040912834754012e-02,7.070250785788776415e-01
-3.958939088642260407e-02,-9.991715635237792270e-01,9.426917560289436310e-03,2.935272430322263260e-01
8.728374434824429096e-02,-1.285631848094588581e-02,-9.961005285851759483e-01,1.972413137112249970e-01
0.000000000000000000e+00,0.000000000000000000e+00,0.000000000000000000e+00,1.000000000000000000e+00
9.954361775495659259e-01,-3.865951635308800816e-02,8.724825626254220645e-02,7.069638187293658671e-01
-3.961284645382973091e-02,-9.991725536886606474e-01,9.221190330196204349e-03,2.934919668759164435e-01
8.681957625636205211e-02,-1.263525823343995130e-02,-9.961439210415532486e-01,1.969909433799048037e-01
0.000000000000000000e+00,0.000000000000000000e+00,0.000000000000000000e+00,1.000000000000000000e+00
9.954755075338581616e-01,-3.877176439799767671e-02,8.674828059203215647e-02,7.068974063885429260e-01
-3.970749706749898689e-02,-9.991700288282785447e-01,9.086702808603693005e-03,2.934611252212639410e-01
8.632397451949437583e-02,-1.249014718742269547e-02,-9.961888212815853683e-01,1.966632850719397529e-01
0.000000000000000000e+00,0.000000000000000000e+00,0.000000000000000000e+00,1.000000000000000000e+00
9.955338270620652796e-01,-3.874070079450936399e-02,8.609040177109364422e-02,7.067658156416513071e-01
-3.964672854717615769e-02,-9.991746660074609654e-01,8.838762604865619404e-03,2.935260219443133756e-01
8.567692857861183842e-02,-1.221248995205077154e-02,-9.962481212019956844e-01,1.961260879088314035e-01
0.000000000000000000e+00,0.000000000000000000e+00,0.000000000000000000e+00,1.000000000000000000e+00
9.956092996205235801e-01,-3.850372038906285654e-02,8.532049006734028496e-02,7.065905217956127693e-01
-3.936670930178670647e-02,-9.991890606658105911e-01,8.454776432489857080e-03,2.936369109149747914e-01
8.492575997822364442e-02,-1.177644097236626997e-02,-9.963176856455703279e-01,1.954560540557921944e-01
0.000000000000000000e+00,0.000000000000000000e+00,0.000000000000000000e+00,1.000000000000000000e+00
9.956768149153972791e-01,-3.834379084023070705e-02,8.460161903846938336e-02,7.064443219843077326e-01
-3.916696608994285622e-02,-9.991999206896514663e-01,8.091184159528263392e-03,2.936977308658129671e-01
8.422368436039190387e-02,-1.136979321688693506e-02,-9.963820044515889762e-01,1.948364112773051104e-01
0.000000000000000000e+00,0.000000000000000000e+00,0.000000000000000000e+00,1.000000000000000000e+00
9.957325789663696858e-01,-3.828754219646623991e-02,8.396841845322844389e-02,7.063392828579188043e-01
-3.907801221062240371e-02,-9.992057968856244976e-01,7.790021298480032629e-03,2.936983421136952210e-01
8.360346970460684479e-02,-1.103809687936038730e-02,-9.964379660925376525e-01,1.942879207912746042e-01
0.000000000000000000e+00,0.000000000000000000e+00,0.000000000000000000e+00,1.000000000000000000e+00
9.957756165622949629e-01,-3.831759628566150377e-02,8.344269455662446655e-02,7.062718778590338919e-01
-3.907957061369682350e-02,-9.992078269261848167e-01,7.517032000772361222e-03,2.936443748091711603e-01
8.308855890331812155e-02,-1.074618184941032034e-02,-9.964842251410853669e-01,1.938449509761588363e-01
0.000000000000000000e+00,0.000000000000000000e+00,0.000000000000000000e+00,1.000000000000000000e+00
9.958070757927506289e-01,-3.850443192841462858e-02,8.297997663871405083e-02,7.062581872950991491e-01
-3.923559845803470392e-02,-9.992040605070607873e-01,7.198144194291680904e-03,2.934738392096025161e-01
8.263676914504428095e-02,-1.042373196470580687e-02,-9.965252180437768059e-01,1.934393113190467361e-01
0.000000000000000000e+00,0.000000000000000000e+00,0.000000000000000000e+00,1.000000000000000000e+00
9.958397872160764663e-01,-3.888969596430985609e-02,8.240576281573396000e-02,7.062785127615561764e-01
-3.956926580572306396e-02,-9.991948408119607494e-01,6.628974155666417407e-03,2.931368948610931779e-01
8.208161426918623993e-02,-9.862131745418792339e-03,-9.965768143783000355e-01,1.929130241610069463e-01
0.000000000000000000e+00,0.000000000000000000e+00,0.000000000000000000e+00,1.000000000000000000e+00
9.958994415844903969e-01,-3.902198217192359708e-02,8.161854666112525192e-02,7.062020180187238427e-01
-3.964754409761694909e-02,-9.991953673216376064e-01,6.057241121583820803e-03,2.929658175862488445e-01
8.131650815626374762e-02,-9.268377978458322564e-03,-9.966452341083663624e-01,1.921989504354062461e-01
0.000000000000000000e+00,0.000000000000000000e+00,0.000000000000000000e+00,1.000000000000000000e+00
9.959803365261369335e-01,-3.895987204104822688e-02,8.065542525973304344e-02,7.060471623344725112e-01
-3.953758118071953875e-02,-9.992025179039953908e-01,5.577444638360717563e-03,2.929406402941296395e-01
8.037380747271632986e-02,-8.743945611742583168e-03,-9.967264391433978687e-01,1.913680377412964040e-01
0.000000000000000000e+00,0.000000000000000000e+00,0.000000000000000000e+00,1.000000000000000000e+00
9.960569221017354646e-01,-3.889972411411052322e-02,7.973342709970222819e-02,7.059029265250221785e-01
-3.943214645391551754e-02,-9.992091672505942768e-01,5.113306993612612948e-03,2.929040659126561641e-01
7.947146506296728918e-02,-8.237205000487142492e-03,-9.968031072857495012e-01,1.905713001887726910e-01
0.000000000000000000e+00,0.000000000000000000e+00,0.000000000000000000e+00,1.000000000000000000e+00
9.961246711358795469e-01,-3.883188315822966308e-02,7.891593251569117839e-02,7.057675924570043779e-01
-3.932328619588987273e-02,-9.992155720207451797e-01,4.681857965706244344e-03,2.928857963249782981e-01
7.867222328872919279e-02,-7.766948026124077809e-03,-9.968702803279709812e-01,1.898649206590221905e-01
0.000000000000000000e+00,0.000000000000000000e+00,0.000000000000000000e+00,1.000000000000000000e+00
9.961828277199590298e-01,-3.883165027016305393e-02,7.817849252295716589e-02,7.056583514977008420e-01
-3.928872470340538658e-02,-9.992185772619752715e-01,4.316360241445819923e-03,2.928416660171924701e-01
7.794979067993926258e-02,-7.371417221243146967e-03,-9.969300338243922699e-01,1.892417103151050051e-01
0.000000000000000000e+00,0.000000000000000000e+00,0.000000000000000000e+00,1.000000000000000000e+00
9.962365073037773300e-01,-3.895877392627022928e-02,7.742761425571842437e-02,7.055813478401150585e-01
-3.937234070683459652e-02,-9.992173015188259289e-01,3.821404545467736984e-03,2.926923543849322407e-01
7.721813454387195519e-02,-6.855529125965084680e-03,-9.969906526231664401e-01,1.885701979517983018e-01
0.000000000000000000e+00,0.000000000000000000e+00,0.000000000000000000e+00,1.000000000000000000e+00
9.962792487456262336e-01,-3.923729686297494634e-02,7.673391071578124223e-02,7.055570757993750997e-01
-3.959271755534754522e-02,-9.992110440420267636e-01,3.115474446294321399e-03,2.923893284234419521e-01
7.655112824402496297e-02,-6.141986594727415205e-03,-9.970467395088542517e-01,1.879061842371121949e-01
0.000000000000000000e+00,0.000000000000000000e+00,0.000000000000000000e+00,1.000000000000000000e+00
9.963042938239781154e-01,-3.962430028103597346e-02,7.620806345225443479e-02,7.055919870687608064e-01
-3.991892548611680747e-02,-9.992001678083319849e-01,2.346069017624923762e-03,2.920018950464428054e-01
7.605414844660621232e-02,-5.379542642258899887e-03,-9.970891770674386034e-01,1.873192298708941661e-01
0.000000000000000000e+00,0.000000000000000000e+00,0.000000000000000000e+00,1.000000000000000000e+00
9.963170994177314999e-01,-4.013553670725505951e-02,7.577186879745588521e-02,7.056782249750586100e-01
-4.036612916616322266e-02,-9.991838092724769638e-01,1.513573216855457681e-03,2.915241291980406602e-01
7.564927642733226820e-02,-4.566615920213457080e-03,-9.971240308983924105e-01,1.867680105337906349e-01
0.000000000000000000e+00,0.000000000000000000e+00,0.000000000000000000e+00,1.000000000000000000e+00
9.963206770623214137e-01,-4.071177497476313745e-02,7.541657534310272637e-02,7.057986748144081668e-01
-4.087287512176740467e-02,-9.991641787484262238e-01,5.932834598953516236e-04,2.909757473281017193e-01
7.532938694399458901e-02,-3.673592844562804938e-03,-9.971519383615790044e-01,1.862537131023103698e-01
0.000000000000000000e+00,0.000000000000000000e+00,0.000000000000000000e+00,1.000000000000000000e+00
9.963208286035103445e-01,-4.112024809569297945e-02,7.519263053892548399e-02,7.058926999461022644e-01
-4.120824628634855991e-02,-9.991505066454218209e-01,-3.814553724126146348e-04,2.905266985697901871e-01
7.514444043852039345e-02,-2.718504505449054198e-03,-9.971689539914665446e-01,1.857911965665705878e-01
0.000000000000000000e+00,0.000000000000000000e+00,0.000000000000000000e+00,1.000000000000000000e+00
9.963217842924565470e-01,-4.126425807456080008e-02,7.510101963257105606e-02,7.059287275731838118e-01
-4.132313086627481535e-02,-9.991455375549040951e-01,-7.704800648100579644e-04,2.903410774818655504e-01
7.506864191994226665e-02,-2.335763189534059703e-03,-9.971756330810626068e-01,1.855078467210122539e-01
0.000000000000000000e+00,0.000000000000000000e+00,0.000000000000000000e+00,1.000000000000000000e+00
9.963257760725192647e-01,-4.112076759553456862e-02,7.512676224786034307e-02,7.058981566555445619e-01
-4.117539953471460734e-02,-9.991515953412264395e-01,-8.221923368672967710e-04,2.903968137624979851e-01
7.509683353277388229e-02,-2.274203033194942269e-03,-9.971736526773632425e-01,1.853861242032190937e-01
0.000000000000000000e+00,0.000000000000000000e+00,0.000000000000000000e+00,1.000000000000000000e+00
9.963495822441670313e-01,-4.046462850511767240e-02,7.516730540478942790e-02,7.058168326163954953e-01
-4.051007915841953189e-02,-9.991787057820159523e-01,-9.205424240167555143e-04,2.905921858668595870e-01
7.514282033869004729e-02,-2.127851432465965864e-03,-9.971705113970372736e-01,1.853824372837007961e-01
0.000000000000000000e+00,0.000000000000000000e+00,0.000000000000000000e+00,1.000000000000000000e+00
9.963615944033901162e-01,-4.000852425116357969e-02,7.525218392297980396e-02,7.057270718164955214e-01
-4.005692829613721750e-02,-9.991970233658982181e-01,-8.665980651163976249e-04,2.908644756500310957e-01
7.522642948732878587e-02,-2.150926305664269123e-03,-9.971641579111311104e-01,1.854285504612963043e-01
0.000000000000000000e+00,0.000000000000000000e+00,0.000000000000000000e+00,1.000000000000000000e+00
9.963731635944744758e-01,-3.963011945824990168e-02,7.529921978655242099e-02,7.056382581684936817e-01
-3.968140430953359665e-02,-9.992120501228516360e-01,-8.155006506597541928e-04,2.911231411349141096e-01
7.527220616377611195e-02,-2.175435821331402064e-03,-9.971606502756842350e-01,1.854440747392465116e-01
0.000000000000000000e+00,0.000000000000000000e+00,0.000000000000000000e+00,1.000000000000000000e+00
9.963892062287426077e-01,-3.920762491070123312e-02,7.530811284130248251e-02,7.055320533071696154e-01
-3.925858638129958722e-02,-9.992287610099643835e-01,-8.040931747345988340e-04,2.913801077893473090e-01
7.528155887200146945e-02,-2.155300293085180008e-03,-9.971599879530106403e-01,1.854393206553381912e-01
0.000000000000000000e+00,0.000000000000000000e+00,0.000000000000000000e+00,1.000000000000000000e+00
9.964050916914024558e-01,-3.865205418428541151e-02,7.538509109089706894e-02,7.054448284904097921e-01
-3.870435488062801133e-02,-9.992504109184467964e-01,-7.675888158154766262e-04,2.916237314947114911e-01
7.535825213420362101e-02,-2.152901913886728913e-03,-9.971542001358802976e-01,1.854777354454846261e-01
0.000000000000000000e+00,0.000000000000000000e+00,0.000000000000000000e+00,1.000000000000000000e+00
9.964167111420875189e-01,-3.818864367309365848e-02,7.546764373686992711e-02,7.053824966270370034e-01
-3.823928372282620058e-02,-9.992683110786989564e-01,-7.743734821620269597e-04,2.917965000582244395e-01
7.544199717101121583e-02,-2.114229962455839440e-03,-9.971479504539508820e-01,1.854701147845060627e-01
0.000000000000000000e+00,0.000000000000000000e+00,0.000000000000000000e+00,1.000000000000000000e+00
9.964304222737541128e-01,-3.734311085123753760e-02,7.570934974823058383e-02,7.053177787017578249e-01
-3.737939355878888703e-02,-9.993007058328313708e-01,-9.382212864170888728e-04,2.919916753505000795e-01
7.569144274305306119e-02,-1.895097347708249447e-03,-9.971294871286866535e-01,1.854717383833253408e-01
0.000000000000000000e+00,0.000000000000000000e+00,0.000000000000000000e+00,1.000000000000000000e+00
9.964763529839191225e-01,-3.575683729086837070e-02,7.587045888105645175e-02,7.052535439886769009e-01
-3.578328459346213908e-02,-9.993590615784794240e-01,-1.011229293580095554e-03,2.921704751404914369e-01
7.585798895021553245e-02,-1.707228143880225313e-03,-9.971171700880963051e-01,1.854644393680814352e-01
0.000000000000000000e+00,0.000000000000000000e+00,0.000000000000000000e+00,1.000000000000000000e+00
9.965240186281916213e-01,-3.425122404156411005e-02,7.593901466818246682e-02,7.051924722460719552e-01
-3.427409293410910163e-02,-9.994119679153194991e-01,-1.002467541701028593e-03,2.923329344701942611e-01
7.592869583144370993e-02,-1.603757862861716899e-03,-9.971119601679910849e-01,1.854474720946298061e-01
0.000000000000000000e+00,0.000000000000000000e+00,0.000000000000000000e+00,1.000000000000000000e+00
9.965493775637037643e-01,-3.362332265442952162e-02,7.588682527995679883e-02,7.050699286024075807e-01
-3.364520055100900242e-02,-9.994333491429685523e-01,-9.905053010166784116e-04,2.925868239811682536e-01
7.587712802470140960e-02,-1.566140014521759383e-03,-9.971159454387328314e-01,1.853315801707264843e-01
0.000000000000000000e+00,0.000000000000000000e+00,0.000000000000000000e+00,1.000000000000000000e+00
9.965910728508806660e-01,-3.331319264897014687e-02,7.547492768769821503e-02,7.049045764213803800e-01
-3.332707056820943814e-02,-9.994439197428414134e-01,-1.075944425177310796e-03,2.928050378404560838e-01
7.546880071441622317e-02,-1.443081632163015215e-03,-9.971471193530724308e-01,1.850486381199852315e-01
0.000000000000000000e+00,0.000000000000000000e+00,0.000000000000000000e+00,1.000000000000000000e+00
9.966480338855994159e-01,-3.312929687778820576e-02,7.480071015941212875e-02,7.047078730152208648e-01
-3.312909285760234912e-02,-9.994503069437519205e-01,-1.243847447371664635e-03,2.929547577552539805e-01
7.480080051978971190e-02,-1.238401559809150509e-03,-9.971977269344206585e-01,1.845911593588924760e-01
0.000000000000000000e+00,0.000000000000000000e+00,0.000000000000000000e+00,1.000000000000000000e+00
9.966961432309537905e-01,-3.307351889152559954e-02,7.418180650721345470e-02,7.045337037627578125e-01
-3.305465771836824107e-02,-9.994524462912185436e-01,-1.482297413001095170e-03,2.930076483876601356e-01
7.419021277542818538e-02,-9.746541083667167871e-04,-9.972436324077008640e-01,1.842203452902376193e-01
0.000000000000000000e+00,0.000000000000000000e+00,0.000000000000000000e+00,1.000000000000000000e+00
9.966942303206892673e-01,-3.317752966041059848e-02,7.416105966800516647e-02,7.045384540871735268e-01
-3.315738174273169525e-02,-9.994490124339363568e-01,-1.503190206193640239e-03,2.929675980231530308e-01
7.417006998389347183e-02,-9.607655602698675357e-04,-9.972451442088463569e-01,1.842287927511537249e-01
0.000000000000000000e+00,0.000000000000000000e+00,0.000000000000000000e+00,1.000000000000000000e+00
9.966857879213179006e-01,-3.328887617198433846e-02,7.422459753254452564e-02,7.045758819049945387e-01
-3.326884800350793370e-02,-9.994453031878565152e-01,-1.506548456958804044e-03,2.929065172005093087e-01
7.423357668994159941e-02,-9.678114175662305696e-04,-9.972404120536224603e-01,1.842684223682451161e-01
0.000000000000000000e+00,0.000000000000000000e+00,0.000000000000000000e+00,1.000000000000000000e+00
9.966896075892917040e-01,-3.326119261748261557e-02,7.418570744534516703e-02,7.045580364570691589e-01
-3.324031164742990985e-02,-9.994462376686877869e-01,-1.516473371599467946e-03,2.929283119219094900e-01
7.419506590795228729e-02,-9.545027856092958007e-04,-9.972432908369686100e-01,1.842270711479914724e-01
0.000000000000000000e+00,0.000000000000000000e+00,0.000000000000000000e+00,1.000000000000000000e+00
9.966899262607618049e-01,-3.321876983667843009e-02,7.420043275382701142e-02,7.045417794231262354e-01
-3.320061488184050669e-02,-9.994476141088892707e-01,-1.478453082218731621e-03,2.929776254384067746e-01
7.420855787431210326e-02,-9.899406984291772571e-04,-9.972422523918791359e-01,1.842471829514141513e-01
0.000000000000000000e+00,0.000000000000000000e+00,0.000000000000000000e+00,1.000000000000000000e+00
9.966898971026934007e-01,-3.328151554938502121e-02,7.417270209557318139e-02,7.045491252864383158e-01
-3.326162750450145644e-02,-9.994455477830959111e-01,-1.503712838090852074e-03,2.929382704455153474e-01
7.418162271866519941e-02,-9.683693942364873797e-04,-9.972442775526676462e-01,1.842304377488077627e-01
0.000000000000000000e+00,0.000000000000000000e+00,0.000000000000000000e+00,1.000000000000000000e+00
9.966927324140937294e-01,-3.339702856304443968e-02,7.408262708683120701e-02,7.045608681626701619e-01
-3.337166720357165328e-02,-9.994417611239219124e-01,-1.580490293308785613e-03,2.928532352645634718e-01
7.409405496381851752e-02,-8.969975877161709410e-04,-9.972508543061500141e-01,1.841619547143399371e-01
0.000000000000000000e+00,0.000000000000000000e+00,0.000000000000000000e+00,1.000000000000000000e+00
9.966984495509099151e-01,-3.339915407320126484e-02,7.400471045823271699e-02,7.045473644874669095e-01
-3.337189959092262681e-02,-9.994417140953639755e-01,-1.605130466411413366e-03,2.928412250399348160e-01
7.401700467126257066e-02,-8.698467194682771297e-04,-9.972566000715055168e-01,1.841219068133677639e-01
0.000000000000000000e+00,0.000000000000000000e+00,0.000000000000000000e+00,1.000000000000000000e+00
9.967014866284343855e-01,-3.334437115750332747e-02,7.398850900497878913e-02,7.045285815803479235e-01
-3.331732127301434421e-02,-9.994435429873831378e-01,-1.600151248390729386e-03,2.928791483707471333e-01
7.400069361742422913e-02,-8.702257969288376693e-04,-9.972578102232152464e-01,1.841205026747079199e-01
0.000000000000000000e+00,0.000000000000000000e+00,0.000000000000000000e+00,1.000000000000000000e+00
9.967015942013138785e-01,-3.334373787236161180e-02,7.398734527781504478e-02,7.045249228227066229e-01
-3.331641435024462750e-02,-9.994435673687850352e-01,-1.603801733348812417e-03,2.928856124937278538e-01
7.399965304920157194e-02,-8.664813075386842978e-04,-9.972578906976578006e-01,1.841116925031095197e-01
0.000000000000000000e+00,0.000000000000000000e+00,0.000000000000000000e+00,1.000000000000000000e+00
9.966999381958960846e-01,-3.342960582980153417e-02,7.397090410669208971e-02,7.045488300221426359e-01
-3.339949937792757728e-02,-9.994407284608706199e-01,-1.644303776075724038e-03,2.928140534901754188e-01
7.398450271240014642e-02,-8.317136937062638569e-04,-9.972590443865276821e-01,1.841098000617010233e-01
0.000000000000000000e+00,0.000000000000000000e+00,0.000000000000000000e+00,1.000000000000000000e+00
9.966995559237434854e-01,-3.346374528047590946e-02,7.396061771791452577e-02,7.045519430353834878e-01
-3.343212809763990156e-02,-9.994396019052589342e-01,-1.665819414115636554e-03,2.927930155448343896e-01
7.397491488521666658e-02,-8.123393754276286849e-04,-9.972597716104183441e-01,1.840962629687224461e-01
0.000000000000000000e+00,0.000000000000000000e+00,0.000000000000000000e+00,1.000000000000000000e+00
9.967015294030181494e-01,-3.344471874335974704e-02,7.394262690669112237e-02,7.045400274302783261e-01
-3.341340447832691352e-02,-9.994402363519288013e-01,-1.660831709863352761e-03,2.928140406291949716e-01
7.395678256152241059e-02,-8.153213957214980323e-04,-9.972611140339170399e-01,1.840940953367030120e-01
0.000000000000000000e+00,0.000000000000000000e+00,0.000000000000000000e+00,1.000000000000000000e+00
9.966994731814959874e-01,-3.350066124045603111e-02,7.394501914382507757e-02,7.045587906058469185e-01
-3.346763815419218080e-02,-9.994383796378103479e-01,-1.685972516983099117e-03,2.927648489161713830e-01
7.395997130954348742e-02,-7.943572245348515248e-04,-9.972608944706952139e-01,1.841161041728400782e-01
0.000000000000000000e+00,0.000000000000000000e+00,0.000000000000000000e+00,1.000000000000000000e+00
9.966957557516102906e-01,-3.353138934998295406e-02,7.398118946723224176e-02,7.045700343896860174e-01
-3.349826645454617724e-02,-9.994373486828493913e-01,-1.688846451596248384e-03,2.927493578391932583e-01
7.399619322145489786e-02,-7.949755069754926851e-04,-9.972582069868748400e-01,1.841346442647308901e-01
0.000000000000000000e+00,0.000000000000000000e+00,0.000000000000000000e+00,1.000000000000000000e+00
9.967003070239346396e-01,-3.341871214939884371e-02,7.397085680637935368e-02,7.045393720964253648e-01
-3.338860174705715611e-02,-9.994410931580111068e-01,-1.643952704978685194e-03,2.928250275410057002e-01
7.398445277063736558e-02,-8.312553130117306122e-04,-9.972590484737824390e-01,1.841383820261895676e-01
0.000000000000000000e+00,0.000000000000000000e+00,0.000000000000000000e+00,1.000000000000000000e+00
9.966944915303788122e-01,-3.342892859014606755e-02,7.404456284099790453e-02,7.045535209439443003e-01
-3.340148100684653398e-02,-9.994407192040728471e-01,-1.609305252196222133e-03,2.928270214618633460e-01
7.405694848931360097e-02,-8.692123793390127418e-04,-9.972536351652425690e-01,1.841876953654681959e-01
0.000000000000000000e+00,0.000000000000000000e+00,0.000000000000000000e+00,1.000000000000000000e+00
9.966934071984896448e-01,-3.347209795496386420e-02,7.403965630362351058e-02,7.045658610250167264e-01
-3.344304771410144816e-02,-9.994392916659109449e-01,-1.632431908058948073e-03,2.927926562340571470e-01
7.405278257201243497e-02,-8.490776380350034680e-04,-9.972539618675410056e-01,1.841785145986739036e-01
0.000000000000000000e+00,0.000000000000000000e+00,0.000000000000000000e+00,1.000000000000000000e+00
9.966924952970419582e-01,-3.350214886812036275e-02,7.403834033643695578e-02,7.045711373162291125e-01
-3.347281067957519340e-02,-9.994382871570508531e-01,-1.637409475316826957e-03,2.927789395502084502e-01
7.405160878579933326e-02,-8.462776133349239616e-04,-9.972540514083839680e-01,1.841764958074589009e-01
0.000000000000000000e+00,0.000000000000000000e+00,0.000000000000000000e+00,1.000000000000000000e+00
9.966944165431936842e-01,-3.345097155783949283e-02,7.403561665481785126e-02,7.045590627337876555e-01
-3.342258015285376471e-02,-9.994399921392118635e-01,-1.622728781467706449e-03,2.928087663253244322e-01
7.404843798182794701e-02,-8.570966157588552625e-04,-9.972542776132087283e-01,1.841780255933175570e-01
0.000000000000000000e+00,0.000000000000000000e+00,0.000000000000000000e+00,1.000000000000000000e+00
9.966940181103982610e-01,-3.346331042185207716e-02,7.403540449379643340e-02,7.045595879877520895e-01
-3.343465545659768390e-02,-9.994395817418246786e-01,-1.626733606212822343e-03,2.928068435299611694e-01
7.404834959300504726e-02,-8.539925864683717283e-04,-9.972542868392264559e-01,1.841767249160707609e-01
0.000000000000000000e+00,0.000000000000000000e+00,0.000000000000000000e+00,1.000000000000000000e+00
9.966939135167947050e-01,-3.345943098945980410e-02,7.403856587237003795e-02,7.045619840031212000e-01
-3.343057940996624344e-02,-9.994397139529689333e-01,-1.629274047388352357e-03,2.928019177998614775e-01
7.405159767952104732e-02,-8.512646293134182307e-04,-9.972540479885960707e-01,1.841783812281170551e-01
0.000000000000000000e+00,0.000000000000000000e+00,0.000000000000000000e+00,1.000000000000000000e+00
9.966938766079405099e-01,-3.346461050331928089e-02,7.403672180814734050e-02,7.045603046201317499e-01
-3.343607262122016976e-02,-9.994395367938679886e-01,-1.625220270393735534e-03,2.928058458510184869e-01
7.404961431300211006e-02,-8.556501153738002574e-04,-9.972541915093541265e-01,1.841781589529550844e-01
0.000000000000000000e+00,0.000000000000000000e+00,0.000000000000000000e+00,1.000000000000000000e+00
9.966938245270003938e-01,-3.345534757447665708e-02,7.404160903446033171e-02,7.045606736893982314e-01
-3.342744673538639022e-02,-9.994398397116995847e-01,-1.616354479999105535e-03,2.928079919282939314e-01
7.405420956632928486e-02,-8.640114137400331518e-04,-9.972538430759657624e-01,1.841841112987578910e-01
0.000000000000000000e+00,0.000000000000000000e+00,0.000000000000000000e+00,1.000000000000000000e+00
9.966926989722482144e-01,-3.345650978188419167e-02,7.405623382693871104e-02,7.045633296470996676e-01
-3.342898068178074000e-02,-9.994397961423663324e-01,-1.611563676126819130e-03,2.928091189348673296e-01
7.406866453496147029e-02,-8.693906600416995145e-04,-9.972527648965870961e-01,1.841860092957659789e-01
0.000000000000000000e+00,0.000000000000000000e+00,0.000000000000000000e+00,1.000000000000000000e+00
9.966933553702517212e-01,-3.345722160480313345e-02,7.404707747964495157e-02,7.045607512134990369e-01
-3.343009230998683634e-02,-9.994397677574544669e-01,-1.606098711578468705e-03,2.928099879918248383e-01
7.405932951988714041e-02,-8.746127215303323155e-04,-9.972534536233267355e-01,1.841841627411755777e-01
0.000000000000000000e+00,0.000000000000000000e+00,0.000000000000000000e+00,1.000000000000000000e+00
9.966923020780459330e-01,-3.345229010535472058e-02,7.406348131887900699e-02,7.045599207558486121e-01
-3.342595036232176575e-02,-9.994399232991957316e-01,-1.595480514892597124e-03,2.928221279596485149e-01
7.407537256565353834e-02,-8.854391029166699956e-04,-9.972522525303487706e-01,1.841954573076902413e-01
0.000000000000000000e+00,0.000000000000000000e+00,0.000000000000000000e+00,1.000000000000000000e+00
9.966918264425774776e-01,-3.346128027746669842e-02,7.406582089433400018e-02,7.045622543934605408e-01
-3.343492252341706550e-02,-9.994396222231314297e-01,-1.596084690019154229e-03,2.928160926976010048e-01
7.407772309143864642e-02,-8.855804183831098020e-04,-9.972520778062639035e-01,1.841904067545505064e-01
0.000000000000000000e+00,0.000000000000000000e+00,0.000000000000000000e+00,1.000000000000000000e+00
9.966911520630528099e-01,-3.345331046898081251e-02,7.407849497587529197e-02,7.045620391719550346e-01
-3.342817585316293361e-02,-9.994398742847614425e-01,-1.579477378829123591e-03,2.928263084033690400e-01
7.408984045302574595e-02,-9.020578286284344771e-04,-9.972511628638587311e-01,1.842008022879937923e-01
0.000000000000000000e+00,0.000000000000000000e+00,0.000000000000000000e+00,1.000000000000000000e+00
9.966927157280567329e-01,-3.344746244408058899e-02,7.406009499509863536e-02,7.045596207734942107e-01
-3.342034615597466729e-02,-9.994400943229442280e-01,-1.605715591006451424e-03,2.928214139181393172e-01
7.407233543939355236e-02,-8.747089779934241749e-04,-9.972524875911604747e-01,1.841968854029557567e-01
0.000000000000000000e+00,0.000000000000000000e+00,0.000000000000000000e+00,1.000000000000000000e+00
9.966915398493493283e-01,-3.348553678236776410e-02,7.405871467376284878e-02,7.045713330367738836e-01
-3.345720753877640119e-02,-9.994388323941407748e-01,-1.623442744152659312e-03,2.927864943959879174e-01
7.407151717387971956e-02,-8.597261383683843516e-04,-9.972525613978272530e-01,1.841880547152771608e-01
0.000000000000000000e+00,0.000000000000000000e+00,0.000000000000000000e+00,1.000000000000000000e+00
9.966914068729444409e-01,-3.349582041507953578e-02,7.405585378855368550e-02,7.045714276255433672e-01
-3.346706400709137386e-02,-9.994384924638733958e-01,-1.629542354578883282e-03,2.927843722307935659e-01
7.406885372662483369e-02,-8.542811368970615327e-04,-9.972527639025940971e-01,1.841843404678852325e-01
0.000000000000000000e+00,0.000000000000000000e+00,0.000000000000000000e+00,1.000000000000000000e+00
9.966937948752565557e-01,-3.345712698683495079e-02,7.404120414300915942e-02,7.045608994409007231e-01
-3.342897621925833285e-02,-9.994397830069539079e-01,-1.619781449794447823e-03,2.928067910702725762e-01
7.405391823591916944e-02,-8.606955324776746630e-04,-9.972538675769114791e-01,1.841828100918186384e-01
0.000000000000000000e+00,0.000000000000000000e+00,0.000000000000000000e+00,1.000000000000000000e+00
9.966925233992798283e-01,-3.347153642001537976e-02,7.405180652529419483e-02,7.045640777156888523e-01
-3.344345781577201526e-02,-9.994392990334735050e-01,-1.619468061908481155e-03,2.928030755407830532e-01
7.406449169001760868e-02,-8.624367585223155497e-04,-9.972530808543719205e-01,1.841905560237522554e-01
0.000000000000000000e+00,0.000000000000000000e+00,0.000000000000000000e+00,1.000000000000000000e+00
9.966923296943244193e-01,-3.348095508869258774e-02,7.405015580570284417e-02,7.045675539716984570e-01
-3.345260269746769266e-02,-9.994389864668312695e-01,-1.623484807003685139e-03,2.927964575161041139e-01
7.406296848807303324e-02,-8.590555873378979967e-04,-9.972531968974741590e-01,1.841853279516318942e-01
0.000000000000000000e+00,0.000000000000000000e+00,0.000000000000000000e+00,1.000000000000000000e+00
9.966924022743255396e-01,-3.348185276664761290e-02,7.404877300770279502e-02,7.045690035194467349e-01
-3.345337025948741383e-02,-9.994389578996292212e-01,-1.625254067797817295e-03,2.927894537536810393e-01
7.406164504597106957e-02,-8.573026395479119155e-04,-9.972532966931064724e-01,1.841870586486440420e-01
0.000000000000000000e+00,0.000000000000000000e+00,0.000000000000000000e+00,1.000000000000000000e+00
9.966930043960555707e-01,-3.345094742446641511e-02,7.405463594110732461e-02,7.045624860029898739e-01
-3.342327463820365940e-02,-9.994399842223871122e-01,-1.613273074788133940e-03,2.928115643947581948e-01
7.406712968938083952e-02,-8.672104474699363075e-04,-9.972528807908334070e-01,1.841910618684386713e-01
0.000000000000000000e+00,0.000000000000000000e+00,0.000000000000000000e+00,1.000000000000000000e+00
9.966936301181271718e-01,-3.345870617410368064e-02,7.404270837229624813e-02,7.045614488170417467e-01
-3.343067531194654496e-02,-9.994397286670881897e-01,-1.618242888025053870e-03,2.928062445673026426e-01
7.405536867869304263e-02,-8.624053643329354646e-04,-9.972537583919404147e-01,1.841843315375601420e-01
0.000000000000000000e+00,0.000000000000000000e+00,0.000000000000000000e+00,1.000000000000000000e+00
9.966916399335516985e-01,-3.348251099279098142e-02,7.405873577226054771e-02,7.045675267528105357e-01
-3.345424493693549550e-02,-9.994389331291890777e-01,-1.622479980724678356e-03,2.927956537985766383e-01
7.407150857291477930e-02,-8.604668534971382510e-04,-9.972525613978272530e-01,1.841880547152771608e-01
0.000000000000000000e+00,0.000000000000000000e+00,0.000000000000000000e+00,1.000000000000000000e+00
9.966912968301863129e-01,-3.347422618140027950e-02,7.406709798903994557e-02,7.045648297421640560e-01
-3.344691706327596048e-02,-9.994391995565004017e-01,-1.609387717087186172e-03,2.928097574360858935e-01
7.407943413609438532e-02,-8.732533527107330662e-04,-9.972519615757383660e-01,1.841943842740042525e-01
0.000000000000000000e+00,0.000000000000000000e+00,0.000000000000000000e+00,1.000000000000000000e+00
9.966914667713235865e-01,-3.347053527472582113e-02,7.406647914982210368e-02,7.045662727224910604e-01
-3.344330554538288425e-02,-9.994393223644921775e-01,-1.608174680461905114e-03,2.928062892018253316e-01
7.407877819879227221e-02,-8.741739117841262896e-04,-9.972520094943635449e-01,1.841943826218039870e-01
0.000000000000000000e+00,0.000000000000000000e+00,0.000000000000000000e+00,1.000000000000000000e+00
9.966914288135959588e-01,-3.347637162778516196e-02,7.406435223608921758e-02,7.045673890578622034e-01
-3.344897297757265520e-02,-9.994391287341490848e-01,-1.610640205287231647e-03,2.928025139314698877e-01
7.407673005916690090e-02,-8.720652290339636625e-04,-9.972521634802191670e-01,1.841922311759105202e-01
0.000000000000000000e+00,0.000000000000000000e+00,0.000000000000000000e+00,1.000000000000000000e+00
9.966922618904328068e-01,-3.345562063974666378e-02,7.406251774914301977e-02,7.045639528367422244e-01
-3.342849730231350902e-02,-9.994398210378299119e-01,-1.606141955094279872e-03,2.928106693750328060e-01
7.407476396075771130e-02,-8.749694166397051220e-04,-9.972523069778670424e-01,1.841920089040395836e-01
0.000000000000000000e+00,0.000000000000000000e+00,0.000000000000000000e+00,1.000000000000000000e+00
9.966920763236080116e-01,-3.347605040046869318e-02,7.405578332122958463e-02,7.045651911551624735e-01
-3.344823912653838160e-02,-9.994391445085986092e-01,-1.616082688017339520e-03,2.928010932308726111e-01
7.406834879399920579e-02,-8.662987394009238895e-04,-9.972527910381724370e-01,1.841876990547242077e-01
0.000000000000000000e+00,0.000000000000000000e+00,0.000000000000000000e+00,1.000000000000000000e+00
9.966915258276678458e-01,-3.347162947305215575e-02,7.406518995948317696e-02,7.045665393646691754e-01
-3.344407460368103990e-02,-9.994392895362944618e-01,-1.612577158005982451e-03,2.928045531865024476e-01
7.407763641760614637e-02,-8.697997504129514890e-04,-9.972520981332531065e-01,1.841922334290275742e-01
0.000000000000000000e+00,0.000000000000000000e+00,0.000000000000000000e+00,1.000000000000000000e+00
9.966917022373208424e-01,-3.346414795504742967e-02,7.406619669535031980e-02,7.045671415657156489e-01
-3.343693732468377977e-02,-9.994395362384262960e-01,-1.607677164185690715e-03,2.928042003169771812e-01
7.407848482263115764e-02,-8.741882873598422199e-04,-9.972520312745527526e-01,1.841943818708384750e-01
0.000000000000000000e+00,0.000000000000000000e+00,0.000000000000000000e+00,1.000000000000000000e+00
9.966915651573615698e-01,-3.347353593568336283e-02,7.406379909329205424e-02,7.045667519487034403e-01
-3.344619613384169909e-02,-9.994392231214399569e-01,-1.609736186203292218e-03,2.928039756547000105e-01
7.407614938929799053e-02,-8.727418719742460751e-04,-9.972522060207634764e-01,1.841920993133476514e-01
0.000000000000000000e+00,0.000000000000000000e+00,0.000000000000000000e+00,1.000000000000000000e+00
9.966918394128255754e-01,-3.347472290400144157e-02,7.405957179445994687e-02,7.045653682076603586e-01
-3.344685319061158069e-02,-9.994391896260503838e-01,-1.616864641652753475e-03,2.928018954199979040e-01
7.407216251416007258e-02,-8.655438313984395449e-04,-9.972525084322183542e-01,1.841901157241483400e-01
0.000000000000000000e+00,0.000000000000000000e+00,0.000000000000000000e+00,1.000000000000000000e+00
9.966918952350457550e-01,-3.347295854932258452e-02,7.405961800284867336e-02,7.045660961917762366e-01
-3.344539423198156225e-02,-9.994392451979388081e-01,-1.612688079425503209e-03,2.928036177542908680e-01
7.407207015765035485e-02,-8.695999824696251657e-04,-9.972525117634102321e-01,1.841882945532374860e-01
0.000000000000000000e+00,0.000000000000000000e+00,0.000000000000000000e+00,1.000000000000000000e+00
9.966918454945632444e-01,-3.347304820432817074e-02,7.406024688422528646e-02,7.045649780797910156e-01
-3.344541484530511033e-02,-9.994392429905087916e-01,-1.613628328935769228e-03,2.928035400135858835e-01
7.407273014049861604e-02,-8.686854834793408808e-04,-9.972524635392301384e-01,1.841915045561320352e-01
0.000000000000000000e+00,0.000000000000000000e+00,0.000000000000000000e+00,1.000000000000000000e+00
9.966914982629758724e-01,-3.347553481406262410e-02,7.406379587367144246e-02,7.045673375552458095e-01
-3.344818951690525788e-02,-9.994391561723692252e-01,-1.609884313798252801e-03,2.928025665206104855e-01
7.407614938929799053e-02,-8.727418719742460751e-04,-9.972522060207634764e-01,1.841920993133476514e-01
0.000000000000000000e+00,0.000000000000000000e+00,0.000000000000000000e+00,1.000000000000000000e+00
9.966920719778180615e-01,-3.347533665240626233e-02,7.405616444680410138e-02,7.045662368668735853e-01
-3.344750240082217108e-02,-9.994391686996473290e-01,-1.616370039650945074e-03,2.928027287409618040e-01
7.406873996303051100e-02,-8.659705342276072249e-04,-9.972527622700889660e-01,1.841914136783778799e-01
0.000000000000000000e+00,0.000000000000000000e+00,0.000000000000000000e+00,1.000000000000000000e+00
9.966921247693751873e-01,-3.346495049682329803e-02,7.406014792689576132e-02,7.045635641724472542e-01
-3.343769250811134963e-02,-9.994395100143849131e-01,-1.608272967856939342e-03,2.928104422249359073e-01
7.407245873090419208e-02,-8.734474519422399941e-04,-9.972524795392121444e-01,1.841897264227357334e-01
0.000000000000000000e+00,0.000000000000000000e+00,0.000000000000000000e+00,1.000000000000000000e+00
9.966916628865047922e-01,-3.346224149969323491e-02,7.406758755589240573e-02,7.045669289806757440e-01
-3.343481579735368969e-02,-9.994396026393761456e-01,-1.610518128701904621e-03,2.928047778497765985e-01
7.407997182188065521e-02,-8.712461546808714097e-04,-9.972519233899762581e-01,1.841945159861539949e-01
0.000000000000000000e+00,0.000000000000000000e+00,0.000000000000000000e+00,1.000000000000000000e+00
9.966916677113768497e-01,-3.347170017794204311e-02,7.406324865891543430e-02,7.045658543885224834e-01
-3.344447825705310073e-02,-9.994392832835355955e-01,-1.608074564932068275e-03,2.928061389841603024e-01
7.407554514701786275e-02,-8.742521894933782955e-04,-9.972522495809579279e-01,1.841920978114229834e-01
0.000000000000000000e+00,0.000000000000000000e+00,0.000000000000000000e+00,1.000000000000000000e+00
9.966919333096093681e-01,-3.346970364265355879e-02,7.406057664929618922e-02,7.045648695802207984e-01
-3.344238539120825138e-02,-9.994393513981050248e-01,-1.609265758441298395e-03,2.928073482632295166e-01
7.407291633855968283e-02,-8.728201466110876994e-04,-9.972524460988262396e-01,1.841898145042907553e-01
0.000000000000000000e+00,0.000000000000000000e+00,0.000000000000000000e+00,1.000000000000000000e+00
9.966914678823168838e-01,-3.347111655264040087e-02,7.406620151804842178e-02,7.045662631499440831e-01
-3.344394164412101134e-02,-9.994393022369284507e-01,-1.607454965588290229e-03,2.928063140170843459e-01
7.407847607704437509e-02,-8.749290721643543378e-04,-9.972520312745527526e-01,1.841943818708384750e-01
0.000000000000000000e+00,0.000000000000000000e+00,0.000000000000000000e+00,1.000000000000000000e+00
9.966922099839403693e-01,-3.347084246935028151e-02,7.405633843042054576e-02,7.045636086071185300e-01
-3.344347684494131112e-02,-9.994393138615967898e-01,-1.609895767637628452e-03,2.928059505247414540e-01
7.406870063563238127e-02,-8.721308690283896548e-04,-9.972527598226521572e-01,1.841897593315799941e-01
0.000000000000000000e+00,0.000000000000000000e+00,0.000000000000000000e+00,1.000000000000000000e+00
9.966914957668433495e-01,-3.346858195837154604e-02,7.406697163883595170e-02,7.045654965767230715e-01
-3.344164758463225029e-02,-9.994393843388076348e-01,-1.604131943082104123e-03,2.928088887619977321e-01
7.407913655596715108e-02,-8.780968974490752088e-04,-9.972519794279482985e-01,1.841958144192021030e-01
0.000000000000000000e+00,0.000000000000000000e+00,0.000000000000000000e+00,1.000000000000000000e+00
9.966916271359316237e-01,-3.346800224916812727e-02,7.406546578925157776e-02,7.045652400269181159e-01
-3.344094516134005213e-02,-9.994394052523636329e-01,-1.605744537036044852e-03,2.928087307157270502e-01
7.407768613992578299e-02,-8.763870444243662683e-04,-9.972520886726198297e-01,1.841942929635906334e-01
0.000000000000000000e+00,0.000000000000000000e+00,0.000000000000000000e+00,1.000000000000000000e+00
9.966917323758837099e-01,-3.346853873914928945e-02,7.406380714104718321e-02,7.045652879200181573e-01
-3.344121267559790889e-02,-9.994393904766267767e-01,-1.609365867187699875e-03,2.928074984847997553e-01
7.407614938929799053e-02,-8.727418719742460751e-04,-9.972522060207634764e-01,1.841920993133476514e-01
0.000000000000000000e+00,0.000000000000000000e+00,0.000000000000000000e+00,1.000000000000000000e+00
9.966926481840334695e-01,-3.346417369502480144e-02,7.405345457713569113e-02,7.045612221624699689e-01
-3.343692239468476490e-02,-9.994395360979770881e-01,-1.608074946070338742e-03,2.928108514555424202e-01
7.406576318833514583e-02,-8.733631372767891587e-04,-9.972529769121574184e-01,1.841881037726411652e-01
0.000000000000000000e+00,0.000000000000000000e+00,0.000000000000000000e+00,1.000000000000000000e+00
9.966915347682065995e-01,-3.346911767396909543e-02,7.406620473281015637e-02,7.045656775359069313e-01
-3.344194826111851482e-02,-9.994393691771626953e-01,-1.607306833182112248e-03,2.928077231490249233e-01
7.407847607704437509e-02,-8.749290721643543378e-04,-9.972520312745527526e-01,1.841943818708384750e-01
0.000000000000000000e+00,0.000000000000000000e+00,0.000000000000000000e+00,1.000000000000000000e+00
9.966918247410034848e-01,-3.346742331767621481e-02,7.406306819815437759e-02,7.045648504108189547e-01
-3.344020957732984911e-02,-9.994394265542569933e-01,-1.607803570841002819e-03,2.928085060513919702e-01
7.407535945152914081e-02,-8.741998476397006002e-04,-9.972522634202206637e-01,1.841920104058764052e-01
0.000000000000000000e+00,0.000000000000000000e+00,0.000000000000000000e+00,1.000000000000000000e+00
9.966916271359316237e-01,-3.346800224916812727e-02,7.406546578925157776e-02,7.045652400269181159e-01
-3.344094516134005213e-02,-9.994394052523636329e-01,-1.605744537036044852e-03,2.928087307157270502e-01
7.407768613992578299e-02,-8.763870444243662683e-04,-9.972520886726198297e-01,1.841942929635906334e-01
0.000000000000000000e+00,0.000000000000000000e+00,0.000000000000000000e+00,1.000000000000000000e+00
9.966920740032032544e-01,-3.347482970073012432e-02,7.405636634146067765e-02,7.045652112572868830e-01
-3.344690331365379743e-02,-9.994391867683007913e-01,-1.617594091540064350e-03,2.928010411187497719e-01
7.406898323806393458e-02,-8.647129147909410340e-04,-9.972527452926136515e-01,1.841877006319987409e-01
0.000000000000000000e+00,0.000000000000000000e+00,0.000000000000000000e+00,1.000000000000000000e+00
9.966918694095487918e-01,-3.345915075694799734e-02,7.406620473281015637e-02,7.045656775359069313e-01
-3.343195386575464889e-02,-9.994397035466732193e-01,-1.607306833182112248e-03,2.928077231490249233e-01
7.407848482263115764e-02,-8.741882873598422199e-04,-9.972520312745527526e-01,1.841943818708384750e-01
0.000000000000000000e+00,0.000000000000000000e+00,0.000000000000000000e+00,1.000000000000000000e+00
9.966923152086201165e-01,-3.347137894412688386e-02,7.405467976880052150e-02,7.045636564874148133e-01
-3.344374438433911356e-02,-9.994392990693166112e-01,-1.613517086325564178e-03,2.928047182833740103e-01
7.406716388276195218e-02,-8.684857002533574732e-04,-9.972528771414764792e-01,1.841875656895237967e-01
0.000000000000000000e+00,0.000000000000000000e+00,0.000000000000000000e+00,1.000000000000000000e+00
9.966911956597512834e-01,-3.347799763128062045e-02,7.406675481574512276e-02,7.045685019534368987e-01
-3.345020851231483849e-02,-9.994390787545229804e-01,-1.615985393768755354e-03,2.927999453760144477e-01
7.407930915457011656e-02,-8.669099781330250054e-04,-9.972519763942668813e-01,1.841924549614316620e-01
0.000000000000000000e+00,0.000000000000000000e+00,0.000000000000000000e+00,1.000000000000000000e+00
9.966922439809300371e-01,-3.346553002733887450e-02,7.405828169926172155e-02,7.045668773575715083e-01
-3.343782070813322571e-02,-9.994394959295419545e-01,-1.614348907023452264e-03,2.928022766110471298e-01
7.407079677274075458e-02,-8.673385107029474295e-04,-9.972526083141415310e-01,1.841935651172743604e-01
0.000000000000000000e+00,0.000000000000000000e+00,0.000000000000000000e+00,1.000000000000000000e+00
9.966921433402120556e-01,-3.347526167860076507e-02,7.405523789337069285e-02,7.045650168778045952e-01
-3.344702124234333329e-02,-9.994391759645895323e-01,-1.621825279338067784e-03,2.928004633207771379e-01
7.406799696163483826e-02,-8.604666011396283620e-04,-9.972528222187789781e-01,1.841856387917362725e-01
0.000000000000000000e+00,0.000000000000000000e+00,0.000000000000000000e+00,1.000000000000000000e+00
9.966934284082527018e-01,-3.346412152437289178e-02,7.404297629353701060e-02,7.045632152147929261e-01
-3.343601937856743866e-02,-9.994395480115438879e-01,-1.619406865792576838e-03,2.928019923767867239e-01
7.405567078839647710e-02,-8.616502091428820953e-04,-9.972537366101957845e-01,1.841843322886114742e-01
0.000000000000000000e+00,0.000000000000000000e+00,0.000000000000000000e+00,1.000000000000000000e+00
9.966931513674970322e-01,-3.346746780538267796e-02,7.404519306358174624e-02,7.045645277270901063e-01
-3.343902874617871168e-02,-9.994394397241466166e-01,-1.624093715267678050e-03,2.927989696547685372e-01
7.405804057386114470e-02,-8.572762561831967498e-04,-9.972535643976313535e-01,1.841845990234299013e-01
0.000000000000000000e+00,0.000000000000000000e+00,0.000000000000000000e+00,1.000000000000000000e+00
9.966924100019742827e-01,-3.346201551170602251e-02,7.405763540885318408e-02,7.045647184728808243e-01
-3.343370035397358331e-02,-9.994396207894756801e-01,-1.622367661646130889e-03,2.928019510954224525e-01
7.407042274144909344e-02,-8.590192565880588882e-04,-9.972526432959804010e-01,1.841871626433355669e-01
0.000000000000000000e+00,0.000000000000000000e+00,0.000000000000000000e+00,1.000000000000000000e+00
9.966930937172027161e-01,-3.347408845698368607e-02,7.404297629353701060e-02,7.045632152147929261e-01
-3.344601377237577111e-02,-9.994392136013781069e-01,-1.619406865792576838e-03,2.928019923767867239e-01
7.405566216819159386e-02,-8.623907658076787608e-04,-9.972537366101957845e-01,1.841843322886114742e-01
0.000000000000000000e+00,0.000000000000000000e+00,0.000000000000000000e+00,1.000000000000000000e+00
9.966914242716357064e-01,-3.347398838431075996e-02,7.406549051363599256e-02,7.045674283048656283e-01
-3.344636496778474744e-02,-9.994392112551891971e-01,-1.613591040870197141e-03,2.928024121887493614e-01
7.407796874793601272e-02,-8.689690745201719690e-04,-9.972520741712836978e-01,1.841922342552193004e-01
0.000000000000000000e+00,0.000000000000000000e+00,0.000000000000000000e+00,1.000000000000000000e+00
9.966922139361082955e-01,-3.346824533083536668e-02,7.405745900051810549e-02,7.045647666488634719e-01
-3.344069088094864250e-02,-9.994394031181028648e-01,-1.612354903698362540e-03,2.928072859765666891e-01
7.406990530939862316e-02,-8.695110152469945342e-04,-9.972526726352007875e-01,1.841934325041236220e-01
0.000000000000000000e+00,0.000000000000000000e+00,0.000000000000000000e+00,1.000000000000000000e+00
9.966919683180381906e-01,-3.347659113863549196e-02,7.405699248586444794e-02,7.045671439905255573e-01
-3.344858419526536286e-02,-9.994391286413177866e-01,-1.618751375461364560e-03,2.928005405911833225e-01
7.406964631782037012e-02,-8.637050537853574461e-04,-9.972526969168511446e-01,1.841914159318077671e-01
0.000000000000000000e+00,0.000000000000000000e+00,0.000000000000000000e+00,1.000000000000000000e+00
9.966931519640305215e-01,-3.346657843104372532e-02,7.404558701316844849e-02,7.045617358696015797e-01
-3.343860001417947592e-02,-9.994394641750030672e-01,-1.617862378144058460e-03,2.928066630602784159e-01
7.405822612713336417e-02,-8.634684138319401181e-04,-9.972535452758242158e-01,1.841865284796173619e-01
0.000000000000000000e+00,0.000000000000000000e+00,0.000000000000000000e+00,1.000000000000000000e+00
9.966928257291252091e-01,-3.347613313126801549e-02,7.404565922908003250e-02,7.045640772588224188e-01
-3.344767227635775386e-02,-9.994391494849778068e-01,-1.624714140278361169e-03,2.928001005901894604e-01
7.405851982982651627e-02,-8.573140159050737785e-04,-9.972535287745506460e-01,1.841846871874487368e-01
0.000000000000000000e+00,0.000000000000000000e+00,0.000000000000000000e+00,1.000000000000000000e+00
9.966926179711466105e-01,-3.347743243158340931e-02,7.404786829889849209e-02,7.045649269366949241e-01
-3.344912260036342344e-02,-9.994391041306119883e-01,-1.622754407132186594e-03,2.927991695118309368e-01
7.406066080645060112e-02,-8.594488866566843410e-04,-9.972533679404264051e-01,1.841868823191963878e-01
0.000000000000000000e+00,0.000000000000000000e+00,0.000000000000000000e+00,1.000000000000000000e+00
9.966930555200843589e-01,-3.347276327730136503e-02,7.404408954548763466e-02,7.045629930676680086e-01
-3.344452837805828027e-02,-9.994392598692548590e-01,-1.621528157436293721e-03,2.928025947064756829e-01
7.405684708119647519e-02,-8.602038001845335735e-04,-9.972536505071387669e-01,1.841844656539732283e-01
0.000000000000000000e+00,0.000000000000000000e+00,0.000000000000000000e+00,1.000000000000000000e+00
9.966930543059866476e-01,-3.347212386216319446e-02,7.404439494222020413e-02,7.045630035979822958e-01
-3.344382867326167741e-02,-9.994392819986497312e-01,-1.622319850473754460e-03,2.928025674082906926e-01
7.405717940805607580e-02,-8.593731318329994595e-04,-9.972536265443927572e-01,1.841844664802271270e-01
0.000000000000000000e+00,0.000000000000000000e+00,0.000000000000000000e+00,1.000000000000000000e+00
9.966926871362742357e-01,-3.346946207704337706e-02,7.405054029070999577e-02,7.045659117375043801e-01
-3.344122105809227419e-02,-9.994393704807366108e-01,-1.621563200344310280e-03,2.927979602345888721e-01
7.406329821994517282e-02,-8.601403038203669915e-04,-9.972531714742456366e-01,1.841891656163022750e-01
0.000000000000000000e+00,0.000000000000000000e+00,0.000000000000000000e+00,1.000000000000000000e+00
9.966927138961718668e-01,-3.347210898091468323e-02,7.404898369763984745e-02,7.045640868279724467e-01
-3.344358813886993964e-02,-9.994392850248570159e-01,-1.625411148043038548e-03,2.928011839391413407e-01
7.406186926267258053e-02,-8.564282645456972043e-04,-9.972532807927716458e-01,1.841868853241145354e-01
0.000000000000000000e+00,0.000000000000000000e+00,0.000000000000000000e+00,1.000000000000000000e+00
9.966933878673764902e-01,-3.346157564367646664e-02,7.404467257604629982e-02,7.045630131710101107e-01
-3.343319818305678925e-02,-9.994396364972736313e-01,-1.623039571229886041e-03,2.928025425917654689e-01
7.405749010534878884e-02,-8.578774037425462851e-04,-9.972536047594193764e-01,1.841844672313898146e-01
0.000000000000000000e+00,0.000000000000000000e+00,0.000000000000000000e+00,1.000000000000000000e+00
9.966926963791894467e-01,-3.347408382239608349e-02,7.404832676456754581e-02,7.045640136293086497e-01
-3.344621269245978690e-02,-9.994392112811557594e-01,-1.616728249322841237e-03,2.928023920885614029e-01
7.406091979520450230e-02,-8.652548483584904249e-04,-9.972533436861145129e-01,1.841888988825610141e-01
0.000000000000000000e+00,0.000000000000000000e+00,0.000000000000000000e+00,1.000000000000000000e+00
9.966930943942675647e-01,-3.347324082295566328e-02,7.404335038062588581e-02,7.045631749616595441e-01
-3.344476548856339937e-02,-9.994392466616381920e-01,-1.624775009682541621e-03,2.928014265948256090e-01
7.405621680989869782e-02,-8.569604573726366525e-04,-9.972537001037297122e-01,1.841830331963036915e-01
0.000000000000000000e+00,0.000000000000000000e+00,0.000000000000000000e+00,1.000000000000000000e+00
9.966923319175882146e-01,-3.347037557243082162e-02,7.405490838371613094e-02,7.045653008859582567e-01
-3.344216546127526390e-02,-9.994393394181722012e-01,-1.621231824286211006e-03,2.928038114555838733e-01
7.406765195374326316e-02,-8.606871718609271360e-04,-9.972528476528161878e-01,1.841891342057852821e-01
0.000000000000000000e+00,0.000000000000000000e+00,0.000000000000000000e+00,1.000000000000000000e+00
9.966928166429844804e-01,-3.347743473522279967e-02,7.404519306358174624e-02,7.045645277270901063e-01
-3.344902313890391055e-02,-9.994391052838873524e-01,-1.624093715267678050e-03,2.927989696547685372e-01
7.405803199739569020e-02,-8.580168365460646984e-04,-9.972535643976313535e-01,1.841845990234299013e-01
0.000000000000000000e+00,0.000000000000000000e+00,0.000000000000000000e+00,1.000000000000000000e+00
9.966921598059227394e-01,-3.347183798808278654e-02,7.405656380837796759e-02,7.045658386121892436e-01
-3.344389130774483299e-02,-9.994392872962752916e-01,-1.617758606587046174e-03,2.928036345620309011e-01
7.406918870623985240e-02,-8.643323509885877942e-04,-9.972527303617605421e-01,1.841913278452068647e-01
0.000000000000000000e+00,0.000000000000000000e+00,0.000000000000000000e+00,1.000000000000000000e+00
9.966962769900225005e-01,-3.347104906909376121e-02,7.400148855558630334e-02,7.045543378801683021e-01
-3.344129749086593995e-02,-9.994393355353057284e-01,-1.641403933808427548e-03,2.927994904335402548e-01
7.401493806222955718e-02,-8.387246036906936819e-04,-9.972567801146721145e-01,1.841547179410305546e-01
0.000000000000000000e+00,0.000000000000000000e+00,0.000000000000000000e+00,1.000000000000000000e+00
9.966985533235338535e-01,-3.349083548001741129e-02,7.396186680733307650e-02,7.045517027507763874e-01
-3.346025459123996848e-02,-9.994386821577649904e-01,-1.652867036245520178e-03,2.927871473732126528e-01
7.397570658983021463e-02,-8.273727095547203647e-04,-9.972597005238579282e-01,1.841265832029913840e-01
0.000000000000000000e+00,0.000000000000000000e+00,0.000000000000000000e+00,1.000000000000000000e+00
9.966916417152602570e-01,-3.349884410165099302e-02,7.405132530071663333e-02,7.045690901600670797e-01
-3.347031578917575301e-02,-9.994383884752769953e-01,-1.626530944687394446e-03,2.927899890285454165e-01
7.406422412954942469e-02,-8.573714448607966387e-04,-9.972531050933325369e-01,1.841885394678872689e-01
0.000000000000000000e+00,0.000000000000000000e+00,0.000000000000000000e+00,1.000000000000000000e+00
9.966918168126313038e-01,-3.347637225186028687e-02,7.405913042691612824e-02,7.045657858355399705e-01
-3.344889363633551937e-02,-9.994391297533099516e-01,-1.611655190080712053e-03,2.928015285468608120e-01
7.407154523324890882e-02,-8.708724369723766512e-04,-9.972525496422445235e-01,1.841913711913804597e-01
0.000000000000000000e+00,0.000000000000000000e+00,0.000000000000000000e+00,1.000000000000000000e+00
9.966966653610396243e-01,-3.347493611720653295e-02,7.399449918833564399e-02,7.045544326571878679e-01
-3.344504590550873013e-02,-9.994392069299556924e-01,-1.643336727436392171e-03,2.927965088026907026e-01
7.400801417793936854e-02,-8.368411858078184107e-04,-9.972572955532927885e-01,1.841493014084862323e-01
0.000000000000000000e+00,0.000000000000000000e+00,0.000000000000000000e+00,1.000000000000000000e+00
9.966936850046591578e-01,-3.348690296297834879e-02,7.402922126958706717e-02,7.045634411875834058e-01
-3.345734485147167092e-02,-9.994388012552375411e-01,-1.639701492235421179e-03,2.927895376439776376e-01
7.404258468829370832e-02,-8.425410624987583752e-04,-9.972547246201617366e-01,1.841653445052477966e-01
0.000000000000000000e+00,0.000000000000000000e+00,0.000000000000000000e+00,1.000000000000000000e+00
9.966922079797375655e-01,-3.348384232230344759e-02,7.405048855889456716e-02,7.045666843267524015e-01
-3.345546509997510132e-02,-9.994388899306347884e-01,-1.623930159981109731e-03,2.927945185103774106e-01
7.406331350554218318e-02,-8.588349988617391406e-04,-9.972531714640091582e-01,1.841818325458404182e-01
0.000000000000000000e+00,0.000000000000000000e+00,0.000000000000000000e+00,1.000000000000000000e+00
9.966941565020341898e-01,-3.347544318894185578e-02,7.402805615442516196e-02,7.045604610170278503e-01
-3.344635952385838218e-02,-9.994391801209994153e-01,-1.632872825881242791e-03,2.927972270103172403e-01
7.404120089044749498e-02,-8.484941771264228882e-04,-9.972548223139017232e-01,1.841663806517280233e-01
0.000000000000000000e+00,0.000000000000000000e+00,0.000000000000000000e+00,1.000000000000000000e+00
9.966940741150166483e-01,-3.348187614405201407e-02,7.402625611148827556e-02,7.045620517127834104e-01
-3.345243062088681940e-02,-9.994389686004547801e-01,-1.637964716942752561e-03,2.927932808651368402e-01
7.403956718919987856e-02,-8.438084697072259499e-04,-9.972549475824634690e-01,1.841703498729961308e-01
0.000000000000000000e+00,0.000000000000000000e+00,0.000000000000000000e+00,1.000000000000000000e+00
9.966938224316795880e-01,-3.347172443787588270e-02,7.403423525425344154e-02,7.045625241770977487e-01
-3.344275388591938514e-02,-9.994393033746264976e-01,-1.631282491466678076e-03,2.927947281094540055e-01
7.404732634641909839e-02,-8.500195268545396310e-04,-9.972543662114249363e-01,1.841712102070154344e-01
0.000000000000000000e+00,0.000000000000000000e+00,0.000000000000000000e+00,1.000000000000000000e+00
9.966937489308356213e-01,-3.347742769242240124e-02,7.403264602386722126e-02,7.045615766668729130e-01
-3.344817463146881886e-02,-9.994391154398025723e-01,-1.635280626652352428e-03,2.927958405760838212e-01
7.404586724469743031e-02,-8.463828943038945174e-04,-9.972544776434834057e-01,1.841689298532959151e-01
0.000000000000000000e+00,0.000000000000000000e+00,0.000000000000000000e+00,1.000000000000000000e+00
9.966941552895459688e-01,-3.348095785803312241e-02,7.402557850207584778e-02,7.045620828527180413e-01
-3.345156975981211644e-02,-9.994389987499662231e-01,-1.637149434147619183e-03,2.927931103711495786e-01
7.403886339121376614e-02,-8.445345309221197194e-04,-9.972549992199403190e-01,1.841701742170060441e-01
0.000000000000000000e+00,0.000000000000000000e+00,0.000000000000000000e+00,1.000000000000000000e+00
9.966946952410214999e-01,-3.347448099474675809e-02,7.402123749667478825e-02,7.045616261606405528e-01
-3.344529253464573193e-02,-9.994392137065704063e-01,-1.634170390157958135e-03,2.927930593933619208e-01
7.403443040693133415e-02,-8.468929828623003586e-04,-9.972553263265112600e-01,1.841678864286014350e-01
0.000000000000000000e+00,0.000000000000000000e+00,0.000000000000000000e+00,1.000000000000000000e+00
9.966940430876778390e-01,-3.347800034362202748e-02,7.402842674628830333e-02,7.045607121443862031e-01
-3.344891678755840259e-02,-9.994390943790263382e-01,-1.632970474568162843e-03,2.927967202371503652e-01
7.404157237172309669e-02,-8.485987416102999670e-04,-9.972547946442266165e-01,1.841665554753610934e-01
0.000000000000000000e+00,0.000000000000000000e+00,0.000000000000000000e+00,1.000000000000000000e+00
9.966929028491240405e-01,-3.347183986268148503e-02,7.404656201602806409e-02,7.045628690627437907e-01
-3.344354851935560369e-02,-9.994392914335135103e-01,-1.622282746582198254e-03,2.928024219884838297e-01
7.405934426269232540e-02,-8.594620895413865314e-04,-9.972534657008199632e-01,1.841793285420561810e-01
0.000000000000000000e+00,0.000000000000000000e+00,0.000000000000000000e+00,1.000000000000000000e+00
9.966938794605944008e-01,-3.347878940349524601e-02,7.403027290147005945e-02,7.045617735285871763e-01
-3.344936885950683392e-02,-9.994390717403339730e-01,-1.637559684408408222e-03,2.927942042751229268e-01
7.404357074513884251e-02,-8.441201903499687131e-04,-9.972546500730963270e-01,1.841666473974540863e-01
0.000000000000000000e+00,0.000000000000000000e+00,0.000000000000000000e+00,1.000000000000000000e+00
9.966938996097927106e-01,-3.348223473449218890e-02,7.402844343769844626e-02,7.045620544480658554e-01
-3.345301014114504534e-02,-9.994389540127287530e-01,-1.635027351178493888e-03,2.927944630067307874e-01
7.404165444613318436e-02,-8.468524824397222206e-04,-9.972547900350000605e-01,1.841726752854117022e-01
0.000000000000000000e+00,0.000000000000000000e+00,0.000000000000000000e+00,1.000000000000000000e+00
9.966932016772411806e-01,-3.346629037056741973e-02,7.404504803971011240e-02,7.045640764856365701e-01
-3.343783518025061907e-02,-9.994394793782340747e-01,-1.624265564069249596e-03,2.927987411112449867e-01
7.405790240635015675e-02,-8.570116668393037984e-04,-9.972535748856328208e-01,1.841778070969691816e-01
0.000000000000000000e+00,0.000000000000000000e+00,0.000000000000000000e+00,1.000000000000000000e+00
9.966938400732611170e-01,-3.347567284904723328e-02,7.403221249780576885e-02,7.045611496920929362e-01
-3.344647180186571811e-02,-9.994391736874099763e-01,-1.634510028750740330e-03,2.927968208572549469e-01
7.404540960804849303e-02,-8.470102305436627566e-04,-9.972545110901458454e-01,1.841688417628714047e-01
0.000000000000000000e+00,0.000000000000000000e+00,0.000000000000000000e+00,1.000000000000000000e+00
9.966939947807010869e-01,-3.347635738003501560e-02,7.402982010414188574e-02,7.045641518552645532e-01
-3.344681210967676011e-02,-9.994391547093172123e-01,-1.639144174677464264e-03,2.927894069818375300e-01
7.404317340435523365e-02,-8.423363280556372956e-04,-9.972546810828829544e-01,1.841726790421644444e-01
0.000000000000000000e+00,0.000000000000000000e+00,0.000000000000000000e+00,1.000000000000000000e+00
9.966931473493728655e-01,-3.348875180007626629e-02,7.403562338275902766e-02,7.045625720387852509e-01
-3.345956213534095891e-02,-9.994387349235459572e-01,-1.634881076185889116e-03,2.927946040328021637e-01
7.404881989952391552e-02,-8.477247754385477951e-04,-9.972542572655145321e-01,1.841712139633931988e-01
0.000000000000000000e+00,0.000000000000000000e+00,0.000000000000000000e+00,1.000000000000000000e+00
9.966935850649419892e-01,-3.348422692841451775e-02,7.403177721356901664e-02,7.045630109632534666e-01
-3.345513003015260223e-02,-9.994388856827937095e-01,-1.633419664762190276e-03,2.927923946921534570e-01
7.404493071817058736e-02,-8.487238314558651076e-04,-9.972545451903437330e-01,1.841689275243279800e-01
0.000000000000000000e+00,0.000000000000000000e+00,0.000000000000000000e+00,1.000000000000000000e+00
9.966938929287862958e-01,-3.348464023460090422e-02,7.402744536197411462e-02,7.045630399262731158e-01
-3.345550726937435160e-02,-9.994388723173224243e-01,-1.633870994865122949e-03,2.927919730882689309e-01
7.404061609555630252e-02,-8.481564940251498652e-04,-9.972548660190894143e-01,1.841724553204221182e-01
0.000000000000000000e+00,0.000000000000000000e+00,0.000000000000000000e+00,1.000000000000000000e+00
9.966935478978946605e-01,-3.348209800481982690e-02,7.403324045253595331e-02,7.045629240705160168e-01
-3.345325203057109009e-02,-9.994389541638269980e-01,-1.629978065771350848e-03,2.927936473177211174e-01
7.404627949658557085e-02,-8.520640301290585694e-04,-9.972544421959733674e-01,1.841709902477696725e-01
0.000000000000000000e+00,0.000000000000000000e+00,0.000000000000000000e+00,1.000000000000000000e+00
9.966933826213366654e-01,-3.348828848152973769e-02,7.403266558361411287e-02,7.045614399914286174e-01
-3.345959877196075238e-02,-9.994387447721952977e-01,-1.628096495256350570e-03,2.927972222408308234e-01
7.404563652813583863e-02,-8.543902833555161447e-04,-9.972544879459740441e-01,1.841709886703420673e-01
0.000000000000000000e+00,0.000000000000000000e+00,0.000000000000000000e+00,1.000000000000000000e+00
9.966932787210249778e-01,-3.348235126180643118e-02,7.403674970117365972e-02,7.045633844073322383e-01
-3.345349886739645839e-02,-9.994389456792818205e-01,-1.630114417705145861e-03,2.927937697617341573e-01
7.404979112639244188e-02,-8.520642386008747682e-04,-9.972541814505823110e-01,1.841734061532332989e-01
0.000000000000000000e+00,0.000000000000000000e+00,0.000000000000000000e+00,1.000000000000000000e+00
9.966945924594483586e-01,-3.346909706794320982e-02,7.402505591723967937e-02,7.045611862817502402e-01
-3.343979387392287395e-02,-9.994393954260217816e-01,-1.635559884994312613e-03,2.927952712075811426e-01
7.403829784485480014e-02,-8.452289183606756517e-04,-9.972550406191548200e-01,1.841701727895292684e-01
0.000000000000000000e+00,0.000000000000000000e+00,0.000000000000000000e+00,1.000000000000000000e+00
9.966936749070037793e-01,-3.348177452160655543e-02,7.403167683671704746e-02,7.045625954799908941e-01
-3.345266387301537581e-02,-9.994389680795768838e-01,-1.633512727124653181e-03,2.927933451969905732e-01
7.404483560769686834e-02,-8.484449981690719844e-04,-9.972545524894405045e-01,1.841688403354530545e-01
0.000000000000000000e+00,0.000000000000000000e+00,0.000000000000000000e+00,1.000000000000000000e+00
9.966934853654132453e-01,-3.348047064067516398e-02,7.403481826696999002e-02,7.045625442789632542e-01
-3.345141245497856852e-02,-9.994390111401770804e-01,-1.632793897590988520e-03,2.927946759972415158e-01
7.404795226683387466e-02,-8.491742012045055965e-04,-9.972543204560533336e-01,1.841712117846282248e-01
0.000000000000000000e+00,0.000000000000000000e+00,0.000000000000000000e+00,1.000000000000000000e+00
9.966938421578646068e-01,-3.347677732634768422e-02,7.403168500335537139e-02,7.045611315044578715e-01
-3.344768040422269051e-02,-9.994391354759564194e-01,-1.633142568720030241e-03,2.927968680063081086e-01
7.404483560769686834e-02,-8.484449981690719844e-04,-9.972545524894405045e-01,1.841688403354530545e-01
0.000000000000000000e+00,0.000000000000000000e+00,0.000000000000000000e+00,1.000000000000000000e+00
9.966937212201641971e-01,-3.347425771416051576e-02,7.403445245821353715e-02,7.045634102158983003e-01
-3.344523508250574206e-02,-9.994392190443326385e-01,-1.632080368685594153e-03,2.927925945682663955e-01
7.404756802608343513e-02,-8.494154106739523757e-04,-9.972543487811335039e-01,1.841712108079994747e-01
0.000000000000000000e+00,0.000000000000000000e+00,0.000000000000000000e+00,1.000000000000000000e+00
9.966933769926324960e-01,-3.347824847491676081e-02,7.403728208189357118e-02,7.045625242103584762e-01
-3.344930018702824137e-02,-9.994390843410938530e-01,-1.631259768984057341e-03,2.927958363014646626e-01
7.405036513090410000e-02,-8.506294654880217077e-04,-9.972541400533226907e-01,1.841734075805815107e-01
0.000000000000000000e+00,0.000000000000000000e+00,0.000000000000000000e+00,1.000000000000000000e+00
9.966942218360184125e-01,-3.347165353111630770e-02,7.402889009424869216e-02,7.045589204785938087e-01
-3.344301679579314568e-02,-9.994393020100744707e-01,-1.626722229344654313e-03,2.928020565282670185e-01
7.404183132722838567e-02,-8.544047682758418305e-04,-9.972547704604887153e-01,1.841685720186704844e-01
0.000000000000000000e+00,0.000000000000000000e+00,0.000000000000000000e+00,1.000000000000000000e+00
9.966937291558161105e-01,-3.349262151345822058e-02,7.402603978079964897e-02,7.045625107793731523e-01
-3.346320337442520998e-02,-9.994386079205463957e-01,-1.637991990711975664e-03,2.927921276070861722e-01
7.403934279418050712e-02,-8.445720786381741285e-04,-9.972549635958747327e-01,1.841702623822358276e-01
0.000000000000000000e+00,0.000000000000000000e+00,0.000000000000000000e+00,1.000000000000000000e+00
9.966933790770364787e-01,-3.347935294481896307e-02,7.403675459118384816e-02,7.045625060228524195e-01
-3.345050878740984945e-02,-9.994390461218379818e-01,-1.629892307448800766e-03,2.927958834505696717e-01
7.404979112639244188e-02,-8.520642386008747682e-04,-9.972541814505823110e-01,1.841734061532332989e-01
0.000000000000000000e+00,0.000000000000000000e+00,0.000000000000000000e+00,1.000000000000000000e+00
9.966937778882996035e-01,-3.348017133469755047e-02,7.403101543372529736e-02,7.045616941231226393e-01
-3.345120044626515021e-02,-9.994390202457890116e-01,-1.631563311901839796e-03,2.927955184402357691e-01
7.404411055210911863e-02,-8.502573353106473997e-04,-9.972546047800485702e-01,1.841688385325098987e-01
0.000000000000000000e+00,0.000000000000000000e+00,0.000000000000000000e+00,1.000000000000000000e+00
9.966937498079750934e-01,-3.347789273511669883e-02,7.403242392177800113e-02,7.045615690089502836e-01
-3.344868351692997788e-02,-9.994390993507433762e-01,-1.634704853707336222e-03,2.927958604283271149e-01
7.404562556088029046e-02,-8.469870072798230121e-04,-9.972544950755085624e-01,1.841689292522520338e-01
0.000000000000000000e+00,0.000000000000000000e+00,0.000000000000000000e+00,1.000000000000000000e+00
9.966940523059562018e-01,-3.347542998471764175e-02,7.402946498030432698e-02,7.045604045822063677e-01
-3.344666444662142135e-02,-9.994391768822814548e-01,-1.628603777131076673e-03,2.927984816178874627e-01
7.404246575666530161e-02,-8.528189761295712490e-04,-9.972547247140356452e-01,1.841685735959757708e-01
0.000000000000000000e+00,0.000000000000000000e+00,0.000000000000000000e+00,1.000000000000000000e+00
9.966934854749438522e-01,-3.348052877083385059e-02,7.403479050441845455e-02,7.045625433217300726e-01
-3.345147606558745990e-02,-9.994390091286942113e-01,-1.632721925888585158e-03,2.927946784787748835e-01
7.404792205620104595e-02,-8.492497154541298054e-04,-9.972543226349432910e-01,1.841712117095016532e-01
0.000000000000000000e+00,0.000000000000000000e+00,0.000000000000000000e+00,1.000000000000000000e+00
9.966943246162263126e-01,-3.347706513400539041e-02,7.402505918821139508e-02,7.045606006897987550e-01
-3.344779487762272741e-02,-9.994391279342403900e-01,-1.635411834879243239e-03,2.927966803293681752e-01
7.403828938886372613e-02,-8.459693012968644288e-04,-9.972550406191548200e-01,1.841701727895292684e-01
0.000000000000000000e+00,0.000000000000000000e+00,0.000000000000000000e+00,1.000000000000000000e+00
9.966942448252444908e-01,-3.347710689130989348e-02,7.402611462465762127e-02,7.045603954061627761e-01
-3.344800339226416952e-02,-9.994391246064915357e-01,-1.633179378075579535e-03,2.927966371149155478e-01
7.403926931910032039e-02,-8.482452461864853355e-04,-9.972549659333341809e-01,1.841649014931392436e-01
0.000000000000000000e+00,0.000000000000000000e+00,0.000000000000000000e+00,1.000000000000000000e+00
9.966941667580330178e-01,-3.348078817646910066e-02,7.402550083310684148e-02,7.045645421190905866e-01
-3.345140004537577871e-02,-9.994390044413927754e-01,-1.637142694399027713e-03,2.927872428140496641e-01
7.403878568368160717e-02,-8.445260682695479582e-04,-9.972550049963176955e-01,1.841702609547167246e-01
0.000000000000000000e+00,0.000000000000000000e+00,0.000000000000000000e+00,1.000000000000000000e+00
9.966934755350609354e-01,-3.347569850992115903e-02,7.403710850049212422e-02,7.045632257029187384e-01
-3.344678333364842215e-02,-9.994391694575033291e-01,-1.630717243402508062e-03,2.927982289927170689e-01
7.405017562756183169e-02,-8.509778897239222983e-04,-9.972541538274776185e-01,1.841769903009700671e-01
0.000000000000000000e+00,0.000000000000000000e+00,0.000000000000000000e+00,1.000000000000000000e+00
9.966946807613799031e-01,-3.345890485524372071e-02,7.402847443963023188e-02,7.045552726200747795e-01
-3.343035032275970542e-02,-9.994397283508296148e-01,-1.625137322734481089e-03,2.928107869324390600e-01
7.404137369922825229e-02,-8.550321093000051720e-04,-9.972548038995967534e-01,1.841684839353907588e-01
0.000000000000000000e+00,0.000000000000000000e+00,0.000000000000000000e+00,1.000000000000000000e+00
9.966951624151272338e-01,-3.346698290755500960e-02,7.401833741275438971e-02,7.045565011332360905e-01
-3.343775717107538847e-02,-9.994394655300418151e-01,-1.634361157464971374e-03,2.928041577708984100e-01
7.403154472014711329e-02,-8.460473333298176857e-04,-9.972555412682639897e-01,1.841654721061297684e-01
0.000000000000000000e+00,0.000000000000000000e+00,0.000000000000000000e+00,1.000000000000000000e+00
9.966944009234450785e-01,-3.348219433340093865e-02,7.402171188560151271e-02,7.045613133342306655e-01
-3.345244276675402029e-02,-9.994389614951830758e-01,-1.642047005157968882e-03,2.927928061567853790e-01
7.403516219197263382e-02,-8.395880242562103746e-04,-9.972552781766349517e-01,1.841659158682125152e-01
0.000000000000000000e+00,0.000000000000000000e+00,0.000000000000000000e+00,1.000000000000000000e+00
9.966942447197634225e-01,-3.348545097812982707e-02,7.402234200085459903e-02,7.045592170728381953e-01
-3.345595933089495766e-02,-9.994388493215502489e-01,-1.638673873791212342e-03,2.927972660099749658e-01
7.403567604709040961e-02,-8.432316445779464154e-04,-9.972552369542332373e-01,1.841605564723344801e-01
0.000000000000000000e+00,0.000000000000000000e+00,0.000000000000000000e+00,1.000000000000000000e+00
9.966954868638824294e-01,-3.346358498108786828e-02,7.401550476340613971e-02,7.045582669516324836e-01
-3.343387334278075107e-02,-9.994395849965972412e-01,-1.640748343968176240e-03,2.927980387640797821e-01
7.402893068569332824e-02,-8.392985421492374365e-04,-9.972557410210731721e-01,1.841618014426009142e-01
0.000000000000000000e+00,0.000000000000000000e+00,0.000000000000000000e+00,1.000000000000000000e+00
9.966936840033583378e-01,-3.348047291675398940e-02,7.403214302641943079e-02,7.045621450269209385e-01
-3.345131301098380749e-02,-9.994390122796488196e-01,-1.634133201655191096e-03,2.927944761199322010e-01
7.404532345567080287e-02,-8.477421483407618363e-04,-9.972545168649752378e-01,1.841689285009666111e-01
0.000000000000000000e+00,0.000000000000000000e+00,0.000000000000000000e+00,1.000000000000000000e+00
9.966938078338678508e-01,-3.347846363618894872e-02,7.403138454861901696e-02,7.045618441935516119e-01
-3.344888013547869798e-02,-9.994390844974231358e-01,-1.639755053403312924e-03,2.927941020305961928e-01
7.404475567727591967e-02,-8.419331999387977272e-04,-9.972545639430181463e-01,1.841667807764590381e-01
0.000000000000000000e+00,0.000000000000000000e+00,0.000000000000000000e+00,1.000000000000000000e+00
9.966939459610477670e-01,-3.348265642563741373e-02,7.402762864821951783e-02,7.045591880168771137e-01
-3.345371670840419087e-02,-9.994389366218777715e-01,-1.631196653971886748e-03,2.928003179853052584e-01
7.404071125394334763e-02,-8.506954877067693377e-04,-9.972548567914809592e-01,1.841664229297207411e-01
0.000000000000000000e+00,0.000000000000000000e+00,0.000000000000000000e+00,1.000000000000000000e+00
9.966960550514204487e-01,-3.342570823511770151e-02,7.402496790892047762e-02,7.045476459730636298e-01
-3.339774533203443418e-02,-9.994408334092166335e-01,-1.615896353995201120e-03,2.928289603337430602e-01
7.403758810004877622e-02,-8.617095050351131214e-04,-9.972550792074496018e-01,1.841681267388898258e-01
0.000000000000000000e+00,0.000000000000000000e+00,0.000000000000000000e+00,1.000000000000000000e+00
9.966950388712731979e-01,-3.342925262004120546e-02,7.403704855447032496e-02,7.045493610541739837e-01
-3.340161897383381318e-02,-9.994407106784434225e-01,-1.611734622925384318e-03,2.928326232013611086e-01
7.404951950768043356e-02,-8.665493831168380456e-04,-9.972541891377786349e-01,1.841748139878285340e-01
0.000000000000000000e+00,0.000000000000000000e+00,0.000000000000000000e+00,1.000000000000000000e+00
9.966916546869473148e-01,-3.343840323776969825e-02,7.407846290456725213e-02,7.045600595230461227e-01
-3.341139291386963084e-02,-9.994403961519382484e-01,-1.604170568138434116e-03,2.928274215881851994e-01
7.409064921398680892e-02,-8.762012126020124470e-04,-9.972511258306430149e-01,1.841936931668357036e-01
0.000000000000000000e+00,0.000000000000000000e+00,0.000000000000000000e+00,1.000000000000000000e+00
9.966957267460045955e-01,-3.344427857455495312e-02,7.402100051256643720e-02,7.045483069024752742e-01
-3.341556580249821495e-02,-9.994402203258976325e-01,-1.626639794251398194e-03,2.928272185216843626e-01
7.403396685544205713e-02,-8.521886815089849132e-04,-9.972553562283326123e-01,1.841591858237385804e-01
0.000000000000000000e+00,0.000000000000000000e+00,0.000000000000000000e+00,1.000000000000000000e+00
9.966967896755969392e-01,-3.343684279122771663e-02,7.401004657824408750e-02,7.045472867934291505e-01
-3.340773957923348636e-02,-9.994404740410812726e-01,-1.631497699893026112e-03,2.928250321097646824e-01
7.402318816806838231e-02,-8.463998424864116465e-04,-9.972561612849235591e-01,1.841500520228925852e-01
0.000000000000000000e+00,0.000000000000000000e+00,0.000000000000000000e+00,1.000000000000000000e+00
9.966948704228821843e-01,-3.343482101298644871e-02,7.403680177144381092e-02,7.045506938191685720e-01
-3.340674056061565533e-02,-9.994405294486838898e-01,-1.617955639106806020e-03,2.928284402400967990e-01
7.404947641833956040e-02,-8.607201426468272243e-04,-9.972541973855040265e-01,1.841728848753186876e-01
0.000000000000000000e+00,0.000000000000000000e+00,0.000000000000000000e+00,1.000000000000000000e+00
9.966945921363374872e-01,-3.345116624764998825e-02,7.403316474967262806e-02,7.045556356003996878e-01
-3.342167587487265834e-02,-9.994399982729439413e-01,-1.637508440575377805e-03,2.928125794539395144e-01
7.404648261663100695e-02,-8.422166289555610419e-04,-9.972544354793589916e-01,1.841650944991366501e-01
0.000000000000000000e+00,0.000000000000000000e+00,0.000000000000000000e+00,1.000000000000000000e+00
9.966885977394404073e-01,-3.354159353209429373e-02,7.407294134510872263e-02,7.045887319416556105e-01
-3.351057594188422417e-02,-9.994369812391012964e-01,-1.661875962698028874e-03,2.927459091730851282e-01
7.408697885749790379e-02,-8.258541033055941116e-04,-9.972514414774082958e-01,1.841948454726376472e-01
0.000000000000000000e+00,0.000000000000000000e+00,0.000000000000000000e+00,1.000000000000000000e+00
9.966804602247320011e-01,-3.365752097696367295e-02,7.412982859754763121e-02,7.046318145279167888e-01
-3.362636398198914911e-02,-9.994330808552085443e-01,-1.668693386222510526e-03,2.926645485541735647e-01
7.414396706116649360e-02,-8.295625061893394103e-04,-9.972472030416936750e-01,1.842259301267560323e-01
0.000000000000000000e+00,0.000000000000000000e+00,0.000000000000000000e+00,1.000000000000000000e+00
9.966775680645636459e-01,-3.368071132050221017e-02,7.415817555639067638e-02,7.046459190681182427e-01
-3.364998624411119632e-02,-9.994322935095428795e-01,-1.664066112329503624e-03,2.926474991868919795e-01
7.417212240915463384e-02,-8.368842214256794199e-04,-9.972451032129069359e-01,1.842418968684840230e-01
0.000000000000000000e+00,0.000000000000000000e+00,0.000000000000000000e+00,1.000000000000000000e+00
9.966648070346233457e-01,-3.367656018914583216e-02,7.433136425805787761e-02,7.046760371900177011e-01
-3.365158623366687474e-02,-9.994323622355784087e-01,-1.588729105122685175e-03,2.926555426840273255e-01
7.434267389995699582e-02,-9.179379272087964670e-04,-9.972323321209386471e-01,1.843874380462562357e-01
0.000000000000000000e+00,0.000000000000000000e+00,0.000000000000000000e+00,1.000000000000000000e+00
9.966279606353822818e-01,-3.413309819304582993e-02,7.461661803849847785e-02,7.048124033774646469e-01
-3.411562598716766370e-02,-9.994167532624205208e-01,-1.509093074049794488e-03,2.924700874054663169e-01
7.462460816153729248e-02,-1.041588280629501817e-03,-9.972111526404980886e-01,1.847925253922951538e-01
0.000000000000000000e+00,0.000000000000000000e+00,0.000000000000000000e+00,1.000000000000000000e+00
9.964981946697436532e-01,-3.538188984130974379e-02,7.575928914132837311e-02,7.051469638725466060e-01
-3.539326480675575315e-02,-9.993727501954010606e-01,-1.192884403277884569e-03,2.921349955084319161e-01
7.575397564656816130e-02,-1.492661427834447718e-03,-9.971254219683707287e-01,1.857428042557018044e-01
0.000000000000000000e+00,0.000000000000000000e+00,0.000000000000000000e+00,1.000000000000000000e+00
9.962869240666274440e-01,-3.656667456912360281e-02,7.794384674118987055e-02,7.056828173582750940e-01
-3.663593287937200182e-02,-9.993285320697855578e-01,-5.416763849890047014e-04,2.917216688212944109e-01
7.791131725183733647e-02,-2.315880438130094032e-03,-9.969576035829608163e-01,1.874702894041722079e-01
0.000000000000000000e+00,0.000000000000000000e+00,0.000000000000000000e+00,1.000000000000000000e+00
9.960065771522219613e-01,-3.712784395336637955e-02,8.119372803911288627e-02,7.063226214379546564e-01
-3.732794205733946935e-02,-9.993026204053990780e-01,9.474136724977169416e-04,2.915389733741489131e-01
8.110192976297718459e-02,-3.974425024755090519e-03,-9.966978884970328911e-01,1.901984307694377374e-01
0.000000000000000000e+00,0.000000000000000000e+00,0.000000000000000000e+00,1.000000000000000000e+00
9.956323650267319136e-01,-3.726332641783802746e-02,8.560162507542914967e-02,7.069911210966330906e-01
-3.766967566753665064e-02,-9.992853249073384569e-01,3.136073968753508474e-03,2.917388162953243325e-01
8.542358717812828517e-02,-6.346962195614265501e-03,-9.963245087944531120e-01,1.939780835105978651e-01
0.000000000000000000e+00,0.000000000000000000e+00,0.000000000000000000e+00,1.000000000000000000e+00
9.951267839436901408e-01,-3.710547666349772733e-02,9.135571946770941476e-02,7.077423852949952243e-01
-3.781488090084544895e-02,-9.992664709422179881e-01,6.046059306719951849e-03,2.922262285087356970e-01
9.106436548037361023e-02,-9.471201204711468535e-03,-9.957999687122895960e-01,1.989308091022581881e-01
0.000000000000000000e+00,0.000000000000000000e+00,0.000000000000000000e+00,1.000000000000000000e+00
9.944794847596111209e-01,-3.671514008600196277e-02,9.829828523796187156e-02,7.085632826270348295e-01
-3.783486127989560410e-02,-9.992383637125697993e-01,9.550694056307497057e-03,2.929112632693518514e-01
9.787276262673647031e-02,-1.321707129024320831e-02,-9.951111653289390624e-01,2.048992165307798874e-01
0.000000000000000000e+00,0.000000000000000000e+00,0.000000000000000000e+00,1.000000000000000000e+00
9.936808970177044564e-01,-3.634427986232180441e-02,1.061949538508270979e-01,7.094782689873156967e-01
-3.798841963768745389e-02,-9.991869840261584645e-01,1.350003430144328456e-02,2.935836602122247063e-01
1.056179666322024091e-01,-1.744890466471801099e-02,-9.942536803303674287e-01,2.117034071333397383e-01
0.000000000000000000e+00,0.000000000000000000e+00,0.000000000000000000e+00,1.000000000000000000e+00
9.926740751618776670e-01,-3.611349148162407152e-02,1.152995933840086085e-01,7.105339375587683692e-01
-3.844624193249562838e-02,-9.990972365526045174e-01,1.807203348318172503e-02,2.941616988989784742e-01
1.145428608983514868e-01,-2.237247518617186542e-02,-9.931663533221739559e-01,2.197315963460080290e-01
0.000000000000000000e+00,0.000000000000000000e+00,0.000000000000000000e+00,1.000000000000000000e+00
9.915048024731953902e-01,-3.646952813768583601e-02,1.248527139873403524e-01,7.116907732390161945e-01
-3.962245496493993491e-02,-9.989531245942588900e-01,2.286298156230578624e-02,2.944019835152548170e-01
1.238882066023290485e-01,-2.761572705509623971e-02,-9.919118327170399763e-01,2.286086832475202335e-01
0.000000000000000000e+00,0.000000000000000000e+00,0.000000000000000000e+00,1.000000000000000000e+00
9.900883855436266590e-01,-3.727478250365434675e-02,1.354089339774905143e-01,7.128964439176332935e-01
-4.145405287696235508e-02,-9.987430547933341396e-01,2.817573427886983090e-02,2.945057690974223763e-01
1.341884879998620494e-01,-3.350971637278833681e-02,-9.903890894981256521e-01,2.385622724746287449e-01
0.000000000000000000e+00,0.000000000000000000e+00,0.000000000000000000e+00,1.000000000000000000e+00
9.885119522163982042e-01,-3.853502794293611755e-02,1.461477743476186919e-01,7.139994404397490557e-01
-4.389526389457187872e-02,-9.984699494602542469e-01,3.362983545102666422e-02,2.943797269560366470e-01
1.446282342177739044e-01,-3.965868941700365080e-02,-9.886909841911043495e-01,2.492230737305554111e-01
0.000000000000000000e+00,0.000000000000000000e+00,0.000000000000000000e+00,1.000000000000000000e+00
9.867700639921017647e-01,-3.962991931898229847e-02,1.572078570040126022e-01,7.149621515980565389e-01
-4.634342795483498145e-02,-9.981533675201557099e-01,3.927011068953073503e-02,2.940820846608792061e-01
1.553612805509086148e-01,-4.603612063308460539e-02,-9.867844486526113901e-01,2.606552477383183852e-01
0.000000000000000000e+00,0.000000000000000000e+00,0.000000000000000000e+00,1.000000000000000000e+00
9.850854260626898951e-01,-4.046130531206132419e-02,1.672411018001644101e-01,7.156634234546460638e-01
-4.854668739542045142e-02,-9.978272575433527747e-01,4.454192683801207198e-02,2.935021704264896281e-01
1.650755054568063818e-01,-5.199660446563446337e-02,-9.849093514746545264e-01,2.723871033886401394e-01
0.000000000000000000e+00,0.000000000000000000e+00,0.000000000000000000e+00,1.000000000000000000e+00
9.836132324706029495e-01,-4.158254880997691583e-02,1.754306146121525356e-01,7.159480060487150022e-01
-5.097662019540533107e-02,-9.974780853159017635e-01,4.938474975107238346e-02,2.926884897827188858e-01
1.729346498021293588e-01,-5.751835314913433805e-02,-9.832523816136050643e-01,2.846980363056573204e-01
0.000000000000000000e+00,0.000000000000000000e+00,0.000000000000000000e+00,1.000000000000000000e+00
9.825197083629867434e-01,-4.290562811082349048e-02,1.811467078219401172e-01,7.156846442800263164e-01
-5.339451429905811564e-02,-9.971432156117188139e-01,5.342689774158033977e-02,2.917611958399020655e-01
1.783368961294304889e-01,-6.216522046882244634e-02,-9.820037865726298776e-01,2.972670422663518663e-01
0.000000000000000000e+00,0.000000000000000000e+00,0.000000000000000000e+00,1.000000000000000000e+00
9.820915353877455178e-01,-4.417486971044831678e-02,1.831523873876770570e-01,7.147157764389003853e-01
-5.531313692005335181e-02,-9.968886299187799116e-01,5.615617884722341746e-02,2.908349861919697910e-01
1.801018406452422338e-01,-6.528124098638768413e-02,-9.814793357842399590e-01,3.097330280185311424e-01
0.000000000000000000e+00,0.000000000000000000e+00,0.000000000000000000e+00,1.000000000000000000e+00
9.823987945973203795e-01,-4.473269543140223625e-02,1.813603990213229489e-01,7.130658710058331851e-01
-5.600497415842697890e-02,-9.967725403871734446e-01,5.751474245456317941e-02,2.900946640989906511e-01
1.782022762010797567e-01,-6.665949811948924941e-02,-9.817333956157402453e-01,3.217360881871577094e-01
0.000000000000000000e+00,0.000000000000000000e+00,0.000000000000000000e+00,1.000000000000000000e+00
9.836134887651934999e-01,-4.512462650506243733e-02,1.745516336272540936e-01,7.105703926071657017e-01
-5.597391006447322015e-02,-9.967613962852158727e-01,5.773768498685259709e-02,2.894551378262693042e-01
1.713809385878684588e-01,-6.656190320540258942e-02,-9.829537562522540073e-01,3.344081839995480809e-01
0.000000000000000000e+00,0.000000000000000000e+00,0.000000000000000000e+00,1.000000000000000000e+00
9.856291992713779315e-01,-4.519594068738386206e-02,1.627648871502844485e-01,7.072517384207820390e-01
-5.508296787570859943e-02,-9.968677115190677229e-01,5.675061568600487522e-02,2.890063713602084028e-01
1.596901631086461715e-01,-6.490063694694707397e-02,-9.850314508330251240e-01,3.465068952872019103e-01
0.000000000000000000e+00,0.000000000000000000e+00,0.000000000000000000e+00,1.000000000000000000e+00
9.882516062157544745e-01,-4.490948880252854103e-02,1.460886738507712057e-01,7.030707381282659263e-01
-5.331561253713823501e-02,-9.971088436495173513e-01,5.414239905759648391e-02,2.886051752899971290e-01
1.432348011894147288e-01,-6.129511996413610636e-02,-9.877887932128057713e-01,3.582638446697157253e-01
0.000000000000000000e+00,0.000000000000000000e+00,0.000000000000000000e+00,1.000000000000000000e+00
9.911720767356291262e-01,-4.461490837917742036e-02,1.248496065268043381e-01,6.981306337409997065e-01
-5.114993998031647227e-02,-9.974567755637897548e-01,4.963531526944962163e-02,2.878967605649213057e-01
1.223176109135161449e-01,-5.558318839546026735e-02,-9.909333535754077937e-01,3.695119961352425486e-01
0.000000000000000000e+00,0.000000000000000000e+00,0.000000000000000000e+00,1.000000000000000000e+00
9.939006718302603183e-01,-4.395643103179558420e-02,1.011399362581576478e-01,6.926253647750539866e-01
-4.862809043108762275e-02,-9.978386379415509211e-01,4.419684889193783994e-02,2.871349068101547442e-01
9.897860049719404973e-02,-4.884551977303359244e-02,-9.938900099315410852e-01,3.804279949823352047e-01
0.000000000000000000e+00,0.000000000000000000e+00,0.000000000000000000e+00,1.000000000000000000e+00
9.961540142930247477e-01,-4.257462703273079407e-02,7.658055197578962636e-02,6.867083483572223868e-01
-4.562283574580516810e-02,-9.982163974496879311e-01,3.850429483938334202e-02,2.865194884169893763e-01
7.480465671603619970e-02,-4.185002981588841625e-02,-9.963196466686810027e-01,3.910787139993401884e-01
0.000000000000000000e+00,0.000000000000000000e+00,0.000000000000000000e+00,1.000000000000000000e+00
9.977635958411861239e-01,-4.075492844946876358e-02,5.297964345996527408e-02,6.806676913815222774e-01
-4.253943153904049534e-02,-9.985495515400529820e-01,3.300287689724140661e-02,2.858869914070546470e-01
5.155776933112649757e-02,-3.518279304202352742e-02,-9.980500826588615260e-01,4.016700861549954427e-01
0.000000000000000000e+00,0.000000000000000000e+00,0.000000000000000000e+00,1.000000000000000000e+00
9.987707881282065214e-01,-3.851719426855115813e-02,3.119837379480490044e-02,6.746858051154498437e-01
-3.939401634698586063e-02,-9.988315066696955569e-01,2.799522745039730379e-02,2.853323425283882941e-01
3.008362108881005789e-02,-2.918984463173363714e-02,-9.991210781044308487e-01,4.119399464557509383e-01
0.000000000000000000e+00,0.000000000000000000e+00,0.000000000000000000e+00,1.000000000000000000e+00
9.992891320608817685e-01,-3.578182519425737729e-02,1.186977383008447177e-02,6.689127041316831335e-01
-3.605405248690418674e-02,-9.990717682081204920e-01,2.357344414316430575e-02,2.850059289227463988e-01
1.101525507109548524e-02,-2.398463998618585724e-02,-9.996516399228542182e-01,4.216700377865759131e-01
0.000000000000000000e+00,0.000000000000000000e+00,0.000000000000000000e+00,1.000000000000000000e+00
9.994618104524154445e-01,-3.263126001742527871e-02,-3.360106673179041013e-03,6.635191064561529739e-01
-3.255632105271999421e-02,-9.992625906931779101e-01,2.035585421128661629e-02,2.849284815032568363e-01
-4.021866070891640457e-03,-2.023550619169448353e-02,-9.997871517890563053e-01,4.311096961771344604e-01
0.000000000000000000e+00,0.000000000000000000e+00,0.000000000000000000e+00,1.000000000000000000e+00
9.994540158661503471e-01,-2.955967692894723164e-02,-1.476128953991948795e-02,6.585873185153191534e-01
-2.928912256114019064e-02,-9.994049070577729621e-01,1.822029221617901124e-02,2.848905459896037273e-01
-1.529109115215743914e-02,-1.777799900721966503e-02,-9.997250248356673863e-01,4.401751148845929884e-01
0.000000000000000000e+00,0.000000000000000000e+00,0.000000000000000000e+00,1.000000000000000000e+00
9.993432857199622266e-01,-2.681612271259520286e-02,-2.436991688728673208e-02,6.540762143828655617e-01
-2.641721414861442074e-02,-9.995140612617356979e-01,1.654606106290569187e-02,2.847681140536796884e-01
-2.480177580449585348e-02,-1.589140971513190032e-02,-9.995660733609406101e-01,4.484101263346443877e-01
0.000000000000000000e+00,0.000000000000000000e+00,0.000000000000000000e+00,1.000000000000000000e+00
9.991945222306137797e-01,-2.429119117642070114e-02,-3.194127072560291880e-02,6.499227961859044278e-01
-2.380649599261985827e-02,-9.995969089791305606e-01,1.546836474618755626e-02,2.845523647756467156e-01
-3.230414049141447363e-02,-1.469549558872754007e-02,-9.993700440359981618e-01,4.562584341011588496e-01
0.000000000000000000e+00,0.000000000000000000e+00,0.000000000000000000e+00,1.000000000000000000e+00
9.990033444996120338e-01,-2.223086516421818315e-02,-3.870537834255176335e-02,6.461716074992230885e-01
-2.167316883755598944e-02,-9.996560121666766552e-01,1.476926171331372113e-02,2.841911457190465229e-01
-3.902039762904156717e-02,-1.391567364765083914e-02,-9.991415127977636423e-01,4.631938278030750533e-01
0.000000000000000000e+00,0.000000000000000000e+00,0.000000000000000000e+00,1.000000000000000000e+00
9.988495328995401490e-01,-2.012438826165480199e-02,-4.352722852956115301e-02,6.428218692889947627e-01
-1.948700261886171514e-02,-9.996973050311570574e-01,1.501849001644343408e-02,2.840312256271139701e-01
-4.381629098067241213e-02,-1.415299652143359004e-02,-9.989393501780582385e-01,4.695713642316785008e-01
0.000000000000000000e+00,0.000000000000000000e+00,0.000000000000000000e+00,1.000000000000000000e+00
9.987168890170161628e-01,-1.787217115304889914e-02,-4.738313086372868133e-02,6.398369303288691246e-01
-1.714972053325469759e-02,-9.997310717892938792e-01,1.560997068098304678e-02,2.841196655744478994e-01
-4.764937227083256011e-02,-1.477733390385465098e-02,-9.987548086116477819e-01,4.750486357934600168e-01
0.000000000000000000e+00,0.000000000000000000e+00,0.000000000000000000e+00,1.000000000000000000e+00
9.986340776732739455e-01,-1.598323087132536013e-02,-4.974449960109148666e-02,6.373070789721267948e-01
-1.519715592683101857e-02,-9.997542339070051298e-01,1.614057733641917694e-02,2.841102325254200034e-01
-4.999025266374095000e-02,-1.536255564452917999e-02,-9.986315469294387848e-01,4.797761063116261493e-01
0.000000000000000000e+00,0.000000000000000000e+00,0.000000000000000000e+00,1.000000000000000000e+00
9.984808822765165459e-01,-1.469477103076471947e-02,-5.310359152319552717e-02,6.349570700680372548e-01
-1.387088528873042792e-02,-9.997781617842046442e-01,1.585010286097544852e-02,2.837975903882690165e-01
-5.332472474955569919e-02,-1.508943086236250869e-02,-9.984632105423986159e-01,4.836852712640718477e-01
0.000000000000000000e+00,0.000000000000000000e+00,0.000000000000000000e+00,1.000000000000000000e+00
9.983218263368687229e-01,-1.389714507078099182e-02,-5.621743873835553101e-02,6.328481569421242625e-01
-1.305318341633521229e-02,-9.997969459523137203e-01,1.535191411928016163e-02,2.832619478947294711e-01
-5.641937133749896915e-02,-1.459233440227818840e-02,-9.983005150327095567e-01,4.869632208856325972e-01
0.000000000000000000e+00,0.000000000000000000e+00,0.000000000000000000e+00,1.000000000000000000e+00
9.981342938226487327e-01,-1.332908869054338918e-02,-5.958411608677232491e-02,6.308850359637743210e-01
-1.247990164121937084e-02,-9.998155085035855816e-01,1.460140440991824183e-02,2.826346672361054746e-01
-5.976774673841928065e-02,-1.383055857137073519e-02,-9.981164922489839109e-01,4.897027174523137516e-01
0.000000000000000000e+00,0.000000000000000000e+00,0.000000000000000000e+00,1.000000000000000000e+00
9.979981147478917958e-01,-1.327921192175790521e-02,-6.183385391830945044e-02,6.290840078325273810e-01
-1.242507597132036512e-02,-9.998222921447670331e-01,1.417750392315967299e-02,2.817368809949136188e-01
-6.201113163586606525e-02,-1.338083185460970173e-02,-9.979857578603604784e-01,4.922884114732932748e-01
0.000000000000000000e+00,0.000000000000000000e+00,0.000000000000000000e+00,1.000000000000000000e+00
9.979754140019332365e-01,-1.393221994558035970e-02,-6.205615436890764280e-02,6.275879440114029428e-01
-1.304741935004594122e-02,-9.998076909166958570e-01,1.464056119582126184e-02,2.804992429758323969e-01
-6.224819592545455249e-02,-1.380124745131808967e-02,-9.979652737810137397e-01,4.949134768560000674e-01
0.000000000000000000e+00,0.000000000000000000e+00,0.000000000000000000e+00,1.000000000000000000e+00
9.980716564883393982e-01,-1.484088012760542696e-02,-6.027202329157666655e-02,6.262737420424898671e-01
-1.389814596741850705e-02,-9.997749060932156207e-01,1.603055473059286293e-02,2.791815220704108591e-01
-6.049636396751986722e-02,-1.516197293693181958e-02,-9.980532573582280298e-01,4.977392390597433769e-01
0.000000000000000000e+00,0.000000000000000000e+00,0.000000000000000000e+00,1.000000000000000000e+00
9.982123374322021681e-01,-1.516030185343969494e-02,-5.781258207217436496e-02,6.248032871979493086e-01
-1.415961471923427029e-02,-9.997434335358497126e-01,1.767971755863684269e-02,2.782246462184445046e-01
-5.806577915728118600e-02,-1.682950830128197156e-02,-9.981708936555879763e-01,5.007772319668895022e-01
0.000000000000000000e+00,0.000000000000000000e+00,0.000000000000000000e+00,1.000000000000000000e+00
9.983902742461066016e-01,-1.494102063533653268e-02,-5.471404018310371126e-02,6.230729978615816567e-01
-1.388310729356051487e-02,-9.997102386148699615e-01,1.966464188525248943e-02,2.775451929082941027e-01
-5.499199598722823157e-02,-1.887338631444251957e-02,-9.983084070898964324e-01,5.042981112854810766e-01
0.000000000000000000e+00,0.000000000000000000e+00,0.000000000000000000e+00,1.000000000000000000e+00
9.985383416072441953e-01,-1.471573762742806046e-02,-5.200603240332057897e-02,6.211744810429975505e-01
-1.361159268075518014e-02,-9.996757137239040691e-01,2.152189432406768910e-02,2.767899635755749488e-01
-5.230587811085618544e-02,-2.078255173658480337e-02,-9.984148339534867356e-01,5.077189217936387555e-01
0.000000000000000000e+00,0.000000000000000000e+00,0.000000000000000000e+00,1.000000000000000000e+00
9.986534652335939954e-01,-1.440603487615177425e-02,-4.983695953890077135e-02,6.191060542176715087e-01
-1.325960803695003243e-02,-9.996415553976503166e-01,2.325819246788116829e-02,2.760129948816308909e-01
-5.015415408160510402e-02,-2.256605595388024021e-02,-9.984865216651874764e-01,5.109385981883228789e-01
0.000000000000000000e+00,0.000000000000000000e+00,0.000000000000000000e+00,1.000000000000000000e+00
9.987560503780360532e-01,-1.388733847605677640e-02,-4.789043394371567119e-02,6.167289461236580284e-01
-1.269368996333081201e-02,-9.996033649734079596e-01,2.513927144837414113e-02,2.752070393546617866e-01
-4.822055649181990200e-02,-2.450009314046858871e-02,-9.985361903144661655e-01,5.142664505936405117e-01
0.000000000000000000e+00,0.000000000000000000e+00,0.000000000000000000e+00,1.000000000000000000e+00
9.988372667827219997e-01,-1.351014003182648970e-02,-4.627732276549682833e-02,6.141764553038596697e-01
-1.227479689407418029e-02,-9.995634282907057688e-01,2.687530809014623476e-02,2.742284358859177207e-01
-4.662020857129191287e-02,-2.627601453895721945e-02,-9.985670369147569003e-01,5.175244362474940019e-01
0.000000000000000000e+00,0.000000000000000000e+00,0.000000000000000000e+00,1.000000000000000000e+00
9.988910836097519841e-01,-1.318130928845506755e-02,-4.519796644073292152e-02,6.114174914376159231e-01
-1.190575736545340657e-02,-9.995264315550388412e-01,2.837543945748111085e-02,2.731347946380036640e-01
-4.555058755373504048e-02,-2.780585744573095541e-02,-9.985749737827486205e-01,5.206256469972200263e-01
0.000000000000000000e+00,0.000000000000000000e+00,0.000000000000000000e+00,1.000000000000000000e+00
9.989183349220649433e-01,-1.292501795713341117e-02,-4.466658781837842124e-02,6.084920695600197771e-01
-1.160297258617459804e-02,-9.994905701448462132e-01,2.973165348066456395e-02,2.719373207706020645e-01
-4.502811548014873377e-02,-2.918122859541068606e-02,-9.985594247284278469e-01,5.234864922312481017e-01
0.000000000000000000e+00,0.000000000000000000e+00,0.000000000000000000e+00,1.000000000000000000e+00
9.989241924582964449e-01,-1.235876505505284495e-02,-4.469584597985294672e-02,6.053400262538918275e-01
-1.097907799891906233e-02,-9.994596049289616868e-01,3.098318836945750110e-02,2.708231277910490009e-01
-4.505460651070410105e-02,-3.045913724250311899e-02,-9.985200665938607223e-01,5.261149190543076282e-01
0.000000000000000000e+00,0.000000000000000000e+00,0.000000000000000000e+00,1.000000000000000000e+00
9.989162378099001316e-01,-1.124526358152649896e-02,-4.516518445326152265e-02,6.021103431887814272e-01
-9.799635888621149871e-03,-9.994365419892842217e-01,3.210242472076872688e-02,2.700454366880619683e-01
-4.550073599586702128e-02,-3.162503096416142967e-02,-9.984635899422423799e-01,5.284094051054377683e-01
0.000000000000000000e+00,0.000000000000000000e+00,0.000000000000000000e+00,1.000000000000000000e+00
9.988802873283286754e-01,-9.900041759588529278e-03,-4.626187155784138028e-02,5.988131415983504180e-01
-8.378422964270160200e-03,-9.994212114596434660e-01,3.297035203285276356e-02,2.694014985157324737e-01
-4.656150357868182182e-02,-3.254583318486178878e-02,-9.983850936020606248e-01,5.303097016259763485e-01
0.000000000000000000e+00,0.000000000000000000e+00,0.000000000000000000e+00,1.000000000000000000e+00
9.988061410559463393e-01,-8.718672917153336144e-03,-4.806534439169722617e-02,5.955464314109529811e-01
-7.113099488680330040e-03,-9.994142626019999476e-01,3.347440101577137117e-02,2.686476313359840162e-01
-4.832904307549340528e-02,-3.309254372610601763e-02,-9.982831197336469176e-01,5.317347467664715888e-01
0.000000000000000000e+00,0.000000000000000000e+00,0.000000000000000000e+00,1.000000000000000000e+00
9.986969575619404349e-01,-7.584376818210225579e-03,-5.046646594326829188e-02,5.923803221034279476e-01
-5.889655865365772680e-03,-9.994164757072157013e-01,3.364550547629718835e-02,2.679243811849679746e-01
-5.069219772619086573e-02,-3.330443383766453630e-02,-9.981588629954859515e-01,5.326911919124220907e-01
0.000000000000000000e+00,0.000000000000000000e+00,0.000000000000000000e+00,1.000000000000000000e+00
9.985730769921561389e-01,-6.630470831244517083e-03,-5.298911928852334530e-02,5.893451014840616065e-01
-4.851081213852581620e-03,-9.994222880069147941e-01,3.363862729184509404e-02,2.671580738772909580e-01
-5.318154677586905965e-02,-3.333357303949095740e-02,-9.980283543020943560e-01,5.334300859731051503e-01
0.000000000000000000e+00,0.000000000000000000e+00,0.000000000000000000e+00,1.000000000000000000e+00
9.984384352294449760e-01,-5.789200379548387065e-03,-5.556236330055422390e-02,5.865446136934563404e-01
-3.934515808821481553e-03,-9.994332579098890168e-01,3.343175988450818037e-02,2.664338061980361938e-01
-5.572441692765807419e-02,-3.316094302927338061e-02,-9.978953558442299476e-01,5.339204019620070740e-01
0.000000000000000000e+00,0.000000000000000000e+00,0.000000000000000000e+00,1.000000000000000000e+00
9.983092406758220516e-01,-4.947242203689028450e-03,-5.791532418835022844e-02,5.840519246663297137e-01
-3.029217761496227901e-03,-9.994455050369560611e-01,3.315880427846096962e-02,2.658620552218690647e-01
-5.804725506875500762e-02,-3.292730259225440381e-02,-9.977706695042609653e-01,5.342553117240206317e-01
0.000000000000000000e+00,0.000000000000000000e+00,0.000000000000000000e+00,1.000000000000000000e+00
9.982073229601797770e-01,-4.003795978601454308e-03,-5.971691558036718028e-02,5.819025853384206526e-01
-2.036323351873148280e-03,-9.994542279827189901e-01,3.297119280028897731e-02,2.654835684545965302e-01
-5.981633368802857786e-02,-3.279048315028226801e-02,-9.976706823591104945e-01,5.346210061571154970e-01
0.000000000000000000e+00,0.000000000000000000e+00,0.000000000000000000e+00,1.000000000000000000e+00
9.981166033213886291e-01,-3.224200704318280764e-03,-6.126051504837407014e-02,5.801816945804473269e-01
-1.220128793163077763e-03,-9.994637075565496742e-01,3.272321138036298621e-02,2.652294572619633972e-01
-6.133316769825192249e-02,-3.258683487444115345e-02,-9.975852548694592592e-01,5.348237072617572085e-01
0.000000000000000000e+00,0.000000000000000000e+00,0.000000000000000000e+00,1.000000000000000000e+00
9.980485274212316238e-01,-2.664808052642020364e-03,-6.238618204661357941e-02,5.789728232487147963e-01
-6.366846695243233434e-04,-9.994713209812920995e-01,3.250650963333651805e-02,2.650604652886986434e-01
-6.243982338974243124e-02,-3.240335374545640079e-02,-9.975225767475662808e-01,5.349285832659537165e-01
0.000000000000000000e+00,0.000000000000000000e+00,0.000000000000000000e+00,1.000000000000000000e+00
9.980138661695709956e-01,-2.481574332794778126e-03,-6.294572838641140922e-02,5.782368991511065426e-01
-4.405607699050628767e-04,-9.994742965779035426e-01,3.241814902662751990e-02,2.648422624614832910e-01
-6.299308564813352329e-02,-3.232603082556571861e-02,-9.974903001491247645e-01,5.350773986089724099e-01
0.000000000000000000e+00,0.000000000000000000e+00,0.000000000000000000e+00,1.000000000000000000e+00
9.980035783842771124e-01,-2.522537964667115329e-03,-6.310700701502792997e-02,5.778648368092562659e-01
-4.754812358473969880e-04,-9.994738351959138178e-01,3.243187747210790617e-02,2.646332401908867427e-01
-6.315561297123420403e-02,-3.233712357319798447e-02,-9.974796634464482281e-01,5.352394360821813857e-01
0.000000000000000000e+00,0.000000000000000000e+00,0.000000000000000000e+00,1.000000000000000000e+00
9.980080903008285986e-01,-2.680904532003536289e-03,-6.302907618697485559e-02,5.778336057475206289e-01
-6.336426254164861938e-04,-9.994722235501019014e-01,3.247880614859752213e-02,2.644994498881927392e-01
-6.308288350350239881e-02,-3.237417339029991653e-02,-9.974830638693462648e-01,5.353217159582333018e-01
0.000000000000000000e+00,0.000000000000000000e+00,0.000000000000000000e+00,1.000000000000000000e+00
9.979963966858121927e-01,-2.998248931927183225e-03,-6.319970494770553449e-02,5.779375705951366182e-01
-9.510178145550884921e-04,-9.994745857249525134e-01,3.239827240843158596e-02,2.643329770475469354e-01
-6.326363700619215547e-02,-3.227325507718019348e-02,-9.974748865206944926e-01,5.351922737067127400e-01
0.000000000000000000e+00,0.000000000000000000e+00,0.000000000000000000e+00,1.000000000000000000e+00
9.979746174623267407e-01,-3.271967656400975866e-03,-6.352918328279105742e-02,5.780546917557541908e-01
-1.225772245746825639e-03,-9.994800156672012381e-01,3.222104536312397211e-02,2.641995721512205297e-01
-6.360157532109211864e-02,-3.207791311083689478e-02,-9.974596969838575022e-01,5.349491303908706641e-01
0.000000000000000000e+00,0.000000000000000000e+00,0.000000000000000000e+00,1.000000000000000000e+00
9.979547937419734893e-01,-3.586946367364340915e-03,-6.382290704106996504e-02,5.781948623492121353e-01
-1.544018020458670648e-03,-9.994857184383230120e-01,3.202990237546635838e-02,2.640613036084215048e-01
-6.390497363873880177e-02,-3.186585090009459720e-02,-9.974471023019942928e-01,5.346894687649276223e-01
0.000000000000000000e+00,0.000000000000000000e+00,0.000000000000000000e+00,1.000000000000000000e+00
9.979294838943530976e-01,-3.981804637444963380e-03,-6.419416177643862131e-02,5.783314197534019652e-01
-1.944216965805267705e-03,-9.994932424668101500e-01,3.177228798138499039e-02,2.638671384970681100e-01
-6.428814194499821166e-02,-3.158169556897486019e-02,-9.974315171029278781e-01,5.344133505417318908e-01
0.000000000000000000e+00,0.000000000000000000e+00,0.000000000000000000e+00,1.000000000000000000e+00
9.979074315539777640e-01,-4.314064362099911953e-03,-6.451470296004313543e-02,5.784567911877620539e-01
-2.283764880640082318e-03,-9.995007950646412898e-01,3.151103113387046517e-02,2.636887377238836261e-01
-6.461843751834997485e-02,-3.129775573151305501e-02,-9.974191235477981587e-01,5.341563129796669251e-01
0.000000000000000000e+00,0.000000000000000000e+00,0.000000000000000000e+00,1.000000000000000000e+00
9.978942387702780525e-01,-4.631690133603483250e-03,-6.469648889695406302e-02,5.786048857574636051e-01
-2.604975771943129903e-03,-9.995042639418088015e-01,3.137579422692857167e-02,2.635144471290195578e-01
-6.480973947112429745e-02,-3.114119150978744005e-02,-9.974116120544396225e-01,5.339573705926572433e-01
0.000000000000000000e+00,0.000000000000000000e+00,0.000000000000000000e+00,1.000000000000000000e+00
9.978816634080112102e-01,-4.952834009063378229e-03,-6.486644178108594283e-02,5.787292599779608748e-01
-2.926234048508613572e-03,-9.995057364336625838e-01,3.130047907772856575e-02,2.633436403957590821e-01
-6.498940673951175695e-02,-3.104435973700599150e-02,-9.974029400097864650e-01,5.337700162278413707e-01
0.000000000000000000e+00,0.000000000000000000e+00,0.000000000000000000e+00,1.000000000000000000e+00
9.978632148807093927e-01,-5.143263643147544251e-03,-6.513486951727211205e-02,5.787869690386752142e-01
-3.116967523193292511e-03,-9.995091521718277860e-01,3.117273228662413923e-02,2.632240696334425811e-01
-6.526322778865858987e-02,-3.090309958323371811e-02,-9.973894472746110962e-01,5.335991124285510701e-01
0.000000000000000000e+00,0.000000000000000000e+00,0.000000000000000000e+00,1.000000000000000000e+00
9.978538601445201550e-01,-5.266159426582595060e-03,-6.526822626343023459e-02,5.788362370280488722e-01
-3.244839569016555458e-03,-9.995129744363913105e-01,3.103683214326696110e-02,2.631255323724220885e-01
-6.539988387491112165e-02,-3.075843783763732714e-02,-9.973849676483681481e-01,5.334843850469002113e-01
0.000000000000000000e+00,0.000000000000000000e+00,0.000000000000000000e+00,1.000000000000000000e+00
9.978575707735379829e-01,-5.308325962308013679e-03,-6.520805261170703471e-02,5.788824949537340059e-01
-3.295434744226610757e-03,-9.995158848667666796e-01,3.093761478929008338e-02,2.630314875205730929e-01
-6.534071135042693323e-02,-3.065644425698850137e-02,-9.973919860645252822e-01,5.334558291689875942e-01
0.000000000000000000e+00,0.000000000000000000e+00,0.000000000000000000e+00,1.000000000000000000e+00
9.978627012170759869e-01,-5.532531366735204958e-03,-6.511083332623744668e-02,5.789379107885284093e-01
-3.524160554303490400e-03,-9.995156513798171272e-01,3.091994403564724339e-02,2.628913942691136207e-01
-6.525036254419178117e-02,-3.062439784642564597e-02,-9.973988853234174723e-01,5.334879975356264792e-01
0.000000000000000000e+00,0.000000000000000000e+00,0.000000000000000000e+00,1.000000000000000000e+00
9.978663406052502571e-01,-6.019221767460225525e-03,-6.501180859198547879e-02,5.790568258198539597e-01
-4.017192618420317718e-03,-9.995149710010511335e-01,3.088178926543272418e-02,2.626204923634019583e-01
-6.516616031770884609e-02,-3.055473308805398136e-02,-9.974065268662343220e-01,5.335112006159323794e-01
0.000000000000000000e+00,0.000000000000000000e+00,0.000000000000000000e+00,1.000000000000000000e+00
9.978795128829895944e-01,-6.741574694887786379e-03,-6.473815674731916991e-02,5.792524005333143933e-01
-4.748213891889341287e-03,-9.995113336535192960e-01,3.089576610152939065e-02,2.622265065953333085e-01
-6.491480750371279862e-02,-3.052286141233799197e-02,-9.974238931858205870e-01,5.335473272011379553e-01
0.000000000000000000e+00,0.000000000000000000e+00,0.000000000000000000e+00,1.000000000000000000e+00
9.979066486866041696e-01,-7.352586036059594043e-03,-6.425153683495300749e-02,5.794170190191210157e-01
-5.364832801955599084e-03,-9.995032793790630254e-01,3.105500087757031083e-02,2.618795204920516539e-01
-6.444795633748245933e-02,-3.064529309830749115e-02,-9.974504132711765614e-01,5.336714037122662901e-01
0.000000000000000000e+00,0.000000000000000000e+00,0.000000000000000000e+00,1.000000000000000000e+00
9.979225122516685031e-01,-8.039347720210643367e-03,-6.392204963510128568e-02,5.795632682588482965e-01
-6.055002832754119435e-03,-9.994955527587754407e-01,3.117654496773951400e-02,2.614702545904743491e-01
-6.414044341921991410e-02,-3.072472788591772835e-02,-9.974677912666265467e-01,5.338246949054841206e-01
0.000000000000000000e+00,0.000000000000000000e+00,0.000000000000000000e+00,1.000000000000000000e+00
9.979402675761898101e-01,-8.692655673816052087e-03,-6.355832036247850703e-02,5.796878591680056925e-01
-6.713003126529004660e-03,-9.994876636273872794e-01,3.129450184441769783e-02,2.610533914992952953e-01
-6.379778945219177766e-02,-3.080337634097149446e-02,-9.974873403041315534e-01,5.340299340324888844e-01
0.000000000000000000e+00,0.000000000000000000e+00,0.000000000000000000e+00,1.000000000000000000e+00
9.979817392068962567e-01,-9.248968681004277048e-03,-6.282439643893342196e-02,5.797792031225514897e-01
-7.280325930692332914e-03,-9.994774700330875117e-01,3.149259834630095678e-02,2.606648959292410805e-01
-6.308284286492932269e-02,-3.097165598731118838e-02,-9.975275993482497494e-01,5.343860771171529134e-01
0.000000000000000000e+00,0.000000000000000000e+00,0.000000000000000000e+00,1.000000000000000000e+00
9.980390709086768286e-01,-9.695510525805750568e-03,-6.183858031512060038e-02,5.798270425278951867e-01
-7.729415564999564392e-03,-9.994594421512706939e-01,3.195433663361733900e-02,2.603432425533808714e-01
-6.211496659235335449e-02,-3.141370036011336547e-02,-9.975745136855269646e-01,5.348937561934622442e-01
0.000000000000000000e+00,0.000000000000000000e+00,0.000000000000000000e+00,1.000000000000000000e+00
9.980974379315580292e-01,-1.003219858273307619e-02,-6.083468900270860152e-02,5.797863492019066367e-01
-8.068049039406888223e-03,-9.994408998386583587e-01,3.244679205084124302e-02,2.600592289659988676e-01
-6.112618897949869540e-02,-3.189424276087177157e-02,-9.976203417631144266e-01,5.355426949814791060e-01
0.000000000000000000e+00,0.000000000000000000e+00,0.000000000000000000e+00,1.000000000000000000e+00
9.981609554797816752e-01,-1.026074529288689696e-02,-5.974465718140471726e-02,5.796429180876371268e-01
-8.298150661966319230e-03,-9.994207160031760573e-01,3.300565283841668668e-02,2.597996677388656472e-01
-6.004871065460427870e-02,-3.244918380688912446e-02,-9.976678820223621180e-01,5.363038365866305002e-01
0.000000000000000000e+00,0.000000000000000000e+00,0.000000000000000000e+00,1.000000000000000000e+00
9.982413929738438441e-01,-1.041478844825871608e-02,-5.835797747710314703e-02,5.794125373042200433e-01
-8.455929316749488667e-03,-9.993957745743742294e-01,3.371324698507630752e-02,2.595418735265001553e-01
-5.867383243857685060e-02,-3.316048769943894664e-02,-9.977262968582643055e-01,5.372904452109350526e-01
0.000000000000000000e+00,0.000000000000000000e+00,0.000000000000000000e+00,1.000000000000000000e+00
9.983365158949952800e-01,-1.049503769102883011e-02,-5.669263809795607734e-02,5.791051078923808992e-01
-8.543941919602171531e-03,-9.993664917925360047e-01,3.454875017642902724e-02,2.592898822801235070e-01
-5.701931328169783375e-02,-3.400690027248477049e-02,-9.977937305108410815e-01,5.384713935970217857e-01
0.000000000000000000e+00,0.000000000000000000e+00,0.000000000000000000e+00,1.000000000000000000e+00
9.984424171286635508e-01,-1.052762942852980554e-02,-5.478967691899089970e-02,5.787390369180268612e-01
-8.588993351114182495e-03,-9.993327951803688824e-01,3.549920661374101477e-02,2.590282090553557848e-01
-5.512684347472086160e-02,-3.497332548680651132e-02,-9.978666732749958967e-01,5.398240770456714799e-01
0.000000000000000000e+00,0.000000000000000000e+00,0.000000000000000000e+00,1.000000000000000000e+00
9.985501571433037515e-01,-1.063237774857328510e-02,-5.276870485898715185e-02,5.783690085163377681e-01
-8.711416594619270093e-03,-9.992956516283664214e-01,3.650084735391329049e-02,2.587126719825147969e-01
-5.311962810485637565e-02,-3.598823668992871122e-02,-9.979394530380845119e-01,5.412491460481202443e-01
0.000000000000000000e+00,0.000000000000000000e+00,0.000000000000000000e+00,1.000000000000000000e+00
9.986547613416557612e-01,-1.085694810878484740e-02,-5.070300116761933262e-02,5.780189743014196857e-01
-8.960198137311248257e-03,-9.992569196627691941e-01,3.748764270281843003e-02,2.583302275107540735e-01
-5.107232615595826142e-02,-3.698290394002618636e-02,-9.980099610310418923e-01,5.426907780233840572e-01
0.000000000000000000e+00,0.000000000000000000e+00,0.000000000000000000e+00,1.000000000000000000e+00
9.987529599890131449e-01,-1.104003073657816580e-02,-4.868924557353867394e-02,5.776914919482284416e-01
-9.172470091243778434e-03,-9.992197818172796620e-01,3.841475520490763435e-02,2.579351955734531798e-01
-4.907535741703959731e-02,-3.792024981936633482e-02,-9.980749791213217037e-01,5.440789626872065687e-01
0.000000000000000000e+00,0.000000000000000000e+00,0.000000000000000000e+00,1.000000000000000000e+00
9.988396626295936720e-01,-1.121423316991981833e-02,-4.683555628376730173e-02,5.773695126954218049e-01
-9.376470610119924665e-03,-9.991844204645640160e-01,3.927563748420639239e-02,2.575861259690387928e-01
-4.723780431917664474e-02,-3.879091227728358182e-02,-9.981301793693039270e-01,5.453710172181025495e-01
0.000000000000000000e+00,0.000000000000000000e+00,0.000000000000000000e+00,1.000000000000000000e+00
9.989123070866954279e-01,-1.120664972339868726e-02,-4.526161456148367068e-02,5.770763791684914157e-01
-9.394302141610078039e-03,-9.991532055334741980e-01,4.005769538372468824e-02,2.574114691665564392e-01
-4.567219983761897084e-02,-3.958892362972479817e-02,-9.981717123260066549e-01,5.464548902419491538e-01
0.000000000000000000e+00,0.000000000000000000e+00,0.000000000000000000e+00,1.000000000000000000e+00
9.989331936184642213e-01,-1.110271214329316969e-02,-4.482415052490082430e-02,5.769544325440170152e-01
-9.296404946976921657e-03,-9.991440996869402902e-01,4.030688422385703823e-02,2.574191178483957176e-01
-4.523330125336443019e-02,-3.984718112786347216e-02,-9.981814216934139505e-01,5.467752938605283664e-01
0.000000000000000000e+00,0.000000000000000000e+00,0.000000000000000000e+00,1.000000000000000000e+00
9.989087600351824747e-01,-1.104831285310781119e-02,-4.537867239215059856e-02,5.770002377737341037e-01
-9.232216934227321925e-03,-9.991555329217540748e-01,4.003732261683738691e-02,2.574883380047521819e-01
-4.578269646333257142e-02,-3.957468654260204444e-02,-9.981672148941783673e-01,5.464280119415029224e-01
0.000000000000000000e+00,0.000000000000000000e+00,0.000000000000000000e+00,1.000000000000000000e+00
9.988884435050090493e-01,-1.112097992942412406e-02,-4.580612663770332327e-02,5.770596099165362647e-01
-9.297917081485973512e-03,-9.991635251926989092e-01,3.982208762037146854e-02,2.574874046916017511e-01
-4.621067160392473144e-02,-3.935192155293155275e-02,-9.981563004359617075e-01,5.461502479574232849e-01
0.000000000000000000e+00,0.000000000000000000e+00,0.000000000000000000e+00,1.000000000000000000e+00
9.988876581637420315e-01,-1.117302531067954074e-02,-4.581058691571003594e-02,5.770634383614546836e-01
-9.349848730030085875e-03,-9.991630817389327568e-01,3.982105496699431257e-02,2.574612771177907655e-01
-4.621716885401420949e-02,-3.934843828369483792e-02,-9.981561369383818993e-01,5.461505975677228841e-01
0.000000000000000000e+00,0.000000000000000000e+00,0.000000000000000000e+00,1.000000000000000000e+00
9.988961047519352432e-01,-1.114531329310991525e-02,-4.563281607581223115e-02,5.770380692037102577e-01
-9.325004097976485884e-03,-9.991597367966376098e-01,3.991070862621028809e-02,2.574558990234945832e-01
-4.603928985098705573e-02,-3.944112518770177128e-02,-9.981606992032618919e-01,5.462675219717892938e-01
0.000000000000000000e+00,0.000000000000000000e+00,0.000000000000000000e+00,1.000000000000000000e+00
9.988945097630614889e-01,-1.105437344881343709e-02,-4.568981497956743631e-02,5.770199147416460450e-01
-9.232463406536495221e-03,-9.991611810052865028e-01,3.989606486319097201e-02,2.575178814095153701e-01
-4.609251549503342454e-02,-3.943013060814216236e-02,-9.981586771729056284e-01,5.462320201006689580e-01
0.000000000000000000e+00,0.000000000000000000e+00,0.000000000000000000e+00,1.000000000000000000e+00
9.988851103305562695e-01,-1.107854986368694838e-02,-4.588901930560258802e-02,5.770377322925442920e-01
-9.253317235981106670e-03,-9.991648936681414295e-01,3.979813288662936710e-02,2.575095286115880455e-01
-4.629160269468384631e-02,-3.932913670612811496e-02,-9.981534483865233121e-01,5.461132497726927104e-01
0.000000000000000000e+00,0.000000000000000000e+00,0.000000000000000000e+00,1.000000000000000000e+00
9.988842122223158260e-01,-1.115032706030233411e-02,-4.589118411473063625e-02,5.770497683884658890e-01
-9.325458712213630097e-03,-9.991645917412580458e-01,3.978887319756672231e-02,2.574664481731996357e-01
-4.629650519003154080e-02,-3.931652091644852187e-02,-9.981537180165265255e-01,5.461117960413688355e-01
0.000000000000000000e+00,0.000000000000000000e+00,0.000000000000000000e+00,1.000000000000000000e+00
9.988868900955882868e-01,-1.110178091342622908e-02,-4.584464260646241296e-02,5.770299401922444060e-01
-9.277377523103036427e-03,-9.991638740973773913e-01,3.981812357474661529e-02,2.574948391152234728e-01
-4.624836279759325652e-02,-3.934848357014860548e-02,-9.981546903057018083e-01,5.461451074415744067e-01
0.000000000000000000e+00,0.000000000000000000e+00,0.000000000000000000e+00,1.000000000000000000e+00
9.988858881453468452e-01,-1.107161326350419861e-02,-4.587375986143744228e-02,5.770273373741872103e-01
-9.246455768191774727e-03,-9.991645066329759572e-01,3.980944285730174392e-02,2.575088475131054322e-01
-4.627618739490434174e-02,-3.934092099360785716e-02,-9.981536987937109640e-01,5.461283132170844379e-01
0.000000000000000000e+00,0.000000000000000000e+00,0.000000000000000000e+00,1.000000000000000000e+00
9.988841965140273782e-01,-1.111283194507983740e-02,-4.590062004686347452e-02,5.770422045710562609e-01
-9.287775725694613627e-03,-9.991651096434408519e-01,3.978468164105933291e-02,2.574876699142404357e-01
-4.630441854289185644e-02,-3.931397508993032114e-02,-9.981534512218215305e-01,5.461065970102186862e-01
0.000000000000000000e+00,0.000000000000000000e+00,0.000000000000000000e+00,1.000000000000000000e+00
9.988853745730945644e-01,-1.114508251248785831e-02,-4.586715164208612916e-02,5.770464794170105938e-01
-9.320738602145439700e-03,-9.991642741106585568e-01,3.979795437998051577e-02,2.574672695950029344e-01
-4.627237076138160377e-02,-3.932607883720892067e-02,-9.981544606058778690e-01,5.461266399330072518e-01
0.000000000000000000e+00,0.000000000000000000e+00,0.000000000000000000e+00,1.000000000000000000e+00
9.988852366548575112e-01,-1.112021564832088583e-02,-4.587618986908248431e-02,5.770385649200528988e-01
-9.295373216872848676e-03,-9.991643941119950911e-01,3.980087405533769274e-02,2.574877426837806071e-01
-4.628044975719569631e-02,-3.933006919323493028e-02,-9.981539288243708175e-01,5.461233750036130763e-01
0.000000000000000000e+00,0.000000000000000000e+00,0.000000000000000000e+00,1.000000000000000000e+00
9.988848351213472920e-01,-1.110028935447354703e-02,-4.588975638250388650e-02,5.770332208096645710e-01
-9.275001769087520831e-03,-9.991646651305722271e-01,3.979882280538892675e-02,2.574990275103165582e-01
-4.629320151795524030e-02,-3.932881298435391554e-02,-9.981533869914280821e-01,5.461172642190006421e-01
0.000000000000000000e+00,0.000000000000000000e+00,0.000000000000000000e+00,1.000000000000000000e+00
9.988854419314254773e-01,-1.111482448794415268e-02,-4.587302665034297816e-02,5.770391446631327748e-01
-9.290060498888030871e-03,-9.991644050941574928e-01,3.980183876111281077e-02,2.574848599475751398e-01
-4.627708583508560736e-02,-3.933131410772870012e-02,-9.981540357365547012e-01,5.461252881160076900e-01
0.000000000000000000e+00,0.000000000000000000e+00,0.000000000000000000e+00,1.000000000000000000e+00
9.988848657649500584e-01,-1.114362001103691435e-02,-4.587858627712280285e-02,5.770452720149662484e-01
-9.318848810799751359e-03,-9.991643121436313280e-01,3.979744207089012942e-02,2.574752626648780240e-01
-4.628373367155290408e-02,-3.932552697159973770e-02,-9.981539555228073901e-01,5.461202927248816064e-01
0.000000000000000000e+00,0.000000000000000000e+00,0.000000000000000000e+00,1.000000000000000000e+00
9.988852518235680211e-01,-1.110600937590888737e-02,-4.587930083500863648e-02,5.770351018558458334e-01
-9.280925737156886512e-03,-9.991644299440693988e-01,3.980334599005457691e-02,2.574960831764961378e-01
-4.628302179880196959e-02,-3.933317289877388823e-02,-9.981536872660876636e-01,5.461227007355309304e-01
0.000000000000000000e+00,0.000000000000000000e+00,0.000000000000000000e+00,1.000000000000000000e+00
9.988860204024415657e-01,-1.109387661497646116e-02,-4.586550061020010921e-02,5.770317253790639977e-01
-9.269027073210533985e-03,-9.991642769846376115e-01,3.980995773525047854e-02,2.575023465491223518e-01
-4.626881651489133523e-02,-3.934048168767147191e-02,-9.981540578081585791e-01,5.461312331682868226e-01
0.000000000000000000e+00,0.000000000000000000e+00,0.000000000000000000e+00,1.000000000000000000e+00
9.988848079751770914e-01,-1.112653294045923280e-02,-4.588399133813578223e-02,5.770443311191675306e-01
-9.301596445910942368e-03,-9.991645179924721898e-01,3.979630998507513451e-02,2.574800039940637886e-01
-4.628845104289687484e-02,-3.932513508680741260e-02,-9.981537522097753135e-01,5.461171246104014054e-01
0.000000000000000000e+00,0.000000000000000000e+00,0.000000000000000000e+00,1.000000000000000000e+00
9.988852430346648603e-01,-1.112106179439059650e-02,-4.587584584663035453e-02,5.770412230970104472e-01
-9.296195489190861583e-03,-9.991643540986803185e-01,3.980168649685236065e-02,2.574817753312269586e-01
-4.628014689913154817e-02,-3.933084645837563176e-02,-9.981539122399221142e-01,5.461233998291641356e-01
0.000000000000000000e+00,0.000000000000000000e+00,0.000000000000000000e+00,1.000000000000000000e+00
9.988855423024003422e-01,-1.110734107735183995e-02,-4.587265365586482707e-02,5.770367611485676118e-01
-9.282447561302697991e-03,-9.991643537158529931e-01,3.980490460802005304e-02,2.574891851311931767e-01
-4.627644699532610512e-02,-3.933473322361907831e-02,-9.981539306217831475e-01,5.461265422641562450e-01
0.000000000000000000e+00,0.000000000000000000e+00,0.000000000000000000e+00,1.000000000000000000e+00
9.988851803862042189e-01,-1.110311489827320308e-02,-4.588155669085593885e-02,5.770376277095623507e-01
-9.278112909599900426e-03,-9.991646032900061147e-01,3.979965016381003390e-02,2.574924749391414025e-01
-4.628512747802684957e-02,-3.932958646973921946e-02,-9.981537309465221552e-01,5.461202063630863357e-01
0.000000000000000000e+00,0.000000000000000000e+00,0.000000000000000000e+00,1.000000000000000000e+00
9.988854923305925393e-01,-1.112012561867659066e-02,-4.587064440025836326e-02,5.770401154620455886e-01
-9.295441355103517544e-03,-9.991643416012740975e-01,3.980217635389192432e-02,2.574816231988063531e-01
-4.627491741196232411e-02,-3.933142863814301921e-02,-9.981541317551105852e-01,5.461265663289129879e-01
0.000000000000000000e+00,0.000000000000000000e+00,0.000000000000000000e+00,1.000000000000000000e+00
9.988856481419923217e-01,-1.111278734225512599e-02,-4.586902978522314211e-02,5.770376398709924359e-01
-9.288038127463815741e-03,-9.991643017063465138e-01,3.980490602189436233e-02,2.574856258559352629e-01
-4.627304057109989099e-02,-3.933451605339612772e-02,-9.981540971028221021e-01,5.461284494980626070e-01
0.000000000000000000e+00,0.000000000000000000e+00,0.000000000000000000e+00,1.000000000000000000e+00
9.988854861559504084e-01,-1.109907777011465146e-02,-4.587587622752514055e-02,5.770350673315852719e-01
-9.274005843937782601e-03,-9.991643899393872763e-01,3.980596302890501703e-02,2.574940703673063158e-01
-4.627935136318213349e-02,-3.933614558780377385e-02,-9.981537403064210112e-01,5.461252385681737431e-01
0.000000000000000000e+00,0.000000000000000000e+00,0.000000000000000000e+00,1.000000000000000000e+00
9.988853694879891165e-01,-1.111724963115373610e-02,-4.587401643068085566e-02,5.770371834801709676e-01
-9.292393523204989236e-03,-9.991643371881659963e-01,3.980299880590548733e-02,2.574892770804652065e-01
-4.627818109491405735e-02,-3.933235375580301785e-02,-9.981539439898911015e-01,5.461252739719224536e-01
0.000000000000000000e+00,0.000000000000000000e+00,0.000000000000000000e+00,1.000000000000000000e+00
9.988853003566598998e-01,-1.113279371326647560e-02,-4.587175204331574163e-02,5.770411587162700418e-01
-9.308162554744425776e-03,-9.991643032720938233e-01,3.980016553540736274e-02,2.574803098335936569e-01
-4.627650420288934724e-02,-3.932881858039007084e-02,-9.981541610331697845e-01,5.461253196603534921e-01
0.000000000000000000e+00,0.000000000000000000e+00,0.000000000000000000e+00,1.000000000000000000e+00
9.988854596087680671e-01,-1.110741136432957799e-02,-4.587443727135907812e-02,5.770371419863065121e-01
-9.282489132088067585e-03,-9.991643890497088343e-01,3.980400796948591058e-02,2.574893765815328139e-01
-4.627822357970284850e-02,-3.933381582945893323e-02,-9.981538844059071325e-01,5.461252798467579606e-01
0.000000000000000000e+00,0.000000000000000000e+00,0.000000000000000000e+00,1.000000000000000000e+00
9.988853234591053010e-01,-1.110482447760474667e-02,-4.587802797985480324e-02,5.770346954387646221e-01
-9.279818811511353349e-03,-9.991644643945983839e-01,3.980273927609650347e-02,2.574964649861036237e-01
-4.628169768736092871e-02,-3.933263230927957349e-02,-9.981537699647277107e-01,5.461233260703965975e-01
0.000000000000000000e+00,0.000000000000000000e+00,0.000000000000000000e+00,1.000000000000000000e+00
9.988850055404512318e-01,-1.112512054510172987e-02,-4.588003268645415161e-02,5.770381500731674995e-01
-9.300265701350785008e-03,-9.991644668506012295e-01,3.979790498302938906e-02,2.574842206286424573e-01
-4.628445488862786145e-02,-3.932683404510095571e-02,-9.981538705829133828e-01,5.461217826302140477e-01
0.000000000000000000e+00,0.000000000000000000e+00,0.000000000000000000e+00,1.000000000000000000e+00
9.988853805602990743e-01,-1.112507238104071261e-02,-4.587187883031708380e-02,5.770387224137245585e-01
-9.300243399857743842e-03,-9.991642131868120336e-01,3.980427815552640969e-02,2.574847707922601203e-01
-4.627636519444989355e-02,-3.933329189498024903e-02,-9.981539912123248426e-01,5.461265603081997266e-01
0.000000000000000000e+00,0.000000000000000000e+00,0.000000000000000000e+00,1.000000000000000000e+00
9.988854172965365708e-01,-1.111269941784948090e-02,-4.587407790868787416e-02,5.770361383327643479e-01
-9.287866866220573225e-03,-9.991644026902433140e-01,3.980241105416804093e-02,2.574916277363507033e-01
-4.627805788275045351e-02,-3.933197564702442528e-02,-9.981539646018057210e-01,5.461252512350633914e-01
0.000000000000000000e+00,0.000000000000000000e+00,0.000000000000000000e+00,1.000000000000000000e+00
9.988854320237697815e-01,-1.112274473137464526e-02,-4.587132263547419320e-02,5.770382488539308463e-01
-9.298012801925492621e-03,-9.991642990602406238e-01,3.980264364829914914e-02,2.574858225761449959e-01
-4.627570257297366346e-02,-3.933176875121353888e-02,-9.981540819524201691e-01,5.461265505332184578e-01
0.000000000000000000e+00,0.000000000000000000e+00,0.000000000000000000e+00,1.000000000000000000e+00
9.988855750696876701e-01,-1.111486969776948053e-02,-4.587011651719247879e-02,5.770388997166302492e-01
-9.290296216464988266e-03,-9.991644680262842249e-01,3.980020389348144783e-02,2.574843365300970022e-01
-4.627416464842497301e-02,-3.932970258410258685e-02,-9.981542346655332132e-01,5.461265561821962988e-01
0.000000000000000000e+00,0.000000000000000000e+00,0.000000000000000000e+00,1.000000000000000000e+00
9.988856198039841594e-01,-1.109977968143716076e-02,-4.587279629403078623e-02,5.770349472961654458e-01
-9.274916315016590307e-03,-9.991644562061926527e-01,3.980408749780003919e-02,2.574932578466174737e-01
-4.627628416542899775e-02,-3.933426426420906508e-02,-9.981539566512941386e-01,5.461265189933033337e-01
0.000000000000000000e+00,0.000000000000000000e+00,0.000000000000000000e+00,1.000000000000000000e+00
9.988853287134206171e-01,-1.111036369501672283e-02,-4.587657244875911755e-02,5.770385271986299136e-01
-9.285460893980135300e-03,-9.991644497334402075e-01,3.980179147799822736e-02,2.574878331394172548e-01
-4.628045264545450899e-02,-3.933144044446046372e-02,-9.981538746583592525e-01,5.461233803442496759e-01
0.000000000000000000e+00,0.000000000000000000e+00,0.000000000000000000e+00,1.000000000000000000e+00
9.988853684252323450e-01,-1.112267811689132690e-02,-4.587272367645232884e-02,5.770386674134651006e-01
-9.297975050638729311e-03,-9.991643716745512993e-01,3.980082959131688025e-02,2.574859235696139725e-01
-4.627708294551226981e-02,-3.932994288970392827e-02,-9.981540899011268619e-01,5.461252827755129768e-01
0.000000000000000000e+00,0.000000000000000000e+00,0.000000000000000000e+00,1.000000000000000000e+00
9.988853416063134816e-01,-1.112024712411519012e-02,-4.587389702147805226e-02,5.770379559454054119e-01
-9.295390179271778575e-03,-9.991643038319208969e-01,3.980313642777567190e-02,2.574875459677560263e-01
-4.627818109491405735e-02,-3.933235375580301785e-02,-9.981539439898911015e-01,5.461252739719224536e-01
0.000000000000000000e+00,0.000000000000000000e+00,0.000000000000000000e+00,1.000000000000000000e+00
9.988853517508464730e-01,-1.111783213705080930e-02,-4.587426147809354343e-02,5.770373880620346396e-01
-9.292940613632283409e-03,-9.991643098297577907e-01,3.980355784568996580e-02,2.574888330079754262e-01
-4.627845408329495785e-02,-3.933288409201700364e-02,-9.981539104349912428e-01,5.461252565757791499e-01
0.000000000000000000e+00,0.000000000000000000e+00,0.000000000000000000e+00,1.000000000000000000e+00
9.988853416063134816e-01,-1.112024712411519012e-02,-4.587389702147805226e-02,5.770379559454054119e-01
-9.295390179271778575e-03,-9.991643038319208969e-01,3.980313642777567190e-02,2.574875459677560263e-01
-4.627818109491405735e-02,-3.933235375580301785e-02,-9.981539439898911015e-01,5.461252739719224536e-01
0.000000000000000000e+00,0.000000000000000000e+00,0.000000000000000000e+00,1.000000000000000000e+00
9.988856314730329977e-01,-1.111477198155297330e-02,-4.586891191775029769e-02,5.770381586131930751e-01
-9.290027966734282217e-03,-9.991642832073812652e-01,3.980490601744411661e-02,2.574844627345607706e-01
-4.627300095193252055e-02,-3.933442520843981327e-02,-9.981541025194575756e-01,5.461284489639954831e-01
0.000000000000000000e+00,0.000000000000000000e+00,0.000000000000000000e+00,1.000000000000000000e+00
9.988855669379719249e-01,-1.111494774355975546e-02,-4.587027468485709025e-02,5.770384624592783673e-01
-9.290186026624736026e-03,-9.991643126444176293e-01,3.980413020528408841e-02,2.574913629174237495e-01
-4.627436230351547608e-02,-3.933362778166336199e-02,-9.981540708322220734e-01,5.461262492786425060e-01
0.000000000000000000e+00,0.000000000000000000e+00,0.000000000000000000e+00,1.000000000000000000e+00
9.988855239746513570e-01,-1.110740521214659271e-02,-4.587303721511643700e-02,5.770375087713781603e-01
-9.282695142181940362e-03,-9.991645220140835670e-01,3.980062209646406668e-02,2.574885435502623499e-01
-4.627679293969699098e-02,-3.933043983762969653e-02,-9.981540837653248843e-01,5.461252394858310266e-01
0.000000000000000000e+00,0.000000000000000000e+00,0.000000000000000000e+00,1.000000000000000000e+00
9.988854159660482956e-01,-1.111780829146635785e-02,-4.587286898733724388e-02,5.770399208871908048e-01
-9.293049223045191098e-03,-9.991643754735479721e-01,3.980188463745620159e-02,2.574831197833901131e-01
-4.627704621595107870e-02,-3.933122326281645459e-02,-9.981540411530562817e-01,5.461252875819538888e-01
0.000000000000000000e+00,0.000000000000000000e+00,0.000000000000000000e+00,1.000000000000000000e+00
9.988856764512451525e-01,-1.110482065462631285e-02,-4.587034269293210204e-02,5.770356220003354242e-01
-9.279935641592296225e-03,-9.991643066782618376e-01,3.980667098159132444e-02,2.574901849920085417e-01
-4.627405509598607469e-02,-3.933663964267080509e-02,-9.981539663832408316e-01,5.461284184929292573e-01
0.000000000000000000e+00,0.000000000000000000e+00,0.000000000000000000e+00,1.000000000000000000e+00
9.988853435157164506e-01,-1.112023343440032841e-02,-4.587385876350182079e-02,5.770379597175485653e-01
-9.295382247227479411e-03,-9.991643075603937607e-01,3.980304468551705555e-02,2.574875369221931165e-01
-4.627814147486039587e-02,-3.933226291130201974e-02,-9.981539494065577722e-01,5.461252734378523321e-01
0.000000000000000000e+00,0.000000000000000000e+00,0.000000000000000000e+00,1.000000000000000000e+00
9.988853938369166574e-01,-1.112301852171204697e-02,-4.587208779022250438e-02,5.770381734115389571e-01
-9.298171442432279221e-03,-9.991642244894114455e-01,3.980447849551914385e-02,2.574860034876054748e-01
-4.627649497418066110e-02,-3.933358564177391603e-02,-9.981539736200351065e-01,5.461265612145272952e-01
0.000000000000000000e+00,0.000000000000000000e+00,0.000000000000000000e+00,1.000000000000000000e+00
9.988853351577459128e-01,-1.110761339114102464e-02,-4.587709811605774485e-02,5.770377359541207785e-01
-9.282649473877024882e-03,-9.991644418101538472e-01,3.980264615511121262e-02,2.574896122733517090e-01
-4.628087753643588681e-02,-3.933241852412337758e-02,-9.981538164168387572e-01,5.461233869149313414e-01
0.000000000000000000e+00,0.000000000000000000e+00,0.000000000000000000e+00,1.000000000000000000e+00
9.988854414168650830e-01,-1.111296305592079925e-02,-4.587348883127247146e-02,5.770385919710659950e-01
-9.288142049150016621e-03,-9.991643900384261645e-01,3.980266443864002163e-02,2.574861044810846655e-01
-4.627748202646676107e-02,-3.933222255680329793e-02,-9.981539815709958852e-01,5.461252934565996586e-01
0.000000000000000000e+00,0.000000000000000000e+00,0.000000000000000000e+00,1.000000000000000000e+00
9.988854408202062496e-01,-1.111988413353381944e-02,-4.587182462339150363e-02,5.770374386723925442e-01
-9.295095466080482982e-03,-9.991642951393979732e-01,3.980342345661583986e-02,2.574876441453501363e-01
-4.627609877354464663e-02,-3.933267719653731759e-02,-9.981540277867209099e-01,5.461265558738241932e-01
0.000000000000000000e+00,0.000000000000000000e+00,0.000000000000000000e+00,1.000000000000000000e+00
9.988855308171391556e-01,-1.110455830509965436e-02,-4.587357746035539835e-02,5.770366948090004389e-01
-9.279785739388202170e-03,-9.991645143221806746e-01,3.980149363971055565e-02,2.574903741625946818e-01
-4.627722875014918247e-02,-3.933143913168594269e-02,-9.981540241841622141e-01,5.461252453603883117e-01
0.000000000000000000e+00,0.000000000000000000e+00,0.000000000000000000e+00,1.000000000000000000e+00
9.988852685443847523e-01,-1.112996218372019896e-02,-4.587313186170170753e-02,5.770380313882931267e-01
-9.305223181013400069e-03,-9.991642853974929128e-01,3.980130158259766182e-02,2.574873650564968308e-01
-4.627778199701929746e-02,-3.933007408976389729e-02,-9.981540523213487948e-01,5.461252632907049875e-01
0.000000000000000000e+00,0.000000000000000000e+00,0.000000000000000000e+00,1.000000000000000000e+00
9.988854320237697815e-01,-1.112274473137464526e-02,-4.587132263547419320e-02,5.770382488539308463e-01
-9.298012801925492621e-03,-9.991642990602406238e-01,3.980264364829914914e-02,2.574858225761449959e-01
-4.627570257297366346e-02,-3.933176875121353888e-02,-9.981540819524201691e-01,5.461265505332184578e-01
0.000000000000000000e+00,0.000000000000000000e+00,0.000000000000000000e+00,1.000000000000000000e+00
