1.000000000000000000e+00,0.000000000000000000e+00,0.000000000000000000e+00,0.000000000000000000e+00
0.000000000000000000e+00,1.000000000000000000e+00,0.000000000000000000e+00,-1.000000000000000056e-01
0.000000000000000000e+00,0.000000000000000000e+00,1.000000000000000000e+00,5.964999999999999192e-01
0.000000000000000000e+00,0.000000000000000000e+00,0.000000000000000000e+00,1.000000000000000000e+00
9.999964896014345017e-01,2.623729129796834297e-03,3.699057467022017149e-04,5.642188072682847826e-04
-2.623672391101583481e-03,9.999965463401297994e-01,-1.537888057977592187e-04,-9.997983767738000127e-02
-3.703079693431768566e-04,1.528177544428235596e-04,9.999999197593676392e-01,5.974431231512560281e-01
0.000000000000000000e+00,0.000000000000000000e+00,0.000000000000000000e+00,1.000000000000000000e+00
9.999859584304665594e-01,5.247496515956257684e-03,7.394066650367218333e-04,1.128837401050358444e-03
-5.247269561574938179e-03,9.999861853848478477e-01,-3.085475796161127543e-04,-9.996130079148413117e-02
-7.410155527672456378e-04,3.046633810367463651e-04,9.999996790380358824e-01,5.983860403732754740e-01
0.000000000000000000e+00,0.000000000000000000e+00,0.000000000000000000e+00,1.000000000000000000e+00
9.999684065612806094e-01,7.871283675876111774e-03,1.108500152128585013e-03,1.693851439062719465e-03
-7.870773030016955246e-03,9.999689172071397625e-01,-4.642752312879743371e-04,-9.994439035393787307e-02
-1.112120138897121531e-03,4.555358101357623703e-04,9.999992778377004843e-01,5.993287512696348074e-01
0.000000000000000000e+00,0.000000000000000000e+00,0.000000000000000000e+00,1.000000000000000000e+00
9.999438341175175271e-01,1.049507212681495723e-02,1.477183607972884678e-03,2.259256576236243035e-03
-1.049416431568460546e-02,9.999447419286477956e-01,-6.209706638211925532e-04,-9.992910736490960566e-02
-1.483619113561114762e-03,6.054339789493598913e-04,9.999987161611874065e-01,6.002712554453648597e-01
0.000000000000000000e+00,0.000000000000000000e+00,0.000000000000000000e+00,1.000000000000000000e+00
9.999122412722726283e-01,1.311884338602225218e-02,1.845454435453096386e-03,2.825048464746780265e-03
-1.311742493862509511e-02,9.999136597196698339e-01,-7.786327734062779534e-04,-9.991545281310343363e-02
-1.855509859809344143e-03,7.543568315500082935e-04,9.999979940124533728e-01,6.012135525069510766e-01
0.000000000000000000e+00,0.000000000000000000e+00,0.000000000000000000e+00,1.000000000000000000e+00
9.998736282480957804e-01,1.574257897086856275e-02,2.213310040359373846e-03,3.391222754045793847e-03
-1.574053641980606780e-02,9.998756707991582893e-01,-9.372604494241791682e-04,-9.990342767575223493e-02
-2.227789757932173171e-03,9.023033188805956728e-04,9.999971113965855363e-01,6.021556420623398465e-01
0.000000000000000000e+00,0.000000000000000000e+00,0.000000000000000000e+00,1.000000000000000000e+00
9.998279953169884049e-01,1.836626039897574711e-02,2.580747831406820982e-03,3.957775090890999770e-03
-1.836348028124575385e-02,9.998307754347184328e-01,-1.096852574454105535e-03,-9.989303291861081902e-02
-2.600456185478660764e-03,1.049272398761819103e-03,9.999960683198012568e-01,6.030975237209379447e-01
0.000000000000000000e+00,0.000000000000000000e+00,0.000000000000000000e+00,1.000000000000000000e+00
9.997753428004024778e-01,2.098986918834717941e-02,2.947765220253750328e-03,4.524701119377031594e-03
-2.098623804614316302e-02,9.997789739426065081e-01,-1.257408024281399597e-03,-9.988426949594916837e-02
-2.973506517275040836e-03,1.195263035899526202e-03,9.999948647894481013e-01,6.040391970936165311e-01
0.000000000000000000e+00,0.000000000000000000e+00,0.000000000000000000e+00,1.000000000000000000e+00
9.997156710692381987e-01,2.361338685749789917e-02,3.314359621519910853e-03,5.091996480966132048e-03
-2.360879123900821303e-02,9.997202666877279542e-01,-1.418925667905455903e-03,-9.987713835054555511e-02
-3.346938125443207294e-03,1.340274201892008125e-03,9.999935008140043990e-01,6.049806617927150354e-01
0.000000000000000000e+00,0.000000000000000000e+00,0.000000000000000000e+00,1.000000000000000000e+00
9.996489805438411036e-01,2.623679492558483525e-02,3.680528452804702772e-03,5.659656814518847223e-03
-2.623112138579188415e-02,9.996546540836340755e-01,-1.581404367547687827e-03,-9.987164041368006007e-02
-3.720748379419231127e-03,1.484304875237243016e-03,9.999919764030781311e-01,6.059219174320422674e-01
0.000000000000000000e+00,0.000000000000000000e+00,0.000000000000000000e+00,1.000000000000000000e+00
9.995752716939991789e-01,2.886007491253698640e-02,4.046269134705370030e-03,6.227677756324749396e-03
-2.885321001401637900e-02,9.995821365925198210e-01,-1.744842978659542649e-03,-9.986777660512793919e-02
-4.094934645971888554e-03,1.627354041340092934e-03,9.999902915674078185e-01,6.068629636268791927e-01
0.000000000000000000e+00,0.000000000000000000e+00,0.000000000000000000e+00,1.000000000000000000e+00
9.994945450389395303e-01,3.148320833918558104e-02,4.411579090835168922e-03,6.796054940133188470e-03
-3.147503865290521285e-02,9.995027147252198985e-01,-1.909240349930565409e-03,-9.986554783315322592e-02
-4.469494289221213022e-03,1.769420692519450920e-03,9.999884463188619677e-01,6.078037999939831515e-01
0.000000000000000000e+00,0.000000000000000000e+00,0.000000000000000000e+00,1.000000000000000000e+00
9.994068011473248303e-01,3.410617672739426481e-02,4.776455747841514173e-03,7.364783997184030408e-03
-3.409658883351335962e-02,9.994163890412057771e-01,-2.074595323296506578e-03,-9.986495499450216695e-02
-4.844424670657055017e-03,1.910503828015338180e-03,9.999864406704389586e-01,6.087444261515889687e-01
0.000000000000000000e+00,0.000000000000000000e+00,0.000000000000000000e+00,1.000000000000000000e+00
9.993120406372495435e-01,3.672896160018926381e-02,5.140896535424111131e-03,7.933860556238438166e-03
-3.671784208885729706e-02,9.993231601485815796e-01,-2.240906733947480457e-03,-9.986599897439704665e-02
-5.219723149157679161e-03,2.050602453995954439e-03,9.999842746362673784e-01,6.096848417194126180e-01
0.000000000000000000e+00,0.000000000000000000e+00,0.000000000000000000e+00,1.000000000000000000e+00
9.992102641762347082e-01,3.935154448188955822e-02,5.504898886353062383e-03,8.503280243609677783e-03
-3.933877995404519434e-02,9.992230287040790859e-01,-2.408173410336173458e-03,-9.986868064652991428e-02
-5.595387081008366091e-03,2.189715583564680150e-03,9.999819482316051333e-01,6.106250463186528865e-01
0.000000000000000000e+00,0.000000000000000000e+00,0.000000000000000000e+00,1.000000000000000000e+00
9.991014724812244951e-01,4.197390689823696924e-02,5.868460236486940963e-03,9.073038683193901041e-03
-4.195938396640686713e-02,9.991159954130546250e-01,-2.576394174186090544e-03,-9.987300087305639451e-02
-5.971413819920026907e-03,2.327842236767024928e-03,9.999794614728404474e-01,6.115650395719951504e-01
0.000000000000000000e+00,0.000000000000000000e+00,0.000000000000000000e+00,1.000000000000000000e+00
9.989856663185798791e-01,4.459603037652639518e-02,6.231578024790871383e-03,9.643131496501009675e-03
-4.457963566562391650e-02,9.990020610294823022e-01,-2.745567840499864125e-03,-9.987896050458974773e-02
-6.347800717047856651e-03,2.464981440597535656e-03,9.999768143774905305e-01,6.125048211036137058e-01
0.000000000000000000e+00,0.000000000000000000e+00,0.000000000000000000e+00,1.000000000000000000e+00
9.988628465040740867e-01,4.721789644573584632e-02,6.594249693354552536e-03,1.021355430268544758e-02
-4.719951659385974996e-02,9.988812263559502247e-01,-2.915693217567592865e-03,-9.988656038019463890e-02
-6.724545121009985194e-03,2.601132229006646035e-03,9.999740069642023554e-01,6.134443905391742113e-01
0.000000000000000000e+00,0.000000000000000000e+00,0.000000000000000000e+00,1.000000000000000000e+00
9.987330139028867126e-01,4.983948663665663942e-02,6.956472687410291886e-03,1.078430271857712744e-02
-4.981900829588958163e-02,9.987534922436538398e-01,-3.086769106975242958e-03,-9.989580132738147544e-02
-7.101644377906161931e-03,2.736293642907484513e-03,9.999710392527523251e-01,6.143837475058363529e-01
0.000000000000000000e+00,0.000000000000000000e+00,0.000000000000000000e+00,1.000000000000000000e+00
9.985961694295975022e-01,5.246078248202341171e-02,7.318244455350986742e-03,1.135537235871223079e-02
-5.243809231923044628e-02,9.986188595923904954e-01,-3.258794303613084947e-03,-9.990668416210032876e-02
-7.479095831336441368e-03,2.870464730182628425e-03,9.999679112640457168e-01,6.153228916322555087e-01
0.000000000000000000e+00,0.000000000000000000e+00,0.000000000000000000e+00,1.000000000000000000e+00
9.984523140481798009e-01,5.508176551664428766e-02,7.679562448748111607e-03,1.192675883536417104e-02
-5.505675021427121341e-02,9.984773293505528891e-01,-3.431767595684186937e-03,-9.991920968873548026e-02
-7.856896822419901644e-03,3.003644545690813041e-03,9.999646230201171271e-01,6.162618225485885226e-01
0.000000000000000000e+00,0.000000000000000000e+00,0.000000000000000000e+00,1.000000000000000000e+00
9.983014487719940044e-01,5.770241727753092770e-02,8.040424122369660420e-03,1.249845775857445079e-02
-5.767496353440252493e-02,9.983289025151224072e-01,-3.605687764712949429e-03,-9.993337870009955104e-02
-8.235044689813373481e-03,3.135832151273589431e-03,9.999611745441299160e-01,6.172005398864922610e-01
0.000000000000000000e+00,0.000000000000000000e+00,0.000000000000000000e+00,1.000000000000000000e+00
9.981435746637800088e-01,6.032271930402859084e-02,8.400826934198085336e-03,1.307046473618361793e-02
-6.029271383614671909e-02,9.981735801316619083e-01,-3.780553585553687000e-03,-9.994919197742788142e-02
-8.613536769730189072e-03,3.267026615761929424e-03,9.999575658603760964e-01,6.181390432791289413e-01
0.000000000000000000e+00,0.000000000000000000e+00,0.000000000000000000e+00,1.000000000000000000e+00
9.979786928356504383e-01,6.294265313794611405e-02,8.760768345448189526e-03,1.364277537386218014e-02
-6.290998267928776810e-02,9.980113632943088398e-01,-3.956363826399260722e-03,-9.996665029037318795e-02
-8.992370395958938778e-03,3.397227014982788940e-03,9.999537969942764448e-01,6.190773323611676870e-01
0.000000000000000000e+00,0.000000000000000000e+00,0.000000000000000000e+00,1.000000000000000000e+00
9.978068044490822075e-01,6.556220032368605122e-02,9.120245820585029528e-03,1.421538527514158191e-02
-6.552675162700120903e-02,9.978422531457670219e-01,-4.133117248789755678e-03,-9.998575439700005396e-02
-9.371542899882265992e-03,3.526432431765617534e-03,9.999498679723798356e-01,6.200154067687870807e-01
0.000000000000000000e+00,0.000000000000000000e+00,0.000000000000000000e+00,1.000000000000000000e+00
9.976279107149084169e-01,6.818134240837461779e-02,9.479256827341759478e-03,1.478829004144516755e-02
-6.814300224598399125e-02,9.976662508772990989e-01,-4.310812607621202289e-03,-1.000065050437796005e-01
-9.751051610495654193e-03,3.654641955948818074e-03,9.999457788223635735e-01,6.209532661396784947e-01
0.000000000000000000e+00,0.000000000000000000e+00,0.000000000000000000e+00,1.000000000000000000e+00
9.974420128933100260e-01,7.080006094199164934e-02,9.837798836737481414e-03,1.536148527211915298e-02
-7.075871610658429622e-02,9.974833577287174347e-01,-4.489448651154350975e-03,-1.000289029655841988e-01
-1.013089385442624522e-02,3.781854684386158714e-03,9.999415295730328390e-01,6.218909101130476458e-01
0.000000000000000000e+00,0.000000000000000000e+00,0.000000000000000000e+00,1.000000000000000000e+00
9.972491122938070829e-01,7.341833747750062256e-02,1.019586932309505048e-02,1.593496656446365123e-02
-7.337387478293144749e-02,9.972935749883762302e-01,-4.669024121023485421e-03,-1.000529488856823496e-01
-1.051106695595167145e-02,3.908069720953135859e-03,9.999371202543206882e-01,6.228283383296175924e-01
0.000000000000000000e+00,0.000000000000000000e+00,0.000000000000000000e+00,1.000000000000000000e+00
9.970492102752489538e-01,7.603615357097859295e-02,1.055346576405887665e-02,1.650872951376366679e-02
-7.598845985306559858e-02,9.970969039931618649e-01,-4.849537752245293085e-03,-1.000786435157335202e-01
-1.089156823701891569e-02,4.033286176553284655e-03,9.999325508972874976e-01,6.237655504316313992e-01
0.000000000000000000e+00,0.000000000000000000e+00,0.000000000000000000e+00,1.000000000000000000e+00
9.968423082458051088e-01,7.865349078174610487e-02,1.091058564061268485e-02,1.708276971332010896e-02
-7.860245289906761523e-02,9.968933461284835706e-01,-5.030988273227768662e-03,-1.001059875557833018e-01
-1.127239501726315721e-02,4.157503169124443509e-03,9.999278215341212972e-01,6.247025460628544691e-01
0.000000000000000000e+00,0.000000000000000000e+00,0.000000000000000000e+00,1.000000000000000000e+00
9.966284076629554622e-01,8.127033067249697651e-02,1.126722643709725073e-02,1.765708275448086423e-02
-8.121583550718861066e-02,9.966829028282637726e-01,-5.213374405779172202e-03,-1.001349816942581766e-01
-1.165354461402664903e-02,4.280719823644965269e-03,9.999229321981371044e-01,6.256393248685766517e-01
0.000000000000000000e+00,0.000000000000000000e+00,0.000000000000000000e+00,1.000000000000000000e+00
9.964075100334797153e-01,8.388665480942854302e-02,1.162338564122815734e-02,1.823166422667187730e-02
-8.382858926798002208e-02,9.964655755749283195e-01,-5.396694865117045332e-03,-1.001656266079609253e-01
-1.203501434237766107e-02,4.402935272139889798e-03,9.999178829237769239e-01,6.265758864956161300e-01
0.000000000000000000e+00,0.000000000000000000e+00,0.000000000000000000e+00,1.000000000000000000e+00
9.961796169134469192e-01,8.650244476237109459e-02,1.197906074411344765e-02,1.880650971742812982e-02
-8.644069577642293778e-02,9.962413658993950483e-01,-5.580948359877247432e-03,-1.001979229620657691e-01
-1.241680151512933317e-02,4.524148653687045003e-03,9.999126737466094150e-01,6.275122305923203081e-01
0.000000000000000000e+00,0.000000000000000000e+00,0.000000000000000000e+00,1.000000000000000000e+00
9.959447299082041516e-01,8.911768210491785580e-02,1.233424924027133086e-02,1.938161481242480985e-02
-8.905213663205790997e-02,9.960102753810641252e-01,-5.766133592123053389e-03,-1.002318714101136654e-01
-1.279890344285863728e-02,4.644359114423119231e-03,9.999073047033293360e-01,6.284483568085689198e-01
0.000000000000000000e+00,0.000000000000000000e+00,0.000000000000000000e+00,1.000000000000000000e+00
9.957028506723658579e-01,9.173234841455485400e-02,1.268894862764780550e-02,1.995697509550834955e-02
-9.166289343911454557e-02,9.957723056478061663e-01,-5.952249257354306003e-03,-1.002674725940077699e-01
-1.318131743392532244e-02,4.763565807549675554e-03,9.999017758317580995e-01,6.293842647957763603e-01
0.000000000000000000e+00,0.000000000000000000e+00,0.000000000000000000e+00,1.000000000000000000e+00
9.954539809098016390e-01,9.434642527279069046e-02,1.304315640763432059e-02,2.053258614872761206e-02
-9.427294780664111085e-02,9.955274583759511353e-01,-6.139294044516600476e-03,-1.003047271440088567e-01
-1.356404079449087356e-02,4.881767893339120090e-03,9.998960871708424403e-01,6.303199542068955719e-01
0.000000000000000000e+00,0.000000000000000000e+00,0.000000000000000000e+00,1.000000000000000000e+00
9.951981223736245941e-01,9.695989426528615895e-02,1.339687008508532937e-02,2.110844355236489098e-02
-9.688228134863403895e-02,9.952757352902766863e-01,-6.327266636010512278e-03,-1.003436356787309053e-01
-1.394707082853746671e-02,4.998964539140606129e-03,9.998902387606553033e-01,6.312554246964169335e-01
0.000000000000000000e+00,0.000000000000000000e+00,0.000000000000000000e+00,1.000000000000000000e+00
9.949352768661787749e-01,9.957273698198411405e-02,1.375008716833591924e-02,2.168454288496717702e-02
-9.949087568416757621e-02,9.950171381639952850e-01,-6.516165707700896995e-03,-1.003841988051366596e-01
-1.433040483788700428e-02,5.115154919385914850e-03,9.998842306423944004e-01,6.321906759203754778e-01
0.000000000000000000e+00,0.000000000000000000e+00,0.000000000000000000e+00,1.000000000000000000e+00
9.946654462390264184e-01,1.021849350172389370e-01,1.410280516921929780e-02,2.226087972337718185e-02
-1.020987124375229427e-01,9.947516688187424405e-01,-6.705989928926190183e-03,-1.004264171185334925e-01
-1.471404012222006508e-02,5.230338215595254497e-03,9.998780628583827657e-01,6.331257075363484477e-01
0.000000000000000000e+00,0.000000000000000000e+00,0.000000000000000000e+00,1.000000000000000000e+00
9.943886323929354010e-01,1.047964699699465291e-01,1.445502160308439685e-02,2.283744964276461162e-02
-1.047057732383182144e-01,9.944793291245637157e-01,-6.896737962507816511e-03,-1.004702912025691591e-01
-1.509797397909498629e-02,5.344513616383042218e-03,9.998717354520683109e-01,6.340605192034620696e-01
0.000000000000000000e+00,0.000000000000000000e+00,0.000000000000000000e+00,1.000000000000000000e+00
9.941048372778651387e-01,1.074073234436736662e-01,1.480673398881331496e-02,2.341424821665724978e-02
-1.073120397216374006e-01,9.942001209999012934e-01,-7.088408464759577213e-03,-1.005158216292276474e-01
-1.548220370396685697e-02,5.457680317463608696e-03,9.998652484680229380e-01,6.349951105823907760e-01
0.000000000000000000e+00,0.000000000000000000e+00,0.000000000000000000e+00,1.000000000000000000e+00
9.938140628929531539e-01,1.100174770467875762e-01,1.515793984883881743e-02,2.399127101697215089e-02
-1.099174935281599097e-01,9.939140464115807649e-01,-7.281000085497128620e-03,-1.005630089588251258e-01
-1.586672659020657225e-02,5.569837521656862030e-03,9.998586019519429824e-01,6.359294813353608689e-01
0.000000000000000000e+00,0.000000000000000000e+00,0.000000000000000000e+00,1.000000000000000000e+00
9.935163112865011970e-01,1.126269123925857513e-01,1.550863670916179798e-02,2.456851361404690723e-02
-1.125221163042900013e-01,9.936211073747969191e-01,-7.474511468047502320e-03,-1.006118537400061130e-01
-1.625153992911993611e-02,5.680984438893920373e-03,9.998517959506484365e-01,6.368636311261532956e-01
0.000000000000000000e+00,0.000000000000000000e+00,0.000000000000000000e+00,1.000000000000000000e+00
9.932115845559608136e-01,1.152356110994251642e-01,1.585882209936868500e-02,2.514597157667075242e-02
-1.151258897022858080e-01,9.933213059531001976e-01,-7.668941249258643539e-03,-1.006623565097395367e-01
-1.663664100996669823e-02,5.791120286222655247e-03,9.998448305120829493e-01,6.377975596201054254e-01
0.000000000000000000e+00,0.000000000000000000e+00,0.000000000000000000e+00,1.000000000000000000e+00
9.928998848479182460e-01,1.178435547908520120e-01,1.620849355264887201e-02,2.572364047211583502e-02
-1.177287953803888843e-01,9.930146442583813737e-01,-7.864288059509026707e-03,-1.007145177933148616e-01
-1.702202711997968451e-02,5.900244287813219239e-03,9.998377056853131606e-01,6.387312664841128251e-01
0.000000000000000000e+00,0.000000000000000000e+00,0.000000000000000000e+00,1.000000000000000000e+00
9.925812143580792224e-01,1.204507250957308623e-01,1.655764860581205103e-02,2.630151586616840884e-02
-1.203308150029530760e-01,9.927011244508570087e-01,-8.060550522717296190e-03,-1.007683381043386617e-01
-1.740769554438385477e-02,6.008355674963510376e-03,9.998304215205282564e-01,6.396647513866335899e-01
0.000000000000000000e+00,0.000000000000000000e+00,0.000000000000000000e+00,1.000000000000000000e+00
9.922555753312540805e-01,1.230571036483744801e-01,1.690628479930561534e-02,2.687959332316013084e-02
-1.229319302405740694e-01,9.923807487390544635e-01,-8.257727256351968595e-03,-1.008238179447306926e-01
-1.779364356641550959e-02,6.115453686104584466e-03,9.998229780690403024e-01,6.405980139976881205e-01
0.000000000000000000e+00,0.000000000000000000e+00,0.000000000000000000e+00,1.000000000000000000e+00
9.919229700613415579e-01,1.256626720886727944e-01,1.725439967723194773e-02,2.745786840599923756e-02
-1.255321227702182185e-01,9.920535193797961337e-01,-8.455816871441160232e-03,-1.008809578047204503e-01
-1.817986846734134798e-02,6.221537566806022330e-03,9.998153753832829116e-01,6.415310539888627872e-01
0.000000000000000000e+00,0.000000000000000000e+00,0.000000000000000000e+00,1.000000000000000000e+00
9.915834008913125830e-01,1.282674120622225022e-01,1.760199078736574343e-02,2.803633667620183262e-02
-1.281313742753516782e-01,9.917194386781833515e-01,-8.654817972582381363e-03,-1.009397581628439372e-01
-1.856636752647766384e-02,6.326606569781240662e-03,9.998076135168120215e-01,6.424638710333133718e-01
0.000000000000000000e+00,0.000000000000000000e+00,0.000000000000000000e+00,1.000000000000000000e+00
9.912368702131939546e-01,1.308713052204562022e-01,1.794905568117126024e-02,2.861499369392314640e-02
-1.307296664460694258e-01,9.913785089875807310e-01,-8.854729157952356475e-03,-1.010002194859398600e-01
-1.895313802120948340e-02,6.430659954892758642e-03,9.997996925243043398e-01,6.433964648057646230e-01
0.000000000000000000e+00,0.000000000000000000e+00,0.000000000000000000e+00,1.000000000000000000e+00
9.908833804680514667e-01,1.334743332207717625e-01,1.829559191381959632e-02,2.919383501798883396e-02
-1.333269809792244909e-01,9.910307327095987384e-01,-9.055549019316917400e-03,-1.010623422291468815e-01
-1.934017722700978603e-02,6.533696989157415994e-03,9.997916124615576772e-01,6.443288349825154748e-01
0.000000000000000000e+00,0.000000000000000000e+00,0.000000000000000000e+00,1.000000000000000000e+00
9.905229341459725889e-01,1.360764777266614267e-01,1.864159704420589522e-02,2.977285620592622431e-02
-1.359232995785564224e-01,9.906761122940775932e-01,-9.257276142040894717e-03,-1.011261268358998877e-01
-1.972748241745864509e-02,6.635716946751527706e-03,9.997833733854906146e-01,6.452609812414389356e-01
0.000000000000000000e+00,0.000000000000000000e+00,0.000000000000000000e+00,1.000000000000000000e+00
9.901555337860490358e-01,1.386777204078412373e-01,1.898706863496653352e-02,3.035205281399565649e-02
-1.385186039548206016e-01,9.903146502390696160e-01,-9.459909105098108020e-03,-1.011915737379271568e-01
-2.011505086426247646e-02,6.736719109015998005e-03,9.997749753541416151e-01,6.461929032619855295e-01
0.000000000000000000e+00,0.000000000000000000e+00,0.000000000000000000e+00,1.000000000000000000e+00
9.897811819763587815e-01,1.412780429403795446e-01,1.933200425249630497e-02,3.093142039722171499e-02
-1.411128758259167504e-01,9.899463490908215757e-01,-9.663446481081364864e-03,-1.012586833552473614e-01
-2.050287983727322808e-02,6.836702764461392683e-03,9.997664184266686904e-01,6.471246007251857391e-01
0.000000000000000000e+00,0.000000000000000000e+00,0.000000000000000000e+00,1.000000000000000000e+00
9.893998813539477410e-01,1.438774270068270411e-01,1.967640146696557693e-02,3.151095450942460047e-02
-1.437060969170180780e-01,9.895712114437567042e-01,-9.867886836212523896e-03,-1.013274560961664184e-01
-2.089096660450763185e-02,6.935667208772943772e-03,9.997577026633495123e-01,6.480560733136520035e-01
0.000000000000000000e+00,0.000000000000000000e+00,0.000000000000000000e+00,1.000000000000000000e+00
9.890116346048118956e-01,1.464758542963446875e-01,2.002025785233733923e-02,3.209065070325146235e-02
-1.462982489606994840e-01,9.891892399404570435e-01,-1.007322873035256666e-02,-1.013978923572747270e-01
-2.127930843216641749e-02,7.033611744815499583e-03,9.997488281255807463e-01,6.489873207115800513e-01
0.000000000000000000e+00,0.000000000000000000e+00,0.000000000000000000e+00,1.000000000000000000e+00
9.886164444638771975e-01,1.490733065048337747e-01,2.036357098638441609e-02,3.267050453020767242e-02
-1.488893136970668996e-01,9.888004372716440171e-01,-1.027947071701179431e-02,-1.014699925234443384e-01
-2.166790258465363384e-02,7.130535682638464330e-03,9.997397948758769415e-01,6.499183426047524526e-01
0.000000000000000000e+00,0.000000000000000000e+00,0.000000000000000000e+00,1.000000000000000000e+00
9.882143137149812517e-01,1.516697653350640440e-01,2.070633845070638662e-02,3.325051154068819209e-02
-1.514792728738853511e-01,9.884048061761600001e-01,-1.048661134335996531e-02,-1.015437569678262902e-01
-2.205674632459583839e-02,7.226438339480629330e-03,9.997306029778713077e-01,6.508491386805405066e-01
0.000000000000000000e+00,0.000000000000000000e+00,0.000000000000000000e+00,1.000000000000000000e+00
9.878052451908533316e-01,1.542652124968029170e-01,2.104855783074673428e-02,3.383066728400889456e-02
-1.540681082467078022e-01,9.880023494409484464e-01,-1.069464915023655982e-02,-1.016191860518479290e-01
-2.244583691286143948e-02,7.321319039774999878e-03,9.997212524963140501e-01,6.517797086279061292e-01
0.000000000000000000e+00,0.000000000000000000e+00,0.000000000000000000e+00,1.000000000000000000e+00
9.873892417730946169e-01,1.568596297069444201e-01,2.139022671580979168e-02,3.441096730843797025e-02
-1.566558015790036895e-01,9.875930699010353475e-01,-1.090358267216104578e-02,-1.016962801252103421e-01
-2.283517160857997247e-02,7.415177115153544045e-03,9.997117434970731464e-01,6.527100521374031850e-01
0.000000000000000000e+00,0.000000000000000000e+00,0.000000000000000000e+00,1.000000000000000000e+00
9.869663063921572110e-01,1.594529986896378593e-01,2.173134269907776514e-02,3.499140716122721428e-02
-1.592423346422872643e-01,9.871769704395078060e-01,-1.111341043734321264e-02,-1.017750395258860269e-01
-2.322474766916140035e-02,7.508011904451912868e-03,9.997020760471323486e-01,6.536401689011825944e-01
0.000000000000000000e+00,0.000000000000000000e+00,0.000000000000000000e+00,1.000000000000000000e+00
9.865364420273248225e-01,1.620453011764165230e-01,2.207190337762763785e-02,3.557198238864346662e-02
-1.618276892162460734e-01,9.867540539874952721e-01,-1.132413096769352943e-02,-1.018554645801163366e-01
-2.361456235031544545e-02,7.599822753714084202e-03,9.996922502145924039e-01,6.545700586129905574e-01
0.000000000000000000e+00,0.000000000000000000e+00,0.000000000000000000e+00,1.000000000000000000e+00
9.860996517066903388e-01,1.646365189063263568e-01,2.241190635244814933e-02,3.615268853599992727e-02
-1.644118470888693562e-01,9.863243235241473394e-01,-1.153574277883356348e-02,-1.019375556024092744e-01
-2.400461290607090736e-02,7.690609016196980549e-03,9.996822660686692785e-01,6.554997209681739934e-01
0.000000000000000000e+00,0.000000000000000000e+00,0.000000000000000000e+00,1.000000000000000000e+00
9.856559385071355095e-01,1.672266336260547215e-01,2.275134922845664653e-02,3.673352114768753396e-02
-1.669947900565760812e-01,9.858877820766140943e-01,-1.174824438010642173e-02,-1.020213128955373277e-01
-2.439489658879501893e-02,7.780370052375014042e-03,9.996721236796943799e-01,6.564291556636807634e-01
0.000000000000000000e+00,0.000000000000000000e+00,0.000000000000000000e+00,1.000000000000000000e+00
9.852053055543087412e-01,1.698156270900590126e-01,2.309022961451600783e-02,3.731447576720645087e-02
-1.695764999243437321e-01,9.854444327200240217e-01,-1.196163427458728744e-02,-1.021067367505352208e-01
-2.478541064921281276e-02,7.869105229944607996e-03,9.996618231191135573e-01,6.573583623980628898e-01
0.000000000000000000e+00,0.000000000000000000e+00,0.000000000000000000e+00,1.000000000000000000e+00
9.847477560226034488e-01,1.724034810606949186e-01,2.342854512345144899e-02,3.789554793719727283e-02
-1.721569585058357332e-01,9.849942785774626897e-01,-1.217591095909391352e-02,-1.021938274466978741e-01
-2.517615233642644598e-02,7.956813923828628260e-03,9.996513644594872128e-01,6.582873408714776664e-01
0.000000000000000000e+00,0.000000000000000000e+00,0.000000000000000000e+00,1.000000000000000000e+00
9.842832931351354064e-01,1.749901773083450407e-01,2.376629337206732223e-02,3.847673319947259030e-02
-1.747361476235300137e-01,9.845373228199504334e-01,-1.239107292419724948e-02,-1.022825852515785727e-01
-2.556711889793460146e-02,8.043495516180800692e-03,9.996407477744893022e-01,6.592160907856906560e-01
0.000000000000000000e+00,0.000000000000000000e+00,0.000000000000000000e+00,1.000000000000000000e+00
9.838119201637197664e-01,1.775756976115475672e-01,2.410347198116398471e-02,3.905802709504836712e-02
-1.773140491088473492e-01,9.840735686664200399e-01,-1.260711865423207526e-02,-1.023730104209869540e-01
-2.595830757965192359e-02,8.129149396390072252e-03,9.996299731389066690e-01,6.601446118440773558e-01
0.000000000000000000e+00,0.000000000000000000e+00,0.000000000000000000e+00,1.000000000000000000e+00
9.833336404288491872e-01,1.801600237571241436e-01,2.444007857555445182e-02,3.963942516417525569e-02
-1.798906448022784543e-01,9.836030193836947655e-01,-1.282404662730764894e-02,-1.024651031989872174e-01
-2.634971562592832231e-02,8.213774961084892301e-03,9.996190406286393770e-01,6.610729037516256401e-01
0.000000000000000000e+00,0.000000000000000000e+00,0.000000000000000000e+00,1.000000000000000000e+00
9.828484572996687429e-01,1.827431375403085756e-01,2.477611078408122058e-02,4.022092294637016202e-02
-1.824659165535129079e-01,9.831256782864644661e-01,-1.304185531531845861e-02,-1.025588638178964590e-01
-2.674134027956848181e-02,8.297371614137476550e-03,9.996079503206990458e-01,6.620009662149374252e-01
0.000000000000000000e+00,0.000000000000000000e+00,0.000000000000000000e+00,1.000000000000000000e+00
9.823563741939537186e-01,1.853250207648748094e-01,2.511156623963290563e-02,4.080251598044749156e-02
-1.850398462215661344e-01,9.826415487372623936e-01,-1.326054318395495507e-02,-1.026542924982829785e-01
-2.713317878185120269e-02,8.379938766667992950e-03,9.995967022932094048e-01,6.629287989422306682e-01
0.000000000000000000e+00,0.000000000000000000e+00,0.000000000000000000e+00,1.000000000000000000e+00
9.818573945780846302e-01,1.879056552432651905e-01,2.544644257916096192e-02,4.138419980455073505e-02
-1.876124156749078287e-01,9.821506341464419920e-01,-1.348010869271440079e-02,-1.027513894489647667e-01
-2.752522837254890026e-02,8.461475837048731963e-03,9.995852966254045180e-01,6.638564016433418091e-01
0.000000000000000000e+00,0.000000000000000000e+00,0.000000000000000000e+00,1.000000000000000000e+00
9.813515219670232437e-01,1.904850227967187226e-01,2.578073744369628953e-02,4.196596995618375597e-02
-1.901836067915893824e-01,9.816529379721525839e-01,-1.370055029491167552e-02,-1.028501548670079924e-01
-2.791748628994698486e-02,8.541982250908181432e-03,9.995737333976297823e-01,6.647837740297279918e-01
0.000000000000000000e+00,0.000000000000000000e+00,0.000000000000000000e+00,1.000000000000000000e+00
9.808387599242871513e-01,1.930631052553989091e-01,2.611444847836590089e-02,4.254782197224241808e-02
-1.927534014593715594e-01,9.811484637203145009e-01,-1.392186643769021195e-02,-1.029505889377257399e-01
-2.830994977086340181e-02,8.621457441135085831e-03,9.995620126913395964e-01,6.657109158144681738e-01
0.000000000000000000e+00,0.000000000000000000e+00,0.000000000000000000e+00,1.000000000000000000e+00
9.803191120619259014e-01,1.956398844585220398e-01,2.644757333240946653e-02,4.312975138904582423e-02
-1.953217815758523379e-01,9.806372149445956587e-01,-1.414405556203292107e-02,-1.030526918346764548e-01
-2.870261605066801516e-02,8.699900847882439600e-03,9.995501345890984712e-01,6.666378267122663459e-01
0.000000000000000000e+00,0.000000000000000000e+00,0.000000000000000000e+00,1.000000000000000000e+00
9.797925820404944641e-01,1.982153422544846721e-01,2.678010965919587483e-02,4.371175374236783984e-02
-1.978887290485939476e-01,9.801191952463850221e-01,-1.436711610277315032e-02,-1.031564637196630274e-01
-2.909548236330210258e-02,8.777311918571423233e-03,9.995380991745791421e-01,6.675645064394527539e-01
0.000000000000000000e+00,0.000000000000000000e+00,0.000000000000000000e+00,1.000000000000000000e+00
9.792591735690273635e-01,2.007894605009918620e-01,2.711205511623980199e-02,4.429382456746858154e-02
-2.004542257952507123e-01,9.795944082747685133e-01,-1.459104648860574428e-02,-1.032619047427313502e-01
-2.948854594129788134e-02,8.853690107895306402e-03,9.995259065325626802e-01,6.684909547139853414e-01
0.000000000000000000e+00,0.000000000000000000e+00,0.000000000000000000e+00,1.000000000000000000e+00
9.787188904050139193e-01,2.033622210651847284e-01,2.744340736521815732e-02,4.487595939912578796e-02
-2.030182537436962253e-01,9.790628577265024779e-01,-1.481584514209808613e-02,-1.033690150421694709e-01
-2.988180401579793033e-02,8.929034877823273028e-03,9.995135567489378259e-01,6.694171712554538578e-01
0.000000000000000000e+00,0.000000000000000000e+00,0.000000000000000000e+00,1.000000000000000000e+00
9.781717363543700472e-01,2.059336058237686007e-01,2.777416407198662202e-02,4.545815377166637777e-02
-2.055807948321508871e-01,9.785245473459877052e-01,-1.504151047970124326e-02,-1.034777947445066348e-01
-3.027525381657478198e-02,9.003345697604239403e-03,9.995010499106998791e-01,6.703431557850790812e-01
0.000000000000000000e+00,0.000000000000000000e+00,0.000000000000000000e+00,1.000000000000000000e+00
9.776177152714123908e-01,2.085035966631401949e-01,2.810432290659602497e-02,4.604040321899779964e-02
-2.081418310093089141e-01,9.779794809252436716e-01,-1.526804091176108338e-02,-1.035882439645121750e-01
-3.066889257205037203e-02,9.076622043770563031e-03,9.994883861059509211e-01,6.712689080257171481e-01
0.000000000000000000e+00,0.000000000000000000e+00,0.000000000000000000e+00,1.000000000000000000e+00
9.770568310588314542e-01,2.110721754795153449e-01,2.843388154330879145e-02,4.662270327463951397e-02
-2.107013442344654042e-01,9.774276623038813394e-01,-1.549543484252949299e-02,-1.037003628051949011e-01
-3.106271750931556899e-02,9.148863400141749730e-03,9.994755654238987042e-01,6.721944277018599978e-01
0.000000000000000000e+00,0.000000000000000000e+00,0.000000000000000000e+00,1.000000000000000000e+00
9.764890876676630693e-01,2.136393241790567610e-01,2.876283766061532923e-02,4.720504947175454408e-02
-2.132593164776439287e-01,9.768690953690759571e-01,-1.572369067017561836e-02,-1.038141513578023784e-01
-3.145672585414974187e-02,9.220069257828075737e-03,9.994625879548557634e-01,6.731197145396379256e-01
0.000000000000000000e+00,0.000000000000000000e+00,0.000000000000000000e+00,1.000000000000000000e+00
9.759144890972617503e-01,2.162050246780012341e-01,2.909118894125036631e-02,4.778743734318086078e-02
-2.158157297197228486e-01,9.763037840555400804e-01,-1.595280678679714820e-02,-1.039296097018201220e-01
-3.185091483104027926e-02,9.290239115234188993e-03,9.994494537902393061e-01,6.740447682668215812e-01
0.000000000000000000e+00,0.000000000000000000e+00,0.000000000000000000e+00,1.000000000000000000e+00
9.753330393952713839e-01,2.187692589027870893e-01,2.941893307220928497e-02,4.836986242146284337e-02
-2.183705659525628229e-01,9.757317323454957059e-01,-1.618278157843163270e-02,-1.040467379049711955e-01
-3.224528166320212580e-02,9.359372478062623693e-03,9.994361630225702120e-01,6.749695886128233013e-01
0.000000000000000000e+00,0.000000000000000000e+00,0.000000000000000000e+00,1.000000000000000000e+00
9.747447426575980289e-01,2.213320087901816391e-01,2.974606774476440396e-02,4.895232023888277523e-02
-2.209238071791333191e-01,9.751529442686462934e-01,-1.641361342506785989e-02,-1.041655360232156546e-01
-3.263982357259738454e-02,9.427468859317299221e-03,9.994227157454729227e-01,6.758941753086994408e-01
0.000000000000000000e+00,0.000000000000000000e+00,0.000000000000000000e+00,1.000000000000000000e+00
9.741496030283792740e-01,2.238932562874081933e-01,3.007259065448127100e-02,4.953480632749236029e-02
-2.234754354136395671e-01,9.745674239021480112e-01,-1.664530070065727702e-02,-1.042860041007501876e-01
-3.303453777995485341e-02,9.494527779306941029e-03,9.994091120536737760e-01,6.768185280871535925e-01
0.000000000000000000e+00,0.000000000000000000e+00,0.000000000000000000e+00,1.000000000000000000e+00
9.735476246999570371e-01,2.264529833522734292e-01,3.039849950123483038e-02,5.011731621914410073e-02
-2.260254326816491521e-01,9.739751753705813142e-01,-1.687784177312541545e-02,-1.044081421700077533e-01
-3.342942150478959984e-02,9.560548765648461608e-03,9.993953520430013393e-01,6.777426466825349216e-01
0.000000000000000000e+00,0.000000000000000000e+00,0.000000000000000000e+00,1.000000000000000000e+00
9.729388119128465906e-01,2.290111719532943457e-01,3.072379198922571553e-02,5.069984544552286199e-02
-2.285737810202187470e-01,9.733762028459221893e-01,-1.711123500438341619e-02,-1.045319502516574711e-01
-3.382447196542257006e-02,9.625531353270284224e-03,9.993814358103855211e-01,6.786665308308440503e-01
0.000000000000000000e+00,0.000000000000000000e+00,0.000000000000000000e+00,1.000000000000000000e+00
9.723231689557072510e-01,2.315678040698254114e-01,3.104846582699635413e-02,5.128238953817727819e-02
-2.311204624780204830e-01,9.727705105475121794e-01,-1.734547875033956577e-02,-1.046574283546043010e-01
-3.421968637900017762e-02,9.689475084415633682e-03,9.993673634538560169e-01,6.795901802697320582e-01
0.000000000000000000e+00,0.000000000000000000e+00,0.000000000000000000e+00,1.000000000000000000e+00
9.717007001653121812e-01,2.341228616921853245e-01,3.137251872744712539e-02,5.186494402855128943e-02
-2.336654591154685434e-01,9.721581027420288512e-01,-1.758057136091085298e-02,-1.047845764759890996e-01
-3.461506196151389186e-02,9.752379508645740366e-03,9.993531350725427531e-01,6.805135947385040351e-01
0.000000000000000000e+00,0.000000000000000000e+00,0.000000000000000000e+00,1.000000000000000000e+00
9.710714099265176369e-01,2.366763268217840499e-01,3.169594840785249640e-02,5.244750444801554029e-02
-2.362087530048454787e-01,9.715389837434561526e-01,-1.781651118003461931e-02,-1.049133946011886892e-01
-3.501059592781987501e-02,9.814244182843028658e-03,9.993387507666749991e-01,6.814367739781197475e-01
0.000000000000000000e+00,0.000000000000000000e+00,0.000000000000000000e+00,1.000000000000000000e+00
9.704353026722323250e-01,2.392281814712496069e-01,3.201875258987706141e-02,5.303006632789898644e-02
-2.387503262304285501e-01,9.709131579130533263e-01,-1.805329654568023010e-02,-1.050438827038157608e-01
-3.540628549165857064e-02,9.875068671214230764e-03,9.993242106375798128e-01,6.823597177311968576e-01
0.000000000000000000e+00,0.000000000000000000e+00,0.000000000000000000e+00,1.000000000000000000e+00
9.697923828833859838e-01,2.417784076645546065e-01,3.234092899959161577e-02,5.361262519952023770e-02
-2.412901608886157678e-01,9.702806296593247115e-01,-1.829092578986073539e-02,-1.051760407457192487e-01
-3.580212786567433386e-02,9.934852545293457182e-03,9.993095147876823736e-01,6.832824257420101466e-01
0.000000000000000000e+00,0.000000000000000000e+00,0.000000000000000000e+00,1.000000000000000000e+00
9.691426550888977420e-01,2.443269874371431227e-01,3.266247536748918823e-02,5.419517659421908828e-02
-2.438282390880523176e-01,9.696414034379885472e-01,-1.852939723864468688e-02,-1.053098686769845804e-01
-3.619812026143512385e-02,9.993595383945227256e-03,9.992946633205046503e-01,6.842048977564969547e-01
0.000000000000000000e+00,0.000000000000000000e+00,0.000000000000000000e+00,1.000000000000000000e+00
9.684861238656446991e-01,2.468739028360569798e-01,3.298338942850100736e-02,5.477771604338805417e-02
-2.463645429497562378e-01,9.689954837519454411e-01,-1.876870921216787502e-02,-1.054453664359339266e-01
-3.659425988945207847e-02,1.005129677336741301e-02,9.992796563406646237e-01,6.851271335222565151e-01
0.000000000000000000e+00,0.000000000000000000e+00,0.000000000000000000e+00,1.000000000000000000e+00
9.678227938384290630e-01,2.494191359200625124e-01,3.330366892201244711e-02,5.536023907850379233e-02
-2.488990546072447352e-01,9.683428751512468402e-01,-1.900886002464519456e-02,-1.055825339491267001e-01
-3.699054395919917915e-02,1.010795630709417081e-02,9.992644939538762872e-01,6.860491327885512858e-01
0.000000000000000000e+00,0.000000000000000000e+00,0.000000000000000000e+00,1.000000000000000000e+00
9.671526696799459533e-01,2.519626687597765202e-01,3.362331159187895158e-02,5.594274123115848540e-02
-2.514317562066594181e-01,9.676835822330629444e-01,-1.924984798438248573e-02,-1.057213711313600285e-01
-3.738696967913290869e-02,1.016357358599879503e-02,9.992491762669477584e-01,6.869708953063105028e-01
0.000000000000000000e+00,0.000000000000000000e+00,0.000000000000000000e+00,1.000000000000000000e+00
9.664757561107503170e-01,2.545044834377930831e-01,3.394231518644197365e-02,5.652521803309158016e-02
-2.539626299068931115e-01,9.670176096416502887e-01,-1.949167139378850389e-02,-1.058618778856694614e-01
-3.778353425671195087e-02,1.021814821829654732e-02,9.992337033877815022e-01,6.878924208281315122e-01
0.000000000000000000e+00,0.000000000000000000e+00,0.000000000000000000e+00,1.000000000000000000e+00
9.657920578992237326e-01,2.570445620488094329e-01,3.426067745854478180e-02,5.710766501622098479e-02
-2.564916578797142854e-01,9.663449620683188801e-01,-1.973432854938682313e-02,-1.060040541033295813e-01
-3.818023489841681356e-02,1.027167981954739406e-02,9.992180754253731090e-01,6.888137091082799923e-01
0.000000000000000000e+00,0.000000000000000000e+00,0.000000000000000000e+00,1.000000000000000000e+00
9.651015798615407704e-01,2.595828866997522133e-01,3.457839616554834322e-02,5.769007771267471024e-02
-2.590188223098937592e-01,9.656656442513992245e-01,-1.997781774182787531e-02,-1.061478996638547112e-01
-3.857706880976955605e-02,1.032416801265872638e-02,9.992022924898104064e-01,6.897347599026939502e-01
0.000000000000000000e+00,0.000000000000000000e+00,0.000000000000000000e+00,1.000000000000000000e+00
9.644043268616355746e-01,2.621194395099032404e-01,3.489546906934702653e-02,5.827245165482221323e-02
-2.615441053953292405e-01,9.649796609762095745e-01,-2.022213725590095434e-02,-1.062934144349998722e-01
-3.897403319535339139e-02,1.037561242788801255e-02,9.991863546922734596e-01,6.906555729689838330e-01
0.000000000000000000e+00,0.000000000000000000e+00,0.000000000000000000e+00,1.000000000000000000e+00
9.637003038111665587e-01,2.646542026110262347e-01,3.521189393638450571e-02,5.885478237530607920e-02
-2.640674893471717244e-01,9.642870170750210690e-01,-2.046728537054635227e-02,-1.064405982727616579e-01
-3.937112525883250391e-02,1.042601270284540700e-02,9.991702621450327948e-01,6.915761480664344152e-01
0.000000000000000000e+00,0.000000000000000000e+00,0.000000000000000000e+00,1.000000000000000000e+00
9.629895156694826541e-01,2.671871581474916657e-01,3.552766853766937266e-02,5.943706540707325431e-02
-2.665889563899497827e-01,9.635877174270245371e-01,-2.071326035886741912e-02,-1.065894510213792057e-01
-3.976834220297161687e-02,1.047536848249630212e-02,9.991540149614488442e-01,6.924964849560074631e-01
0.000000000000000000e+00,0.000000000000000000e+00,0.000000000000000000e+00,1.000000000000000000e+00
9.622719674435882276e-01,2.697182882764031508e-01,3.584279064879088844e-02,6.001929628340667289e-02
-2.691084887616956300e-01,9.628817669582957484e-01,-2.096006048814278572e-02,-1.067399725133354460e-01
-4.016568122965579607e-02,1.052367941916382277e-02,9.991376132559720569e-01,6.934165834003422901e-01
0.000000000000000000e+00,0.000000000000000000e+00,0.000000000000000000e+00,1.000000000000000000e+00
9.615476641881074427e-01,2.722475751677232436e-01,3.615725804993467213e-02,6.060147053795665595e-02
-2.716260687140695795e-01,9.621691706417611067e-01,-2.120768401983852414e-02,-1.068921625693580874e-01
-4.056313953991009386e-02,1.057094517253128092e-02,9.991210571441406785e-01,6.943364431637578660e-01
0.000000000000000000e+00,0.000000000000000000e+00,0.000000000000000000e+00,1.000000000000000000e+00
9.608166110052489550e-01,2.747750010043985558e-01,3.647106852589831333e-02,6.118358370477234437e-02
-2.741416785124857203e-01,9.614499334971617905e-01,-2.145612920962042952e-02,-1.070460209984210459e-01
-4.096071433391932498e-02,1.061716540964458173e-02,9.991043467425808622e-01,6.952560640122545932e-01
0.000000000000000000e+00,0.000000000000000000e+00,0.000000000000000000e+00,1.000000000000000000e+00
9.600788130447703850e-01,2.773005479824857122e-01,3.678421986610694999e-02,6.176563131833329168e-02
-2.766553004362360957e-01,9.607240605910198905e-01,-2.170539430736627765e-02,-1.072015475977456528e-01
-4.135840281104772448e-02,1.066233980491454805e-02,9.990874821690058916e-01,6.961754457135161944e-01
0.000000000000000000e+00,0.000000000000000000e+00,0.000000000000000000e+00,1.000000000000000000e+00
9.593342755039407921e-01,2.798241983112763620e-01,3.709670986462887399e-02,6.234760891358072377e-02
-2.791669167786162697e-01,9.599915570366008843e-01,-2.195547755717816921e-02,-1.073587421528022084e-01
-4.175620216985870270e-02,1.070646804011922762e-02,9.990704635422146263e-01,6.970945880369104897e-01
0.000000000000000000e+00,0.000000000000000000e+00,0.000000000000000000e+00,1.000000000000000000e+00
9.585830036275055921e-01,2.823459342134229111e-01,3.740853632019111585e-02,6.292951202594911086e-02
-2.816765098470495055e-01,9.592524279938789977e-01,-2.220637719739489840e-02,-1.075176044373113843e-01
-4.215410960813464891e-02,1.074954980440612912e-02,9.990532909820917240e-01,6.980134907534913946e-01
0.000000000000000000e+00,0.000000000000000000e+00,0.000000000000000000e+00,1.000000000000000000e+00
9.578250027076484763e-01,2.848657379250634780e-01,3.771969703619484221e-02,6.351133619139770481e-02
-2.841840619632116094e-01,9.585066786695002339e-01,-2.245809146060437356e-02,-1.076781342132459435e-01
-4.255212232289654756e-02,1.079158479429443568e-02,9.990359646096054203e-01,6.989321536360020293e-01
0.000000000000000000e+00,0.000000000000000000e+00,0.000000000000000000e+00,1.000000000000000000e+00
9.570602780839545520e-01,2.873835916959472381e-01,3.803018982073092663e-02,6.409307694644182651e-02
-2.866895554631558318e-01,9.577543143167458473e-01,-2.271061857365604467e-02,-1.078403312308322537e-01
-4.295023751042379573e-02,1.083257271367709176e-02,9.990184845468080832e-01,6.998505764588733857e-01
0.000000000000000000e+00,0.000000000000000000e+00,0.000000000000000000e+00,1.000000000000000000e+00
9.562888351433727063e-01,2.898994777895589348e-01,3.834001248659530542e-02,6.467472982818425753e-02
-2.891929726974362680e-01,9.569953402354953731e-01,-2.296395675767338995e-02,-1.080041952285521328e-01
-4.334845236627394433e-02,1.087251327382294554e-02,9.990008509168344375e-01,7.007687589982278809e-01
0.000000000000000000e+00,0.000000000000000000e+00,0.000000000000000000e+00,1.000000000000000000e+00
9.555106793201779691e-01,2.924133784832447236e-01,3.864916285130449297e-02,6.525629037434692303e-02
-2.916942960312334798e-01,9.562297617721892129e-01,-2.321810422806648219e-02,-1.081697259331447780e-01
-4.374676408530247390e-02,1.091140619337873860e-02,9.989830638439011201e-01,7.016867010318813547e-01
0.000000000000000000e+00,0.000000000000000000e+00,0.000000000000000000e+00,1.000000000000000000e+00
9.547258160959325446e-01,2.949252760683362951e-01,3.895763873711086817e-02,6.583775412330220012e-02
-2.941935078444778418e-01,9.554575843197911089e-01,-2.347305919454455159e-02,-1.083369230596085281e-01
-4.414516986168252194e-02,1.094925119837112347e-02,9.989651234533056812e-01,7.026044023393431814e-01
0.000000000000000000e+00,0.000000000000000000e+00,0.000000000000000000e+00,1.000000000000000000e+00
9.539342509994476194e-01,2.974351528502757191e-01,3.926543797101800931e-02,6.641911661410422607e-02
-2.966905905319737191e-01,9.546788133177497304e-01,-2.372881986112853822e-02,-1.085057863112030008e-01
-4.454366688892460319e-02,1.098604802220855617e-02,9.989470298714252516e-01,7.035218627018184900e-01
0.000000000000000000e+00,0.000000000000000000e+00,0.000000000000000000e+00,1.000000000000000000e+00
9.531359896067447268e-01,2.999429911487405120e-01,3.957255838479608462e-02,6.700037338652048424e-02
-2.991855265035240907e-01,9.538934542519611481e-01,-2.398538442616384228e-02,-1.086763153794510772e-01
-4.494225235989653816e-02,1.102179640568321309e-02,9.989287832257167654e-01,7.044390819022100514e-01
0.000000000000000000e+00,0.000000000000000000e+00,0.000000000000000000e+00,1.000000000000000000e+00
9.523310375410154460e-01,3.024487732977675369e-01,3.987899781499702062e-02,6.758151998106314007e-02
-3.016782981840536726e-01,9.531015126547293104e-01,-2.424275108233290774e-02,-1.088485099441411919e-01
-4.534092346684302083e-02,1.105649609697277949e-02,9.989103836447148499e-01,7.053560597251188335e-01
0.000000000000000000e+00,0.000000000000000000e+00,0.000000000000000000e+00,1.000000000000000000e+00
9.515194004725833210e-01,3.049524816458779597e-01,4.018475410296985795e-02,6.816255193902059917e-02
-3.041688880137333184e-01,9.523029941047279623e-01,-2.450091801666806623e-02,-1.090223696733294556e-01
-4.573967740140556792e-02,1.109014685164226577e-02,9.988918312580318259e-01,7.062727959568465552e-01
0.000000000000000000e+00,0.000000000000000000e+00,0.000000000000000000e+00,1.000000000000000000e+00
9.507010841188622274e-01,3.074540985562013717e-01,4.048982509487583648e-02,6.874346480248863522e-02
-3.066572784481033653e-01,9.514979042269603449e-01,-2.475988341056421099e-02,-1.091978942233420985e-01
-4.613851135464221154e-02,1.112274843264568491e-02,9.988731261963561536e-01,7.071892903853973511e-01
0.000000000000000000e+00,0.000000000000000000e+00,0.000000000000000000e+00,1.000000000000000000e+00
9.498760942443175148e-01,3.099536064066001351e-01,4.079420864170366784e-02,6.932425411440204521e-02
-3.091434519581973128e-01,9.506862486927202260e-01,-2.501964543979165109e-02,-1.093750832387778010e-01
-4.653742251704728189e-02,1.115430061032774908e-02,9.988542685914518771e-01,7.081055428004771057e-01
0.000000000000000000e+00,0.000000000000000000e+00,0.000000000000000000e+00,1.000000000000000000e+00
9.490444366604244841e-01,3.124509875897933942e-01,4.109790259928460671e-02,6.990491541856601321e-02
-3.116273910306656125e-01,9.498680332195522658e-01,-2.528020227450897967e-02,-1.095539363525103727e-01
-4.693640807857126646e-02,1.118480316242548810e-02,9.988352585761576252e-01,7.090215529934984495e-01
0.000000000000000000e+00,0.000000000000000000e+00,0.000000000000000000e+00,1.000000000000000000e+00
9.482061172256279757e-01,3.149462245134813099e-01,4.140090482830759838e-02,7.048544425968734928e-02
-3.141090781678984589e-01,9.490432635712108267e-01,-2.554155207927592819e-02,-1.097344531856911803e-01
-4.733546522864055112e-02,1.121425587406979681e-02,9.988160962843856128e-01,7.099373207575787603e-01
0.000000000000000000e+00,0.000000000000000000e+00,0.000000000000000000e+00,1.000000000000000000e+00
9.473611418453006250e-01,3.174392996004686274e-01,4.170321319433430152e-02,7.106583618340600594e-02
-3.165884958881493572e-01,9.482119455576197842e-01,-2.580369301306629018e-02,-1.099166333477517021e-01
-4.773459115617720294e-02,1.124265853778696686e-02,9.987967818511207518e-01,7.108528458875438272e-01
0.000000000000000000e+00,0.000000000000000000e+00,0.000000000000000000e+00,1.000000000000000000e+00
9.465095164717018950e-01,3.199301952887889100e-01,4.200482556781422183e-02,7.164608673632645586e-02
-3.190656267256586909e-01,9.473740850348322251e-01,-2.606662322928095937e-02,-1.101004764364066357e-01
-4.813378304961886400e-02,1.127001095350014213e-02,9.987773154124197639e-01,7.117681281799287385e-01
0.000000000000000000e+00,0.000000000000000000e+00,0.000000000000000000e+00,1.000000000000000000e+00
9.456512471039355550e-01,3.224188940318278851e-01,4.230573982409954054e-02,7.222619146604895846e-02
-3.215404532307756247e-01,9.465296879049878154e-01,-2.633034087576083954e-02,-1.102859820376563688e-01
-4.853303809693839538e-02,1.129631292853072733e-02,9.987576971054099584e-01,7.126831674329787703e-01
0.000000000000000000e+00,0.000000000000000000e+00,0.000000000000000000e+00,1.000000000000000000e+00
9.447863397879076031e-01,3.249053782984474559e-01,4.260595384346029663e-02,7.280614592120109030e-02
-3.240129579700823381e-01,9.456787601162727208e-01,-2.659484409479996592e-02,-1.104731497257901845e-01
-4.893235348566388893e-02,1.132156427759974104e-02,9.987379270682885668e-01,7.135979634466514954e-01
0.000000000000000000e+00,0.000000000000000000e+00,0.000000000000000000e+00,1.000000000000000000e+00
9.439148006162840776e-01,3.273896305731086587e-01,4.290546551109911122e-02,7.338594565146892845e-02
-3.264831235265159837e-01,9.448213076628767526e-01,-2.686013102315855383e-02,-1.106619790633890377e-01
-4.933172640289830435e-02,1.134576482282913072e-02,9.987180054403218543e-01,7.145125160226182270e-01
0.000000000000000000e+00,0.000000000000000000e+00,0.000000000000000000e+00,1.000000000000000000e+00
9.430366357284473144e-01,3.298716333559956748e-01,4.320427271716624495e-02,7.396558620762853919e-02
-3.289509324994915884e-01,9.439573365849514008e-01,-2.712619979207615134e-02,-1.108524696013287320e-01
-4.973115403533935608e-02,1.136891439374302336e-02,9.986979323618433435e-01,7.154268249642645738e-01
0.000000000000000000e+00,0.000000000000000000e+00,0.000000000000000000e+00,1.000000000000000000e+00
9.421518513104535364e-01,3.323513691631386768e-01,4.350237335677438477e-02,7.454506314157721691e-02
-3.314163675050249003e-01,9.430868529685673129e-01,-2.739304852728477804e-02,-1.110446208787831401e-01
-5.013063356929939318e-02,1.139101282726890860e-02,9.986777079742541474e-01,7.163408900766926601e-01
0.000000000000000000e+00,0.000000000000000000e+00,0.000000000000000000e+00,1.000000000000000000e+00
9.412604535949887774e-01,3.348288205265366746e-01,4.379976533001343070e-02,7.512437200636482015e-02
-3.338794111758540128e-01,9.422098629456714391e-01,-2.766067534902211938e-02,-1.112384324232273264e-01
-5.053016219072505727e-02,1.141205996773881487e-02,9.986573324200206381e-01,7.172547111667220143e-01
0.000000000000000000e+00,0.000000000000000000e+00,0.000000000000000000e+00,1.000000000000000000e+00
9.403624488613250287e-01,3.373039699942817493e-01,4.409644654196542835e-02,7.570350835622526031e-02
-3.363400461615630443e-01,9.413263726940437337e-01,-2.792907837204482158e-02,-1.114339037504409879e-01
-5.092973708521728038e-02,1.143205566689039360e-02,9.986368058426745575e-01,7.181682880428916782e-01
0.000000000000000000e+00,0.000000000000000000e+00,0.000000000000000000e+00,1.000000000000000000e+00
9.394578434352764962e-01,3.397768001306804564e-01,4.439241490271916141e-02,7.628246774660754626e-02
-3.387982551287030963e-01,9.404363884372539673e-01,-2.819825570564171019e-02,-1.116310343645117442e-01
-5.132935543805098449e-02,1.145099978386795309e-02,9.986161283868111305e-01,7.190816205154599849e-01
0.000000000000000000e+00,0.000000000000000000e+00,0.000000000000000000e+00,1.000000000000000000e+00
9.385466436891540809e-01,3.422472935163779484e-01,4.468766832738500783e-02,7.686124573420737016e-02
-3.412540207609149334e-01,9.395399164446170959e-01,-2.846820545364714405e-02,-1.118298237578387866e-01
-5.172901443419498924e-02,1.146889218522347507e-02,9.985953001980886201e-01,7.199947083964081118e-01
0.000000000000000000e+00,0.000000000000000000e+00,0.000000000000000000e+00,1.000000000000000000e+00
9.376288560417213036e-01,3.447154327484800995e-01,4.498220473610953229e-02,7.743983787699822152e-02
-3.437073257590513298e-01,9.386369630311500734e-01,-2.873892571445438304e-02,-1.120302714111363201e-01
-5.212871125833182240e-02,1.148573274491753414e-02,9.985743214232267739e-01,7.209075514994395251e-01
0.000000000000000000e+00,0.000000000000000000e+00,0.000000000000000000e+00,1.000000000000000000e+00
9.367044869581488964e-01,3.471812004406757413e-01,4.527602205409017588e-02,7.801823973426277870e-02
-3.461581528412978614e-01,9.377275345575266652e-01,-2.901041458102892115e-02,-1.122323767934373107e-01
-5.252844309487748886e-02,1.150152134432018067e-02,9.985531922100066016e-01,7.218201496399823114e-01
0.000000000000000000e+00,0.000000000000000000e+00,0.000000000000000000e+00,1.000000000000000000e+00
9.357735429499690616e-01,3.496445792233599525e-01,4.556911821158988324e-02,7.859644686662400903e-02
-3.486064847432957525e-01,9.368116374300333726e-01,-2.928267014092200693e-02,-1.124361393620971067e-01
-5.292820712800139910e-02,1.151625787221181169e-02,9.985319127072684875e-01,7.227325026351896220e-01
0.000000000000000000e+00,0.000000000000000000e+00,0.000000000000000000e+00,1.000000000000000000e+00
9.348360305750300636e-01,3.521055517437559623e-01,4.586149114395167425e-02,7.917445483607678247e-02
-3.510523042182627784e-01,9.358892781005231365e-01,-2.955569047628404250e-02,-1.126415585627974225e-01
-5.332800054164613113e-02,1.152994222478390639e-02,9.985104830649117469e-01,7.236446103039416711e-01
0.000000000000000000e+00,0.000000000000000000e+00,0.000000000000000000e+00,1.000000000000000000e+00
9.338919564374491555e-01,3.545641006660371630e-01,4.615313879161316718e-02,7.975225920601879126e-02
-3.534955940371151684e-01,9.349604630663711502e-01,-2.982947366387813520e-02,-1.128486338295500990e-01
-5.372782051954733823e-02,1.154257430563979635e-02,9.984889034338930713e-01,7.245564724668474010e-01
0.000000000000000000e+00,0.000000000000000000e+00,0.000000000000000000e+00,1.000000000000000000e+00
9.329413271875669489e-01,3.570202086714497902e-01,4.644405910012111560e-02,8.032985554128201089e-02
-3.559363369885887307e-01,9.340251988704280084e-01,-3.010401777509364579e-02,-1.130573645847011977e-01
-5.412766424525350395e-02,1.155415402579532992e-02,9.984671739662257517e-01,7.254680889462448157e-01
0.000000000000000000e+00,0.000000000000000000e+00,0.000000000000000000e+00,1.000000000000000000e+00
9.319841495219003402e-01,3.594738584584345475e-01,4.673425002014586910e-02,8.090723940816381410e-02
-3.583745158793601449e-01,9.330834921009746319e-01,-3.037932087595973663e-02,-1.132677502389350388e-01
-5.452752890214587062e-02,1.156468130367949675e-02,9.984452948149787899e-01,7.263794595662019793e-01
0.000000000000000000e+00,0.000000000000000000e+00,0.000000000000000000e+00,1.000000000000000000e+00
9.310204301830948825e-01,3.619250327427483982e-01,4.702370950749577144e-02,8.148440637445827917e-02
-3.608101135341680865e-01,9.321353493916751942e-01,-3.065538102715902741e-02,-1.134797901912782125e-01
-5.492741167345816661e-02,1.157415606513499673e-02,9.984232661342754556e-01,7.272905841525196813e-01
0.000000000000000000e+00,0.000000000000000000e+00,0.000000000000000000e+00,1.000000000000000000e+00
9.300501759598780449e-01,3.643737142575866339e-01,4.731243552313164208e-02,8.206135200948747044e-02
-3.632431127959342976e-01,9.311807774215303812e-01,-3.093219628404125093e-02,-1.136934838291041305e-01
-5.532730974229658344e-02,1.158257824341877434e-02,9.984010880792923981e-01,7.282014625327313251e-01
0.000000000000000000e+00,0.000000000000000000e+00,0.000000000000000000e+00,1.000000000000000000e+00
9.290733936870105847e-01,3.668198857537044444e-01,4.760042603318109800e-02,8.263807188413249682e-02
-3.656734965258843784e-01,9.302197829148306507e-01,-3.120976469663696781e-02,-1.139088305281370506e-01
-5.572722029165953772e-02,1.158994777920250088e-02,9.983787608062584251e-01,7.291120945361055927e-01
0.000000000000000000e+00,0.000000000000000000e+00,0.000000000000000000e+00,1.000000000000000000e+00
9.280900902452389190e-01,3.692635299995380982e-01,4.788767900895281315e-02,8.321456157086482008e-02
-3.681012476036684133e-01,9.292523726411087148e-01,-3.148808430967124650e-02,-1.141258296524564897e-01
-5.612714050445748171e-02,1.159626462057294569e-02,9.983562844724535035e-01,7.300224799936452236e-01
0.000000000000000000e+00,0.000000000000000000e+00,0.000000000000000000e+00,1.000000000000000000e+00
9.271002725612466078e-01,3.717046297813269007e-01,4.817419242695096526e-02,8.379081664377746597e-02
-3.705263489274818189e-01,9.282785534150916895e-01,-3.176715316257750638e-02,-1.143444805545019705e-01
-5.652706756353288731e-02,1.160152872303239595e-02,9.983336592362076489e-01,7.309326187380911222e-01
0.000000000000000000e+00,0.000000000000000000e+00,0.000000000000000000e+00,1.000000000000000000e+00
9.261039476076055044e-01,3.741431679032338753e-01,4.845996426888931480e-02,8.436683267861598556e-02
-3.729487834141855807e-01,9.272983320966537990e-01,-3.204696928951129842e-02,-1.145647825750772397e-01
-5.692699865167990397e-02,1.160574004949894295e-02,9.983108852568998159e-01,7.318425106039209149e-01
0.000000000000000000e+00,0.000000000000000000e+00,0.000000000000000000e+00,1.000000000000000000e+00
9.251011224027265722e-01,3.765791271874668888e-01,4.874499252170554076e-02,8.494260525280995788e-02
-3.753685339994264902e-01,9.263117155907669709e-01,-3.232753071936410316e-02,-1.147867350433551120e-01
-5.732693095166432884e-02,1.160889857030673877e-02,9.982879626949567875e-01,7.327521554273519477e-01
0.000000000000000000e+00,0.000000000000000000e+00,0.000000000000000000e+00,1.000000000000000000e+00
9.240918040108103693e-01,3.790124904744006096e-01,4.902927517757542375e-02,8.551812994550392344e-02
-3.777855836377581045e-01,9.253187108474528744e-01,-3.260883547577734382e-02,-1.150103372768822435e-01
-5.772686164624346583e-02,1.161100426320622186e-02,9.982648917118518428e-01,7.336615530463421742e-01
0.000000000000000000e+00,0.000000000000000000e+00,0.000000000000000000e+00,1.000000000000000000e+00
9.230759995417974206e-01,3.814432406226963002e-01,4.931281023392689034e-02,8.609340233758852601e-02
-3.801999153027597611e-01,9.243193248617340707e-01,-3.289088157715616689e-02,-1.152355885815837810e-01
-5.812678791818590152e-02,1.161205711336425576e-02,9.982416724701038691e-01,7.345707033005903774e-01
0.000000000000000000e+00,0.000000000000000000e+00,0.000000000000000000e+00,1.000000000000000000e+00
9.220537161513185920e-01,3.838713605094227210e-01,4.959559569345420998e-02,8.666841801173175153e-02
-3.826115119871571491e-01,9.233135646735841640e-01,-3.317366703668349348e-02,-1.154624882517682471e-01
-5.852670695029135034e-02,1.161205711336425750e-02,9.982183051332763624e-01,7.354796060315376138e-01
0.000000000000000000e+00,0.000000000000000000e+00,0.000000000000000000e+00,1.000000000000000000e+00
9.210249610406432419e-01,3.862968330301774222e-01,4.987762956413205329e-02,8.724317255240995883e-02
-3.850203567029420459e-01,9.223014373678786182e-01,-3.345718986233396641e-02,-1.156910355701327581e-01
-5.892661592541055537e-02,1.161100426320621840e-02,9.981947898659754292e-01,7.363882610823695440e-01
0.000000000000000000e+00,0.000000000000000000e+00,0.000000000000000000e+00,1.000000000000000000e+00
9.199897414566304832e-01,3.887196410992064810e-01,5.015890985922945300e-02,8.781766154593895202e-02
-3.874264324814917226e-01,9.212829500743452416e-01,-3.374144805688800847e-02,-1.159212298077677006e-01
-5.932651202646509192e-02,1.160889857030673704e-02,9.981711268338501197e-01,7.372966682980155451e-01
0.000000000000000000e+00,0.000000000000000000e+00,0.000000000000000000e+00,1.000000000000000000e+00
9.189480646916765583e-01,3.911397676495252385e-01,5.043943459732391082e-02,8.839188058050530261e-02
-3.898297223736890138e-01,9.202581099675127829e-01,-3.402643961794588751e-02,-1.161530702241622970e-01
-5.972639243646723356e-02,1.160574004949894295e-02,9.981473162035895408e-01,7.382048275251513747e-01
0.000000000000000000e+00,0.000000000000000000e+00,0.000000000000000000e+00,1.000000000000000000e+00
9.178999380836641020e-01,3.935571956330385923e-01,5.071920180231526132e-02,8.896582524619696397e-02
-3.922302094500409453e-01,9.192269242666616380e-01,-3.431216253794180937e-02,-1.163865560672093374e-01
-6.012625433853975576e-02,1.160152872303239595e-02,9.981233581429230783e-01,7.391127386121992826e-01
0.000000000000000000e+00,0.000000000000000000e+00,0.000000000000000000e+00,1.000000000000000000e+00
9.168453690159101832e-01,3.959719080206608455e-01,5.099820950343966763e-02,8.953949113503495427e-02
-3.946278768007989157e-01,9.181894002357721130e-01,-3.459861480415809404e-02,-1.166216865732109670e-01
-6.052609491593588520e-02,1.159626462057294742e-02,9.980992528206183989e-01,7.400204014093300087e-01
0.000000000000000000e+00,0.000000000000000000e+00,0.000000000000000000e+00,1.000000000000000000e+00
9.157843649171151235e-01,3.983838878024356656e-01,5.127645573528340911e-02,9.011287384100383213e-02
-3.970227075360767688e-01,9.171455451834740202e-01,-3.488579439873928240e-02,-1.168584609668836816e-01
-6.092591135205895764e-02,1.158994777920249741e-02,9.980750004064806724e-01,7.409278157684626720e-01
0.000000000000000000e+00,0.000000000000000000e+00,0.000000000000000000e+00,1.000000000000000000e+00
9.147169332613088732e-01,4.007931179876561556e-01,5.155393853779684232e-02,9.068596896008311592e-02
-3.994146847859707528e-01,9.160953664629942761e-01,-3.517369929870644424e-02,-1.170968784613640318e-01
-6.132570083048247134e-02,1.158257824341877608e-02,9.980506010713511289e-01,7.418349815432675465e-01
0.000000000000000000e+00,0.000000000000000000e+00,0.000000000000000000e+00,1.000000000000000000e+00
9.136430815677992756e-01,4.031995816049844805e-01,5.183065595630809846e-02,9.125877209027809245e-02
-4.018037917006777038e-01,9.150388714721060524e-01,-3.546232747597135443e-02,-1.173369382582139936e-01
-6.172546053496975188e-02,1.157415606513499673e-02,9.980260549871059483e-01,7.427418985891649506e-01
0.000000000000000000e+00,0.000000000000000000e+00,0.000000000000000000e+00,1.000000000000000000e+00
9.125628174011187754e-01,4.056032617025711051e-01,5.210660604153694031e-02,9.183127883165094485e-02
-4.041900114506140618e-01,9.139760676530758188e-01,-3.575167689735081478e-02,-1.175786395474267970e-01
-6.212518764949388761e-02,1.156468130367949848e-02,9.980013623266550393e-01,7.436485667633275787e-01
0.000000000000000000e+00,0.000000000000000000e+00,0.000000000000000000e+00,1.000000000000000000e+00
9.114761483709713508e-01,4.080041413481746426e-01,5.238178684960842491e-02,9.240348478635171392e-02
-4.065733272265341647e-01,9.129069624926118287e-01,-3.604174552458096203e-02,-1.178219815074322968e-01
-6.252487935825754017e-02,1.155415402579533513e-02,9.979765232639411510e-01,7.445549859246812785e-01
0.000000000000000000e+00,0.000000000000000000e+00,0.000000000000000000e+00,1.000000000000000000e+00
9.103830821321784450e-01,4.104022036292808706e-01,5.265619644206667727e-02,9.297538555864930110e-02
-4.089537222396490423e-01,9.118315635218102733e-01,-3.633253131433164529e-02,-1.180669633051032452e-01
-6.292453284571279670e-02,1.154257430563979982e-02,9.979515379739376524e-01,7.454611559339069382e-01
0.000000000000000000e+00,0.000000000000000000e+00,0.000000000000000000e+00,1.000000000000000000e+00
9.092836263846257872e-01,4.127974316532216914e-01,5.292983288588841428e-02,9.354697675496226328e-02
-4.113311797217441557e-01,9.107498783161032119e-01,-3.662403221822077559e-02,-1.183135840957606766e-01
-6.332414529658093871e-02,1.152994222478391159e-02,9.979264066326487548e-01,7.463670766534384882e-01
0.000000000000000000e+00,0.000000000000000000e+00,0.000000000000000000e+00,1.000000000000000000e+00
9.081777888732082138e-01,4.151898085472948141e-01,5.320269425349671150e-02,9.411825398389009334e-02
-4.137056829252981904e-01,9.096619144952048375e-01,-3.691624618282882825e-02,-1.185618430231801662e-01
-6.372371389587234980e-02,1.151625787221181169e-02,9.979011294171069579e-01,7.472727479474681189e-01
0.000000000000000000e+00,0.000000000000000000e+00,0.000000000000000000e+00,1.000000000000000000e+00
9.070655773877762673e-01,4.175793174588817158e-01,5.347477862277448535e-02,9.468921285624380679e-02
-4.160772151236002414e-01,9.085676797230577417e-01,-3.720917114971323408e-02,-1.188117392195976590e-01
-6.412323582890634699e-02,1.150152134432018240e-02,9.978757065053727171e-01,7.481781696819433947e-01
0.000000000000000000e+00,0.000000000000000000e+00,0.000000000000000000e+00,1.000000000000000000e+00
9.059469997630796856e-01,4.199659415555672126e-01,5.374608407707809343e-02,9.525984898507718068e-02
-4.184457596108684951e-01,9.074671817077785141e-01,-3.750280505542294418e-02,-1.190632718057158951e-01
-6.452270828133094271e-02,1.148573274491753067e-02,9.978501380765323336e-01,7.490833417245712500e-01
0.000000000000000000e+00,0.000000000000000000e+00,0.000000000000000000e+00,1.000000000000000000e+00
9.048220638787144443e-01,4.223496640252571432e-01,5.401660870525073349e-02,9.583015798571727084e-02
-4.208112997023668034e-01,9.063604282016046731e-01,-3.779714583151286278e-02,-1.193164398907101409e-01
-6.492212843914269005e-02,1.146889218522347507e-02,9.978244243106976219e-01,7.499882639448161026e-01
0.000000000000000000e+00,0.000000000000000000e+00,0.000000000000000000e+00,1.000000000000000000e+00
9.036907776590648034e-01,4.247304680762977180e-01,5.428635060163605058e-02,9.640013547579573405e-02
-4.231738187345238100e-01,9.052474270008387114e-01,-3.809219140455858549e-02,-1.195712425722349065e-01
-6.532149348870655570e-02,1.145099978386795309e-02,9.977985653890041329e-01,7.508929362139031838e-01
0.000000000000000000e+00,0.000000000000000000e+00,0.000000000000000000e+00,1.000000000000000000e+00
9.025531490732494611e-01,4.271083369375930916e-01,5.455530786609143895e-02,9.696977707527937307e-02
-4.255333000650485253e-01,9.041281859457941383e-01,-3.838793969617082524e-02,-1.198276789364300376e-01
-6.572080061677570972e-02,1.143205566689039360e-02,9.977725614936097109e-01,7.517973584048186497e-01
0.000000000000000000e+00,0.000000000000000000e+00,0.000000000000000000e+00,1.000000000000000000e+00
9.014091861350644885e-01,4.294832538587240456e-01,5.482347860400150347e-02,9.753907840650118122e-02
-4.278897270730490088e-01,9.030027129207395253e-01,-3.868438862301018522e-02,-1.200857480579272940e-01
-6.612004701051130140e-02,1.141205996773881487e-02,9.977464128076936056e-01,7.527015303923092482e-01
0.000000000000000000e+00,0.000000000000000000e+00,0.000000000000000000e+00,1.000000000000000000e+00
9.002588969029269306e-01,4.318552021100652283e-01,5.509086092629136150e-02,9.810803509419101232e-02
-4.302430831591486093e-01,9.018710158538435495e-01,-3.898153609680175130e-02,-1.203454489998566773e-01
-6.651922985750233219e-02,1.139101282726890513e-02,9.977201195154550284e-01,7.536054520528847611e-01
0.000000000000000000e+00,0.000000000000000000e+00,0.000000000000000000e+00,1.000000000000000000e+00
8.991022894798179621e-01,4.342241649829041150e-01,5.535745294943996558e-02,9.867664276550654201e-02
-4.325933517456033717e-01,9.007331027171187054e-01,-3.927938002434986503e-02,-1.206067808138533287e-01
-6.691834634578545937e-02,1.136891439374302336e-02,9.976936818021117093e-01,7.545091232648187818e-01
0.000000000000000000e+00,0.000000000000000000e+00,0.000000000000000000e+00,1.000000000000000000e+00
8.979393720132261558e-01,4.365901257895574150e-01,5.562325279549337753e-02,9.924489705006400708e-02
-4.349405162764182209e-01,8.995889815263654610e-01,-3.957791830755282014e-02,-1.208697425400638570e-01
-6.731739366386475798e-02,1.134576482282913766e-02,9.976670998538987867e-01,7.554125439081487148e-01
0.000000000000000000e+00,0.000000000000000000e+00,0.000000000000000000e+00,1.000000000000000000e+00
8.967701526950903057e-01,4.389530678634898098e-01,5.588825859207798702e-02,9.981279357996901413e-02
-4.372845602174643687e-01,8.984386603411157468e-01,-3.987714884341765631e-02,-1.211343332071534024e-01
-6.771636900073159382e-02,1.132156427759974451e-02,9.976403738580676972e-01,7.563157138646767752e-01
0.000000000000000000e+00,0.000000000000000000e+00,0.000000000000000000e+00,1.000000000000000000e+00
8.955946397617404742e-01,4.413129745594308040e-01,5.615246847241372324e-02,1.003803279898473344e-01
-4.396254670565954981e-01,8.972821472645757801e-01,-4.017706952407500837e-02,-1.214005518323123811e-01
-6.811526954588437155e-02,1.129631292853072733e-02,9.976135040028839551e-01,7.572186330179716540e-01
0.000000000000000000e+00,0.000000000000000000e+00,0.000000000000000000e+00,1.000000000000000000e+00
8.944128414938418148e-01,4.436698292534913546e-01,5.641588057532714168e-02,1.009474959168755043e-01
-4.419632203037632823e-01,8.961194504435698871e-01,-4.047767823679387922e-02,-1.216683974212632441e-01
-6.851409248934833829e-02,1.127001095350014387e-02,9.975864904776271525e-01,7.581213012533680740e-01
0.000000000000000000e+00,0.000000000000000000e+00,0.000000000000000000e+00,1.000000000000000000e+00
8.932247662163343982e-01,4.460236153432827200e-01,5.667849304526463572e-02,1.015142930008118838e-01
-4.442978034911351237e-01,8.949505780684819944e-01,-4.077897286399661397e-02,-1.219378689682678041e-01
-6.891283502169541497e-02,1.124265853778696513e-02,9.975593334725886274e-01,7.590237184579693430e-01
0.000000000000000000e+00,0.000000000000000000e+00,0.000000000000000000e+00,1.000000000000000000e+00
8.920304222983759246e-01,4.483743162480314237e-01,5.694030403230542631e-02,1.020807148840269518e-01
-4.466292001732086736e-01,8.937755383731987857e-01,-4.108095128327375611e-02,-1.222089654561339805e-01
-6.931149433406395832e-02,1.121425587406979854e-02,9.975320331790703543e-01,7.599258845206459112e-01
0.000000000000000000e+00,0.000000000000000000e+00,0.000000000000000000e+00,1.000000000000000000e+00
8.908298181532822158e-01,4.507219154086972157e-01,5.720131169217460010e-02,1.026467572115343091e-01
-4.489573939269283498e-01,8.925943396350510817e-01,-4.138361136739898000e-02,-1.224816858562231825e-01
-6.971006761817852282e-02,1.118480316242548983e-02,9.975045897893838331e-01,7.608277993320382571e-01
0.000000000000000000e+00,0.000000000000000000e+00,0.000000000000000000e+00,1.000000000000000000e+00
8.896229622384678182e-01,4.530663962880897011e-01,5.746151418625617541e-02,1.032124156310212648e-01
-4.512823683518011886e-01,8.914069901747562197e-01,-4.168695098434416213e-02,-1.227560291284576222e-01
-7.010855206636971981e-02,1.115430061032775255e-02,9.974770034968483134e-01,7.617294627845565547e-01
0.000000000000000000e+00,0.000000000000000000e+00,0.000000000000000000e+00,1.000000000000000000e+00
8.884098630553867171e-01,4.554077423709845807e-01,5.772090968160598773e-02,1.037776857928795066e-01
-4.536041070700123079e-01,8.902134983563589898e-01,-4.199096799729434143e-02,-1.230319942213272677e-01
-7.050694487159396562e-02,1.112274843264568491e-02,9.974492744957901280e-01,7.626308747723816728e-01
0.000000000000000000e+00,0.000000000000000000e+00,0.000000000000000000e+00,1.000000000000000000e+00
8.871905291494723844e-01,4.577459371642392805e-01,5.797949635096449894e-02,1.043425633502356176e-01
-4.559225937265392048e-01,8.890138725871724601e-01,-4.229566026466270029e-02,-1.233095800718976703e-01
-7.090524322745309083e-02,1.109014685164226750e-02,9.974214029815405835e-01,7.635320351914649528e-01
0.000000000000000000e+00,0.000000000000000000e+00,0.000000000000000000e+00,1.000000000000000000e+00
8.859649691100776048e-01,4.600809641969106911e-01,5.823727237276993263e-02,1.049070439589818993e-01
-4.582378119892688284e-01,8.878081213177195785e-01,-4.260102564010580239e-02,-1.235887856058171530e-01
-7.130344432821439371e-02,1.105649609697278296e-02,9.973933891504348503e-01,7.644329439395308734e-01
0.000000000000000000e+00,0.000000000000000000e+00,0.000000000000000000e+00,1.000000000000000000e+00
8.847331915704137462e-01,4.624128070203701868e-01,5.849423593117091674e-02,1.054711232778069024e-01
-4.605497455491112668e-01,8.865962530416725551e-01,-4.290706197253865706e-02,-1.238696097373247484e-01
-7.170154536883029117e-02,1.102179640568320962e-02,9.973652331998109632e-01,7.653336009160768283e-01
0.000000000000000000e+00,0.000000000000000000e+00,0.000000000000000000e+00,1.000000000000000000e+00
8.834952052074901419e-01,4.647414492084193660e-01,5.875038521603924424e-02,1.060347969682259306e-01
-4.628583781201152658e-01,8.853782762957942420e-01,-4.321376710614976968e-02,-1.241520513692573602e-01
-7.209954354495791418e-02,1.098604802220855617e-02,9.973369353280076011e-01,7.662340060223731264e-01
0.000000000000000000e+00,0.000000000000000000e+00,0.000000000000000000e+00,1.000000000000000000e+00
8.822510187420530281e-01,4.670668743574064030e-01,5.900571842298280717e-02,1.065980606946116543e-01
-4.651636934395823597e-01,8.841541996598770714e-01,-4.352113888041647671e-02,-1.244361093930577977e-01
-7.249743605297914728e-02,1.094925119837112520e-02,9.973084957343636425e-01,7.671341591614648792e-01
0.000000000000000000e+00,0.000000000000000000e+00,0.000000000000000000e+00,1.000000000000000000e+00
8.810006409385240378e-01,4.693890660863409003e-01,5.926023375335808668e-02,1.071609101242246287e-01
-4.674656752681820571e-01,8.829240317566828811e-01,-4.382917513012006550e-02,-1.247217826887825620e-01
-7.289522009002011305e-02,1.091140619337873860e-02,9.972799146192159458e-01,7.680340602381716675e-01
0.000000000000000000e+00,0.000000000000000000e+00,0.000000000000000000e+00,1.000000000000000000e+00
8.797440806049382500e-01,4.717080080370097961e-01,5.951392941428300387e-02,1.077233409272439352e-01
-4.697643073900658606e-01,8.816877812518821855e-01,-4.413787368536106065e-02,-1.250090701251096448e-01
-7.329289285397112830e-02,1.087251327382294380e-02,9.972511921838985716e-01,7.689337091590887630e-01
0.000000000000000000e+00,0.000000000000000000e+00,0.000000000000000000e+00,1.000000000000000000e+00
8.784813465928824616e-01,4.740236838740926051e-01,5.976680361864942365e-02,1.082853487767975187e-01
-4.720595736129816200e-01,8.804454568539934467e-01,-4.444723237157452433e-02,-1.252979705593466608e-01
-7.369045154350628568e-02,1.083257271367709176e-02,9.972223286307406731e-01,7.698331058325883491e-01
0.000000000000000000e+00,0.000000000000000000e+00,0.000000000000000000e+00,1.000000000000000000e+00
8.772124477974326817e-01,4.763360772852762159e-01,6.001885458513585292e-02,1.088469293489927187e-01
-4.743514577683878852e-01,8.791970673143211235e-01,-4.475724900954536345e-02,-1.255884828374386197e-01
-7.408789335810329890e-02,1.079158479429443221e-02,9.971933241630661637e-01,7.707322501688184113e-01
0.000000000000000000e+00,0.000000000000000000e+00,0.000000000000000000e+00,1.000000000000000000e+00
8.759373931570917371e-01,4.786451719813698547e-01,6.027008053821988204e-02,1.094080783229467446e-01
-4.766399437115669824e-01,8.779426214268946094e-01,-4.506792141542366459e-02,-1.258806057939763634e-01
-7.448521549806313979e-02,1.074954980440613606e-02,9.971641789851908300e-01,7.716311420797052900e-01
0.000000000000000000e+00,0.000000000000000000e+00,0.000000000000000000e+00,1.000000000000000000e+00
8.746561916537255454e-01,4.809509516964198261e-01,6.052047970819077888e-02,1.099687913808171935e-01
-4.789250153217395334e-01,8.766821280284057272e-01,-4.537924740074006369e-02,-1.261743382522045320e-01
-7.488241516452985580e-02,1.070646804011922762e-02,9.971348933024222205e-01,7.725297814789530149e-01
0.000000000000000000e+00,0.000000000000000000e+00,0.000000000000000000e+00,1.000000000000000000e+00
8.733688523125006098e-01,4.832534001878243113e-01,6.077005033116193722e-02,1.105290642078323310e-01
-4.812066565021779208e-01,8.754155959981470003e-01,-4.569122477242125446e-02,-1.264696790240300017e-01
-7.527948955951023480e-02,1.066233980491454111e-02,9.971054673210573149e-01,7.734281682820453030e-01
0.000000000000000000e+00,0.000000000000000000e+00,0.000000000000000000e+00,1.000000000000000000e+00
8.720753842018205138e-01,4.855525012364474979e-01,6.101879064908317940e-02,1.110888924923214838e-01
-4.834848511803190863e-01,8.741430342579490365e-01,-4.600385133280528172e-02,-1.267666269100302667e-01
-7.567643588589341441e-02,1.061716540964457653e-02,9.970759012483816353e-01,7.743263024062438937e-01
0.000000000000000000e+00,0.000000000000000000e+00,0.000000000000000000e+00,1.000000000000000000e+00
8.707757964332615286e-01,4.878482386467339338e-01,6.126669890975333654e-02,1.116482719257455430e-01
-4.857595833078783287e-01,8.728644517721171336e-01,-4.631712487965716774e-02,-1.270651806994616551e-01
-7.607325134747078277e-02,1.057094517253128266e-02,9.970461952926673588e-01,7.752241837705911021e-01
0.000000000000000000e+00,0.000000000000000000e+00,0.000000000000000000e+00,1.000000000000000000e+00
8.694700981615083313e-01,4.901405962468228794e-01,6.151377336683249569e-02,1.122071982027272319e-01
-4.880308368609624359e-01,8.715798575473687748e-01,-4.663104320618438603e-02,-1.273653391702682380e-01
-7.646993314895556004e-02,1.052367941916382624e-02,9.970163496631722078e-01,7.761218122959102628e-01
0.000000000000000000e+00,0.000000000000000000e+00,0.000000000000000000e+00,1.000000000000000000e+00
8.681582985842900557e-01,4.924295578886618840e-01,6.176001227985430941e-02,1.127656670210814560e-01
-4.902985958401822608e-01,8.702892606327696789e-01,-4.694560410105234199e-02,-1.276671010890900460e-01
-7.686647849600253268e-02,1.047536848249629865e-02,9.969863645701376731e-01,7.770191879048049532e-01
0.000000000000000000e+00,0.000000000000000000e+00,0.000000000000000000e+00,1.000000000000000000e+00
8.668404069423152336e-01,4.947151074481203059e-01,6.200541391423818049e-02,1.133236740818455296e-01
-4.925628442707649102e-01,8.689926701196707404e-01,-4.726080534840002012e-02,-1.279704652112721164e-01
-7.726288459522763497e-02,1.042601270284540874e-02,9.969562402247876820e-01,7.779163105216606588e-01
0.000000000000000000e+00,0.000000000000000000e+00,0.000000000000000000e+00,1.000000000000000000e+00
8.655164325192070685e-01,4.969972288251036097e-01,6.224997654130162705e-02,1.138812150893095260e-01
-4.948235662026673753e-01,8.676900951416433028e-01,-4.757664472785554099e-02,-1.282754302808729596e-01
-7.765914865422773872e-02,1.037561242788801255e-02,9.969259768393272658e-01,7.788131800726452170e-01
0.000000000000000000e+00,0.000000000000000000e+00,0.000000000000000000e+00,1.000000000000000000e+00
8.641863846414368222e-01,4.992759059436665536e-01,6.249369843827239784e-02,1.144382857510467533e-01
-4.970807457106886096e-01,8.663815448744147663e-01,-4.789312001455191953e-02,-1.285819950306735515e-01
-7.805526788160038754e-02,1.032416801265872291e-02,9.968955746269405616e-01,7.797097964857089281e-01
0.000000000000000000e+00,0.000000000000000000e+00,0.000000000000000000e+00,1.000000000000000000e+00
8.628502726782598664e-01,5.015511227521256554e-01,6.273657788830050430e-02,1.149948817779433557e-01
-4.993343668945807168e-01,8.650670285358048606e-01,-4.821022897914253175e-02,-1.288901581821862430e-01
-7.845123948696319793e-02,1.027167981954739406e-02,9.968650338017899237e-01,7.806061596905853328e-01
0.000000000000000000e+00,0.000000000000000000e+00,0.000000000000000000e+00,1.000000000000000000e+00
8.615081060416482917e-01,5.038228632231736004e-01,6.297861318047050239e-02,1.155509988842294139e-01
-5.015844138791623052e-01,8.637465553856595868e-01,-4.852796938781701874e-02,-1.291999184456639194e-01
-7.884706068097378784e-02,1.021814821829654732e-02,9.968343545790141480e-01,7.815022696187918783e-01
0.000000000000000000e+00,0.000000000000000000e+00,0.000000000000000000e+00,1.000000000000000000e+00
8.601598941862254044e-01,5.060911113539909856e-01,6.321980260981341360e-02,1.161066327875083237e-01
-5.038308708144296766e-01,8.624201347257867134e-01,-4.884633900231692694e-02,-1.295112745201086601e-01
-7.924272867534928877e-02,1.016357358599879329e-02,9.968035371747268059e-01,7.823981262036298068e-01
0.000000000000000000e+00,0.000000000000000000e+00,0.000000000000000000e+00,1.000000000000000000e+00
8.588056466091987806e-01,5.083558511663595070e-01,6.346014447731870844e-02,1.166617792087874944e-01
-5.060737218756676814e-01,8.610877758998904952e-01,-4.916533557995143855e-02,-1.298242250932813702e-01
-7.963824068288599678e-02,1.010795630709417081e-02,9.967725818060148013e-01,7.832937293801848222e-01
0.000000000000000000e+00,0.000000000000000000e+00,0.000000000000000000e+00,1.000000000000000000e+00
8.574453728502930971e-01,5.106170667067747582e-01,6.369963708994644258e-02,1.172164338725082133e-01
-5.083129512635634617e-01,8.597494882935046157e-01,-4.948495687361330331e-02,-1.301387688417107447e-01
-8.003359391747907892e-02,1.005129677336741301e-02,9.967414886909372607e-01,7.841890790853285331e-01
0.000000000000000000e+00,0.000000000000000000e+00,0.000000000000000000e+00,1.000000000000000000e+00
8.560790824916838515e-01,5.128747420465581408e-01,6.393827876063902516e-02,1.177705925065758996e-01
-5.105485432043149752e-01,8.584052813339271282e-01,-4.980520063179450646e-02,-1.304549044307027617e-01
-8.042878559414208539e-02,9.993595383945230726e-03,9.967102580485230900e-01,7.850841752577172317e-01
0.000000000000000000e+00,0.000000000000000000e+00,0.000000000000000000e+00,1.000000000000000000e+00
8.547067851579286391e-01,5.151288612819694412e-01,6.417606780833316760e-02,1.183242508423900941e-01
-5.127804819497442379e-01,8.570551644901538424e-01,-5.012606459860226293e-02,-1.307726305143498968e-01
-8.082381292902666992e-02,9.934852545293457182e-03,9.966788900987704203e-01,7.859790178377933367e-01
0.000000000000000000e+00,0.000000000000000000e+00,0.000000000000000000e+00,1.000000000000000000e+00
8.533284905159006506e-01,5.173794085343184079e-01,6.441300255797167973e-02,1.188774046148746988e-01
-5.150087517774071255e-01,8.556991472728120440e-01,-5.044754651377482413e-02,-1.310919457355407269e-01
-8.121867313944215738e-02,9.875068671214227295e-03,9.966473850626446085e-01,7.868736067677863932e-01
0.000000000000000000e+00,0.000000000000000000e+00,0.000000000000000000e+00,1.000000000000000000e+00
8.519442082747191725e-01,5.196263679500775501e-01,6.464908134051532140e-02,1.194300495625077868e-01
-5.172333369907046174e-01,8.543372392340919941e-01,-5.076964411269742350e-02,-1.314128487259695333e-01
-8.161336344387511155e-02,9.814244182843032127e-03,9.966157431620762397e-01,7.877679419917117398e-01
0.000000000000000000e+00,0.000000000000000000e+00,0.000000000000000000e+00,1.000000000000000000e+00
8.505539481856824180e-01,5.218697237009926049e-01,6.488430249295458474e-02,1.199821814273518417e-01
-5.194542219189934862e-01,8.529694499676815367e-01,-5.109235512641828458e-02,-1.317353381061458217e-01
-8.200788106200902761e-02,9.752379508645738632e-03,9.965839646199605717e-01,7.886620234553722852e-01
0.000000000000000000e+00,0.000000000000000000e+00,0.000000000000000000e+00,1.000000000000000000e+00
8.491577200421983607e-01,5.241094599841942259e-01,6.511866435832124045e-02,1.205337959550835669e-01
-5.216713909176953212e-01,8.515957891086972653e-01,-5.141567728166443474e-02,-1.320594124854040929e-01
-8.240222321474373335e-02,9.689475084415633682e-03,9.965520496601549816e-01,7.895558511063583973e-01
0.000000000000000000e+00,0.000000000000000000e+00,0.000000000000000000e+00,1.000000000000000000e+00
8.477555336797155672e-01,5.263455610223108927e-01,6.535216528570031436e-02,1.210848888950240287e-01
-5.238848283684094387e-01,8.502162663336170212e-01,-5.173960830085799767e-02,-1.323850704619136398e-01
-8.279638712421524827e-02,9.625531353270284224e-03,9.965199985074781885e-01,7.904494248940487910e-01
0.000000000000000000e+00,0.000000000000000000e+00,0.000000000000000000e+00,1.000000000000000000e+00
8.463473989756540306e-01,5.285780110635777129e-01,6.558480363024138393e-02,1.216354560001685070e-01
-5.260945186790199068e-01,8.488308913602119476e-01,-5.206414590213196553e-02,-1.327123106226885119e-01
-8.319037001381510144e-02,9.560548765648463343e-03,9.964878113877079224e-01,7.913427447696100847e-01
0.000000000000000000e+00,0.000000000000000000e+00,0.000000000000000000e+00,1.000000000000000000e+00
8.449333258493357812e-01,5.308067943819494428e-01,6.581657775317041603e-02,1.221854930272163464e-01
-5.283004462838076787e-01,8.474396739474775453e-01,-5.238928779934641511e-02,-1.330411315435972019e-01
-8.358416910820996859e-02,9.494527779306941029e-03,9.964554885275800356e-01,7.922358106859976878e-01
0.000000000000000000e+00,0.000000000000000000e+00,0.000000000000000000e+00,1.000000000000000000e+00
8.435133242619149430e-01,5.330318952772090668e-01,6.604748602180113282e-02,1.227349957366010019e-01
-5.305025956435587275e-01,8.460426238955652822e-01,-5.271503170210457140e-02,-1.333715317893730268e-01
-8.397778163336125368e-02,9.427468859317299221e-03,9.964230301547862823e-01,7.931286225979556903e-01
0.000000000000000000e+00,0.000000000000000000e+00,0.000000000000000000e+00,1.000000000000000000e+00
8.420874042163072337e-01,5.352532980750808189e-01,6.627752680954664133e-02,1.232839598925196678e-01
-5.327009512456741813e-01,8.446397510457138713e-01,-5.304137531576896131e-02,-1.337035099136239247e-01
-8.437120481654462878e-02,9.359372478062628897e-03,9.963904364979732087e-01,7.940211804620177505e-01
0.000000000000000000e+00,0.000000000000000000e+00,0.000000000000000000e+00,1.000000000000000000e+00
8.406555757571199106e-01,5.374709871273393169e-01,6.650669849593085492e-02,1.238323812629635173e-01
-5.348954976042803455e-01,8.432310652801788819e-01,-5.336831634147760905e-02,-1.340370644588428917e-01
-8.476443588636953241e-02,9.290239115234192463e-03,9.963577077867402654e-01,7.949134842365070952e-01
0.000000000000000000e+00,0.000000000000000000e+00,0.000000000000000000e+00,1.000000000000000000e+00
8.392178489705809374e-01,5.396849468119193638e-01,6.673499946659985915e-02,1.243802556197470960e-01
-5.370862192603360619e-01,8.418165765221642394e-01,-5.369585247616012746e-02,-1.343721939564181955e-01
-8.515747207279869557e-02,9.220069257828079207e-03,9.963248442516383641e-01,7.958055338815369639e-01
0.000000000000000000e+00,0.000000000000000000e+00,0.000000000000000000e+00,1.000000000000000000e+00
8.377742339844677089e-01,5.418951615330267479e-01,6.696242811333334710e-02,1.249275787385383529e-01
-5.392731007817426203e-01,8.403962947357517255e-01,-5.402398141255403130e-02,-1.347088969266434788e-01
-8.555031060716768165e-02,9.148863400141756669e-03,9.962918461241679902e-01,7.966973293590102756e-01
0.000000000000000000e+00,0.000000000000000000e+00,0.000000000000000000e+00,1.000000000000000000e+00
8.363247409680357736e-01,5.441016157212482662e-01,6.718898283405594363e-02,1.254743463988882701e-01
-5.414561267634531161e-01,8.389702299258309237e-01,-5.435270083922097428e-02,-1.350471718787285280e-01
-8.594294872220439863e-02,9.076622043770566500e-03,9.962587136367777596e-01,7.975888706326214050e-01
0.000000000000000000e+00,0.000000000000000000e+00,0.000000000000000000e+00,1.000000000000000000e+00
8.348693801319475583e-01,5.463042938336605259e-01,6.741466203284839087e-02,1.260205543842606024e-01
-5.436352818275790311e-01,8.375383921380290531e-01,-5.468200844056298610e-02,-1.353870173108095432e-01
-8.633538365204850018e-02,9.003345697604241138e-03,9.962254470228628644e-01,7.984801576678534074e-01
0.000000000000000000e+00,0.000000000000000000e+00,0.000000000000000000e+00,1.000000000000000000e+00
8.334081617282004251e-01,5.485031803539397455e-01,6.763946411995890029e-02,1.265661984820616870e-01
-5.458105506235002569e-01,8.361007914586399137e-01,-5.501190189683881349e-02,-1.357284317099597404e-01
-8.672761263227092565e-02,8.929034877823278232e-03,9.961920465167635186e-01,7.993711904319824590e-01
0.000000000000000000e+00,0.000000000000000000e+00,0.000000000000000000e+00,1.000000000000000000e+00
8.319410960500532859e-01,5.506982597924722223e-01,6.786338751181439366e-02,1.271112744836701280e-01
-5.479819178279733416e-01,8.346574380145521665e-01,-5.534237888418031687e-02,-1.360714135522002599e-01
-8.711963289989352321e-02,8.853690107895308137e-03,9.961585123537624042e-01,8.002619688940749709e-01
0.000000000000000000e+00,0.000000000000000000e+00,0.000000000000000000e+00,1.000000000000000000e+00
8.304681934319557701e-01,5.528895166864620236e-01,6.808643063103153592e-02,1.276557781844662176e-01
-5.501493681452382933e-01,8.332083419731793894e-01,-5.567343707460878366e-02,-1.364159613025106021e-01
-8.751144169340827061e-02,8.777311918571426702e-03,9.961248447700846720e-01,8.011524930249884768e-01
0.000000000000000000e+00,0.000000000000000000e+00,0.000000000000000000e+00,1.000000000000000000e+00
8.289894642494743948e-01,5.550769356000397892e-01,6.830859190642785128e-02,1.281997053838618561e-01
-5.523128863071267158e-01,8.317535135423872461e-01,-5.600507413605128326e-02,-1.367620734148394523e-01
-8.790303625279682898e-02,8.699900847882441335e-03,9.960910440028946100e-01,8.020427627973727436e-01
0.000000000000000000e+00,0.000000000000000000e+00,0.000000000000000000e+00,1.000000000000000000e+00
8.275049189192195120e-01,5.572605011243727535e-01,6.852986977303288096e-02,1.287430518853298345e-01
-5.544724570731696112e-01,8.302929629704226544e-01,-5.633728773235717469e-02,-1.371097483321156718e-01
-8.829441381955002721e-02,8.621457441135085831e-03,9.960571102902948670e-01,8.029327781856684387e-01
0.000000000000000000e+00,0.000000000000000000e+00,0.000000000000000000e+00,1.000000000000000000e+00
8.260145678987728113e-01,5.594401978777722162e-01,6.875026267209918829e-02,1.292858134964336159e-01
-5.566280652307046273e-01,8.288267005458404002e-01,-5.667007552331454479e-02,-1.374589844862594279e-01
-8.868557163668719379e-02,8.541982250908186636e-03,9.960230438713248979e-01,8.038225391661092400e-01
0.000000000000000000e+00,0.000000000000000000e+00,0.000000000000000000e+00,1.000000000000000000e+00
8.245184216866123794e-01,5.616160105058025653e-01,6.896976905111323886e-02,1.298279860288568954e-01
-5.587796955949835276e-01,8.273547365974315282e-01,-5.700343516466666732e-02,-1.378097802981929354e-01
-8.907650694877575215e-02,8.461475837048738902e-03,9.959888449859585213e-01,8.047120457167199481e-01
0.000000000000000000e+00,0.000000000000000000e+00,0.000000000000000000e+00,1.000000000000000000e+00
8.230164908220396480e-01,5.637879236813885253e-01,6.918838736380647503e-02,1.303695652984329101e-01
-5.609273330092778842e-01,8.258770814941505112e-01,-5.733736430812849671e-02,-1.381621341778516976e-01
-8.946721700195037208e-02,8.379938766667996419e-03,9.959545138751030313e-01,8.056012978173182626e-01
0.000000000000000000e+00,0.000000000000000000e+00,0.000000000000000000e+00,1.000000000000000000e+00
8.215087858851047864e-01,5.659559221049247357e-01,6.940611607016611284e-02,1.309105471251740815e-01
-5.630709623449882129e-01,8.243937456450414203e-01,-5.767186060140333526e-02,-1.385160445241958582e-01
-8.985769904393264840e-02,8.297371614137478285e-03,9.959200507805970881e-01,8.064902954495145604e-01
0.000000000000000000e+00,0.000000000000000000e+00,0.000000000000000000e+00,1.000000000000000000e+00
8.199953174965322056e-01,5.681199905043816667e-01,6.962295363644606383e-02,1.314509273333013817e-01
-5.652105685017481118e-01,8.229047394991657605e-01,-5.800692168819922279e-02,-1.388715097252211095e-01
-9.024795032405029394e-02,8.213774961084895770e-03,9.958854559452087196e-01,8.073790385967108962e-01
0.000000000000000000e+00,0.000000000000000000e+00,0.000000000000000000e+00,1.000000000000000000e+00
8.184760963176458404e-01,5.702801136354141986e-01,6.983889853517760704e-02,1.319907017512736147e-01
-5.673461364075317315e-01,8.214100735455284186e-01,-5.834254520824567330e-02,-1.392285281579705158e-01
-9.063796809325655457e-02,8.129149396390068782e-03,9.958507296126347663e-01,8.082675272441024461e-01
0.000000000000000000e+00,0.000000000000000000e+00,0.000000000000000000e+00,1.000000000000000000e+00
8.169511330502942092e-01,5.724362762814687589e-01,7.005394924518029698e-02,1.325298662118172821e-01
-5.694776510187600227e-01,8.199097583130030564e-01,-5.867872879731021035e-02,-1.395870981885456441e-01
-9.102774960414961036e-02,8.043495516180797222e-03,9.958158720274975506e-01,8.091557613786776182e-01
0.000000000000000000e+00,0.000000000000000000e+00,0.000000000000000000e+00,1.000000000000000000e+00
8.154204384367748082e-01,5.745884632538911241e-01,7.026810425157264950e-02,1.330684165519550877e-01
-5.716050973204067631e-01,8.184038043702591692e-01,-5.901547008721508975e-02,-1.399472181721179709e-01
-9.141729211099192121e-02,7.956813923828624791e-03,9.957808834353445437e-01,8.100437409892163876e-01
0.000000000000000000e+00,0.000000000000000000e+00,0.000000000000000000e+00,1.000000000000000000e+00
8.138840232597577273e-01,5.767366593920326689e-01,7.048136204578273056e-02,1.336063486130365241e-01
-5.737284603261039173e-01,8.168922223256863679e-01,-5.935276670585397374e-02,-1.403088864529409285e-01
-9.180659286972961408e-02,7.869105229944609731e-03,9.957457640826455902e-01,8.109314660662935159e-01
0.000000000000000000e+00,0.000000000000000000e+00,0.000000000000000000e+00,1.000000000000000000e+00
8.123418983422112660e-01,5.788808495633572804e-01,7.069372112555886989e-02,1.341436582407656841e-01
-5.758477250782476631e-01,8.153750228273207723e-01,-5.969061627720861213e-02,-1.406721013643610907e-01
-9.219564913801168993e-02,7.780370052375008838e-03,9.957105142167922418e-01,8.118189366022749986e-01
0.000000000000000000e+00,0.000000000000000000e+00,0.000000000000000000e+00,1.000000000000000000e+00
8.107940745473245503e-01,5.810210186635479390e-01,7.090517999498019419e-02,1.346803412852318471e-01
-5.779628766481029745e-01,8.138522165627695149e-01,-6.002901642136558580e-02,-1.410368612288301071e-01
-9.258445817520946641e-02,7.690609016196985753e-03,9.956751340860947597e-01,8.127061525913211737e-01
0.000000000000000000e+00,0.000000000000000000e+00,0.000000000000000000e+00,1.000000000000000000e+00
8.092405627784311495e-01,5.831571516166138558e-01,7.111573716446720206e-02,1.352163936009376788e-01
-5.800739001359100921e-01,8.123238142591351352e-01,-6.036796475453308497e-02,-1.414031643579166386e-01
-9.297301724243578480e-02,7.599822753714086804e-03,9.956396239397816705e-01,8.135931140293848340e-01
0.000000000000000000e+00,0.000000000000000000e+00,0.000000000000000000e+00,1.000000000000000000e+00
8.076813739789330260e-01,5.852892333749951659e-01,7.132539115079221392e-02,1.357518110468290962e-01
-5.821807806709874411e-01,8.107898266829407508e-01,-6.070745888905762500e-02,-1.417710090523179589e-01
-9.336132360256434171e-02,7.508011904451911134e-03,9.956039840279968800e-01,8.144798209142117829e-01
0.000000000000000000e+00,0.000000000000000000e+00,0.000000000000000000e+00,1.000000000000000000e+00
8.061165191322217094e-01,5.874172489196707314e-01,7.153414047708983592e-02,1.362865894863243832e-01
-5.842835034118389892e-01,8.092502646400534516e-01,-6.104749643344106053e-02,-1.421403936018722503e-01
-9.374937452024906248e-02,7.415177115153541443e-03,9.955682146017985623e-01,8.153662732453416107e-01
0.000000000000000000e+00,0.000000000000000000e+00,0.000000000000000000e+00,1.000000000000000000e+00
8.045460092616031345e-01,5.895411832602626134e-01,7.174198367286740985e-02,1.368207247873428900e-01
-5.863820535462569428e-01,8.077051389756086941e-01,-6.138807499235721110e-02,-1.425113162855704274e-01
-9.413716726194321094e-02,7.321319039774999010e-03,9.955323159131573840e-01,8.162524710241068071e-01
0.000000000000000000e+00,0.000000000000000000e+00,0.000000000000000000e+00,1.000000000000000000e+00
8.029698554302185931e-01,5.916610214351416541e-01,7.194891927401526888e-02,1.373542128223344816e-01
-5.884764162914262187e-01,8.061544605739340286e-01,-6.172919216666881981e-02,-1.428837753715683223e-01
-9.452469909591872110e-02,7.226438339480625861e-03,9.954962882149545056e-01,8.171384142536323170e-01
0.000000000000000000e+00,0.000000000000000000e+00,0.000000000000000000e+00,1.000000000000000000e+00
8.013880687409669079e-01,5.937767485115341692e-01,7.215494582281714586e-02,1.378870494683087644e-01
-5.905665768940293603e-01,8.045982403584717169e-01,-6.207084555344451193e-02,-1.432577691171988132e-01
-9.491196729228543183e-02,7.130535682638466932e-03,9.954601317609794719e-01,8.180241029388370944e-01
0.000000000000000000e+00,0.000000000000000000e+00,0.000000000000000000e+00,1.000000000000000000e+00
7.998006603364264944e-01,5.958883495856257539e-01,7.236006186796047068e-02,1.384192306068636746e-01
-5.926525206303501214e-01,8.030364892917021269e-01,-6.241303274597567730e-02,-1.436332957689843703e-01
-9.529896912301040468e-02,7.033611744815499583e-03,9.954238468059295464e-01,8.189095370864331036e-01
0.000000000000000000e+00,0.000000000000000000e+00,0.000000000000000000e+00,1.000000000000000000e+00
7.982076413987770902e-01,5.979958097826671981e-01,7.256426596454643163e-02,1.389507521242149268e-01
-5.947342328063769390e-01,8.014692183750673493e-01,-6.275575133379335258e-02,-1.440103535626490738e-01
-9.568570186193697813e-02,6.935667208772935965e-03,9.953874336054066019e-01,8.197947167049248751e-01
0.000000000000000000e+00,0.000000000000000000e+00,0.000000000000000000e+00,1.000000000000000000e+00
7.966090231497203744e-01,6.000991142570782921e-01,7.276755667410034212e-02,1.394816099112247132e-01
-5.968116987579067390e-01,7.998964386488919276e-01,-6.309899890268536038e-02,-1.443889407231311872e-01
-9.607216278480409932e-02,6.836702764461393550e-03,9.953508924159160109e-01,8.206796418046103936e-01
0.000000000000000000e+00,0.000000000000000000e+00,0.000000000000000000e+00,1.000000000000000000e+00
7.950048168504013635e-01,6.021982481925534092e-01,7.296993256458159105e-02,1.400117998634307359e-01
-5.988849038506478539e-01,7.983181611923069187e-01,-6.344277303471312912e-02,-1.447690554645957028e-01
-9.645834916926543379e-02,6.736719109015999740e-03,9.953142234948650913e-01,8.215643123975798767e-01
0.000000000000000000e+00,0.000000000000000000e+00,0.000000000000000000e+00,1.000000000000000000e+00
7.933950338013292525e-01,6.042931968021653111e-01,7.317139221039391239e-02,1.405413178810751285e-01
-6.009538334803238291e-01,7.967343971231706234e-01,-6.378707130822888760e-02,-1.451506959904468597e-01
-9.684425829490857229e-02,6.635716946751524237e-03,9.952774271005605522e-01,8.224487284977171075e-01
0.000000000000000000e+00,0.000000000000000000e+00,0.000000000000000000e+00,1.000000000000000000e+00
7.917796853422969239e-01,6.063839453284692871e-01,7.337193419239532166e-02,1.410701598691334047e-01
-6.030184730727753406e-01,7.951451575979908704e-01,-6.413189129789260978e-02,-1.455338604933407443e-01
-9.722988744327423771e-02,6.533696989157417728e-03,9.952405034922071625e-01,8.233328901206982131e-01
0.000000000000000000e+00,0.000000000000000000e+00,0.000000000000000000e+00,1.000000000000000000e+00
7.901587828523022328e-01,6.084704790436077371e-01,7.357155709790809406e-02,1.415983217373430469e-01
-6.050788080840638905e-01,7.935504538118461904e-01,-6.447723057468915386e-02,-1.459185471551982249e-01
-9.761523389787539473e-02,6.430659954892760377e-03,9.952034529299059740e-01,8.242167972839918866e-01
0.000000000000000000e+00,0.000000000000000000e+00,0.000000000000000000e+00,1.000000000000000000e+00
7.885323377494669606e-01,6.105527832494132001e-01,7.377025952072882586e-02,1.421257994002327329e-01
-6.071348240005732810e-01,7.919502969983067686e-01,-6.482308670594544298e-02,-1.463047541472176361e-01
-9.800029494421638732e-02,6.326606569781241529e-03,9.951662756746521010e-01,8.251004500068598313e-01
0.000000000000000000e+00,0.000000000000000000e+00,0.000000000000000000e+00,1.000000000000000000e+00
7.869003614909569899e-01,6.126308432775116053e-01,7.396804006113817664e-02,1.426525887771508128e-01
-6.091865063391126434e-01,7.903446984293560629e-01,-6.516945725534735445e-02,-1.466924796298874623e-01
-9.838506786981197905e-02,6.221537566806017994e-03,9.951289719883334994e-01,8.259838483103552065e-01
0.000000000000000000e+00,0.000000000000000000e+00,0.000000000000000000e+00,1.000000000000000000e+00
7.852628655729010365e-01,6.147046444894271877e-01,7.416489732591088901e-02,1.431786857922941192e-01
-6.112338406470178009e-01,7.887336694153104233e-01,-6.551633978295723360e-02,-1.470817217529996057e-01
-9.876954996420667099e-02,6.115453686104589670e-03,9.950915421337281908e-01,8.268669922173242925e-01
0.000000000000000000e+00,0.000000000000000000e+00,0.000000000000000000e+00,1.000000000000000000e+00
7.836198615303100468e-01,6.167741722766837409e-01,7.436082992832551697e-02,1.437040863747365005e-01
-6.132768125022538541e-01,7.871172213047398225e-01,-6.586373184523074131e-02,-1.474724786556623202e-01
-9.915373851899356161e-02,6.008355674963508641e-03,9.950539863745032632e-01,8.277498817524047148e-01
0.000000000000000000e+00,0.000000000000000000e+00,0.000000000000000000e+00,1.000000000000000000e+00
7.819713609369960405e-01,6.188394120609085336e-01,7.455583648817420972e-02,1.442287864584580470e-01
-6.153154075135159884e-01,7.854953654843885857e-01,-6.621163099503434013e-02,-1.478647484663132838e-01
-9.953763082783359528e-02,5.900244287813227045e-03,9.950163049752129840e-01,8.286325169420263315e-01
0.000000000000000000e+00,0.000000000000000000e+00,0.000000000000000000e+00,1.000000000000000000e+00
7.803173754054901767e-01,6.209003492939348945e-01,7.474991563177244003e-02,1.447527819823730411e-01
-6.173496113203309488e-01,7.838681133790940114e-01,-6.656003478166236387e-02,-1.482585293027327555e-01
-9.992122418647453319e-02,5.791120286222663921e-03,9.949784982012962464e-01,8.295148978144105678e-01
0.000000000000000000e+00,0.000000000000000000e+00,0.000000000000000000e+00,1.000000000000000000e+00
7.786579165869609298e-01,6.229569694579049077e-01,7.494306599196870478e-02,1.452760688903591835e-01
-6.193794095931592913e-01,7.822354764517063241e-01,-6.690894075085437875e-02,-1.486538192720569806e-01
-1.003045158927700631e-01,5.680984438893924710e-03,9.949405663190752369e-01,8.303970243995705269e-01
0.000000000000000000e+00,0.000000000000000000e+00,0.000000000000000000e+00,1.000000000000000000e+00
7.769929961711327104e-01,6.250092580653705543e-01,7.513528620815404513e-02,1.457986431312856268e-01
-6.214047880334945262e-01,7.805974662030087385e-01,-6.725834644481232250e-02,-1.490506164707912362e-01
-1.006875032466987285e-01,5.569837521656864632e-03,9.949025095957535481e-01,8.312788967293101017e-01
0.000000000000000000e+00,0.000000000000000000e+00,0.000000000000000000e+00,1.000000000000000000e+00
7.753226258862027098e-01,6.270572006593976289e-01,7.532657492627181650e-02,1.463205006590418689e-01
-6.234257323739654799e-01,7.789540941716348588e-01,-6.760824940221805968e-02,-1.494489189848236810e-01
-1.010701835503831081e-01,5.457680317463603492e-03,9.948643282994140691e-01,8.321605148372251959e-01
0.000000000000000000e+00,0.000000000000000000e+00,0.000000000000000000e+00,1.000000000000000000e+00
7.736468174987589652e-01,6.291007828136657709e-01,7.551693079882708382e-02,1.468416374325662299e-01
-6.254422283784356607e-01,7.773053719339891865e-01,-6.795864715825047919e-02,-1.498487248894383728e-01
-1.014525541081086751e-01,5.344513616383043952e-03,9.948260226990172095e-01,8.330418787587016149e-01
0.000000000000000000e+00,0.000000000000000000e+00,0.000000000000000000e+00,1.000000000000000000e+00
7.719655828136969822e-01,6.311399901325709383e-01,7.570635248489610003e-02,1.473620494158740246e-01
-6.274542618421039553e-01,7.756513111041640762e-01,-6.830953724460296639e-02,-1.502500322493290352e-01
-1.018346122263428521e-01,5.230338215595264906e-03,9.947875930643993447e-01,8.339229885309153989e-01
0.000000000000000000e+00,0.000000000000000000e+00,0.000000000000000000e+00,1.000000000000000000e+00
7.702789336741363568e-01,6.331748082513274367e-01,7.589483865013592345e-02,1.478817325780865111e-01
-6.294618185916053266e-01,7.739919233338584670e-01,-6.866091718950088907e-02,-1.506528391186128801e-01
-1.022163552137540649e-01,5.115154919385911381e-03,9.947490396662699297e-01,8.348038441928344877e-01
0.000000000000000000e+00,0.000000000000000000e+00,0.000000000000000000e+00,1.000000000000000000e+00
7.685868819613386194e-01,6.352052228360671737e-01,7.608238796679357707e-02,1.484006828934585909e-01
-6.314648844851091791e-01,7.723272203122966140e-01,-6.901278451771872269e-02,-1.510571435408439023e-01
-1.025977803812304218e-01,4.998964539140608732e-03,9.947103627762110545e-01,8.356844457852152797e-01
0.000000000000000000e+00,0.000000000000000000e+00,0.000000000000000000e+00,1.000000000000000000e+00
7.668894395946215248e-01,6.372312195839431315e-01,7.626899911371562424e-02,1.489188963414079248e-01
-6.334634454124206115e-01,7.706572137661438227e-01,-6.936513675059788331e-02,-1.514629435490270348e-01
-1.029788850418990598e-01,4.881767893339127029e-03,9.946715626666738919e-01,8.365647933506044076e-01
0.000000000000000000e+00,0.000000000000000000e+00,0.000000000000000000e+00,1.000000000000000000e+00
7.651866185312767854e-01,6.392527842232281765e-01,7.645467077635732800e-02,1.494363689065427159e-01
-6.354574872950787823e-01,7.689819154594261796e-01,-6.971797140606378340e-02,-1.518702371656318328e-01
-1.033596665111447682e-01,4.763565807549684228e-03,9.946326396109781420e-01,8.374448869333386281e-01
0.000000000000000000e+00,0.000000000000000000e+00,0.000000000000000000e+00,1.000000000000000000e+00
7.634784307664854719e-01,6.412699025134163122e-01,7.663940164679194922e-02,1.499530965786901870e-01
-6.374469960864561635e-01,7.673013371934456206e-01,-7.007128599864363705e-02,-1.522790224026063788e-01
-1.037401221066289458e-01,4.644359114423124435e-03,9.945935938833097012e-01,8.383247265795426006e-01
0.000000000000000000e+00,0.000000000000000000e+00,0.000000000000000000e+00,1.000000000000000000e+00
7.617648883332330811e-01,6.432825602453231539e-01,7.682319042372001694e-02,1.504690753529247527e-01
-6.394319577718579062e-01,7.656154908066983289e-01,-7.042507803948377942e-02,-1.526892972613913546e-01
-1.041202491483086690e-01,4.524148653687047605e-03,9.945544257587179970e-01,8.392043123371308866e-01
0.000000000000000000e+00,0.000000000000000000e+00,0.000000000000000000e+00,1.000000000000000000e+00
7.600460033022248263e-01,6.452907432411856270e-01,7.700603581247840446e-02,1.509843012295964682e-01
-6.414123583686202057e-01,7.639243881747902476e-01,-7.077934503636726382e-02,-1.531010597329341694e-01
-1.045000449584553154e-01,4.402935272139897604e-03,9.945151355131154336e-01,8.400836442558060613e-01
0.000000000000000000e+00,0.000000000000000000e+00,0.000000000000000000e+00,1.000000000000000000e+00
7.583217877818009267e-01,6.472944373547622199e-01,7.718793652504953029e-02,1.514987702143588411e-01
-6.433881839262090008e-01,7.622280412103541458e-01,-7.113408449373141706e-02,-1.535143077977029202e-01
-1.048795068616736464e-01,4.280719823644973943e-03,9.944757234232737275e-01,8.409627223870586032e-01
0.000000000000000000e+00,0.000000000000000000e+00,0.000000000000000000e+00,1.000000000000000000e+00
7.565922539178513428e-01,6.492936284714323492e-01,7.736889128007035099e-02,1.520124783181971417e-01
-6.453594205263182282e-01,7.605264618629652418e-01,-7.148929391268539491e-02,-1.539290394257007977e-01
-1.052586321849205142e-01,4.157503169124443509e-03,9.944361897668237971e-01,8.418415467841671163e-01
0.000000000000000000e+00,0.000000000000000000e+00,0.000000000000000000e+00,1.000000000000000000e+00
7.548574138937296230e-01,6.512883025082957245e-01,7.754889880284145109e-02,1.525254215574567418e-01
-6.473260542829676334e-01,7.588196621190576030e-01,-7.184497079102783457e-02,-1.543452525764803795e-01
-1.056374182575237491e-01,4.033286176553289859e-03,9.943965348222524314e-01,8.427201175021969970e-01
0.000000000000000000e+00,0.000000000000000000e+00,0.000000000000000000e+00,1.000000000000000000e+00
7.531172799301678600e-01,6.532784454142721575e-01,7.772795782533603592e-02,1.530375959538706476e-01
-6.492880713426010253e-01,7.571076540018388812e-01,-7.220111262326443791e-02,-1.547629451991578975e-01
-1.060158624112010062e-01,3.908069720953144532e-03,9.943567588689009584e-01,8.435984345980018784e-01
0.000000000000000000e+00,0.000000000000000000e+00,0.000000000000000000e+00,1.000000000000000000e+00
7.513718642851898721e-01,6.552640431701997059e-01,7.790606708620879950e-02,1.535489975345880886e-01
-6.512454578841835318e-01,7.553904495712060463e-01,-7.255771690062563783e-02,-1.551821152324276976e-01
-1.063939619800784858e-01,3.781854684386160015e-03,9.943168621869629131e-01,8.444764981302202989e-01
0.000000000000000000e+00,0.000000000000000000e+00,0.000000000000000000e+00,1.000000000000000000e+00
7.496211792540259378e-01,6.572450817889339270e-01,7.808322533080477856e-02,1.540596223322020231e-01
-6.531982001192986331e-01,7.536680609236612316e-01,-7.291478111108420923e-02,-1.556027606045769784e-01
-1.067717143007096969e-01,3.654641955948813303e-03,9.942768450574825945e-01,8.453543081592784780e-01
0.000000000000000000e+00,0.000000000000000000e+00,0.000000000000000000e+00,1.000000000000000000e+00
7.478652371690247547e-01,6.592215473154460215e-01,7.825943131116835927e-02,1.545694663847774208e-01
-6.551462842922458618e-01,7.519405001922249143e-01,-7.327230273937307414e-02,-1.560248792334999468e-01
-1.071491167120943167e-01,3.526432431765626208e-03,9.942367077623528449e-01,8.462318647473875410e-01
0.000000000000000000e+00,0.000000000000000000e+00,0.000000000000000000e+00,1.000000000000000000e+00
7.461040503995675088e-01,6.611934258269223097e-01,7.843468378605195079e-02,1.550785257358791303e-01
-6.570896966801385020e-01,7.502077795463513166e-01,-7.363027926700299597e-02,-1.564484690267130274e-01
-1.075261665556969670e-01,3.397227014982788507e-03,9.941964505843124966e-01,8.471091679585442957e-01
0.000000000000000000e+00,0.000000000000000000e+00,0.000000000000000000e+00,1.000000000000000000e+00
7.443376313519804999e-01,6.631607034328602657e-01,7.860898152092464508e-02,1.555867964345994670e-01
-6.590284235929974033e-01,7.484699111918433623e-01,-7.398870817228023200e-02,-1.568735278813690182e-01
-1.079028611754657002e-01,3.267026615761940700e-03,9.941560738069451508e-01,8.479862178585296784e-01
0.000000000000000000e+00,0.000000000000000000e+00,0.000000000000000000e+00,1.000000000000000000e+00
7.425659924694478775e-01,6.651233662751685483e-01,7.878232328798115414e-02,1.560942745355863026e-01
-6.609624513738514562e-01,7.467269073707649696e-01,-7.434758693032439414e-02,-1.573000536842725783e-01
-1.082791979178510389e-01,3.135832151273602875e-03,9.941155777146769568e-01,8.488630145149103079e-01
0.000000000000000000e+00,0.000000000000000000e+00,0.000000000000000000e+00,1.000000000000000000e+00
7.407891462319233788e-01,6.670814005282631465e-01,7.895470786615013670e-02,1.566009560990709870e-01
-6.628917663988299624e-01,7.449787803613565629e-01,-7.470691301308617083e-02,-1.577280443118944109e-01
-1.086551741318243780e-01,3.003644545690825618e-03,9.940749625927745026e-01,8.497395579970355994e-01
0.000000000000000000e+00,0.000000000000000000e+00,0.000000000000000000e+00,1.000000000000000000e+00
7.390071051560438420e-01,6.690347923991645240e-01,7.912613404110312165e-02,1.571068371908957428e-01
-6.648163550772608898e-01,7.432255424779474762e-01,-7.506668388936516001e-02,-1.581574976303867230e-01
-1.090307871688967895e-01,2.870464730182639701e-03,9.940342287273429278e-01,8.506158483760390965e-01
0.000000000000000000e+00,0.000000000000000000e+00,0.000000000000000000e+00,1.000000000000000000e+00
7.372198817950392780e-01,6.709835281275970953e-01,7.929660060526286247e-02,1.576119138825416433e-01
-6.667362038517663514e-01,7.414672060708700219e-01,-7.542689702482775760e-02,-1.585884114955981028e-01
-1.094060343831377846e-01,2.736293642907491885e-03,9.939933764053237031e-01,8.514918857248370276e-01
0.000000000000000000e+00,0.000000000000000000e+00,0.000000000000000000e+00,1.000000000000000000e+00
7.354274887386454962e-01,6.729275939860829281e-01,7.946610635781187204e-02,1.581161822511559789e-01
-6.686512991983569743e-01,7.397037835263713390e-01,-7.578754988202485166e-02,-1.590207837530884516e-01
-1.097809131311937025e-01,2.601132229006646035e-03,9.939524059144927426e-01,8.523676701181274185e-01
0.000000000000000000e+00,0.000000000000000000e+00,0.000000000000000000e+00,1.000000000000000000e+00
7.336299386130151756e-01,6.748669762800408867e-01,7.963465010470097138e-02,1.586196383795805687e-01
-6.705616276265288223e-01,7.379352872665272400e-01,-7.614863992040991902e-02,-1.594546122381445552e-01
-1.101554207723065559e-01,2.464981440597535656e-03,9.939113175434584058e-01,8.532432016323918678e-01
0.000000000000000000e+00,0.000000000000000000e+00,0.000000000000000000e+00,1.000000000000000000e+00
7.318272440806292689e-01,6.768016613478823329e-01,7.980223065865758858e-02,1.591222783563783771e-01
-6.724671756793570987e-01,7.361617297491545031e-01,-7.651016459635670564e-02,-1.598898947757949607e-01
-1.105295546683325164e-01,2.327842236767019291e-03,9.938701115816597209e-01,8.541184803458913288e-01
0.000000000000000000e+00,0.000000000000000000e+00,0.000000000000000000e+00,1.000000000000000000e+00
7.300194178402072964e-01,6.787316355611062724e-01,7.996884683919416870e-02,1.596240982758619087e-01
-6.743679299335906263e-01,7.343831234677229425e-01,-7.687212136317722599e-02,-1.603266291808253530e-01
-1.109033121837604829e-01,2.189715583564684487e-03,9.938287883193636096e-01,8.549935063386688849e-01
0.000000000000000000e+00,0.000000000000000000e+00,0.000000000000000000e+00,1.000000000000000000e+00
7.282064726266175292e-01,6.806568853243979422e-01,8.013449747261650047e-02,1.601250942381202969e-01
-6.762638769997488808e-01,7.325994809512664796e-01,-7.723450767113981819e-02,-1.607648132577941813e-01
-1.112766906857307614e-01,2.050602453995950536e-03,9.937873480476634436e-01,8.558682796925470848e-01
0.000000000000000000e+00,0.000000000000000000e+00,0.000000000000000000e+00,1.000000000000000000e+00
7.263884212107885041e-01,6.825773970757218478e-01,8.029918139203200134e-02,1.606252623490468656e-01
-6.781550035222134731e-01,7.308108147642968788e-01,-7.759732096748694907e-02,-1.612044448010479247e-01
-1.116496875440535635e-01,1.910503828015344685e-03,9.937457910584770460e-01,8.567428004911289419e-01
0.000000000000000000e+00,0.000000000000000000e+00,0.000000000000000000e+00,1.000000000000000000e+00
7.245652763996178747e-01,6.844931572864192404e-01,8.046289743735790534e-02,1.611245987203666352e-01
-6.800412961793236288e-01,7.290171375067133752e-01,-7.796055869645326930e-02,-1.616455215947367186e-01
-1.120223001312274369e-01,1.769420692519459160e-03,9.937041176445441382e-01,8.576170688197962688e-01
0.000000000000000000e+00,0.000000000000000000e+00,0.000000000000000000e+00,1.000000000000000000e+00
7.227370510358832600e-01,6.864041524613017087e-01,8.062564445532940938e-02,1.616230994696635503e-01
-6.819227416834695576e-01,7.272184618137154111e-01,-7.832421829928354340e-02,-1.620880414128297031e-01
-1.123945258224578470e-01,1.627354041340095536e-03,9.936623280994247853e-01,8.584910847657087896e-01
0.000000000000000000e+00,0.000000000000000000e+00,0.000000000000000000e+00,1.000000000000000000e+00
7.209037579981505406e-01,6.883103691387482126e-01,8.078742129950784723e-02,1.621207607204080137e-01
-6.837993267811868225e-01,7.254148003557121527e-01,-7.868829721425080193e-02,-1.625320020191312609e-01
-1.127663619956757873e-01,1.484304875237249521e-03,9.936204227174970649e-01,8.593648484178046942e-01
0.000000000000000000e+00,0.000000000000000000e+00,0.000000000000000000e+00,1.000000000000000000e+00
7.190654102006845960e-01,6.902117938907980088e-01,8.094822683028875254e-02,1.626175786019840863e-01
-6.856710382532481551e-01,7.236061658382343387e-01,-7.905279287667425769e-02,-1.629774011672962264e-01
-1.131378060315559736e-01,1.340274201892005523e-03,9.935784017939549573e-01,8.602383598667988629e-01
0.000000000000000000e+00,0.000000000000000000e+00,0.000000000000000000e+00,1.000000000000000000e+00
7.172220205933567128e-01,6.921084133232467961e-01,8.110805991490985245e-02,1.631135492497167716e-01
-6.875378629147587128e-01,7.217925710018446850e-01,-7.941770271893747180e-02,-1.634242366008458180e-01
-1.135088553135355505e-01,1.195263035899521431e-03,9.935362656248064583e-01,8.611116192051835316e-01
0.000000000000000000e+00,0.000000000000000000e+00,0.000000000000000000e+00,1.000000000000000000e+00
7.153736021615546559e-01,6.940002140757396409e-01,8.126691942745911668e-02,1.636086688048991322e-01
-6.893997876152470061e-01,7.199740286220475127e-01,-7.978302417050636697e-02,-1.638725060531839028e-01
-1.138795072278324105e-01,1.049272398761819103e-03,9.934940145068712480e-01,8.619846265272265162e-01
0.000000000000000000e+00,0.000000000000000000e+00,0.000000000000000000e+00,1.000000000000000000e+00
7.135201679260907426e-01,6.958871828218669009e-01,8.142480424888264012e-02,1.641029334148198238e-01
-6.912567992387588234e-01,7.181505515091988201e-01,-8.014875465794742138e-02,-1.643222072476125117e-01
-1.142497591634636239e-01,9.023033188805956728e-04,9.934516487377789140e-01,8.628573819289705460e-01
0.000000000000000000e+00,0.000000000000000000e+00,0.000000000000000000e+00,1.000000000000000000e+00
7.116617309431102489e-01,6.977693062692555959e-01,8.158171326699248382e-02,1.645963392327896846e-01
-6.931088847039486023e-01,7.163221525084173535e-01,-8.051489160494562647e-02,-1.647733378973480489e-01
-1.146196085122637986e-01,7.543568315500140398e-04,9.934091686159666201e-01,8.637298855082332638e-01
0.000000000000000000e+00,0.000000000000000000e+00,0.000000000000000000e+00,1.000000000000000000e+00
7.097983043039985951e-01,6.996465711596661086e-01,8.173764537647464079e-02,1.650888824181695191e-01
-6.949560309641727995e-01,7.144888444994921262e-01,-8.088143243232291668e-02,-1.652258957055375566e-01
-1.149890526689035658e-01,6.054339789493684565e-04,9.933665744406771081e-01,8.646021373646065600e-01
0.000000000000000000e+00,0.000000000000000000e+00,0.000000000000000000e+00,1.000000000000000000e+00
7.079299011352906401e-01,7.015189642690826677e-01,8.189259947889668267e-02,1.655805591363963547e-01
-6.967982250075803741e-01,7.126506403967929337e-01,-8.124837455805603015e-02,-1.656798783652745077e-01
-1.153580890309077456e-01,4.555358101357570577e-04,9.933238665119563660e-01,8.654741375994547958e-01
0.000000000000000000e+00,0.000000000000000000e+00,0.000000000000000000e+00,1.000000000000000000e+00
7.060565345985772012e-01,7.033864724078083830e-01,8.204657448271554521e-02,1.660713655590111970e-01
-6.986354538572058237e-01,7.108075531491795385e-01,-8.161571539729489677e-02,-1.661352835596155431e-01
-1.157267149986738741e-01,3.046633810367474493e-04,9.932810451306518518e-01,8.663458863159158030e-01
0.000000000000000000e+00,0.000000000000000000e+00,0.000000000000000000e+00,1.000000000000000000e+00
7.041782178904119061e-01,7.052490824205571718e-01,8.219956930328529976e-02,1.665612978636855646e-01
-7.004677045710595573e-01,7.089595957399096315e-01,-8.198345236238080425e-02,-1.665921089615964024e-01
-1.160949279754903557e-01,1.528177544428202528e-04,9.932381105984101621e-01,8.672173836188981078e-01
0.000000000000000000e+00,0.000000000000000000e+00,0.000000000000000000e+00,1.000000000000000000e+00
7.022949642422199323e-01,7.071067811865474617e-01,8.235158286286461959e-02,1.670503522342484670e-01
-7.022949642422195993e-01,7.071067811865476838e-01,-8.235158286286459184e-02,-1.670503522342484115e-01
-1.164627253675548924e-01,6.938893903907228378e-18,9.931950632176750338e-01,8.680886296150819303e-01
0.000000000000000000e+00,0.000000000000000000e+00,0.000000000000000000e+00,1.000000000000000000e+00
7.022949642422199323e-01,7.071067811865474617e-01,8.235158286286461959e-02,1.670503522342484948e-01
-7.022949642422195993e-01,7.071067811865476838e-01,-8.235158286286459184e-02,-1.670503522342484115e-01
-1.164627253675548924e-01,6.938893903907228378e-18,9.931950632176750338e-01,8.680886296150819303e-01
0.000000000000000000e+00,0.000000000000000000e+00,0.000000000000000000e+00,1.000000000000000000e+00
7.022949642422199323e-01,7.071067811865474617e-01,8.235158286286461959e-02,1.664631490868887509e-01
-7.022949642422195993e-01,7.071067811865476838e-01,-8.235158286286459184e-02,-1.664631490868886954e-01
-1.164627253675548924e-01,6.938893903907228378e-18,9.931950632176750338e-01,8.681860064757571660e-01
0.000000000000000000e+00,0.000000000000000000e+00,0.000000000000000000e+00,1.000000000000000000e+00
7.022949642422199323e-01,7.071067811865474617e-01,8.235158286286461959e-02,1.658759459395290625e-01
-7.022949642422195993e-01,7.071067811865476838e-01,-8.235158286286459184e-02,-1.658759459395290070e-01
-1.164627253675548924e-01,6.938893903907228378e-18,9.931950632176750338e-01,8.682833833364324017e-01
0.000000000000000000e+00,0.000000000000000000e+00,0.000000000000000000e+00,1.000000000000000000e+00
7.022949642422199323e-01,7.071067811865474617e-01,8.235158286286461959e-02,1.652887427921692909e-01
-7.022949642422195993e-01,7.071067811865476838e-01,-8.235158286286459184e-02,-1.652887427921692631e-01
-1.164627253675548924e-01,6.938893903907228378e-18,9.931950632176750338e-01,8.683807601971076373e-01
0.000000000000000000e+00,0.000000000000000000e+00,0.000000000000000000e+00,1.000000000000000000e+00
7.022949642422199323e-01,7.071067811865474617e-01,8.235158286286461959e-02,1.647015396448096025e-01
-7.022949642422195993e-01,7.071067811865476838e-01,-8.235158286286459184e-02,-1.647015396448095470e-01
-1.164627253675548924e-01,6.938893903907228378e-18,9.931950632176750338e-01,8.684781370577828730e-01
0.000000000000000000e+00,0.000000000000000000e+00,0.000000000000000000e+00,1.000000000000000000e+00
7.022949642422199323e-01,7.071067811865474617e-01,8.235158286286461959e-02,1.641143364974498864e-01
-7.022949642422195993e-01,7.071067811865476838e-01,-8.235158286286459184e-02,-1.641143364974498309e-01
-1.164627253675548924e-01,6.938893903907228378e-18,9.931950632176750338e-01,8.685755139184579976e-01
0.000000000000000000e+00,0.000000000000000000e+00,0.000000000000000000e+00,1.000000000000000000e+00
7.022949642422199323e-01,7.071067811865474617e-01,8.235158286286461959e-02,1.635271333500901703e-01
-7.022949642422195993e-01,7.071067811865476838e-01,-8.235158286286459184e-02,-1.635271333500901147e-01
-1.164627253675548924e-01,6.938893903907228378e-18,9.931950632176750338e-01,8.686728907791332333e-01
0.000000000000000000e+00,0.000000000000000000e+00,0.000000000000000000e+00,1.000000000000000000e+00
7.022949642422199323e-01,7.071067811865474617e-01,8.235158286286461959e-02,1.629399302027304541e-01
-7.022949642422195993e-01,7.071067811865476838e-01,-8.235158286286459184e-02,-1.629399302027303986e-01
-1.164627253675548924e-01,6.938893903907228378e-18,9.931950632176750338e-01,8.687702676398083579e-01
0.000000000000000000e+00,0.000000000000000000e+00,0.000000000000000000e+00,1.000000000000000000e+00
7.022949642422199323e-01,7.071067811865474617e-01,8.235158286286461959e-02,1.623527270553707380e-01
-7.022949642422195993e-01,7.071067811865476838e-01,-8.235158286286459184e-02,-1.623527270553707103e-01
-1.164627253675548924e-01,6.938893903907228378e-18,9.931950632176750338e-01,8.688676445004838156e-01
0.000000000000000000e+00,0.000000000000000000e+00,0.000000000000000000e+00,1.000000000000000000e+00
7.022949642422199323e-01,7.071067811865474617e-01,8.235158286286461959e-02,1.617655239080110219e-01
-7.022949642422195993e-01,7.071067811865476838e-01,-8.235158286286459184e-02,-1.617655239080109941e-01
-1.164627253675548924e-01,6.938893903907228378e-18,9.931950632176750338e-01,8.689650213611589402e-01
0.000000000000000000e+00,0.000000000000000000e+00,0.000000000000000000e+00,1.000000000000000000e+00
7.022949642422199323e-01,7.071067811865474617e-01,8.235158286286461959e-02,1.611783207606513058e-01
-7.022949642422195993e-01,7.071067811865476838e-01,-8.235158286286459184e-02,-1.611783207606512780e-01
-1.164627253675548924e-01,6.938893903907228378e-18,9.931950632176750338e-01,8.690623982218340648e-01
0.000000000000000000e+00,0.000000000000000000e+00,0.000000000000000000e+00,1.000000000000000000e+00
7.022949642422199323e-01,7.071067811865474617e-01,8.235158286286461959e-02,1.605911176132915896e-01
-7.022949642422195993e-01,7.071067811865476838e-01,-8.235158286286459184e-02,-1.605911176132915341e-01
-1.164627253675548924e-01,6.938893903907228378e-18,9.931950632176750338e-01,8.691597750825094115e-01
0.000000000000000000e+00,0.000000000000000000e+00,0.000000000000000000e+00,1.000000000000000000e+00
7.022949642422199323e-01,7.071067811865474617e-01,8.235158286286461959e-02,1.600039144659318735e-01
-7.022949642422195993e-01,7.071067811865476838e-01,-8.235158286286459184e-02,-1.600039144659318180e-01
-1.164627253675548924e-01,6.938893903907228378e-18,9.931950632176750338e-01,8.692571519431844251e-01
0.000000000000000000e+00,0.000000000000000000e+00,0.000000000000000000e+00,1.000000000000000000e+00
7.022949642422199323e-01,7.071067811865474617e-01,8.235158286286461959e-02,1.594167113185721574e-01
-7.022949642422195993e-01,7.071067811865476838e-01,-8.235158286286459184e-02,-1.594167113185721296e-01
-1.164627253675548924e-01,6.938893903907228378e-18,9.931950632176750338e-01,8.693545288038598828e-01
0.000000000000000000e+00,0.000000000000000000e+00,0.000000000000000000e+00,1.000000000000000000e+00
7.022949642422199323e-01,7.071067811865474617e-01,8.235158286286461959e-02,1.588295081712124412e-01
-7.022949642422195993e-01,7.071067811865476838e-01,-8.235158286286459184e-02,-1.588295081712124412e-01
-1.164627253675548924e-01,6.938893903907228378e-18,9.931950632176750338e-01,8.694519056645350075e-01
0.000000000000000000e+00,0.000000000000000000e+00,0.000000000000000000e+00,1.000000000000000000e+00
7.022949642422199323e-01,7.071067811865474617e-01,8.235158286286461959e-02,1.582423050238527251e-01
-7.022949642422195993e-01,7.071067811865476838e-01,-8.235158286286459184e-02,-1.582423050238526974e-01
-1.164627253675548924e-01,6.938893903907228378e-18,9.931950632176750338e-01,8.695492825252101321e-01
0.000000000000000000e+00,0.000000000000000000e+00,0.000000000000000000e+00,1.000000000000000000e+00
7.022949642422199323e-01,7.071067811865474617e-01,8.235158286286461959e-02,1.576551018764930090e-01
-7.022949642422195993e-01,7.071067811865476838e-01,-8.235158286286459184e-02,-1.576551018764929812e-01
-1.164627253675548924e-01,6.938893903907228378e-18,9.931950632176750338e-01,8.696466593858853678e-01
0.000000000000000000e+00,0.000000000000000000e+00,0.000000000000000000e+00,1.000000000000000000e+00
7.022949642422199323e-01,7.071067811865474617e-01,8.235158286286461959e-02,1.570678987291332929e-01
-7.022949642422195993e-01,7.071067811865476838e-01,-8.235158286286459184e-02,-1.570678987291332651e-01
-1.164627253675548924e-01,6.938893903907228378e-18,9.931950632176750338e-01,8.697440362465606034e-01
0.000000000000000000e+00,0.000000000000000000e+00,0.000000000000000000e+00,1.000000000000000000e+00
7.022949642422199323e-01,7.071067811865474617e-01,8.235158286286461959e-02,1.564806955817735767e-01
-7.022949642422195993e-01,7.071067811865476838e-01,-8.235158286286459184e-02,-1.564806955817735212e-01
-1.164627253675548924e-01,6.938893903907228378e-18,9.931950632176750338e-01,8.698414131072357280e-01
0.000000000000000000e+00,0.000000000000000000e+00,0.000000000000000000e+00,1.000000000000000000e+00
7.022949642422199323e-01,7.071067811865474617e-01,8.235158286286461959e-02,1.558934924344138884e-01
-7.022949642422195993e-01,7.071067811865476838e-01,-8.235158286286459184e-02,-1.558934924344138051e-01
-1.164627253675548924e-01,6.938893903907228378e-18,9.931950632176750338e-01,8.699387899679110747e-01
0.000000000000000000e+00,0.000000000000000000e+00,0.000000000000000000e+00,1.000000000000000000e+00
7.022949642422199323e-01,7.071067811865474617e-01,8.235158286286461959e-02,1.553062892870541722e-01
-7.022949642422195993e-01,7.071067811865476838e-01,-8.235158286286459184e-02,-1.553062892870541167e-01
-1.164627253675548924e-01,6.938893903907228378e-18,9.931950632176750338e-01,8.700361668285861994e-01
0.000000000000000000e+00,0.000000000000000000e+00,0.000000000000000000e+00,1.000000000000000000e+00
7.022949642422199323e-01,7.071067811865474617e-01,8.235158286286461959e-02,1.547190861396944561e-01
-7.022949642422195993e-01,7.071067811865476838e-01,-8.235158286286459184e-02,-1.547190861396944006e-01
-1.164627253675548924e-01,6.938893903907228378e-18,9.931950632176750338e-01,8.701335436892614350e-01
0.000000000000000000e+00,0.000000000000000000e+00,0.000000000000000000e+00,1.000000000000000000e+00
7.022949642422199323e-01,7.071067811865474617e-01,8.235158286286461959e-02,1.541318829923347400e-01
-7.022949642422195993e-01,7.071067811865476838e-01,-8.235158286286459184e-02,-1.541318829923346845e-01
-1.164627253675548924e-01,6.938893903907228378e-18,9.931950632176750338e-01,8.702309205499367817e-01
0.000000000000000000e+00,0.000000000000000000e+00,0.000000000000000000e+00,1.000000000000000000e+00
7.022949642422199323e-01,7.071067811865474617e-01,8.235158286286461959e-02,1.535446798449750239e-01
-7.022949642422195993e-01,7.071067811865476838e-01,-8.235158286286459184e-02,-1.535446798449749684e-01
-1.164627253675548924e-01,6.938893903907228378e-18,9.931950632176750338e-01,8.703282974106119063e-01
0.000000000000000000e+00,0.000000000000000000e+00,0.000000000000000000e+00,1.000000000000000000e+00
7.022949642422199323e-01,7.071067811865474617e-01,8.235158286286461959e-02,1.529574766976152800e-01
-7.022949642422195993e-01,7.071067811865476838e-01,-8.235158286286459184e-02,-1.529574766976152522e-01
-1.164627253675548924e-01,6.938893903907228378e-18,9.931950632176750338e-01,8.704256742712871420e-01
0.000000000000000000e+00,0.000000000000000000e+00,0.000000000000000000e+00,1.000000000000000000e+00
7.022949642422199323e-01,7.071067811865474617e-01,8.235158286286461959e-02,1.523702735502555916e-01
-7.022949642422195993e-01,7.071067811865476838e-01,-8.235158286286459184e-02,-1.523702735502555361e-01
-1.164627253675548924e-01,6.938893903907228378e-18,9.931950632176750338e-01,8.705230511319622666e-01
0.000000000000000000e+00,0.000000000000000000e+00,0.000000000000000000e+00,1.000000000000000000e+00
7.022949642422199323e-01,7.071067811865474617e-01,8.235158286286461959e-02,1.517830704028958755e-01
-7.022949642422195993e-01,7.071067811865476838e-01,-8.235158286286459184e-02,-1.517830704028958200e-01
-1.164627253675548924e-01,6.938893903907228378e-18,9.931950632176750338e-01,8.706204279926375023e-01
0.000000000000000000e+00,0.000000000000000000e+00,0.000000000000000000e+00,1.000000000000000000e+00
7.022949642422199323e-01,7.071067811865474617e-01,8.235158286286461959e-02,1.511958672555361594e-01
-7.022949642422195993e-01,7.071067811865476838e-01,-8.235158286286459184e-02,-1.511958672555361038e-01
-1.164627253675548924e-01,6.938893903907228378e-18,9.931950632176750338e-01,8.707178048533126269e-01
0.000000000000000000e+00,0.000000000000000000e+00,0.000000000000000000e+00,1.000000000000000000e+00
7.022949642422199323e-01,7.071067811865474617e-01,8.235158286286461959e-02,1.506086641081764155e-01
-7.022949642422195993e-01,7.071067811865476838e-01,-8.235158286286459184e-02,-1.506086641081763877e-01
-1.164627253675548924e-01,6.938893903907228378e-18,9.931950632176750338e-01,8.708151817139880846e-01
0.000000000000000000e+00,0.000000000000000000e+00,0.000000000000000000e+00,1.000000000000000000e+00
7.022949642422199323e-01,7.071067811865474617e-01,8.235158286286461959e-02,1.500214609608166993e-01
-7.022949642422195993e-01,7.071067811865476838e-01,-8.235158286286459184e-02,-1.500214609608166716e-01
-1.164627253675548924e-01,6.938893903907228378e-18,9.931950632176750338e-01,8.709125585746630982e-01
0.000000000000000000e+00,0.000000000000000000e+00,0.000000000000000000e+00,1.000000000000000000e+00
7.022949642422199323e-01,7.071067811865474617e-01,8.235158286286461959e-02,1.494342578134569832e-01
-7.022949642422195993e-01,7.071067811865476838e-01,-8.235158286286459184e-02,-1.494342578134569555e-01
-1.164627253675548924e-01,6.938893903907228378e-18,9.931950632176750338e-01,8.710099354353383339e-01
0.000000000000000000e+00,0.000000000000000000e+00,0.000000000000000000e+00,1.000000000000000000e+00
7.022949642422199323e-01,7.071067811865474617e-01,8.235158286286461959e-02,1.488470546660972671e-01
-7.022949642422195993e-01,7.071067811865476838e-01,-8.235158286286459184e-02,-1.488470546660972671e-01
-1.164627253675548924e-01,6.938893903907228378e-18,9.931950632176750338e-01,8.711073122960135695e-01
0.000000000000000000e+00,0.000000000000000000e+00,0.000000000000000000e+00,1.000000000000000000e+00
7.022949642422199323e-01,7.071067811865474617e-01,8.235158286286461959e-02,1.482598515187375510e-01
-7.022949642422195993e-01,7.071067811865476838e-01,-8.235158286286459184e-02,-1.482598515187375232e-01
-1.164627253675548924e-01,6.938893903907228378e-18,9.931950632176750338e-01,8.712046891566888052e-01
0.000000000000000000e+00,0.000000000000000000e+00,0.000000000000000000e+00,1.000000000000000000e+00
7.022949642422199323e-01,7.071067811865474617e-01,8.235158286286461959e-02,1.476726483713778348e-01
-7.022949642422195993e-01,7.071067811865476838e-01,-8.235158286286459184e-02,-1.476726483713778348e-01
-1.164627253675548924e-01,6.938893903907228378e-18,9.931950632176750338e-01,8.713020660173640408e-01
0.000000000000000000e+00,0.000000000000000000e+00,0.000000000000000000e+00,1.000000000000000000e+00
7.022949642422199323e-01,7.071067811865474617e-01,8.235158286286461959e-02,1.470854452240181187e-01
-7.022949642422195993e-01,7.071067811865476838e-01,-8.235158286286459184e-02,-1.470854452240180910e-01
-1.164627253675548924e-01,6.938893903907228378e-18,9.931950632176750338e-01,8.713994428780392765e-01
0.000000000000000000e+00,0.000000000000000000e+00,0.000000000000000000e+00,1.000000000000000000e+00
7.022949642422199323e-01,7.071067811865474617e-01,8.235158286286461959e-02,1.464982420766584026e-01
-7.022949642422195993e-01,7.071067811865476838e-01,-8.235158286286459184e-02,-1.464982420766584026e-01
-1.164627253675548924e-01,6.938893903907228378e-18,9.931950632176750338e-01,8.714968197387144011e-01
0.000000000000000000e+00,0.000000000000000000e+00,0.000000000000000000e+00,1.000000000000000000e+00
7.022949642422199323e-01,7.071067811865474617e-01,8.235158286286461959e-02,1.459110389292986865e-01
-7.022949642422195993e-01,7.071067811865476838e-01,-8.235158286286459184e-02,-1.459110389292986865e-01
-1.164627253675548924e-01,6.938893903907228378e-18,9.931950632176750338e-01,8.715941965993896368e-01
0.000000000000000000e+00,0.000000000000000000e+00,0.000000000000000000e+00,1.000000000000000000e+00
7.022949642422199323e-01,7.071067811865474617e-01,8.235158286286461959e-02,1.453238357819389703e-01
-7.022949642422195993e-01,7.071067811865476838e-01,-8.235158286286459184e-02,-1.453238357819389703e-01
-1.164627253675548924e-01,6.938893903907228378e-18,9.931950632176750338e-01,8.716915734600648724e-01
0.000000000000000000e+00,0.000000000000000000e+00,0.000000000000000000e+00,1.000000000000000000e+00
7.022949642422199323e-01,7.071067811865474617e-01,8.235158286286461959e-02,1.447366326345792542e-01
-7.022949642422195993e-01,7.071067811865476838e-01,-8.235158286286459184e-02,-1.447366326345792265e-01
-1.164627253675548924e-01,6.938893903907228378e-18,9.931950632176750338e-01,8.717889503207399970e-01
0.000000000000000000e+00,0.000000000000000000e+00,0.000000000000000000e+00,1.000000000000000000e+00
7.022949642422199323e-01,7.071067811865474617e-01,8.235158286286461959e-02,1.441494294872195381e-01
-7.022949642422195993e-01,7.071067811865476838e-01,-8.235158286286459184e-02,-1.441494294872195381e-01
-1.164627253675548924e-01,6.938893903907228378e-18,9.931950632176750338e-01,8.718863271814153437e-01
0.000000000000000000e+00,0.000000000000000000e+00,0.000000000000000000e+00,1.000000000000000000e+00
7.022949642422199323e-01,7.071067811865474617e-01,8.235158286286461959e-02,1.435622263398598220e-01
-7.022949642422195993e-01,7.071067811865476838e-01,-8.235158286286459184e-02,-1.435622263398598220e-01
-1.164627253675548924e-01,6.938893903907228378e-18,9.931950632176750338e-01,8.719837040420904684e-01
0.000000000000000000e+00,0.000000000000000000e+00,0.000000000000000000e+00,1.000000000000000000e+00
7.022949642422199323e-01,7.071067811865474617e-01,8.235158286286461959e-02,1.429750231925001058e-01
-7.022949642422195993e-01,7.071067811865476838e-01,-8.235158286286459184e-02,-1.429750231925001058e-01
-1.164627253675548924e-01,6.938893903907228378e-18,9.931950632176750338e-01,8.720810809027657040e-01
0.000000000000000000e+00,0.000000000000000000e+00,0.000000000000000000e+00,1.000000000000000000e+00
7.022949642422199323e-01,7.071067811865474617e-01,8.235158286286461959e-02,1.423878200451403897e-01
-7.022949642422195993e-01,7.071067811865476838e-01,-8.235158286286459184e-02,-1.423878200451403897e-01
-1.164627253675548924e-01,6.938893903907228378e-18,9.931950632176750338e-01,8.721784577634409397e-01
0.000000000000000000e+00,0.000000000000000000e+00,0.000000000000000000e+00,1.000000000000000000e+00
7.022949642422199323e-01,7.071067811865474617e-01,8.235158286286461959e-02,1.418006168977806736e-01
-7.022949642422195993e-01,7.071067811865476838e-01,-8.235158286286459184e-02,-1.418006168977806736e-01
-1.164627253675548924e-01,6.938893903907228378e-18,9.931950632176750338e-01,8.722758346241161753e-01
0.000000000000000000e+00,0.000000000000000000e+00,0.000000000000000000e+00,1.000000000000000000e+00
7.022949642422199323e-01,7.071067811865474617e-01,8.235158286286461959e-02,1.412134137504209574e-01
-7.022949642422195993e-01,7.071067811865476838e-01,-8.235158286286459184e-02,-1.412134137504209574e-01
-1.164627253675548924e-01,6.938893903907228378e-18,9.931950632176750338e-01,8.723732114847911889e-01
0.000000000000000000e+00,0.000000000000000000e+00,0.000000000000000000e+00,1.000000000000000000e+00
7.022949642422199323e-01,7.071067811865474617e-01,8.235158286286461959e-02,1.406262106030612413e-01
-7.022949642422195993e-01,7.071067811865476838e-01,-8.235158286286459184e-02,-1.406262106030612413e-01
-1.164627253675548924e-01,6.938893903907228378e-18,9.931950632176750338e-01,8.724705883454665356e-01
0.000000000000000000e+00,0.000000000000000000e+00,0.000000000000000000e+00,1.000000000000000000e+00
7.022949642422199323e-01,7.071067811865474617e-01,8.235158286286461959e-02,1.400390074557015530e-01
-7.022949642422195993e-01,7.071067811865476838e-01,-8.235158286286459184e-02,-1.400390074557015252e-01
-1.164627253675548924e-01,6.938893903907228378e-18,9.931950632176750338e-01,8.725679652061418823e-01
0.000000000000000000e+00,0.000000000000000000e+00,0.000000000000000000e+00,1.000000000000000000e+00
7.022949642422199323e-01,7.071067811865474617e-01,8.235158286286461959e-02,1.394518043083418091e-01
-7.022949642422195993e-01,7.071067811865476838e-01,-8.235158286286459184e-02,-1.394518043083418091e-01
-1.164627253675548924e-01,6.938893903907228378e-18,9.931950632176750338e-01,8.726653420668168959e-01
0.000000000000000000e+00,0.000000000000000000e+00,0.000000000000000000e+00,1.000000000000000000e+00
7.022949642422199323e-01,7.071067811865474617e-01,8.235158286286461959e-02,1.388646011609821207e-01
-7.022949642422195993e-01,7.071067811865476838e-01,-8.235158286286459184e-02,-1.388646011609820929e-01
-1.164627253675548924e-01,6.938893903907228378e-18,9.931950632176750338e-01,8.727627189274923536e-01
0.000000000000000000e+00,0.000000000000000000e+00,0.000000000000000000e+00,1.000000000000000000e+00
7.022949642422199323e-01,7.071067811865474617e-01,8.235158286286461959e-02,1.382773980136224323e-01
-7.022949642422195993e-01,7.071067811865476838e-01,-8.235158286286459184e-02,-1.382773980136223768e-01
-1.164627253675548924e-01,6.938893903907228378e-18,9.931950632176750338e-01,8.728600957881673672e-01
0.000000000000000000e+00,0.000000000000000000e+00,0.000000000000000000e+00,1.000000000000000000e+00
7.022949642422199323e-01,7.071067811865474617e-01,8.235158286286461959e-02,1.376901948662626884e-01
-7.022949642422195993e-01,7.071067811865476838e-01,-8.235158286286459184e-02,-1.376901948662626607e-01
-1.164627253675548924e-01,6.938893903907228378e-18,9.931950632176750338e-01,8.729574726488426029e-01
0.000000000000000000e+00,0.000000000000000000e+00,0.000000000000000000e+00,1.000000000000000000e+00
7.022949642422199323e-01,7.071067811865474617e-01,8.235158286286461959e-02,1.371029917189029446e-01
-7.022949642422195993e-01,7.071067811865476838e-01,-8.235158286286459184e-02,-1.371029917189029446e-01
-1.164627253675548924e-01,6.938893903907228378e-18,9.931950632176750338e-01,8.730548495095178385e-01
0.000000000000000000e+00,0.000000000000000000e+00,0.000000000000000000e+00,1.000000000000000000e+00
7.022949642422199323e-01,7.071067811865474617e-01,8.235158286286461959e-02,1.365157885715432562e-01
-7.022949642422195993e-01,7.071067811865476838e-01,-8.235158286286459184e-02,-1.365157885715432284e-01
-1.164627253675548924e-01,6.938893903907228378e-18,9.931950632176750338e-01,8.731522263701930742e-01
0.000000000000000000e+00,0.000000000000000000e+00,0.000000000000000000e+00,1.000000000000000000e+00
7.022949642422199323e-01,7.071067811865474617e-01,8.235158286286461959e-02,1.359285854241835678e-01
-7.022949642422195993e-01,7.071067811865476838e-01,-8.235158286286459184e-02,-1.359285854241835123e-01
-1.164627253675548924e-01,6.938893903907228378e-18,9.931950632176750338e-01,8.732496032308683098e-01
0.000000000000000000e+00,0.000000000000000000e+00,0.000000000000000000e+00,1.000000000000000000e+00
7.022949642422199323e-01,7.071067811865474617e-01,8.235158286286461959e-02,1.353413822768238239e-01
-7.022949642422195993e-01,7.071067811865476838e-01,-8.235158286286459184e-02,-1.353413822768237962e-01
-1.164627253675548924e-01,6.938893903907228378e-18,9.931950632176750338e-01,8.733469800915435455e-01
0.000000000000000000e+00,0.000000000000000000e+00,0.000000000000000000e+00,1.000000000000000000e+00
7.022949642422199323e-01,7.071067811865474617e-01,8.235158286286461959e-02,1.347541791294641078e-01
-7.022949642422195993e-01,7.071067811865476838e-01,-8.235158286286459184e-02,-1.347541791294640801e-01
-1.164627253675548924e-01,6.938893903907228378e-18,9.931950632176750338e-01,8.734443569522185591e-01
0.000000000000000000e+00,0.000000000000000000e+00,0.000000000000000000e+00,1.000000000000000000e+00
7.022949642422199323e-01,7.071067811865474617e-01,8.235158286286461959e-02,1.341669759821043917e-01
-7.022949642422195993e-01,7.071067811865476838e-01,-8.235158286286459184e-02,-1.341669759821043639e-01
-1.164627253675548924e-01,6.938893903907228378e-18,9.931950632176750338e-01,8.735417338128940168e-01
0.000000000000000000e+00,0.000000000000000000e+00,0.000000000000000000e+00,1.000000000000000000e+00
7.022949642422199323e-01,7.071067811865474617e-01,8.235158286286461959e-02,1.335797728347447033e-01
-7.022949642422195993e-01,7.071067811865476838e-01,-8.235158286286459184e-02,-1.335797728347446478e-01
-1.164627253675548924e-01,6.938893903907228378e-18,9.931950632176750338e-01,8.736391106735690304e-01
0.000000000000000000e+00,0.000000000000000000e+00,0.000000000000000000e+00,1.000000000000000000e+00
7.022949642422199323e-01,7.071067811865474617e-01,8.235158286286461959e-02,1.329925696873849594e-01
-7.022949642422195993e-01,7.071067811865476838e-01,-8.235158286286459184e-02,-1.329925696873849317e-01
-1.164627253675548924e-01,6.938893903907228378e-18,9.931950632176750338e-01,8.737364875342443771e-01
0.000000000000000000e+00,0.000000000000000000e+00,0.000000000000000000e+00,1.000000000000000000e+00
7.022949642422199323e-01,7.071067811865474617e-01,8.235158286286461959e-02,1.324053665400252433e-01
-7.022949642422195993e-01,7.071067811865476838e-01,-8.235158286286459184e-02,-1.324053665400252155e-01
-1.164627253675548924e-01,6.938893903907228378e-18,9.931950632176750338e-01,8.738338643949196127e-01
0.000000000000000000e+00,0.000000000000000000e+00,0.000000000000000000e+00,1.000000000000000000e+00
7.022949642422199323e-01,7.071067811865474617e-01,8.235158286286461959e-02,1.318181633926655272e-01
-7.022949642422195993e-01,7.071067811865476838e-01,-8.235158286286459184e-02,-1.318181633926654994e-01
-1.164627253675548924e-01,6.938893903907228378e-18,9.931950632176750338e-01,8.739312412555947374e-01
0.000000000000000000e+00,0.000000000000000000e+00,0.000000000000000000e+00,1.000000000000000000e+00
7.022949642422199323e-01,7.071067811865474617e-01,8.235158286286461959e-02,1.312309602453057833e-01
-7.022949642422195993e-01,7.071067811865476838e-01,-8.235158286286459184e-02,-1.312309602453057833e-01
-1.164627253675548924e-01,6.938893903907228378e-18,9.931950632176750338e-01,8.740286181162699730e-01
0.000000000000000000e+00,0.000000000000000000e+00,0.000000000000000000e+00,1.000000000000000000e+00
7.022949642422199323e-01,7.071067811865474617e-01,8.235158286286461959e-02,1.306437570979460949e-01
-7.022949642422195993e-01,7.071067811865476838e-01,-8.235158286286459184e-02,-1.306437570979460672e-01
-1.164627253675548924e-01,6.938893903907228378e-18,9.931950632176750338e-01,8.741259949769452087e-01
0.000000000000000000e+00,0.000000000000000000e+00,0.000000000000000000e+00,1.000000000000000000e+00
7.022949642422199323e-01,7.071067811865474617e-01,8.235158286286461959e-02,1.300565539505863510e-01
-7.022949642422195993e-01,7.071067811865476838e-01,-8.235158286286459184e-02,-1.300565539505863510e-01
-1.164627253675548924e-01,6.938893903907228378e-18,9.931950632176750338e-01,8.742233718376204443e-01
0.000000000000000000e+00,0.000000000000000000e+00,0.000000000000000000e+00,1.000000000000000000e+00
7.022949642422199323e-01,7.071067811865474617e-01,8.235158286286461959e-02,1.294693508032266627e-01
-7.022949642422195993e-01,7.071067811865476838e-01,-8.235158286286459184e-02,-1.294693508032266349e-01
-1.164627253675548924e-01,6.938893903907228378e-18,9.931950632176750338e-01,8.743207486982955690e-01
0.000000000000000000e+00,0.000000000000000000e+00,0.000000000000000000e+00,1.000000000000000000e+00
7.022949642422199323e-01,7.071067811865474617e-01,8.235158286286461959e-02,1.288821476558669465e-01
-7.022949642422195993e-01,7.071067811865476838e-01,-8.235158286286459184e-02,-1.288821476558669188e-01
-1.164627253675548924e-01,6.938893903907228378e-18,9.931950632176750338e-01,8.744181255589708046e-01
0.000000000000000000e+00,0.000000000000000000e+00,0.000000000000000000e+00,1.000000000000000000e+00
7.022949642422199323e-01,7.071067811865474617e-01,8.235158286286461959e-02,1.282949445085072304e-01
-7.022949642422195993e-01,7.071067811865476838e-01,-8.235158286286459184e-02,-1.282949445085072027e-01
-1.164627253675548924e-01,6.938893903907228378e-18,9.931950632176750338e-01,8.745155024196460403e-01
0.000000000000000000e+00,0.000000000000000000e+00,0.000000000000000000e+00,1.000000000000000000e+00
7.022949642422199323e-01,7.071067811865474617e-01,8.235158286286461959e-02,1.277077413611475143e-01
-7.022949642422195993e-01,7.071067811865476838e-01,-8.235158286286459184e-02,-1.277077413611474865e-01
-1.164627253675548924e-01,6.938893903907228378e-18,9.931950632176750338e-01,8.746128792803211649e-01
0.000000000000000000e+00,0.000000000000000000e+00,0.000000000000000000e+00,1.000000000000000000e+00
7.022949642422199323e-01,7.071067811865474617e-01,8.235158286286461959e-02,1.271205382137877982e-01
-7.022949642422195993e-01,7.071067811865476838e-01,-8.235158286286459184e-02,-1.271205382137877704e-01
-1.164627253675548924e-01,6.938893903907228378e-18,9.931950632176750338e-01,8.747102561409964006e-01
0.000000000000000000e+00,0.000000000000000000e+00,0.000000000000000000e+00,1.000000000000000000e+00
7.022949642422199323e-01,7.071067811865474617e-01,8.235158286286461959e-02,1.265333350664280820e-01
-7.022949642422195993e-01,7.071067811865476838e-01,-8.235158286286459184e-02,-1.265333350664280543e-01
-1.164627253675548924e-01,6.938893903907228378e-18,9.931950632176750338e-01,8.748076330016716362e-01
0.000000000000000000e+00,0.000000000000000000e+00,0.000000000000000000e+00,1.000000000000000000e+00
7.022949642422199323e-01,7.071067811865474617e-01,8.235158286286461959e-02,1.259461319190683659e-01
-7.022949642422195993e-01,7.071067811865476838e-01,-8.235158286286459184e-02,-1.259461319190683382e-01
-1.164627253675548924e-01,6.938893903907228378e-18,9.931950632176750338e-01,8.749050098623468719e-01
0.000000000000000000e+00,0.000000000000000000e+00,0.000000000000000000e+00,1.000000000000000000e+00
7.022949642422199323e-01,7.071067811865474617e-01,8.235158286286461959e-02,1.253589287717086498e-01
-7.022949642422195993e-01,7.071067811865476838e-01,-8.235158286286459184e-02,-1.253589287717086220e-01
-1.164627253675548924e-01,6.938893903907228378e-18,9.931950632176750338e-01,8.750023867230221075e-01
0.000000000000000000e+00,0.000000000000000000e+00,0.000000000000000000e+00,1.000000000000000000e+00
7.022949642422199323e-01,7.071067811865474617e-01,8.235158286286461959e-02,1.247717256243489337e-01
-7.022949642422195993e-01,7.071067811865476838e-01,-8.235158286286459184e-02,-1.247717256243489059e-01
-1.164627253675548924e-01,6.938893903907228378e-18,9.931950632176750338e-01,8.750997635836973432e-01
0.000000000000000000e+00,0.000000000000000000e+00,0.000000000000000000e+00,1.000000000000000000e+00
7.022949642422199323e-01,7.071067811865474617e-01,8.235158286286461959e-02,1.241845224769892175e-01
-7.022949642422195993e-01,7.071067811865476838e-01,-8.235158286286459184e-02,-1.241845224769891898e-01
-1.164627253675548924e-01,6.938893903907228378e-18,9.931950632176750338e-01,8.751971404443724678e-01
0.000000000000000000e+00,0.000000000000000000e+00,0.000000000000000000e+00,1.000000000000000000e+00
7.022949642422199323e-01,7.071067811865474617e-01,8.235158286286461959e-02,1.235973193296295014e-01
-7.022949642422195993e-01,7.071067811865476838e-01,-8.235158286286459184e-02,-1.235973193296294736e-01
-1.164627253675548924e-01,6.938893903907228378e-18,9.931950632176750338e-01,8.752945173050478145e-01
0.000000000000000000e+00,0.000000000000000000e+00,0.000000000000000000e+00,1.000000000000000000e+00
7.022949642422199323e-01,7.071067811865474617e-01,8.235158286286461959e-02,1.230101161822697853e-01
-7.022949642422195993e-01,7.071067811865476838e-01,-8.235158286286459184e-02,-1.230101161822697575e-01
-1.164627253675548924e-01,6.938893903907228378e-18,9.931950632176750338e-01,8.753918941657228281e-01
0.000000000000000000e+00,0.000000000000000000e+00,0.000000000000000000e+00,1.000000000000000000e+00
7.022949642422199323e-01,7.071067811865474617e-01,8.235158286286461959e-02,1.224229130349100969e-01
-7.022949642422195993e-01,7.071067811865476838e-01,-8.235158286286459184e-02,-1.224229130349100414e-01
-1.164627253675548924e-01,6.938893903907228378e-18,9.931950632176750338e-01,8.754892710263982858e-01
0.000000000000000000e+00,0.000000000000000000e+00,0.000000000000000000e+00,1.000000000000000000e+00
7.022949642422199323e-01,7.071067811865474617e-01,8.235158286286461959e-02,1.218357098875503530e-01
-7.022949642422195993e-01,7.071067811865476838e-01,-8.235158286286459184e-02,-1.218357098875503253e-01
-1.164627253675548924e-01,6.938893903907228378e-18,9.931950632176750338e-01,8.755866478870732994e-01
0.000000000000000000e+00,0.000000000000000000e+00,0.000000000000000000e+00,1.000000000000000000e+00
7.022949642422199323e-01,7.071067811865474617e-01,8.235158286286461959e-02,1.212485067401906647e-01
-7.022949642422195993e-01,7.071067811865476838e-01,-8.235158286286459184e-02,-1.212485067401906091e-01
-1.164627253675548924e-01,6.938893903907228378e-18,9.931950632176750338e-01,8.756840247477485351e-01
0.000000000000000000e+00,0.000000000000000000e+00,0.000000000000000000e+00,1.000000000000000000e+00
7.022949642422199323e-01,7.071067811865474617e-01,8.235158286286461959e-02,1.206613035928309485e-01
-7.022949642422195993e-01,7.071067811865476838e-01,-8.235158286286459184e-02,-1.206613035928308930e-01
-1.164627253675548924e-01,6.938893903907228378e-18,9.931950632176750338e-01,8.757814016084237707e-01
0.000000000000000000e+00,0.000000000000000000e+00,0.000000000000000000e+00,1.000000000000000000e+00
7.022949642422199323e-01,7.071067811865474617e-01,8.235158286286461959e-02,1.200741004454712324e-01
-7.022949642422195993e-01,7.071067811865476838e-01,-8.235158286286459184e-02,-1.200741004454712046e-01
-1.164627253675548924e-01,6.938893903907228378e-18,9.931950632176750338e-01,8.758787784690990064e-01
0.000000000000000000e+00,0.000000000000000000e+00,0.000000000000000000e+00,1.000000000000000000e+00
7.022949642422199323e-01,7.071067811865474617e-01,8.235158286286461959e-02,1.194868972981114885e-01
-7.022949642422195993e-01,7.071067811865476838e-01,-8.235158286286459184e-02,-1.194868972981114885e-01
-1.164627253675548924e-01,6.938893903907228378e-18,9.931950632176750338e-01,8.759761553297741310e-01
0.000000000000000000e+00,0.000000000000000000e+00,0.000000000000000000e+00,1.000000000000000000e+00
7.022949642422199323e-01,7.071067811865474617e-01,8.235158286286461959e-02,1.188996941507517724e-01
-7.022949642422195993e-01,7.071067811865476838e-01,-8.235158286286459184e-02,-1.188996941507517446e-01
-1.164627253675548924e-01,6.938893903907228378e-18,9.931950632176750338e-01,8.760735321904494777e-01
0.000000000000000000e+00,0.000000000000000000e+00,0.000000000000000000e+00,1.000000000000000000e+00
7.022949642422199323e-01,7.071067811865474617e-01,8.235158286286461959e-02,1.183124910033920563e-01
-7.022949642422195993e-01,7.071067811865476838e-01,-8.235158286286459184e-02,-1.183124910033920285e-01
-1.164627253675548924e-01,6.938893903907228378e-18,9.931950632176750338e-01,8.761709090511246023e-01
0.000000000000000000e+00,0.000000000000000000e+00,0.000000000000000000e+00,1.000000000000000000e+00
7.022949642422199323e-01,7.071067811865474617e-01,8.235158286286461959e-02,1.177252878560323401e-01
-7.022949642422195993e-01,7.071067811865476838e-01,-8.235158286286459184e-02,-1.177252878560323124e-01
-1.164627253675548924e-01,6.938893903907228378e-18,9.931950632176750338e-01,8.762682859117998380e-01
0.000000000000000000e+00,0.000000000000000000e+00,0.000000000000000000e+00,1.000000000000000000e+00
7.022949642422199323e-01,7.071067811865474617e-01,8.235158286286461959e-02,1.171380847086726240e-01
-7.022949642422195993e-01,7.071067811865476838e-01,-8.235158286286459184e-02,-1.171380847086725963e-01
-1.164627253675548924e-01,6.938893903907228378e-18,9.931950632176750338e-01,8.763656627724751846e-01
0.000000000000000000e+00,0.000000000000000000e+00,0.000000000000000000e+00,1.000000000000000000e+00
7.022949642422199323e-01,7.071067811865474617e-01,8.235158286286461959e-02,1.165508815613129079e-01
-7.022949642422195993e-01,7.071067811865476838e-01,-8.235158286286459184e-02,-1.165508815613128801e-01
-1.164627253675548924e-01,6.938893903907228378e-18,9.931950632176750338e-01,8.764630396331503093e-01
0.000000000000000000e+00,0.000000000000000000e+00,0.000000000000000000e+00,1.000000000000000000e+00
7.022949642422199323e-01,7.071067811865474617e-01,8.235158286286461959e-02,1.159636784139531918e-01
-7.022949642422195993e-01,7.071067811865476838e-01,-8.235158286286459184e-02,-1.159636784139531779e-01
-1.164627253675548924e-01,6.938893903907228378e-18,9.931950632176750338e-01,8.765604164938254339e-01
0.000000000000000000e+00,0.000000000000000000e+00,0.000000000000000000e+00,1.000000000000000000e+00
7.022949642422199323e-01,7.071067811865474617e-01,8.235158286286461959e-02,1.153764752665934756e-01
-7.022949642422195993e-01,7.071067811865476838e-01,-8.235158286286459184e-02,-1.153764752665934756e-01
-1.164627253675548924e-01,6.938893903907228378e-18,9.931950632176750338e-01,8.766577933545006696e-01
0.000000000000000000e+00,0.000000000000000000e+00,0.000000000000000000e+00,1.000000000000000000e+00
7.022949642422199323e-01,7.071067811865474617e-01,8.235158286286461959e-02,1.147892721192337595e-01
-7.022949642422195993e-01,7.071067811865476838e-01,-8.235158286286459184e-02,-1.147892721192337456e-01
-1.164627253675548924e-01,6.938893903907228378e-18,9.931950632176750338e-01,8.767551702151759052e-01
0.000000000000000000e+00,0.000000000000000000e+00,0.000000000000000000e+00,1.000000000000000000e+00
7.022949642422199323e-01,7.071067811865474617e-01,8.235158286286461959e-02,1.142020689718740434e-01
-7.022949642422195993e-01,7.071067811865476838e-01,-8.235158286286459184e-02,-1.142020689718740156e-01
-1.164627253675548924e-01,6.938893903907228378e-18,9.931950632176750338e-01,8.768525470758510298e-01
0.000000000000000000e+00,0.000000000000000000e+00,0.000000000000000000e+00,1.000000000000000000e+00
7.022949642422199323e-01,7.071067811865474617e-01,8.235158286286461959e-02,1.136148658245143411e-01
-7.022949642422195993e-01,7.071067811865476838e-01,-8.235158286286459184e-02,-1.136148658245143134e-01
-1.164627253675548924e-01,6.938893903907228378e-18,9.931950632176750338e-01,8.769499239365264875e-01
0.000000000000000000e+00,0.000000000000000000e+00,0.000000000000000000e+00,1.000000000000000000e+00
7.022949642422199323e-01,7.071067811865474617e-01,8.235158286286461959e-02,1.130276626771546111e-01
-7.022949642422195993e-01,7.071067811865476838e-01,-8.235158286286459184e-02,-1.130276626771545834e-01
-1.164627253675548924e-01,6.938893903907228378e-18,9.931950632176750338e-01,8.770473007972015012e-01
0.000000000000000000e+00,0.000000000000000000e+00,0.000000000000000000e+00,1.000000000000000000e+00
7.022949642422199323e-01,7.071067811865474617e-01,8.235158286286461959e-02,1.124404595297948950e-01
-7.022949642422195993e-01,7.071067811865476838e-01,-8.235158286286459184e-02,-1.124404595297948950e-01
-1.164627253675548924e-01,6.938893903907228378e-18,9.931950632176750338e-01,8.771446776578766258e-01
0.000000000000000000e+00,0.000000000000000000e+00,0.000000000000000000e+00,1.000000000000000000e+00
7.022949642422199323e-01,7.071067811865474617e-01,8.235158286286461959e-02,1.118532563824351928e-01
-7.022949642422195993e-01,7.071067811865476838e-01,-8.235158286286459184e-02,-1.118532563824351650e-01
-1.164627253675548924e-01,6.938893903907228378e-18,9.931950632176750338e-01,8.772420545185519725e-01
0.000000000000000000e+00,0.000000000000000000e+00,0.000000000000000000e+00,1.000000000000000000e+00
7.022949642422199323e-01,7.071067811865474617e-01,8.235158286286461959e-02,1.112660532350754766e-01
-7.022949642422195993e-01,7.071067811865476838e-01,-8.235158286286459184e-02,-1.112660532350754489e-01
-1.164627253675548924e-01,6.938893903907228378e-18,9.931950632176750338e-01,8.773394313792270971e-01
0.000000000000000000e+00,0.000000000000000000e+00,0.000000000000000000e+00,1.000000000000000000e+00
7.022949642422199323e-01,7.071067811865474617e-01,8.235158286286461959e-02,1.106788500877157605e-01
-7.022949642422195993e-01,7.071067811865476838e-01,-8.235158286286459184e-02,-1.106788500877157327e-01
-1.164627253675548924e-01,6.938893903907228378e-18,9.931950632176750338e-01,8.774368082399025548e-01
0.000000000000000000e+00,0.000000000000000000e+00,0.000000000000000000e+00,1.000000000000000000e+00
7.022949642422199323e-01,7.071067811865474617e-01,8.235158286286461959e-02,1.100916469403560444e-01
-7.022949642422195993e-01,7.071067811865476838e-01,-8.235158286286459184e-02,-1.100916469403560166e-01
-1.164627253675548924e-01,6.938893903907228378e-18,9.931950632176750338e-01,8.775341851005775684e-01
0.000000000000000000e+00,0.000000000000000000e+00,0.000000000000000000e+00,1.000000000000000000e+00
7.022949642422199323e-01,7.071067811865474617e-01,8.235158286286461959e-02,1.095044437929963144e-01
-7.022949642422195993e-01,7.071067811865476838e-01,-8.235158286286459184e-02,-1.095044437929963005e-01
-1.164627253675548924e-01,6.938893903907228378e-18,9.931950632176750338e-01,8.776315619612528041e-01
0.000000000000000000e+00,0.000000000000000000e+00,0.000000000000000000e+00,1.000000000000000000e+00
7.022949642422199323e-01,7.071067811865474617e-01,8.235158286286461959e-02,1.089172406456366121e-01
-7.022949642422195993e-01,7.071067811865476838e-01,-8.235158286286459184e-02,-1.089172406456365844e-01
-1.164627253675548924e-01,6.938893903907228378e-18,9.931950632176750338e-01,8.777289388219280397e-01
0.000000000000000000e+00,0.000000000000000000e+00,0.000000000000000000e+00,1.000000000000000000e+00
7.022949642422199323e-01,7.071067811865474617e-01,8.235158286286461959e-02,1.083300374982768960e-01
-7.022949642422195993e-01,7.071067811865476838e-01,-8.235158286286459184e-02,-1.083300374982768821e-01
-1.164627253675548924e-01,6.938893903907228378e-18,9.931950632176750338e-01,8.778263156826032754e-01
0.000000000000000000e+00,0.000000000000000000e+00,0.000000000000000000e+00,1.000000000000000000e+00
7.022949642422199323e-01,7.071067811865474617e-01,8.235158286286461959e-02,1.077428343509171799e-01
-7.022949642422195993e-01,7.071067811865476838e-01,-8.235158286286459184e-02,-1.077428343509171521e-01
-1.164627253675548924e-01,6.938893903907228378e-18,9.931950632176750338e-01,8.779236925432784000e-01
0.000000000000000000e+00,0.000000000000000000e+00,0.000000000000000000e+00,1.000000000000000000e+00
7.022949642422199323e-01,7.071067811865474617e-01,8.235158286286461959e-02,1.071556312035574637e-01
-7.022949642422195993e-01,7.071067811865476838e-01,-8.235158286286459184e-02,-1.071556312035574360e-01
-1.164627253675548924e-01,6.938893903907228378e-18,9.931950632176750338e-01,8.780210694039537467e-01
0.000000000000000000e+00,0.000000000000000000e+00,0.000000000000000000e+00,1.000000000000000000e+00
7.022949642422199323e-01,7.071067811865474617e-01,8.235158286286461959e-02,1.065684280561977476e-01
-7.022949642422195993e-01,7.071067811865476838e-01,-8.235158286286459184e-02,-1.065684280561977199e-01
-1.164627253675548924e-01,6.938893903907228378e-18,9.931950632176750338e-01,8.781184462646287603e-01
0.000000000000000000e+00,0.000000000000000000e+00,0.000000000000000000e+00,1.000000000000000000e+00
7.022949642422199323e-01,7.071067811865474617e-01,8.235158286286461959e-02,1.059812249088380315e-01
-7.022949642422195993e-01,7.071067811865476838e-01,-8.235158286286459184e-02,-1.059812249088380176e-01
-1.164627253675548924e-01,6.938893903907228378e-18,9.931950632176750338e-01,8.782158231253041070e-01
0.000000000000000000e+00,0.000000000000000000e+00,0.000000000000000000e+00,1.000000000000000000e+00
7.022949642422199323e-01,7.071067811865474617e-01,8.235158286286461959e-02,1.053940217614783154e-01
-7.022949642422195993e-01,7.071067811865476838e-01,-8.235158286286459184e-02,-1.053940217614783015e-01
-1.164627253675548924e-01,6.938893903907228378e-18,9.931950632176750338e-01,8.783131999859792316e-01
0.000000000000000000e+00,0.000000000000000000e+00,0.000000000000000000e+00,1.000000000000000000e+00
7.022949642422199323e-01,7.071067811865474617e-01,8.235158286286461959e-02,1.048068186141185992e-01
-7.022949642422195993e-01,7.071067811865476838e-01,-8.235158286286459184e-02,-1.048068186141185715e-01
-1.164627253675548924e-01,6.938893903907228378e-18,9.931950632176750338e-01,8.784105768466545783e-01
0.000000000000000000e+00,0.000000000000000000e+00,0.000000000000000000e+00,1.000000000000000000e+00
7.022949642422199323e-01,7.071067811865474617e-01,8.235158286286461959e-02,1.042196154667588831e-01
-7.022949642422195993e-01,7.071067811865476838e-01,-8.235158286286459184e-02,-1.042196154667588692e-01
-1.164627253675548924e-01,6.938893903907228378e-18,9.931950632176750338e-01,8.785079537073298139e-01
0.000000000000000000e+00,0.000000000000000000e+00,0.000000000000000000e+00,1.000000000000000000e+00
7.022949642422199323e-01,7.071067811865474617e-01,8.235158286286461959e-02,1.036324123193991670e-01
-7.022949642422195993e-01,7.071067811865476838e-01,-8.235158286286459184e-02,-1.036324123193991531e-01
-1.164627253675548924e-01,6.938893903907228378e-18,9.931950632176750338e-01,8.786053305680049386e-01
0.000000000000000000e+00,0.000000000000000000e+00,0.000000000000000000e+00,1.000000000000000000e+00
7.022949642422199323e-01,7.071067811865474617e-01,8.235158286286461959e-02,1.030452091720394509e-01
-7.022949642422195993e-01,7.071067811865476838e-01,-8.235158286286459184e-02,-1.030452091720394370e-01
-1.164627253675548924e-01,6.938893903907228378e-18,9.931950632176750338e-01,8.787027074286801742e-01
0.000000000000000000e+00,0.000000000000000000e+00,0.000000000000000000e+00,1.000000000000000000e+00
7.022949642422199323e-01,7.071067811865474617e-01,8.235158286286461959e-02,1.024580060246797347e-01
-7.022949642422195993e-01,7.071067811865476838e-01,-8.235158286286459184e-02,-1.024580060246797208e-01
-1.164627253675548924e-01,6.938893903907228378e-18,9.931950632176750338e-01,8.788000842893552988e-01
0.000000000000000000e+00,0.000000000000000000e+00,0.000000000000000000e+00,1.000000000000000000e+00
7.022949642422199323e-01,7.071067811865474617e-01,8.235158286286461959e-02,1.018708028773200325e-01
-7.022949642422195993e-01,7.071067811865476838e-01,-8.235158286286459184e-02,-1.018708028773200186e-01
-1.164627253675548924e-01,6.938893903907228378e-18,9.931950632176750338e-01,8.788974611500307565e-01
0.000000000000000000e+00,0.000000000000000000e+00,0.000000000000000000e+00,1.000000000000000000e+00
7.022949642422199323e-01,7.071067811865474617e-01,8.235158286286461959e-02,1.012835997299603025e-01
-7.022949642422195993e-01,7.071067811865476838e-01,-8.235158286286459184e-02,-1.012835997299603025e-01
-1.164627253675548924e-01,6.938893903907228378e-18,9.931950632176750338e-01,8.789948380107057702e-01
0.000000000000000000e+00,0.000000000000000000e+00,0.000000000000000000e+00,1.000000000000000000e+00
7.022949642422199323e-01,7.071067811865474617e-01,8.235158286286461959e-02,1.006963965826005863e-01
-7.022949642422195993e-01,7.071067811865476838e-01,-8.235158286286459184e-02,-1.006963965826005725e-01
-1.164627253675548924e-01,6.938893903907228378e-18,9.931950632176750338e-01,8.790922148713810058e-01
0.000000000000000000e+00,0.000000000000000000e+00,0.000000000000000000e+00,1.000000000000000000e+00
7.022949642422199323e-01,7.071067811865474617e-01,8.235158286286461959e-02,1.001091934352408702e-01
-7.022949642422195993e-01,7.071067811865476838e-01,-8.235158286286459184e-02,-1.001091934352408702e-01
-1.164627253675548924e-01,6.938893903907228378e-18,9.931950632176750338e-01,8.791895917320562415e-01
0.000000000000000000e+00,0.000000000000000000e+00,0.000000000000000000e+00,1.000000000000000000e+00
7.022949642422199323e-01,7.071067811865474617e-01,8.235158286286461959e-02,9.952199028788115409e-02
-7.022949642422195993e-01,7.071067811865476838e-01,-8.235158286286459184e-02,-9.952199028788115409e-02
-1.164627253675548924e-01,6.938893903907228378e-18,9.931950632176750338e-01,8.792869685927313661e-01
0.000000000000000000e+00,0.000000000000000000e+00,0.000000000000000000e+00,1.000000000000000000e+00
7.022949642422199323e-01,7.071067811865474617e-01,8.235158286286461959e-02,9.893478714052145184e-02
-7.022949642422195993e-01,7.071067811865476838e-01,-8.235158286286459184e-02,-9.893478714052142409e-02
-1.164627253675548924e-01,6.938893903907228378e-18,9.931950632176750338e-01,8.793843454534067128e-01
0.000000000000000000e+00,0.000000000000000000e+00,0.000000000000000000e+00,1.000000000000000000e+00
7.022949642422199323e-01,7.071067811865474617e-01,8.235158286286461959e-02,9.834758399316173572e-02
-7.022949642422195993e-01,7.071067811865476838e-01,-8.235158286286459184e-02,-9.834758399316170796e-02
-1.164627253675548924e-01,6.938893903907228378e-18,9.931950632176750338e-01,8.794817223140819484e-01
0.000000000000000000e+00,0.000000000000000000e+00,0.000000000000000000e+00,1.000000000000000000e+00
7.022949642422199323e-01,7.071067811865474617e-01,8.235158286286461959e-02,9.776038084580201959e-02
-7.022949642422195993e-01,7.071067811865476838e-01,-8.235158286286459184e-02,-9.776038084580199183e-02
-1.164627253675548924e-01,6.938893903907228378e-18,9.931950632176750338e-01,8.795790991747569620e-01
0.000000000000000000e+00,0.000000000000000000e+00,0.000000000000000000e+00,1.000000000000000000e+00
7.022949642422199323e-01,7.071067811865474617e-01,8.235158286286461959e-02,9.717317769844230346e-02
-7.022949642422195993e-01,7.071067811865476838e-01,-8.235158286286459184e-02,-9.717317769844227571e-02
-1.164627253675548924e-01,6.938893903907228378e-18,9.931950632176750338e-01,8.796764760354323087e-01
0.000000000000000000e+00,0.000000000000000000e+00,0.000000000000000000e+00,1.000000000000000000e+00
7.022949642422199323e-01,7.071067811865474617e-01,8.235158286286461959e-02,9.658597455108258734e-02
-7.022949642422195993e-01,7.071067811865476838e-01,-8.235158286286459184e-02,-9.658597455108257346e-02
-1.164627253675548924e-01,6.938893903907228378e-18,9.931950632176750338e-01,8.797738528961075444e-01
0.000000000000000000e+00,0.000000000000000000e+00,0.000000000000000000e+00,1.000000000000000000e+00
7.022949642422199323e-01,7.071067811865474617e-01,8.235158286286461959e-02,9.599877140372287121e-02
-7.022949642422195993e-01,7.071067811865476838e-01,-8.235158286286459184e-02,-9.599877140372284345e-02
-1.164627253675548924e-01,6.938893903907228378e-18,9.931950632176750338e-01,8.798712297567826690e-01
0.000000000000000000e+00,0.000000000000000000e+00,0.000000000000000000e+00,1.000000000000000000e+00
7.022949642422199323e-01,7.071067811865474617e-01,8.235158286286461959e-02,9.541156825636315508e-02
-7.022949642422195993e-01,7.071067811865476838e-01,-8.235158286286459184e-02,-9.541156825636312733e-02
-1.164627253675548924e-01,6.938893903907228378e-18,9.931950632176750338e-01,8.799686066174580157e-01
0.000000000000000000e+00,0.000000000000000000e+00,0.000000000000000000e+00,1.000000000000000000e+00
7.022949642422199323e-01,7.071067811865474617e-01,8.235158286286461959e-02,9.482436510900343896e-02
-7.022949642422195993e-01,7.071067811865476838e-01,-8.235158286286459184e-02,-9.482436510900341120e-02
-1.164627253675548924e-01,6.938893903907228378e-18,9.931950632176750338e-01,8.800659834781331403e-01
0.000000000000000000e+00,0.000000000000000000e+00,0.000000000000000000e+00,1.000000000000000000e+00
7.022949642422199323e-01,7.071067811865474617e-01,8.235158286286461959e-02,9.423716196164369507e-02
-7.022949642422195993e-01,7.071067811865476838e-01,-8.235158286286459184e-02,-9.423716196164370895e-02
-1.164627253675548924e-01,6.938893903907228378e-18,9.931950632176750338e-01,8.801633603388083760e-01
0.000000000000000000e+00,0.000000000000000000e+00,0.000000000000000000e+00,1.000000000000000000e+00
7.022949642422199323e-01,7.071067811865474617e-01,8.235158286286461959e-02,9.364995881428399283e-02
-7.022949642422195993e-01,7.071067811865476838e-01,-8.235158286286459184e-02,-9.364995881428399283e-02
-1.164627253675548924e-01,6.938893903907228378e-18,9.931950632176750338e-01,8.802607371994835006e-01
0.000000000000000000e+00,0.000000000000000000e+00,0.000000000000000000e+00,1.000000000000000000e+00
7.022949642422199323e-01,7.071067811865474617e-01,8.235158286286461959e-02,9.306275566692427670e-02
-7.022949642422195993e-01,7.071067811865476838e-01,-8.235158286286459184e-02,-9.306275566692427670e-02
-1.164627253675548924e-01,6.938893903907228378e-18,9.931950632176750338e-01,8.803581140601588473e-01
0.000000000000000000e+00,0.000000000000000000e+00,0.000000000000000000e+00,1.000000000000000000e+00
7.022949642422199323e-01,7.071067811865474617e-01,8.235158286286461959e-02,9.247555251956454669e-02
-7.022949642422195993e-01,7.071067811865476838e-01,-8.235158286286459184e-02,-9.247555251956456057e-02
-1.164627253675548924e-01,6.938893903907228378e-18,9.931950632176750338e-01,8.804554909208338609e-01
0.000000000000000000e+00,0.000000000000000000e+00,0.000000000000000000e+00,1.000000000000000000e+00
7.022949642422199323e-01,7.071067811865474617e-01,8.235158286286461959e-02,9.188834937220485832e-02
-7.022949642422195993e-01,7.071067811865476838e-01,-8.235158286286459184e-02,-9.188834937220484445e-02
-1.164627253675548924e-01,6.938893903907228378e-18,9.931950632176750338e-01,8.805528677815092076e-01
0.000000000000000000e+00,0.000000000000000000e+00,0.000000000000000000e+00,1.000000000000000000e+00
7.022949642422199323e-01,7.071067811865474617e-01,8.235158286286461959e-02,9.130114622484514220e-02
-7.022949642422195993e-01,7.071067811865476838e-01,-8.235158286286459184e-02,-9.130114622484512832e-02
-1.164627253675548924e-01,6.938893903907228378e-18,9.931950632176750338e-01,8.806502446421844432e-01
0.000000000000000000e+00,0.000000000000000000e+00,0.000000000000000000e+00,1.000000000000000000e+00
7.022949642422199323e-01,7.071067811865474617e-01,8.235158286286461959e-02,9.071394307748542607e-02
-7.022949642422195993e-01,7.071067811865476838e-01,-8.235158286286459184e-02,-9.071394307748542607e-02
-1.164627253675548924e-01,6.938893903907228378e-18,9.931950632176750338e-01,8.807476215028595679e-01
0.000000000000000000e+00,0.000000000000000000e+00,0.000000000000000000e+00,1.000000000000000000e+00
7.022949642422199323e-01,7.071067811865474617e-01,8.235158286286461959e-02,9.012673993012570994e-02
-7.022949642422195993e-01,7.071067811865476838e-01,-8.235158286286459184e-02,-9.012673993012569607e-02
-1.164627253675548924e-01,6.938893903907228378e-18,9.931950632176750338e-01,8.808449983635348035e-01
0.000000000000000000e+00,0.000000000000000000e+00,0.000000000000000000e+00,1.000000000000000000e+00
7.022949642422199323e-01,7.071067811865474617e-01,8.235158286286461959e-02,8.953953678276599382e-02
-7.022949642422195993e-01,7.071067811865476838e-01,-8.235158286286459184e-02,-8.953953678276597994e-02
-1.164627253675548924e-01,6.938893903907228378e-18,9.931950632176750338e-01,8.809423752242100392e-01
0.000000000000000000e+00,0.000000000000000000e+00,0.000000000000000000e+00,1.000000000000000000e+00
7.022949642422199323e-01,7.071067811865474617e-01,8.235158286286461959e-02,8.895233363540627769e-02
-7.022949642422195993e-01,7.071067811865476838e-01,-8.235158286286459184e-02,-8.895233363540626381e-02
-1.164627253675548924e-01,6.938893903907228378e-18,9.931950632176750338e-01,8.810397520848852748e-01
0.000000000000000000e+00,0.000000000000000000e+00,0.000000000000000000e+00,1.000000000000000000e+00
7.022949642422199323e-01,7.071067811865474617e-01,8.235158286286461959e-02,8.836513048804656156e-02
-7.022949642422195993e-01,7.071067811865476838e-01,-8.235158286286459184e-02,-8.836513048804656156e-02
-1.164627253675548924e-01,6.938893903907228378e-18,9.931950632176750338e-01,8.811371289455605105e-01
0.000000000000000000e+00,0.000000000000000000e+00,0.000000000000000000e+00,1.000000000000000000e+00
7.022949642422199323e-01,7.071067811865474617e-01,8.235158286286461959e-02,8.777792734068684544e-02
-7.022949642422195993e-01,7.071067811865476838e-01,-8.235158286286459184e-02,-8.777792734068683156e-02
-1.164627253675548924e-01,6.938893903907228378e-18,9.931950632176750338e-01,8.812345058062356351e-01
0.000000000000000000e+00,0.000000000000000000e+00,0.000000000000000000e+00,1.000000000000000000e+00
7.022949642422199323e-01,7.071067811865474617e-01,8.235158286286461959e-02,8.719072419332712931e-02
-7.022949642422195993e-01,7.071067811865476838e-01,-8.235158286286459184e-02,-8.719072419332711543e-02
-1.164627253675548924e-01,6.938893903907228378e-18,9.931950632176750338e-01,8.813318826669109818e-01
0.000000000000000000e+00,0.000000000000000000e+00,0.000000000000000000e+00,1.000000000000000000e+00
7.022949642422199323e-01,7.071067811865474617e-01,8.235158286286461959e-02,8.660352104596741318e-02
-7.022949642422195993e-01,7.071067811865476838e-01,-8.235158286286459184e-02,-8.660352104596739931e-02
-1.164627253675548924e-01,6.938893903907228378e-18,9.931950632176750338e-01,8.814292595275862174e-01
0.000000000000000000e+00,0.000000000000000000e+00,0.000000000000000000e+00,1.000000000000000000e+00
7.022949642422199323e-01,7.071067811865474617e-01,8.235158286286461959e-02,8.601631789860769706e-02
-7.022949642422195993e-01,7.071067811865476838e-01,-8.235158286286459184e-02,-8.601631789860769706e-02
-1.164627253675548924e-01,6.938893903907228378e-18,9.931950632176750338e-01,8.815266363882612310e-01
0.000000000000000000e+00,0.000000000000000000e+00,0.000000000000000000e+00,1.000000000000000000e+00
7.022949642422199323e-01,7.071067811865474617e-01,8.235158286286461959e-02,8.542911475124798093e-02
-7.022949642422195993e-01,7.071067811865476838e-01,-8.235158286286459184e-02,-8.542911475124798093e-02
-1.164627253675548924e-01,6.938893903907228378e-18,9.931950632176750338e-01,8.816240132489366887e-01
0.000000000000000000e+00,0.000000000000000000e+00,0.000000000000000000e+00,1.000000000000000000e+00
7.022949642422199323e-01,7.071067811865474617e-01,8.235158286286461959e-02,8.484191160388826480e-02
-7.022949642422195993e-01,7.071067811865476838e-01,-8.235158286286459184e-02,-8.484191160388826480e-02
-1.164627253675548924e-01,6.938893903907228378e-18,9.931950632176750338e-01,8.817213901096117024e-01
0.000000000000000000e+00,0.000000000000000000e+00,0.000000000000000000e+00,1.000000000000000000e+00
7.022949642422199323e-01,7.071067811865474617e-01,8.235158286286461959e-02,8.425470845652854868e-02
-7.022949642422195993e-01,7.071067811865476838e-01,-8.235158286286459184e-02,-8.425470845652853480e-02
-1.164627253675548924e-01,6.938893903907228378e-18,9.931950632176750338e-01,8.818187669702869380e-01
0.000000000000000000e+00,0.000000000000000000e+00,0.000000000000000000e+00,1.000000000000000000e+00
7.022949642422199323e-01,7.071067811865474617e-01,8.235158286286461959e-02,8.366750530916883255e-02
-7.022949642422195993e-01,7.071067811865476838e-01,-8.235158286286459184e-02,-8.366750530916881867e-02
-1.164627253675548924e-01,6.938893903907228378e-18,9.931950632176750338e-01,8.819161438309621737e-01
0.000000000000000000e+00,0.000000000000000000e+00,0.000000000000000000e+00,1.000000000000000000e+00
7.022949642422199323e-01,7.071067811865474617e-01,8.235158286286461959e-02,8.308030216180911642e-02
-7.022949642422195993e-01,7.071067811865476838e-01,-8.235158286286459184e-02,-8.308030216180911642e-02
-1.164627253675548924e-01,6.938893903907228378e-18,9.931950632176750338e-01,8.820135206916374093e-01
0.000000000000000000e+00,0.000000000000000000e+00,0.000000000000000000e+00,1.000000000000000000e+00
7.022949642422199323e-01,7.071067811865474617e-01,8.235158286286461959e-02,8.249309901444940030e-02
-7.022949642422195993e-01,7.071067811865476838e-01,-8.235158286286459184e-02,-8.249309901444938642e-02
-1.164627253675548924e-01,6.938893903907228378e-18,9.931950632176750338e-01,8.821108975523126450e-01
0.000000000000000000e+00,0.000000000000000000e+00,0.000000000000000000e+00,1.000000000000000000e+00
7.022949642422199323e-01,7.071067811865474617e-01,8.235158286286461959e-02,8.190589586708968417e-02
-7.022949642422195993e-01,7.071067811865476838e-01,-8.235158286286459184e-02,-8.190589586708967029e-02
-1.164627253675548924e-01,6.938893903907228378e-18,9.931950632176750338e-01,8.822082744129877696e-01
0.000000000000000000e+00,0.000000000000000000e+00,0.000000000000000000e+00,1.000000000000000000e+00
7.022949642422199323e-01,7.071067811865474617e-01,8.235158286286461959e-02,8.131869271972996804e-02
-7.022949642422195993e-01,7.071067811865476838e-01,-8.235158286286459184e-02,-8.131869271972996804e-02
-1.164627253675548924e-01,6.938893903907228378e-18,9.931950632176750338e-01,8.823056512736631163e-01
0.000000000000000000e+00,0.000000000000000000e+00,0.000000000000000000e+00,1.000000000000000000e+00
7.022949642422199323e-01,7.071067811865474617e-01,8.235158286286461959e-02,8.073148957237025192e-02
-7.022949642422195993e-01,7.071067811865476838e-01,-8.235158286286459184e-02,-8.073148957237025192e-02
-1.164627253675548924e-01,6.938893903907228378e-18,9.931950632176750338e-01,8.824030281343382409e-01
0.000000000000000000e+00,0.000000000000000000e+00,0.000000000000000000e+00,1.000000000000000000e+00
7.022949642422199323e-01,7.071067811865474617e-01,8.235158286286461959e-02,8.014428642501053579e-02
-7.022949642422195993e-01,7.071067811865476838e-01,-8.235158286286459184e-02,-8.014428642501053579e-02
-1.164627253675548924e-01,6.938893903907228378e-18,9.931950632176750338e-01,8.825004049950134766e-01
0.000000000000000000e+00,0.000000000000000000e+00,0.000000000000000000e+00,1.000000000000000000e+00
7.022949642422199323e-01,7.071067811865474617e-01,8.235158286286461959e-02,7.955708327765081966e-02
-7.022949642422195993e-01,7.071067811865476838e-01,-8.235158286286459184e-02,-7.955708327765081966e-02
-1.164627253675548924e-01,6.938893903907228378e-18,9.931950632176750338e-01,8.825977818556887122e-01
0.000000000000000000e+00,0.000000000000000000e+00,0.000000000000000000e+00,1.000000000000000000e+00
7.022949642422199323e-01,7.071067811865474617e-01,8.235158286286461959e-02,7.896988013029110354e-02
-7.022949642422195993e-01,7.071067811865476838e-01,-8.235158286286459184e-02,-7.896988013029111741e-02
-1.164627253675548924e-01,6.938893903907228378e-18,9.931950632176750338e-01,8.826951587163638369e-01
0.000000000000000000e+00,0.000000000000000000e+00,0.000000000000000000e+00,1.000000000000000000e+00
7.022949642422199323e-01,7.071067811865474617e-01,8.235158286286461959e-02,7.838267698293141517e-02
-7.022949642422195993e-01,7.071067811865476838e-01,-8.235158286286459184e-02,-7.838267698293138741e-02
-1.164627253675548924e-01,6.938893903907228378e-18,9.931950632176750338e-01,8.827925355770390725e-01
0.000000000000000000e+00,0.000000000000000000e+00,0.000000000000000000e+00,1.000000000000000000e+00
7.022949642422199323e-01,7.071067811865474617e-01,8.235158286286461959e-02,7.779547383557168516e-02
-7.022949642422195993e-01,7.071067811865476838e-01,-8.235158286286459184e-02,-7.779547383557167128e-02
-1.164627253675548924e-01,6.938893903907228378e-18,9.931950632176750338e-01,8.828899124377143082e-01
0.000000000000000000e+00,0.000000000000000000e+00,0.000000000000000000e+00,1.000000000000000000e+00
7.022949642422199323e-01,7.071067811865474617e-01,8.235158286286461959e-02,7.720827068821196904e-02
-7.022949642422195993e-01,7.071067811865476838e-01,-8.235158286286459184e-02,-7.720827068821195516e-02
-1.164627253675548924e-01,6.938893903907228378e-18,9.931950632176750338e-01,8.829872892983894328e-01
0.000000000000000000e+00,0.000000000000000000e+00,0.000000000000000000e+00,1.000000000000000000e+00
7.022949642422199323e-01,7.071067811865474617e-01,8.235158286286461959e-02,7.662106754085226679e-02
-7.022949642422195993e-01,7.071067811865476838e-01,-8.235158286286459184e-02,-7.662106754085225291e-02
-1.164627253675548924e-01,6.938893903907228378e-18,9.931950632176750338e-01,8.830846661590647795e-01
0.000000000000000000e+00,0.000000000000000000e+00,0.000000000000000000e+00,1.000000000000000000e+00
7.022949642422199323e-01,7.071067811865474617e-01,8.235158286286461959e-02,7.603386439349253678e-02
-7.022949642422195993e-01,7.071067811865476838e-01,-8.235158286286459184e-02,-7.603386439349253678e-02
-1.164627253675548924e-01,6.938893903907228378e-18,9.931950632176750338e-01,8.831820430197399041e-01
0.000000000000000000e+00,0.000000000000000000e+00,0.000000000000000000e+00,1.000000000000000000e+00
7.022949642422199323e-01,7.071067811865474617e-01,8.235158286286461959e-02,7.544666124613283453e-02
-7.022949642422195993e-01,7.071067811865476838e-01,-8.235158286286459184e-02,-7.544666124613280678e-02
-1.164627253675548924e-01,6.938893903907228378e-18,9.931950632176750338e-01,8.832794198804152508e-01
0.000000000000000000e+00,0.000000000000000000e+00,0.000000000000000000e+00,1.000000000000000000e+00
7.022949642422199323e-01,7.071067811865474617e-01,8.235158286286461959e-02,7.485945809877311841e-02
-7.022949642422195993e-01,7.071067811865476838e-01,-8.235158286286459184e-02,-7.485945809877310453e-02
-1.164627253675548924e-01,6.938893903907228378e-18,9.931950632176750338e-01,8.833767967410904864e-01
0.000000000000000000e+00,0.000000000000000000e+00,0.000000000000000000e+00,1.000000000000000000e+00
7.022949642422199323e-01,7.071067811865474617e-01,8.235158286286461959e-02,7.427225495141340228e-02
-7.022949642422195993e-01,7.071067811865476838e-01,-8.235158286286459184e-02,-7.427225495141338840e-02
-1.164627253675548924e-01,6.938893903907228378e-18,9.931950632176750338e-01,8.834741736017655001e-01
0.000000000000000000e+00,0.000000000000000000e+00,0.000000000000000000e+00,1.000000000000000000e+00
7.022949642422199323e-01,7.071067811865474617e-01,8.235158286286461959e-02,7.368505180405368615e-02
-7.022949642422195993e-01,7.071067811865476838e-01,-8.235158286286459184e-02,-7.368505180405367228e-02
-1.164627253675548924e-01,6.938893903907228378e-18,9.931950632176750338e-01,8.835715504624409578e-01
0.000000000000000000e+00,0.000000000000000000e+00,0.000000000000000000e+00,1.000000000000000000e+00
7.022949642422199323e-01,7.071067811865474617e-01,8.235158286286461959e-02,7.309784865669397003e-02
-7.022949642422195993e-01,7.071067811865476838e-01,-8.235158286286459184e-02,-7.309784865669395615e-02
-1.164627253675548924e-01,6.938893903907228378e-18,9.931950632176750338e-01,8.836689273231159714e-01
0.000000000000000000e+00,0.000000000000000000e+00,0.000000000000000000e+00,1.000000000000000000e+00
7.022949642422199323e-01,7.071067811865474617e-01,8.235158286286461959e-02,7.251064550933425390e-02
-7.022949642422195993e-01,7.071067811865476838e-01,-8.235158286286459184e-02,-7.251064550933424002e-02
-1.164627253675548924e-01,6.938893903907228378e-18,9.931950632176750338e-01,8.837663041837913180e-01
0.000000000000000000e+00,0.000000000000000000e+00,0.000000000000000000e+00,1.000000000000000000e+00
7.022949642422199323e-01,7.071067811865474617e-01,8.235158286286461959e-02,7.192344236197453777e-02
-7.022949642422195993e-01,7.071067811865476838e-01,-8.235158286286459184e-02,-7.192344236197452390e-02
-1.164627253675548924e-01,6.938893903907228378e-18,9.931950632176750338e-01,8.838636810444664427e-01
0.000000000000000000e+00,0.000000000000000000e+00,0.000000000000000000e+00,1.000000000000000000e+00
7.022949642422199323e-01,7.071067811865474617e-01,8.235158286286461959e-02,7.133623921461482165e-02
-7.022949642422195993e-01,7.071067811865476838e-01,-8.235158286286459184e-02,-7.133623921461480777e-02
-1.164627253675548924e-01,6.938893903907228378e-18,9.931950632176750338e-01,8.839610579051416783e-01
0.000000000000000000e+00,0.000000000000000000e+00,0.000000000000000000e+00,1.000000000000000000e+00
7.022949642422199323e-01,7.071067811865474617e-01,8.235158286286461959e-02,7.074903606725509164e-02
-7.022949642422195993e-01,7.071067811865476838e-01,-8.235158286286459184e-02,-7.074903606725507776e-02
-1.164627253675548924e-01,6.938893903907228378e-18,9.931950632176750338e-01,8.840584347658168030e-01
0.000000000000000000e+00,0.000000000000000000e+00,0.000000000000000000e+00,1.000000000000000000e+00
7.022949642422199323e-01,7.071067811865474617e-01,8.235158286286461959e-02,7.016183291989538939e-02
-7.022949642422195993e-01,7.071067811865476838e-01,-8.235158286286459184e-02,-7.016183291989537552e-02
-1.164627253675548924e-01,6.938893903907228378e-18,9.931950632176750338e-01,8.841558116264921496e-01
0.000000000000000000e+00,0.000000000000000000e+00,0.000000000000000000e+00,1.000000000000000000e+00
7.022949642422199323e-01,7.071067811865474617e-01,8.235158286286461959e-02,6.957462977253567327e-02
-7.022949642422195993e-01,7.071067811865476838e-01,-8.235158286286459184e-02,-6.957462977253565939e-02
-1.164627253675548924e-01,6.938893903907228378e-18,9.931950632176750338e-01,8.842531884871672743e-01
0.000000000000000000e+00,0.000000000000000000e+00,0.000000000000000000e+00,1.000000000000000000e+00
7.022949642422199323e-01,7.071067811865474617e-01,8.235158286286461959e-02,6.898742662517595714e-02
-7.022949642422195993e-01,7.071067811865476838e-01,-8.235158286286459184e-02,-6.898742662517594326e-02
-1.164627253675548924e-01,6.938893903907228378e-18,9.931950632176750338e-01,8.843505653478425099e-01
0.000000000000000000e+00,0.000000000000000000e+00,0.000000000000000000e+00,1.000000000000000000e+00
7.022949642422199323e-01,7.071067811865474617e-01,8.235158286286461959e-02,6.840022347781624101e-02
-7.022949642422195993e-01,7.071067811865476838e-01,-8.235158286286459184e-02,-6.840022347781621326e-02
-1.164627253675548924e-01,6.938893903907228378e-18,9.931950632176750338e-01,8.844479422085176346e-01
0.000000000000000000e+00,0.000000000000000000e+00,0.000000000000000000e+00,1.000000000000000000e+00
7.022949642422199323e-01,7.071067811865474617e-01,8.235158286286461959e-02,6.781302033045652489e-02
-7.022949642422195993e-01,7.071067811865476838e-01,-8.235158286286459184e-02,-6.781302033045651101e-02
-1.164627253675548924e-01,6.938893903907228378e-18,9.931950632176750338e-01,8.845453190691929812e-01
0.000000000000000000e+00,0.000000000000000000e+00,0.000000000000000000e+00,1.000000000000000000e+00
7.022949642422199323e-01,7.071067811865474617e-01,8.235158286286461959e-02,6.722581718309680876e-02
-7.022949642422195993e-01,7.071067811865476838e-01,-8.235158286286459184e-02,-6.722581718309679488e-02
-1.164627253675548924e-01,6.938893903907228378e-18,9.931950632176750338e-01,8.846426959298681059e-01
0.000000000000000000e+00,0.000000000000000000e+00,0.000000000000000000e+00,1.000000000000000000e+00
7.022949642422199323e-01,7.071067811865474617e-01,8.235158286286461959e-02,6.663861403573709263e-02
-7.022949642422195993e-01,7.071067811865476838e-01,-8.235158286286459184e-02,-6.663861403573709263e-02
-1.164627253675548924e-01,6.938893903907228378e-18,9.931950632176750338e-01,8.847400727905434525e-01
0.000000000000000000e+00,0.000000000000000000e+00,0.000000000000000000e+00,1.000000000000000000e+00
7.022949642422199323e-01,7.071067811865474617e-01,8.235158286286461959e-02,6.605141088837736263e-02
-7.022949642422195993e-01,7.071067811865476838e-01,-8.235158286286459184e-02,-6.605141088837736263e-02
-1.164627253675548924e-01,6.938893903907228378e-18,9.931950632176750338e-01,8.848374496512185772e-01
0.000000000000000000e+00,0.000000000000000000e+00,0.000000000000000000e+00,1.000000000000000000e+00
7.022949642422199323e-01,7.071067811865474617e-01,8.235158286286461959e-02,6.546420774101766038e-02
-7.022949642422195993e-01,7.071067811865476838e-01,-8.235158286286459184e-02,-6.546420774101766038e-02
-1.164627253675548924e-01,6.938893903907228378e-18,9.931950632176750338e-01,8.849348265118937018e-01
0.000000000000000000e+00,0.000000000000000000e+00,0.000000000000000000e+00,1.000000000000000000e+00
7.022949642422199323e-01,7.071067811865474617e-01,8.235158286286461959e-02,6.487700459365794425e-02
-7.022949642422195993e-01,7.071067811865476838e-01,-8.235158286286459184e-02,-6.487700459365793038e-02
-1.164627253675548924e-01,6.938893903907228378e-18,9.931950632176750338e-01,8.850322033725690485e-01
0.000000000000000000e+00,0.000000000000000000e+00,0.000000000000000000e+00,1.000000000000000000e+00
7.022949642422199323e-01,7.071067811865474617e-01,8.235158286286461959e-02,6.428980144629822813e-02
-7.022949642422195993e-01,7.071067811865476838e-01,-8.235158286286459184e-02,-6.428980144629822813e-02
-1.164627253675548924e-01,6.938893903907228378e-18,9.931950632176750338e-01,8.851295802332441731e-01
0.000000000000000000e+00,0.000000000000000000e+00,0.000000000000000000e+00,1.000000000000000000e+00
7.022949642422199323e-01,7.071067811865474617e-01,8.235158286286461959e-02,6.370259829893851200e-02
-7.022949642422195993e-01,7.071067811865476838e-01,-8.235158286286459184e-02,-6.370259829893851200e-02
-1.164627253675548924e-01,6.938893903907228378e-18,9.931950632176750338e-01,8.852269570939195198e-01
0.000000000000000000e+00,0.000000000000000000e+00,0.000000000000000000e+00,1.000000000000000000e+00
7.022949642422199323e-01,7.071067811865474617e-01,8.235158286286461959e-02,6.311539515157882363e-02
-7.022949642422195993e-01,7.071067811865476838e-01,-8.235158286286459184e-02,-6.311539515157879587e-02
-1.164627253675548924e-01,6.938893903907228378e-18,9.931950632176750338e-01,8.853243339545946444e-01
0.000000000000000000e+00,0.000000000000000000e+00,0.000000000000000000e+00,1.000000000000000000e+00
7.022949642422199323e-01,7.071067811865474617e-01,8.235158286286461959e-02,6.252819200421907975e-02
-7.022949642422195993e-01,7.071067811865476838e-01,-8.235158286286459184e-02,-6.252819200421907975e-02
-1.164627253675548924e-01,6.938893903907228378e-18,9.931950632176750338e-01,8.854217108152697691e-01
0.000000000000000000e+00,0.000000000000000000e+00,0.000000000000000000e+00,1.000000000000000000e+00
7.022949642422199323e-01,7.071067811865474617e-01,8.235158286286461959e-02,6.194098885685937750e-02
-7.022949642422195993e-01,7.071067811865476838e-01,-8.235158286286459184e-02,-6.194098885685936362e-02
-1.164627253675548924e-01,6.938893903907228378e-18,9.931950632176750338e-01,8.855190876759451157e-01
0.000000000000000000e+00,0.000000000000000000e+00,0.000000000000000000e+00,1.000000000000000000e+00
7.022949642422199323e-01,7.071067811865474617e-01,8.235158286286461959e-02,6.135378570949961974e-02
-7.022949642422195993e-01,7.071067811865476838e-01,-8.235158286286459184e-02,-6.135378570949961974e-02
-1.164627253675548924e-01,6.938893903907228378e-18,9.931950632176750338e-01,8.856164645366202404e-01
0.000000000000000000e+00,0.000000000000000000e+00,0.000000000000000000e+00,1.000000000000000000e+00
7.022949642422199323e-01,7.071067811865474617e-01,8.235158286286461959e-02,6.076658256213991749e-02
-7.022949642422195993e-01,7.071067811865476838e-01,-8.235158286286459184e-02,-6.076658256213991749e-02
-1.164627253675548924e-01,6.938893903907228378e-18,9.931950632176750338e-01,8.857138413972955870e-01
0.000000000000000000e+00,0.000000000000000000e+00,0.000000000000000000e+00,1.000000000000000000e+00
7.022949642422199323e-01,7.071067811865474617e-01,8.235158286286461959e-02,6.017937941478020136e-02
-7.022949642422195993e-01,7.071067811865476838e-01,-8.235158286286459184e-02,-6.017937941478020136e-02
-1.164627253675548924e-01,6.938893903907228378e-18,9.931950632176750338e-01,8.858112182579707117e-01
0.000000000000000000e+00,0.000000000000000000e+00,0.000000000000000000e+00,1.000000000000000000e+00
7.022949642422199323e-01,7.071067811865474617e-01,8.235158286286461959e-02,5.959217626742049911e-02
-7.022949642422195993e-01,7.071067811865476838e-01,-8.235158286286459184e-02,-5.959217626742047136e-02
-1.164627253675548924e-01,6.938893903907228378e-18,9.931950632176750338e-01,8.859085951186459473e-01
0.000000000000000000e+00,0.000000000000000000e+00,0.000000000000000000e+00,1.000000000000000000e+00
7.022949642422199323e-01,7.071067811865474617e-01,8.235158286286461959e-02,5.900497312006075523e-02
-7.022949642422195993e-01,7.071067811865476838e-01,-8.235158286286459184e-02,-5.900497312006076911e-02
-1.164627253675548924e-01,6.938893903907228378e-18,9.931950632176750338e-01,8.860059719793210720e-01
0.000000000000000000e+00,0.000000000000000000e+00,0.000000000000000000e+00,1.000000000000000000e+00
7.022949642422199323e-01,7.071067811865474617e-01,8.235158286286461959e-02,5.841776997270106686e-02
-7.022949642422195993e-01,7.071067811865476838e-01,-8.235158286286459184e-02,-5.841776997270105298e-02
-1.164627253675548924e-01,6.938893903907228378e-18,9.931950632176750338e-01,8.861033488399964186e-01
0.000000000000000000e+00,0.000000000000000000e+00,0.000000000000000000e+00,1.000000000000000000e+00
7.022949642422199323e-01,7.071067811865474617e-01,8.235158286286461959e-02,5.783056682534133686e-02
-7.022949642422195993e-01,7.071067811865476838e-01,-8.235158286286459184e-02,-5.783056682534133686e-02
-1.164627253675548924e-01,6.938893903907228378e-18,9.931950632176750338e-01,8.862007257006716543e-01
0.000000000000000000e+00,0.000000000000000000e+00,0.000000000000000000e+00,1.000000000000000000e+00
7.022949642422199323e-01,7.071067811865474617e-01,8.235158286286461959e-02,5.724336367798163461e-02
-7.022949642422195993e-01,7.071067811865476838e-01,-8.235158286286459184e-02,-5.724336367798160685e-02
-1.164627253675548924e-01,6.938893903907228378e-18,9.931950632176750338e-01,8.862981025613467789e-01
0.000000000000000000e+00,0.000000000000000000e+00,0.000000000000000000e+00,1.000000000000000000e+00
7.022949642422199323e-01,7.071067811865474617e-01,8.235158286286461959e-02,5.665616053062190460e-02
-7.022949642422195993e-01,7.071067811865476838e-01,-8.235158286286459184e-02,-5.665616053062190460e-02
-1.164627253675548924e-01,6.938893903907228378e-18,9.931950632176750338e-01,8.863954794220219036e-01
0.000000000000000000e+00,0.000000000000000000e+00,0.000000000000000000e+00,1.000000000000000000e+00
7.022949642422199323e-01,7.071067811865474617e-01,8.235158286286461959e-02,5.606895738326220235e-02
-7.022949642422195993e-01,7.071067811865476838e-01,-8.235158286286459184e-02,-5.606895738326220235e-02
-1.164627253675548924e-01,6.938893903907228378e-18,9.931950632176750338e-01,8.864928562826972502e-01
0.000000000000000000e+00,0.000000000000000000e+00,0.000000000000000000e+00,1.000000000000000000e+00
7.022949642422199323e-01,7.071067811865474617e-01,8.235158286286461959e-02,5.548175423590247235e-02
-7.022949642422195993e-01,7.071067811865476838e-01,-8.235158286286459184e-02,-5.548175423590247235e-02
-1.164627253675548924e-01,6.938893903907228378e-18,9.931950632176750338e-01,8.865902331433722638e-01
0.000000000000000000e+00,0.000000000000000000e+00,0.000000000000000000e+00,1.000000000000000000e+00
7.022949642422199323e-01,7.071067811865474617e-01,8.235158286286461959e-02,5.489455108854277010e-02
-7.022949642422195993e-01,7.071067811865476838e-01,-8.235158286286459184e-02,-5.489455108854277010e-02
-1.164627253675548924e-01,6.938893903907228378e-18,9.931950632176750338e-01,8.866876100040477215e-01
0.000000000000000000e+00,0.000000000000000000e+00,0.000000000000000000e+00,1.000000000000000000e+00
7.022949642422199323e-01,7.071067811865474617e-01,8.235158286286461959e-02,5.430734794118304010e-02
-7.022949642422195993e-01,7.071067811865476838e-01,-8.235158286286459184e-02,-5.430734794118304010e-02
-1.164627253675548924e-01,6.938893903907228378e-18,9.931950632176750338e-01,8.867849868647228462e-01
0.000000000000000000e+00,0.000000000000000000e+00,0.000000000000000000e+00,1.000000000000000000e+00
7.022949642422199323e-01,7.071067811865474617e-01,8.235158286286461959e-02,5.372014479382333785e-02
-7.022949642422195993e-01,7.071067811865476838e-01,-8.235158286286459184e-02,-5.372014479382333785e-02
-1.164627253675548924e-01,6.938893903907228378e-18,9.931950632176750338e-01,8.868823637253979708e-01
0.000000000000000000e+00,0.000000000000000000e+00,0.000000000000000000e+00,1.000000000000000000e+00
7.022949642422199323e-01,7.071067811865474617e-01,8.235158286286461959e-02,5.313294164646361478e-02
-7.022949642422195993e-01,7.071067811865476838e-01,-8.235158286286459184e-02,-5.313294164646362172e-02
-1.164627253675548924e-01,6.938893903907228378e-18,9.931950632176750338e-01,8.869797405860733175e-01
0.000000000000000000e+00,0.000000000000000000e+00,0.000000000000000000e+00,1.000000000000000000e+00
7.022949642422199323e-01,7.071067811865474617e-01,8.235158286286461959e-02,5.254573849910391253e-02
-7.022949642422195993e-01,7.071067811865476838e-01,-8.235158286286459184e-02,-5.254573849910390559e-02
-1.164627253675548924e-01,6.938893903907228378e-18,9.931950632176750338e-01,8.870771174467484421e-01
0.000000000000000000e+00,0.000000000000000000e+00,0.000000000000000000e+00,1.000000000000000000e+00
7.022949642422199323e-01,7.071067811865474617e-01,8.235158286286461959e-02,5.195853535174418253e-02
-7.022949642422195993e-01,7.071067811865476838e-01,-8.235158286286459184e-02,-5.195853535174418947e-02
-1.164627253675548924e-01,6.938893903907228378e-18,9.931950632176750338e-01,8.871744943074237888e-01
0.000000000000000000e+00,0.000000000000000000e+00,0.000000000000000000e+00,1.000000000000000000e+00
7.022949642422199323e-01,7.071067811865474617e-01,8.235158286286461959e-02,5.137133220438448722e-02
-7.022949642422195993e-01,7.071067811865476838e-01,-8.235158286286459184e-02,-5.137133220438447334e-02
-1.164627253675548924e-01,6.938893903907228378e-18,9.931950632176750338e-01,8.872718711680989134e-01
0.000000000000000000e+00,0.000000000000000000e+00,0.000000000000000000e+00,1.000000000000000000e+00
7.022949642422199323e-01,7.071067811865474617e-01,8.235158286286461959e-02,5.078412905702474334e-02
-7.022949642422195993e-01,7.071067811865476838e-01,-8.235158286286459184e-02,-5.078412905702475721e-02
-1.164627253675548924e-01,6.938893903907228378e-18,9.931950632176750338e-01,8.873692480287740381e-01
0.000000000000000000e+00,0.000000000000000000e+00,0.000000000000000000e+00,1.000000000000000000e+00
7.022949642422199323e-01,7.071067811865474617e-01,8.235158286286461959e-02,5.019692590966504803e-02
-7.022949642422195993e-01,7.071067811865476838e-01,-8.235158286286459184e-02,-5.019692590966505497e-02
-1.164627253675548924e-01,6.938893903907228378e-18,9.931950632176750338e-01,8.874666248894493847e-01
0.000000000000000000e+00,0.000000000000000000e+00,0.000000000000000000e+00,1.000000000000000000e+00
7.022949642422199323e-01,7.071067811865474617e-01,8.235158286286461959e-02,4.960972276230531802e-02
-7.022949642422195993e-01,7.071067811865476838e-01,-8.235158286286459184e-02,-4.960972276230532496e-02
-1.164627253675548924e-01,6.938893903907228378e-18,9.931950632176750338e-01,8.875640017501246204e-01
0.000000000000000000e+00,0.000000000000000000e+00,0.000000000000000000e+00,1.000000000000000000e+00
7.022949642422199323e-01,7.071067811865474617e-01,8.235158286286461959e-02,4.902251961494561577e-02
-7.022949642422195993e-01,7.071067811865476838e-01,-8.235158286286459184e-02,-4.902251961494560883e-02
-1.164627253675548924e-01,6.938893903907228378e-18,9.931950632176750338e-01,8.876613786107997450e-01
0.000000000000000000e+00,0.000000000000000000e+00,0.000000000000000000e+00,1.000000000000000000e+00
7.022949642422199323e-01,7.071067811865474617e-01,8.235158286286461959e-02,4.843531646758589271e-02
-7.022949642422195993e-01,7.071067811865476838e-01,-8.235158286286459184e-02,-4.843531646758589271e-02
-1.164627253675548924e-01,6.938893903907228378e-18,9.931950632176750338e-01,8.877587554714749807e-01
0.000000000000000000e+00,0.000000000000000000e+00,0.000000000000000000e+00,1.000000000000000000e+00
7.022949642422199323e-01,7.071067811865474617e-01,8.235158286286461959e-02,4.784811332022619046e-02
-7.022949642422195993e-01,7.071067811865476838e-01,-8.235158286286459184e-02,-4.784811332022617658e-02
-1.164627253675548924e-01,6.938893903907228378e-18,9.931950632176750338e-01,8.878561323321501053e-01
0.000000000000000000e+00,0.000000000000000000e+00,0.000000000000000000e+00,1.000000000000000000e+00
7.022949642422199323e-01,7.071067811865474617e-01,8.235158286286461959e-02,4.726091017286646045e-02
-7.022949642422195993e-01,7.071067811865476838e-01,-8.235158286286459184e-02,-4.726091017286646045e-02
-1.164627253675548924e-01,6.938893903907228378e-18,9.931950632176750338e-01,8.879535091928253410e-01
0.000000000000000000e+00,0.000000000000000000e+00,0.000000000000000000e+00,1.000000000000000000e+00
7.022949642422199323e-01,7.071067811865474617e-01,8.235158286286461959e-02,4.667370702550675821e-02
-7.022949642422195993e-01,7.071067811865476838e-01,-8.235158286286459184e-02,-4.667370702550675821e-02
-1.164627253675548924e-01,6.938893903907228378e-18,9.931950632176750338e-01,8.880508860535005766e-01
0.000000000000000000e+00,0.000000000000000000e+00,0.000000000000000000e+00,1.000000000000000000e+00
7.022949642422199323e-01,7.071067811865474617e-01,8.235158286286461959e-02,4.608650387814703514e-02
-7.022949642422195993e-01,7.071067811865476838e-01,-8.235158286286459184e-02,-4.608650387814704208e-02
-1.164627253675548924e-01,6.938893903907228378e-18,9.931950632176750338e-01,8.881482629141758123e-01
0.000000000000000000e+00,0.000000000000000000e+00,0.000000000000000000e+00,1.000000000000000000e+00
7.022949642422199323e-01,7.071067811865474617e-01,8.235158286286461959e-02,4.549930073078733289e-02
-7.022949642422195993e-01,7.071067811865476838e-01,-8.235158286286459184e-02,-4.549930073078732595e-02
-1.164627253675548924e-01,6.938893903907228378e-18,9.931950632176750338e-01,8.882456397748510479e-01
0.000000000000000000e+00,0.000000000000000000e+00,0.000000000000000000e+00,1.000000000000000000e+00
7.022949642422199323e-01,7.071067811865474617e-01,8.235158286286461959e-02,4.491209758342759595e-02
-7.022949642422195993e-01,7.071067811865476838e-01,-8.235158286286459184e-02,-4.491209758342760983e-02
-1.164627253675548924e-01,6.938893903907228378e-18,9.931950632176750338e-01,8.883430166355261726e-01
0.000000000000000000e+00,0.000000000000000000e+00,0.000000000000000000e+00,1.000000000000000000e+00
7.022949642422199323e-01,7.071067811865474617e-01,8.235158286286461959e-02,4.432489443606790064e-02
-7.022949642422195993e-01,7.071067811865476838e-01,-8.235158286286459184e-02,-4.432489443606787982e-02
-1.164627253675548924e-01,6.938893903907228378e-18,9.931950632176750338e-01,8.884403934962015192e-01
0.000000000000000000e+00,0.000000000000000000e+00,0.000000000000000000e+00,1.000000000000000000e+00
7.022949642422199323e-01,7.071067811865474617e-01,8.235158286286461959e-02,4.373769128870817063e-02
-7.022949642422195993e-01,7.071067811865476838e-01,-8.235158286286459184e-02,-4.373769128870817757e-02
-1.164627253675548924e-01,6.938893903907228378e-18,9.931950632176750338e-01,8.885377703568765329e-01
0.000000000000000000e+00,0.000000000000000000e+00,0.000000000000000000e+00,1.000000000000000000e+00
7.022949642422199323e-01,7.071067811865474617e-01,8.235158286286461959e-02,4.315048814134846838e-02
-7.022949642422195993e-01,7.071067811865476838e-01,-8.235158286286459184e-02,-4.315048814134846145e-02
-1.164627253675548924e-01,6.938893903907228378e-18,9.931950632176750338e-01,8.886351472175518795e-01
0.000000000000000000e+00,0.000000000000000000e+00,0.000000000000000000e+00,1.000000000000000000e+00
7.022949642422199323e-01,7.071067811865474617e-01,8.235158286286461959e-02,4.256328499398873838e-02
-7.022949642422195993e-01,7.071067811865476838e-01,-8.235158286286459184e-02,-4.256328499398874532e-02
-1.164627253675548924e-01,6.938893903907228378e-18,9.931950632176750338e-01,8.887325240782271152e-01
0.000000000000000000e+00,0.000000000000000000e+00,0.000000000000000000e+00,1.000000000000000000e+00
7.022949642422199323e-01,7.071067811865474617e-01,8.235158286286461959e-02,4.197608184662903613e-02
-7.022949642422195993e-01,7.071067811865476838e-01,-8.235158286286459184e-02,-4.197608184662902919e-02
-1.164627253675548924e-01,6.938893903907228378e-18,9.931950632176750338e-01,8.888299009389022398e-01
0.000000000000000000e+00,0.000000000000000000e+00,0.000000000000000000e+00,1.000000000000000000e+00
7.022949642422199323e-01,7.071067811865474617e-01,8.235158286286461959e-02,4.138887869926931307e-02
-7.022949642422195993e-01,7.071067811865476838e-01,-8.235158286286459184e-02,-4.138887869926931307e-02
-1.164627253675548924e-01,6.938893903907228378e-18,9.931950632176750338e-01,8.889272777995774755e-01
0.000000000000000000e+00,0.000000000000000000e+00,0.000000000000000000e+00,1.000000000000000000e+00
7.022949642422199323e-01,7.071067811865474617e-01,8.235158286286461959e-02,4.080167555190960388e-02
-7.022949642422195993e-01,7.071067811865476838e-01,-8.235158286286459184e-02,-4.080167555190961082e-02
-1.164627253675548924e-01,6.938893903907228378e-18,9.931950632176750338e-01,8.890246546602527111e-01
0.000000000000000000e+00,0.000000000000000000e+00,0.000000000000000000e+00,1.000000000000000000e+00
7.022949642422199323e-01,7.071067811865474617e-01,8.235158286286461959e-02,4.021447240454987387e-02
-7.022949642422195993e-01,7.071067811865476838e-01,-8.235158286286459184e-02,-4.021447240454989469e-02
-1.164627253675548924e-01,6.938893903907228378e-18,9.931950632176750338e-01,8.891220315209277247e-01
0.000000000000000000e+00,0.000000000000000000e+00,0.000000000000000000e+00,1.000000000000000000e+00
7.022949642422199323e-01,7.071067811865474617e-01,8.235158286286461959e-02,3.962726925719017163e-02
-7.022949642422195993e-01,7.071067811865476838e-01,-8.235158286286459184e-02,-3.962726925719017856e-02
-1.164627253675548924e-01,6.938893903907228378e-18,9.931950632176750338e-01,8.892194083816031824e-01
0.000000000000000000e+00,0.000000000000000000e+00,0.000000000000000000e+00,1.000000000000000000e+00
7.022949642422199323e-01,7.071067811865474617e-01,8.235158286286461959e-02,3.904006610983044856e-02
-7.022949642422195993e-01,7.071067811865476838e-01,-8.235158286286459184e-02,-3.904006610983044856e-02
-1.164627253675548924e-01,6.938893903907228378e-18,9.931950632176750338e-01,8.893167852422783071e-01
0.000000000000000000e+00,0.000000000000000000e+00,0.000000000000000000e+00,1.000000000000000000e+00
7.022949642422199323e-01,7.071067811865474617e-01,8.235158286286461959e-02,3.845286296247074631e-02
-7.022949642422195993e-01,7.071067811865476838e-01,-8.235158286286459184e-02,-3.845286296247073243e-02
-1.164627253675548924e-01,6.938893903907228378e-18,9.931950632176750338e-01,8.894141621029536537e-01
0.000000000000000000e+00,0.000000000000000000e+00,0.000000000000000000e+00,1.000000000000000000e+00
7.022949642422199323e-01,7.071067811865474617e-01,8.235158286286461959e-02,3.786565981511101631e-02
-7.022949642422195993e-01,7.071067811865476838e-01,-8.235158286286459184e-02,-3.786565981511103018e-02
-1.164627253675548924e-01,6.938893903907228378e-18,9.931950632176750338e-01,8.895115389636288894e-01
0.000000000000000000e+00,0.000000000000000000e+00,0.000000000000000000e+00,1.000000000000000000e+00
7.022949642422199323e-01,7.071067811865474617e-01,8.235158286286461959e-02,3.727845666775130712e-02
-7.022949642422195993e-01,7.071067811865476838e-01,-8.235158286286459184e-02,-3.727845666775131406e-02
-1.164627253675548924e-01,6.938893903907228378e-18,9.931950632176750338e-01,8.896089158243039030e-01
0.000000000000000000e+00,0.000000000000000000e+00,0.000000000000000000e+00,1.000000000000000000e+00
7.022949642422199323e-01,7.071067811865474617e-01,8.235158286286461959e-02,3.669125352039158405e-02
-7.022949642422195993e-01,7.071067811865476838e-01,-8.235158286286459184e-02,-3.669125352039159793e-02
-1.164627253675548924e-01,6.938893903907228378e-18,9.931950632176750338e-01,8.897062926849792497e-01
0.000000000000000000e+00,0.000000000000000000e+00,0.000000000000000000e+00,1.000000000000000000e+00
7.022949642422199323e-01,7.071067811865474617e-01,8.235158286286461959e-02,3.610405037303188180e-02
-7.022949642422195993e-01,7.071067811865476838e-01,-8.235158286286459184e-02,-3.610405037303188180e-02
-1.164627253675548924e-01,6.938893903907228378e-18,9.931950632176750338e-01,8.898036695456543743e-01
0.000000000000000000e+00,0.000000000000000000e+00,0.000000000000000000e+00,1.000000000000000000e+00
7.022949642422199323e-01,7.071067811865474617e-01,8.235158286286461959e-02,3.551684722567215874e-02
-7.022949642422195993e-01,7.071067811865476838e-01,-8.235158286286459184e-02,-3.551684722567216568e-02
-1.164627253675548924e-01,6.938893903907228378e-18,9.931950632176750338e-01,8.899010464063296100e-01
0.000000000000000000e+00,0.000000000000000000e+00,0.000000000000000000e+00,1.000000000000000000e+00
7.022949642422199323e-01,7.071067811865474617e-01,8.235158286286461959e-02,3.492964407831244955e-02
-7.022949642422195993e-01,7.071067811865476838e-01,-8.235158286286459184e-02,-3.492964407831246343e-02
-1.164627253675548924e-01,6.938893903907228378e-18,9.931950632176750338e-01,8.899984232670048456e-01
0.000000000000000000e+00,0.000000000000000000e+00,0.000000000000000000e+00,1.000000000000000000e+00
7.022949642422199323e-01,7.071067811865474617e-01,8.235158286286461959e-02,3.434244093095272649e-02
-7.022949642422195993e-01,7.071067811865476838e-01,-8.235158286286459184e-02,-3.434244093095273342e-02
-1.164627253675548924e-01,6.938893903907228378e-18,9.931950632176750338e-01,8.900958001276800813e-01
0.000000000000000000e+00,0.000000000000000000e+00,0.000000000000000000e+00,1.000000000000000000e+00
7.022949642422199323e-01,7.071067811865474617e-01,8.235158286286461959e-02,3.375523778359302424e-02
-7.022949642422195993e-01,7.071067811865476838e-01,-8.235158286286459184e-02,-3.375523778359301730e-02
-1.164627253675548924e-01,6.938893903907228378e-18,9.931950632176750338e-01,8.901931769883552059e-01
0.000000000000000000e+00,0.000000000000000000e+00,0.000000000000000000e+00,1.000000000000000000e+00
7.022949642422199323e-01,7.071067811865474617e-01,8.235158286286461959e-02,3.316803463623329423e-02
-7.022949642422195993e-01,7.071067811865476838e-01,-8.235158286286459184e-02,-3.316803463623330117e-02
-1.164627253675548924e-01,6.938893903907228378e-18,9.931950632176750338e-01,8.902905538490304416e-01
0.000000000000000000e+00,0.000000000000000000e+00,0.000000000000000000e+00,1.000000000000000000e+00
7.022949642422199323e-01,7.071067811865474617e-01,8.235158286286461959e-02,3.258083148887359198e-02
-7.022949642422195993e-01,7.071067811865476838e-01,-8.235158286286459184e-02,-3.258083148887359892e-02
-1.164627253675548924e-01,6.938893903907228378e-18,9.931950632176750338e-01,8.903879307097056772e-01
0.000000000000000000e+00,0.000000000000000000e+00,0.000000000000000000e+00,1.000000000000000000e+00
7.022949642422199323e-01,7.071067811865474617e-01,8.235158286286461959e-02,3.199362834151386198e-02
-7.022949642422195993e-01,7.071067811865476838e-01,-8.235158286286459184e-02,-3.199362834151388280e-02
-1.164627253675548924e-01,6.938893903907228378e-18,9.931950632176750338e-01,8.904853075703808019e-01
0.000000000000000000e+00,0.000000000000000000e+00,0.000000000000000000e+00,1.000000000000000000e+00
7.022949642422199323e-01,7.071067811865474617e-01,8.235158286286461959e-02,3.140642519415413891e-02
-7.022949642422195993e-01,7.071067811865476838e-01,-8.235158286286459184e-02,-3.140642519415413891e-02
-1.164627253675548924e-01,6.938893903907228378e-18,9.931950632176750338e-01,8.905826844310561485e-01
0.000000000000000000e+00,0.000000000000000000e+00,0.000000000000000000e+00,1.000000000000000000e+00
7.022949642422199323e-01,7.071067811865474617e-01,8.235158286286461959e-02,3.081922204679440891e-02
-7.022949642422195993e-01,7.071067811865476838e-01,-8.235158286286459184e-02,-3.081922204679442626e-02
-1.164627253675548924e-01,6.938893903907228378e-18,9.931950632176750338e-01,8.906800612917313842e-01
0.000000000000000000e+00,0.000000000000000000e+00,0.000000000000000000e+00,1.000000000000000000e+00
7.022949642422199323e-01,7.071067811865474617e-01,8.235158286286461959e-02,3.023201889943470666e-02
-7.022949642422195993e-01,7.071067811865476838e-01,-8.235158286286459184e-02,-3.023201889943471013e-02
-1.164627253675548924e-01,6.938893903907228378e-18,9.931950632176750338e-01,8.907774381524065088e-01
0.000000000000000000e+00,0.000000000000000000e+00,0.000000000000000000e+00,1.000000000000000000e+00
7.022949642422199323e-01,7.071067811865474617e-01,8.235158286286461959e-02,2.964481575207497666e-02
-7.022949642422195993e-01,7.071067811865476838e-01,-8.235158286286459184e-02,-2.964481575207500094e-02
-1.164627253675548924e-01,6.938893903907228378e-18,9.931950632176750338e-01,8.908748150130818555e-01
0.000000000000000000e+00,0.000000000000000000e+00,0.000000000000000000e+00,1.000000000000000000e+00
7.022949642422199323e-01,7.071067811865474617e-01,8.235158286286461959e-02,2.905761260471527441e-02
-7.022949642422195993e-01,7.071067811865476838e-01,-8.235158286286459184e-02,-2.905761260471529175e-02
-1.164627253675548924e-01,6.938893903907228378e-18,9.931950632176750338e-01,8.909721918737569801e-01
0.000000000000000000e+00,0.000000000000000000e+00,0.000000000000000000e+00,1.000000000000000000e+00
7.022949642422199323e-01,7.071067811865474617e-01,8.235158286286461959e-02,2.847040945735555134e-02
-7.022949642422195993e-01,7.071067811865476838e-01,-8.235158286286459184e-02,-2.847040945735556175e-02
-1.164627253675548924e-01,6.938893903907228378e-18,9.931950632176750338e-01,8.910695687344319937e-01
0.000000000000000000e+00,0.000000000000000000e+00,0.000000000000000000e+00,1.000000000000000000e+00
7.022949642422199323e-01,7.071067811865474617e-01,8.235158286286461959e-02,2.788320630999584909e-02
-7.022949642422195993e-01,7.071067811865476838e-01,-8.235158286286459184e-02,-2.788320630999584562e-02
-1.164627253675548924e-01,6.938893903907228378e-18,9.931950632176750338e-01,8.911669455951074514e-01
0.000000000000000000e+00,0.000000000000000000e+00,0.000000000000000000e+00,1.000000000000000000e+00
7.022949642422199323e-01,7.071067811865474617e-01,8.235158286286461959e-02,2.729600316263611909e-02
-7.022949642422195993e-01,7.071067811865476838e-01,-8.235158286286459184e-02,-2.729600316263612950e-02
-1.164627253675548924e-01,6.938893903907228378e-18,9.931950632176750338e-01,8.912643224557825761e-01
0.000000000000000000e+00,0.000000000000000000e+00,0.000000000000000000e+00,1.000000000000000000e+00
7.022949642422199323e-01,7.071067811865474617e-01,8.235158286286461959e-02,2.670880001527642378e-02
-7.022949642422195993e-01,7.071067811865476838e-01,-8.235158286286459184e-02,-2.670880001527642725e-02
-1.164627253675548924e-01,6.938893903907228378e-18,9.931950632176750338e-01,8.913616993164579227e-01
0.000000000000000000e+00,0.000000000000000000e+00,0.000000000000000000e+00,1.000000000000000000e+00
7.022949642422199323e-01,7.071067811865474617e-01,8.235158286286461959e-02,2.612159686791668683e-02
-7.022949642422195993e-01,7.071067811865476838e-01,-8.235158286286459184e-02,-2.612159686791671112e-02
-1.164627253675548924e-01,6.938893903907228378e-18,9.931950632176750338e-01,8.914590761771330474e-01
0.000000000000000000e+00,0.000000000000000000e+00,0.000000000000000000e+00,1.000000000000000000e+00
7.022949642422199323e-01,7.071067811865474617e-01,8.235158286286461959e-02,2.553439372055698459e-02
-7.022949642422195993e-01,7.071067811865476838e-01,-8.235158286286459184e-02,-2.553439372055699499e-02
-1.164627253675548924e-01,6.938893903907228378e-18,9.931950632176750338e-01,8.915564530378081720e-01
0.000000000000000000e+00,0.000000000000000000e+00,0.000000000000000000e+00,1.000000000000000000e+00
7.022949642422199323e-01,7.071067811865474617e-01,8.235158286286461959e-02,2.494719057319726152e-02
-7.022949642422195993e-01,7.071067811865476838e-01,-8.235158286286459184e-02,-2.494719057319727887e-02
-1.164627253675548924e-01,6.938893903907228378e-18,9.931950632176750338e-01,8.916538298984835187e-01
0.000000000000000000e+00,0.000000000000000000e+00,0.000000000000000000e+00,1.000000000000000000e+00
7.022949642422199323e-01,7.071067811865474617e-01,8.235158286286461959e-02,2.435998742583755927e-02
-7.022949642422195993e-01,7.071067811865476838e-01,-8.235158286286459184e-02,-2.435998742583756274e-02
-1.164627253675548924e-01,6.938893903907228378e-18,9.931950632176750338e-01,8.917512067591586433e-01
0.000000000000000000e+00,0.000000000000000000e+00,0.000000000000000000e+00,1.000000000000000000e+00
7.022949642422199323e-01,7.071067811865474617e-01,8.235158286286461959e-02,2.377278427847782927e-02
-7.022949642422195993e-01,7.071067811865476838e-01,-8.235158286286459184e-02,-2.377278427847783968e-02
-1.164627253675548924e-01,6.938893903907228378e-18,9.931950632176750338e-01,8.918485836198339900e-01
0.000000000000000000e+00,0.000000000000000000e+00,0.000000000000000000e+00,1.000000000000000000e+00
7.022949642422199323e-01,7.071067811865474617e-01,8.235158286286461959e-02,2.318558113111812702e-02
-7.022949642422195993e-01,7.071067811865476838e-01,-8.235158286286459184e-02,-2.318558113111813049e-02
-1.164627253675548924e-01,6.938893903907228378e-18,9.931950632176750338e-01,8.919459604805091146e-01
0.000000000000000000e+00,0.000000000000000000e+00,0.000000000000000000e+00,1.000000000000000000e+00
7.022949642422199323e-01,7.071067811865474617e-01,8.235158286286461959e-02,2.259837798375839701e-02
-7.022949642422195993e-01,7.071067811865476838e-01,-8.235158286286459184e-02,-2.259837798375841089e-02
-1.164627253675548924e-01,6.938893903907228378e-18,9.931950632176750338e-01,8.920433373411843503e-01
0.000000000000000000e+00,0.000000000000000000e+00,0.000000000000000000e+00,1.000000000000000000e+00
7.022949642422199323e-01,7.071067811865474617e-01,8.235158286286461959e-02,2.201117483639868783e-02
-7.022949642422195993e-01,7.071067811865476838e-01,-8.235158286286459184e-02,-2.201117483639869823e-02
-1.164627253675548924e-01,6.938893903907228378e-18,9.931950632176750338e-01,8.921407142018594749e-01
0.000000000000000000e+00,0.000000000000000000e+00,0.000000000000000000e+00,1.000000000000000000e+00
7.022949642422199323e-01,7.071067811865474617e-01,8.235158286286461959e-02,2.142397168903896823e-02
-7.022949642422195993e-01,7.071067811865476838e-01,-8.235158286286459184e-02,-2.142397168903898558e-02
-1.164627253675548924e-01,6.938893903907228378e-18,9.931950632176750338e-01,8.922380910625347106e-01
0.000000000000000000e+00,0.000000000000000000e+00,0.000000000000000000e+00,1.000000000000000000e+00
7.022949642422199323e-01,7.071067811865474617e-01,8.235158286286461959e-02,2.083676854167926251e-02
-7.022949642422195993e-01,7.071067811865476838e-01,-8.235158286286459184e-02,-2.083676854167927639e-02
-1.164627253675548924e-01,6.938893903907228378e-18,9.931950632176750338e-01,8.923354679232099462e-01
0.000000000000000000e+00,0.000000000000000000e+00,0.000000000000000000e+00,1.000000000000000000e+00
7.022949642422199323e-01,7.071067811865474617e-01,8.235158286286461959e-02,2.024956539431952904e-02
-7.022949642422195993e-01,7.071067811865476838e-01,-8.235158286286459184e-02,-2.024956539431956026e-02
-1.164627253675548924e-01,6.938893903907228378e-18,9.931950632176750338e-01,8.924328447838851819e-01
0.000000000000000000e+00,0.000000000000000000e+00,0.000000000000000000e+00,1.000000000000000000e+00
7.022949642422199323e-01,7.071067811865474617e-01,8.235158286286461959e-02,1.966236224695983026e-02
-7.022949642422195993e-01,7.071067811865476838e-01,-8.235158286286459184e-02,-1.966236224695984761e-02
-1.164627253675548924e-01,6.938893903907228378e-18,9.931950632176750338e-01,8.925302216445603065e-01
0.000000000000000000e+00,0.000000000000000000e+00,0.000000000000000000e+00,1.000000000000000000e+00
7.022949642422199323e-01,7.071067811865474617e-01,8.235158286286461959e-02,1.907515909960011066e-02
-7.022949642422195993e-01,7.071067811865476838e-01,-8.235158286286459184e-02,-1.907515909960011760e-02
-1.164627253675548924e-01,6.938893903907228378e-18,9.931950632176750338e-01,8.926275985052356532e-01
0.000000000000000000e+00,0.000000000000000000e+00,0.000000000000000000e+00,1.000000000000000000e+00
7.022949642422199323e-01,7.071067811865474617e-01,8.235158286286461959e-02,1.848795595224039801e-02
-7.022949642422195993e-01,7.071067811865476838e-01,-8.235158286286459184e-02,-1.848795595224040494e-02
-1.164627253675548924e-01,6.938893903907228378e-18,9.931950632176750338e-01,8.927249753659106668e-01
0.000000000000000000e+00,0.000000000000000000e+00,0.000000000000000000e+00,1.000000000000000000e+00
7.022949642422199323e-01,7.071067811865474617e-01,8.235158286286461959e-02,1.790075280488067494e-02
-7.022949642422195993e-01,7.071067811865476838e-01,-8.235158286286459184e-02,-1.790075280488069229e-02
-1.164627253675548924e-01,6.938893903907228378e-18,9.931950632176750338e-01,8.928223522265861245e-01
0.000000000000000000e+00,0.000000000000000000e+00,0.000000000000000000e+00,1.000000000000000000e+00
7.022949642422199323e-01,7.071067811865474617e-01,8.235158286286461959e-02,1.731354965752097269e-02
-7.022949642422195993e-01,7.071067811865476838e-01,-8.235158286286459184e-02,-1.731354965752097963e-02
-1.164627253675548924e-01,6.938893903907228378e-18,9.931950632176750338e-01,8.929197290872612491e-01
0.000000000000000000e+00,0.000000000000000000e+00,0.000000000000000000e+00,1.000000000000000000e+00
7.022949642422199323e-01,7.071067811865474617e-01,8.235158286286461959e-02,1.672634651016123922e-02
-7.022949642422195993e-01,7.071067811865476838e-01,-8.235158286286459184e-02,-1.672634651016126003e-02
-1.164627253675548924e-01,6.938893903907228378e-18,9.931950632176750338e-01,8.930171059479363738e-01
0.000000000000000000e+00,0.000000000000000000e+00,0.000000000000000000e+00,1.000000000000000000e+00
7.022949642422199323e-01,7.071067811865474617e-01,8.235158286286461959e-02,1.613914336280153697e-02
-7.022949642422195993e-01,7.071067811865476838e-01,-8.235158286286459184e-02,-1.613914336280155085e-02
-1.164627253675548924e-01,6.938893903907228378e-18,9.931950632176750338e-01,8.931144828086117204e-01
0.000000000000000000e+00,0.000000000000000000e+00,0.000000000000000000e+00,1.000000000000000000e+00
7.022949642422199323e-01,7.071067811865474617e-01,8.235158286286461959e-02,1.555194021544181043e-02
-7.022949642422195993e-01,7.071067811865476838e-01,-8.235158286286459184e-02,-1.555194021544183472e-02
-1.164627253675548924e-01,6.938893903907228378e-18,9.931950632176750338e-01,8.932118596692868451e-01
0.000000000000000000e+00,0.000000000000000000e+00,0.000000000000000000e+00,1.000000000000000000e+00
7.022949642422199323e-01,7.071067811865474617e-01,8.235158286286461959e-02,1.496473706808211512e-02
-7.022949642422195993e-01,7.071067811865476838e-01,-8.235158286286459184e-02,-1.496473706808213247e-02
-1.164627253675548924e-01,6.938893903907228378e-18,9.931950632176750338e-01,8.933092365299621918e-01
0.000000000000000000e+00,0.000000000000000000e+00,0.000000000000000000e+00,1.000000000000000000e+00
7.022949642422199323e-01,7.071067811865474617e-01,8.235158286286461959e-02,1.437753392072238512e-02
-7.022949642422195993e-01,7.071067811865476838e-01,-8.235158286286459184e-02,-1.437753392072240941e-02
-1.164627253675548924e-01,6.938893903907228378e-18,9.931950632176750338e-01,8.934066133906373164e-01
0.000000000000000000e+00,0.000000000000000000e+00,0.000000000000000000e+00,1.000000000000000000e+00
7.022949642422199323e-01,7.071067811865474617e-01,8.235158286286461959e-02,1.379033077336268287e-02
-7.022949642422195993e-01,7.071067811865476838e-01,-8.235158286286459184e-02,-1.379033077336268981e-02
-1.164627253675548924e-01,6.938893903907228378e-18,9.931950632176750338e-01,8.935039902513124410e-01
0.000000000000000000e+00,0.000000000000000000e+00,0.000000000000000000e+00,1.000000000000000000e+00
7.022949642422199323e-01,7.071067811865474617e-01,8.235158286286461959e-02,1.320312762600295980e-02
-7.022949642422195993e-01,7.071067811865476838e-01,-8.235158286286459184e-02,-1.320312762600297021e-02
-1.164627253675548924e-01,6.938893903907228378e-18,9.931950632176750338e-01,8.936013671119877877e-01
0.000000000000000000e+00,0.000000000000000000e+00,0.000000000000000000e+00,1.000000000000000000e+00
7.022949642422199323e-01,7.071067811865474617e-01,8.235158286286461959e-02,1.261592447864325062e-02
-7.022949642422195993e-01,7.071067811865476838e-01,-8.235158286286459184e-02,-1.261592447864326103e-02
-1.164627253675548924e-01,6.938893903907228378e-18,9.931950632176750338e-01,8.936987439726629123e-01
0.000000000000000000e+00,0.000000000000000000e+00,0.000000000000000000e+00,1.000000000000000000e+00
7.022949642422199323e-01,7.071067811865474617e-01,8.235158286286461959e-02,1.202872133128351367e-02
-7.022949642422195993e-01,7.071067811865476838e-01,-8.235158286286459184e-02,-1.202872133128354490e-02
-1.164627253675548924e-01,6.938893903907228378e-18,9.931950632176750338e-01,8.937961208333381480e-01
0.000000000000000000e+00,0.000000000000000000e+00,0.000000000000000000e+00,1.000000000000000000e+00
7.022949642422199323e-01,7.071067811865474617e-01,8.235158286286461959e-02,1.144151818392381836e-02
-7.022949642422195993e-01,7.071067811865476838e-01,-8.235158286286459184e-02,-1.144151818392383571e-02
-1.164627253675548924e-01,6.938893903907228378e-18,9.931950632176750338e-01,8.938934976940133836e-01
0.000000000000000000e+00,0.000000000000000000e+00,0.000000000000000000e+00,1.000000000000000000e+00
7.022949642422199323e-01,7.071067811865474617e-01,8.235158286286461959e-02,1.085431503656408836e-02
-7.022949642422195993e-01,7.071067811865476838e-01,-8.235158286286459184e-02,-1.085431503656411265e-02
-1.164627253675548924e-01,6.938893903907228378e-18,9.931950632176750338e-01,8.939908745546885083e-01
0.000000000000000000e+00,0.000000000000000000e+00,0.000000000000000000e+00,1.000000000000000000e+00
7.022949642422199323e-01,7.071067811865474617e-01,8.235158286286461959e-02,1.026711188920437917e-02
-7.022949642422195993e-01,7.071067811865476838e-01,-8.235158286286459184e-02,-1.026711188920440346e-02
-1.164627253675548924e-01,6.938893903907228378e-18,9.931950632176750338e-01,8.940882514153637439e-01
0.000000000000000000e+00,0.000000000000000000e+00,0.000000000000000000e+00,1.000000000000000000e+00
7.022949642422199323e-01,7.071067811865474617e-01,8.235158286286461959e-02,9.679908741844656106e-03
-7.022949642422195993e-01,7.071067811865476838e-01,-8.235158286286459184e-02,-9.679908741844687331e-03
-1.164627253675548924e-01,6.938893903907228378e-18,9.931950632176750338e-01,8.941856282760390906e-01
0.000000000000000000e+00,0.000000000000000000e+00,0.000000000000000000e+00,1.000000000000000000e+00
7.022949642422199323e-01,7.071067811865474617e-01,8.235158286286461959e-02,9.092705594484960796e-03
-7.022949642422195993e-01,7.071067811865476838e-01,-8.235158286286459184e-02,-9.092705594484967735e-03
-1.164627253675548924e-01,6.938893903907228378e-18,9.931950632176750338e-01,8.942830051367142152e-01
0.000000000000000000e+00,0.000000000000000000e+00,0.000000000000000000e+00,1.000000000000000000e+00
7.022949642422199323e-01,7.071067811865474617e-01,8.235158286286461959e-02,8.505502447125230792e-03
-7.022949642422195993e-01,7.071067811865476838e-01,-8.235158286286459184e-02,-8.505502447125248139e-03
-1.164627253675548924e-01,6.938893903907228378e-18,9.931950632176750338e-01,8.943803819973894509e-01
0.000000000000000000e+00,0.000000000000000000e+00,0.000000000000000000e+00,1.000000000000000000e+00
7.022949642422199323e-01,7.071067811865474617e-01,8.235158286286461959e-02,7.918299299765535482e-03
-7.022949642422195993e-01,7.071067811865476838e-01,-8.235158286286459184e-02,-7.918299299765538951e-03
-1.164627253675548924e-01,6.938893903907228378e-18,9.931950632176750338e-01,8.944777588580645755e-01
0.000000000000000000e+00,0.000000000000000000e+00,0.000000000000000000e+00,1.000000000000000000e+00
7.022949642422199323e-01,7.071067811865474617e-01,8.235158286286461959e-02,7.331096152405798538e-03
-7.022949642422195993e-01,7.071067811865476838e-01,-8.235158286286459184e-02,-7.331096152405815886e-03
-1.164627253675548924e-01,6.938893903907228378e-18,9.931950632176750338e-01,8.945751357187399222e-01
0.000000000000000000e+00,0.000000000000000000e+00,0.000000000000000000e+00,1.000000000000000000e+00
7.022949642422199323e-01,7.071067811865474617e-01,8.235158286286461959e-02,6.743893005046089351e-03
-7.022949642422195993e-01,7.071067811865476838e-01,-8.235158286286459184e-02,-6.743893005046111902e-03
-1.164627253675548924e-01,6.938893903907228378e-18,9.931950632176750338e-01,8.946725125794149358e-01
0.000000000000000000e+00,0.000000000000000000e+00,0.000000000000000000e+00,1.000000000000000000e+00
7.022949642422199323e-01,7.071067811865474617e-01,8.235158286286461959e-02,6.156689857686366285e-03
-7.022949642422195993e-01,7.071067811865476838e-01,-8.235158286286459184e-02,-6.156689857686395775e-03
-1.164627253675548924e-01,6.938893903907228378e-18,9.931950632176750338e-01,8.947698894400903935e-01
0.000000000000000000e+00,0.000000000000000000e+00,0.000000000000000000e+00,1.000000000000000000e+00
7.022949642422199323e-01,7.071067811865474617e-01,8.235158286286461959e-02,5.569486710326664036e-03
-7.022949642422195993e-01,7.071067811865476838e-01,-8.235158286286459184e-02,-5.569486710326686588e-03
-1.164627253675548924e-01,6.938893903907228378e-18,9.931950632176750338e-01,8.948672663007654071e-01
0.000000000000000000e+00,0.000000000000000000e+00,0.000000000000000000e+00,1.000000000000000000e+00
7.022949642422199323e-01,7.071067811865474617e-01,8.235158286286461959e-02,4.982283562966934032e-03
-7.022949642422195993e-01,7.071067811865476838e-01,-8.235158286286459184e-02,-4.982283562966966992e-03
-1.164627253675548924e-01,6.938893903907228378e-18,9.931950632176750338e-01,8.949646431614406428e-01
0.000000000000000000e+00,0.000000000000000000e+00,0.000000000000000000e+00,1.000000000000000000e+00
7.022949642422199323e-01,7.071067811865474617e-01,8.235158286286461959e-02,4.395080415607238722e-03
-7.022949642422195993e-01,7.071067811865476838e-01,-8.235158286286459184e-02,-4.395080415607243926e-03
-1.164627253675548924e-01,6.938893903907228378e-18,9.931950632176750338e-01,8.950620200221158784e-01
0.000000000000000000e+00,0.000000000000000000e+00,0.000000000000000000e+00,1.000000000000000000e+00
7.022949642422199323e-01,7.071067811865474617e-01,8.235158286286461959e-02,3.807877268247515656e-03
-7.022949642422195993e-01,7.071067811865476838e-01,-8.235158286286459184e-02,-3.807877268247527799e-03
-1.164627253675548924e-01,6.938893903907228378e-18,9.931950632176750338e-01,8.951593968827911141e-01
0.000000000000000000e+00,0.000000000000000000e+00,0.000000000000000000e+00,1.000000000000000000e+00
7.022949642422199323e-01,7.071067811865474617e-01,8.235158286286461959e-02,3.220674120887820346e-03
-7.022949642422195993e-01,7.071067811865476838e-01,-8.235158286286459184e-02,-3.220674120887822081e-03
-1.164627253675548924e-01,6.938893903907228378e-18,9.931950632176750338e-01,8.952567737434663497e-01
0.000000000000000000e+00,0.000000000000000000e+00,0.000000000000000000e+00,1.000000000000000000e+00
7.022949642422199323e-01,7.071067811865474617e-01,8.235158286286461959e-02,2.633470973528076464e-03
-7.022949642422195993e-01,7.071067811865476838e-01,-8.235158286286459184e-02,-2.633470973528102485e-03
-1.164627253675548924e-01,6.938893903907228378e-18,9.931950632176750338e-01,8.953541506041415854e-01
0.000000000000000000e+00,0.000000000000000000e+00,0.000000000000000000e+00,1.000000000000000000e+00
7.022949642422199323e-01,7.071067811865474617e-01,8.235158286286461959e-02,2.046267826168374215e-03
-7.022949642422195993e-01,7.071067811865476838e-01,-8.235158286286459184e-02,-2.046267826168393297e-03
-1.164627253675548924e-01,6.938893903907228378e-18,9.931950632176750338e-01,8.954515274648167100e-01
0.000000000000000000e+00,0.000000000000000000e+00,0.000000000000000000e+00,1.000000000000000000e+00
7.022949642422199323e-01,7.071067811865474617e-01,8.235158286286461959e-02,1.459064678808623394e-03
-7.022949642422195993e-01,7.071067811865476838e-01,-8.235158286286459184e-02,-1.459064678808654619e-03
-1.164627253675548924e-01,6.938893903907228378e-18,9.931950632176750338e-01,8.955489043254920567e-01
0.000000000000000000e+00,0.000000000000000000e+00,0.000000000000000000e+00,1.000000000000000000e+00
7.022949642422199323e-01,7.071067811865474617e-01,8.235158286286461959e-02,8.718615314489142065e-04
-7.022949642422195993e-01,7.071067811865476838e-01,-8.235158286286459184e-02,-8.718615314489454315e-04
-1.164627253675548924e-01,6.938893903907228378e-18,9.931950632176750338e-01,8.956462811861671813e-01
0.000000000000000000e+00,0.000000000000000000e+00,0.000000000000000000e+00,1.000000000000000000e+00
7.022949642422199323e-01,7.071067811865474617e-01,8.235158286286461959e-02,2.846583840891911410e-04
-7.022949642422195993e-01,7.071067811865476838e-01,-8.235158286286459184e-02,-2.846583840892258355e-04
-1.164627253675548924e-01,6.938893903907228378e-18,9.931950632176750338e-01,8.957436580468424170e-01
0.000000000000000000e+00,0.000000000000000000e+00,0.000000000000000000e+00,1.000000000000000000e+00
7.022949642422199323e-01,7.071067811865474617e-01,8.235158286286461959e-02,-3.025447632705041690e-04
-7.022949642422195993e-01,7.071067811865476838e-01,-8.235158286286459184e-02,3.025447632704798828e-04
-1.164627253675548924e-01,6.938893903907228378e-18,9.931950632176750338e-01,8.958410349075176526e-01
0.000000000000000000e+00,0.000000000000000000e+00,0.000000000000000000e+00,1.000000000000000000e+00
7.022949642422199323e-01,7.071067811865474617e-01,8.235158286286461959e-02,-8.897479106302411123e-04
-7.022949642422195993e-01,7.071067811865476838e-01,-8.235158286286459184e-02,8.897479106302029483e-04
-1.164627253675548924e-01,6.938893903907228378e-18,9.931950632176750338e-01,8.959384117681927773e-01
0.000000000000000000e+00,0.000000000000000000e+00,0.000000000000000000e+00,1.000000000000000000e+00
7.022949642422199323e-01,7.071067811865474617e-01,8.235158286286461959e-02,-1.476951057989936422e-03
-7.022949642422195993e-01,7.071067811865476838e-01,-8.235158286286459184e-02,1.476951057989926014e-03
-1.164627253675548924e-01,6.938893903907228378e-18,9.931950632176750338e-01,8.960357886288680129e-01
0.000000000000000000e+00,0.000000000000000000e+00,0.000000000000000000e+00,1.000000000000000000e+00
7.022949642422199323e-01,7.071067811865474617e-01,8.235158286286461959e-02,-2.064154205349659488e-03
-7.022949642422195993e-01,7.071067811865476838e-01,-8.235158286286459184e-02,2.064154205349642140e-03
-1.164627253675548924e-01,6.938893903907228378e-18,9.931950632176750338e-01,8.961331654895432486e-01
0.000000000000000000e+00,0.000000000000000000e+00,0.000000000000000000e+00,1.000000000000000000e+00
7.022949642422199323e-01,7.071067811865474617e-01,8.235158286286461959e-02,-2.651357352709368675e-03
-7.022949642422195993e-01,7.071067811865476838e-01,-8.235158286286459184e-02,2.651357352709351328e-03
-1.164627253675548924e-01,6.938893903907228378e-18,9.931950632176750338e-01,8.962305423502184842e-01
0.000000000000000000e+00,0.000000000000000000e+00,0.000000000000000000e+00,1.000000000000000000e+00
7.022949642422199323e-01,7.071067811865474617e-01,8.235158286286461959e-02,-3.238560500069098680e-03
-7.022949642422195993e-01,7.071067811865476838e-01,-8.235158286286459184e-02,3.238560500069070924e-03
-1.164627253675548924e-01,6.938893903907228378e-18,9.931950632176750338e-01,8.963279192108936089e-01
0.000000000000000000e+00,0.000000000000000000e+00,0.000000000000000000e+00,1.000000000000000000e+00
7.022949642422199323e-01,7.071067811865474617e-01,8.235158286286461959e-02,-3.825763647428800929e-03
-7.022949642422195993e-01,7.071067811865476838e-01,-8.235158286286459184e-02,3.825763647428780112e-03
-1.164627253675548924e-01,6.938893903907228378e-18,9.931950632176750338e-01,8.964252960715688445e-01
0.000000000000000000e+00,0.000000000000000000e+00,0.000000000000000000e+00,1.000000000000000000e+00
7.022949642422199323e-01,7.071067811865474617e-01,8.235158286286461959e-02,-4.412966794788530933e-03
-7.022949642422195993e-01,7.071067811865476838e-01,-8.235158286286459184e-02,4.412966794788496239e-03
-1.164627253675548924e-01,6.938893903907228378e-18,9.931950632176750338e-01,8.965226729322441912e-01
0.000000000000000000e+00,0.000000000000000000e+00,0.000000000000000000e+00,1.000000000000000000e+00
7.022949642422199323e-01,7.071067811865474617e-01,8.235158286286461959e-02,-5.000169942148240121e-03
-7.022949642422195993e-01,7.071067811865476838e-01,-8.235158286286459184e-02,5.000169942148205426e-03
-1.164627253675548924e-01,6.938893903907228378e-18,9.931950632176750338e-01,8.966200497929192048e-01
0.000000000000000000e+00,0.000000000000000000e+00,0.000000000000000000e+00,1.000000000000000000e+00
7.022949642422199323e-01,7.071067811865474617e-01,8.235158286286461959e-02,-5.587373089507963186e-03
-7.022949642422195993e-01,7.071067811865476838e-01,-8.235158286286459184e-02,5.587373089507921553e-03
-1.164627253675548924e-01,6.938893903907228378e-18,9.931950632176750338e-01,8.967174266535946625e-01
0.000000000000000000e+00,0.000000000000000000e+00,0.000000000000000000e+00,1.000000000000000000e+00
7.022949642422199323e-01,7.071067811865474617e-01,8.235158286286461959e-02,-6.174576236867665435e-03
-7.022949642422195993e-01,7.071067811865476838e-01,-8.235158286286459184e-02,6.174576236867644619e-03
-1.164627253675548924e-01,6.938893903907228378e-18,9.931950632176750338e-01,8.968148035142696761e-01
0.000000000000000000e+00,0.000000000000000000e+00,0.000000000000000000e+00,1.000000000000000000e+00
7.022949642422199323e-01,7.071067811865474617e-01,8.235158286286461959e-02,-6.761779384227388501e-03
-7.022949642422195993e-01,7.071067811865476838e-01,-8.235158286286459184e-02,6.761779384227364215e-03
-1.164627253675548924e-01,6.938893903907228378e-18,9.931950632176750338e-01,8.969121803749449118e-01
0.000000000000000000e+00,0.000000000000000000e+00,0.000000000000000000e+00,1.000000000000000000e+00
7.022949642422199323e-01,7.071067811865474617e-01,8.235158286286461959e-02,-7.348982531587083811e-03
-7.022949642422195993e-01,7.071067811865476838e-01,-8.235158286286459184e-02,7.348982531587069933e-03
-1.164627253675548924e-01,6.938893903907228378e-18,9.931950632176750338e-01,8.970095572356201474e-01
0.000000000000000000e+00,0.000000000000000000e+00,0.000000000000000000e+00,1.000000000000000000e+00
7.022949642422199323e-01,7.071067811865474617e-01,8.235158286286461959e-02,-7.936185678946813815e-03
-7.022949642422195993e-01,7.071067811865476838e-01,-8.235158286286459184e-02,7.936185678946789529e-03
-1.164627253675548924e-01,6.938893903907228378e-18,9.931950632176750338e-01,8.971069340962953831e-01
0.000000000000000000e+00,0.000000000000000000e+00,0.000000000000000000e+00,1.000000000000000000e+00
7.022949642422199323e-01,7.071067811865474617e-01,8.235158286286461959e-02,-8.523388826306529942e-03
-7.022949642422195993e-01,7.071067811865476838e-01,-8.235158286286459184e-02,8.523388826306498717e-03
-1.164627253675548924e-01,6.938893903907228378e-18,9.931950632176750338e-01,8.972043109569705077e-01
0.000000000000000000e+00,0.000000000000000000e+00,0.000000000000000000e+00,1.000000000000000000e+00
7.022949642422199323e-01,7.071067811865474617e-01,8.235158286286461959e-02,-8.523388826306488308e-03
-7.022949642422195993e-01,7.071067811865476838e-01,-8.235158286286459184e-02,8.523388826306484839e-03
-1.164627253675548924e-01,6.938893903907228378e-18,9.931950632176750338e-01,8.972043109569706187e-01
0.000000000000000000e+00,0.000000000000000000e+00,0.000000000000000000e+00,1.000000000000000000e+00
7.022949642422199323e-01,7.071067811865474617e-01,8.235158286286461959e-02,-8.805246337039156213e-03
-7.022949642422195993e-01,7.071067811865476838e-01,-8.235158286286459184e-02,8.805246337039152743e-03
-1.164627253675548924e-01,6.938893903907228378e-18,9.931950632176750338e-01,8.972510518500947940e-01
0.000000000000000000e+00,0.000000000000000000e+00,0.000000000000000000e+00,1.000000000000000000e+00
7.022949642422199323e-01,7.071067811865474617e-01,8.235158286286461959e-02,-9.087103847771810239e-03
-7.022949642422195993e-01,7.071067811865476838e-01,-8.235158286286459184e-02,9.087103847771810239e-03
-1.164627253675548924e-01,6.938893903907228378e-18,9.931950632176750338e-01,8.972977927432189693e-01
0.000000000000000000e+00,0.000000000000000000e+00,0.000000000000000000e+00,1.000000000000000000e+00
7.022949642422199323e-01,7.071067811865474617e-01,8.235158286286461959e-02,-9.368961358504478143e-03
-7.022949642422195993e-01,7.071067811865476838e-01,-8.235158286286459184e-02,9.368961358504474674e-03
-1.164627253675548924e-01,6.938893903907228378e-18,9.931950632176750338e-01,8.973445336363429226e-01
0.000000000000000000e+00,0.000000000000000000e+00,0.000000000000000000e+00,1.000000000000000000e+00
7.022949642422199323e-01,7.071067811865474617e-01,8.235158286286461959e-02,-9.650818869237146047e-03
-7.022949642422195993e-01,7.071067811865476838e-01,-8.235158286286459184e-02,9.650818869237135639e-03
-1.164627253675548924e-01,6.938893903907228378e-18,9.931950632176750338e-01,8.973912745294670978e-01
0.000000000000000000e+00,0.000000000000000000e+00,0.000000000000000000e+00,1.000000000000000000e+00
7.022949642422199323e-01,7.071067811865474617e-01,8.235158286286461959e-02,-9.932676379969807012e-03
-7.022949642422195993e-01,7.071067811865476838e-01,-8.235158286286459184e-02,9.932676379969796604e-03
-1.164627253675548924e-01,6.938893903907228378e-18,9.931950632176750338e-01,8.974380154225910511e-01
0.000000000000000000e+00,0.000000000000000000e+00,0.000000000000000000e+00,1.000000000000000000e+00
7.022949642422199323e-01,7.071067811865474617e-01,8.235158286286461959e-02,-1.021453389070246798e-02
-7.022949642422195993e-01,7.071067811865476838e-01,-8.235158286286459184e-02,1.021453389070246104e-02
-1.164627253675548924e-01,6.938893903907228378e-18,9.931950632176750338e-01,8.974847563157152264e-01
0.000000000000000000e+00,0.000000000000000000e+00,0.000000000000000000e+00,1.000000000000000000e+00
7.022949642422199323e-01,7.071067811865474617e-01,8.235158286286461959e-02,-1.049639140143513588e-02
-7.022949642422195993e-01,7.071067811865476838e-01,-8.235158286286459184e-02,1.049639140143512547e-02
-1.164627253675548924e-01,6.938893903907228378e-18,9.931950632176750338e-01,8.975314972088394017e-01
0.000000000000000000e+00,0.000000000000000000e+00,0.000000000000000000e+00,1.000000000000000000e+00
7.022949642422199323e-01,7.071067811865474617e-01,8.235158286286461959e-02,-1.077824891216779685e-02
-7.022949642422195993e-01,7.071067811865476838e-01,-8.235158286286459184e-02,1.077824891216778991e-02
-1.164627253675548924e-01,6.938893903907228378e-18,9.931950632176750338e-01,8.975782381019635769e-01
0.000000000000000000e+00,0.000000000000000000e+00,0.000000000000000000e+00,1.000000000000000000e+00
7.022949642422199323e-01,7.071067811865474617e-01,8.235158286286461959e-02,-1.106010642290045087e-02
-7.022949642422195993e-01,7.071067811865476838e-01,-8.235158286286459184e-02,1.106010642290045781e-02
-1.164627253675548924e-01,6.938893903907228378e-18,9.931950632176750338e-01,8.976249789950875302e-01
0.000000000000000000e+00,0.000000000000000000e+00,0.000000000000000000e+00,1.000000000000000000e+00
7.022949642422199323e-01,7.071067811865474617e-01,8.235158286286461959e-02,-1.134196393363311184e-02
-7.022949642422195993e-01,7.071067811865476838e-01,-8.235158286286459184e-02,1.134196393363311878e-02
-1.164627253675548924e-01,6.938893903907228378e-18,9.931950632176750338e-01,8.976717198882117055e-01
0.000000000000000000e+00,0.000000000000000000e+00,0.000000000000000000e+00,1.000000000000000000e+00
7.022949642422199323e-01,7.071067811865474617e-01,8.235158286286461959e-02,-1.162382144436578668e-02
-7.022949642422195993e-01,7.071067811865476838e-01,-8.235158286286459184e-02,1.162382144436578321e-02
-1.164627253675548924e-01,6.938893903907228378e-18,9.931950632176750338e-01,8.977184607813358808e-01
0.000000000000000000e+00,0.000000000000000000e+00,0.000000000000000000e+00,1.000000000000000000e+00
7.022949642422199323e-01,7.071067811865474617e-01,8.235158286286461959e-02,-1.190567895509845459e-02
-7.022949642422195993e-01,7.071067811865476838e-01,-8.235158286286459184e-02,1.190567895509844765e-02
-1.164627253675548924e-01,6.938893903907228378e-18,9.931950632176750338e-01,8.977652016744598340e-01
0.000000000000000000e+00,0.000000000000000000e+00,0.000000000000000000e+00,1.000000000000000000e+00
7.022949642422199323e-01,7.071067811865474617e-01,8.235158286286461959e-02,-1.218753646583111555e-02
-7.022949642422195993e-01,7.071067811865476838e-01,-8.235158286286459184e-02,1.218753646583111208e-02
-1.164627253675548924e-01,6.938893903907228378e-18,9.931950632176750338e-01,8.978119425675840093e-01
0.000000000000000000e+00,0.000000000000000000e+00,0.000000000000000000e+00,1.000000000000000000e+00
7.022949642422199323e-01,7.071067811865474617e-01,8.235158286286461959e-02,-1.246939397656377652e-02
-7.022949642422195993e-01,7.071067811865476838e-01,-8.235158286286459184e-02,1.246939397656377305e-02
-1.164627253675548924e-01,6.938893903907228378e-18,9.931950632176750338e-01,8.978586834607081846e-01
0.000000000000000000e+00,0.000000000000000000e+00,0.000000000000000000e+00,1.000000000000000000e+00
7.022949642422199323e-01,7.071067811865474617e-01,8.235158286286461959e-02,-1.275125148729644442e-02
-7.022949642422195993e-01,7.071067811865476838e-01,-8.235158286286459184e-02,1.275125148729643401e-02
-1.164627253675548924e-01,6.938893903907228378e-18,9.931950632176750338e-01,8.979054243538323599e-01
0.000000000000000000e+00,0.000000000000000000e+00,0.000000000000000000e+00,1.000000000000000000e+00
7.022949642422199323e-01,7.071067811865474617e-01,8.235158286286461959e-02,-1.303310899802911232e-02
-7.022949642422195993e-01,7.071067811865476838e-01,-8.235158286286459184e-02,1.303310899802909845e-02
-1.164627253675548924e-01,6.938893903907228378e-18,9.931950632176750338e-01,8.979521652469563131e-01
0.000000000000000000e+00,0.000000000000000000e+00,0.000000000000000000e+00,1.000000000000000000e+00
7.022949642422199323e-01,7.071067811865474617e-01,8.235158286286461959e-02,-1.331496650876176635e-02
-7.022949642422195993e-01,7.071067811865476838e-01,-8.235158286286459184e-02,1.331496650876176635e-02
-1.164627253675548924e-01,6.938893903907228378e-18,9.931950632176750338e-01,8.979989061400802663e-01
0.000000000000000000e+00,0.000000000000000000e+00,0.000000000000000000e+00,1.000000000000000000e+00
7.022949642422199323e-01,7.071067811865474617e-01,8.235158286286461959e-02,-1.359682401949442732e-02
-7.022949642422195993e-01,7.071067811865476838e-01,-8.235158286286459184e-02,1.359682401949442732e-02
-1.164627253675548924e-01,6.938893903907228378e-18,9.931950632176750338e-01,8.980456470332044416e-01
0.000000000000000000e+00,0.000000000000000000e+00,0.000000000000000000e+00,1.000000000000000000e+00
7.022949642422199323e-01,7.071067811865474617e-01,8.235158286286461959e-02,-1.387868153022709522e-02
-7.022949642422195993e-01,7.071067811865476838e-01,-8.235158286286459184e-02,1.387868153022708481e-02
-1.164627253675548924e-01,6.938893903907228378e-18,9.931950632176750338e-01,8.980923879263286169e-01
0.000000000000000000e+00,0.000000000000000000e+00,0.000000000000000000e+00,1.000000000000000000e+00
7.022949642422199323e-01,7.071067811865474617e-01,8.235158286286461959e-02,-1.416053904095974925e-02
-7.022949642422195993e-01,7.071067811865476838e-01,-8.235158286286459184e-02,1.416053904095974578e-02
-1.164627253675548924e-01,6.938893903907228378e-18,9.931950632176750338e-01,8.981391288194527922e-01
0.000000000000000000e+00,0.000000000000000000e+00,0.000000000000000000e+00,1.000000000000000000e+00
7.022949642422199323e-01,7.071067811865474617e-01,8.235158286286461959e-02,-1.444239655169243797e-02
-7.022949642422195993e-01,7.071067811865476838e-01,-8.235158286286459184e-02,1.444239655169241715e-02
-1.164627253675548924e-01,6.938893903907228378e-18,9.931950632176750338e-01,8.981858697125767454e-01
0.000000000000000000e+00,0.000000000000000000e+00,0.000000000000000000e+00,1.000000000000000000e+00
7.022949642422199323e-01,7.071067811865474617e-01,8.235158286286461959e-02,-1.472425406242509199e-02
-7.022949642422195993e-01,7.071067811865476838e-01,-8.235158286286459184e-02,1.472425406242507812e-02
-1.164627253675548924e-01,6.938893903907228378e-18,9.931950632176750338e-01,8.982326106057009207e-01
0.000000000000000000e+00,0.000000000000000000e+00,0.000000000000000000e+00,1.000000000000000000e+00
7.022949642422199323e-01,7.071067811865474617e-01,8.235158286286461959e-02,-1.500611157315774602e-02
-7.022949642422195993e-01,7.071067811865476838e-01,-8.235158286286459184e-02,1.500611157315774602e-02
-1.164627253675548924e-01,6.938893903907228378e-18,9.931950632176750338e-01,8.982793514988250960e-01
0.000000000000000000e+00,0.000000000000000000e+00,0.000000000000000000e+00,1.000000000000000000e+00
7.022949642422199323e-01,7.071067811865474617e-01,8.235158286286461959e-02,-1.528796908389040698e-02
-7.022949642422195993e-01,7.071067811865476838e-01,-8.235158286286459184e-02,1.528796908389040698e-02
-1.164627253675548924e-01,6.938893903907228378e-18,9.931950632176750338e-01,8.983260923919490493e-01
0.000000000000000000e+00,0.000000000000000000e+00,0.000000000000000000e+00,1.000000000000000000e+00
7.022949642422199323e-01,7.071067811865474617e-01,8.235158286286461959e-02,-1.556982659462308183e-02
-7.022949642422195993e-01,7.071067811865476838e-01,-8.235158286286459184e-02,1.556982659462307142e-02
-1.164627253675548924e-01,6.938893903907228378e-18,9.931950632176750338e-01,8.983728332850732246e-01
0.000000000000000000e+00,0.000000000000000000e+00,0.000000000000000000e+00,1.000000000000000000e+00
7.022949642422199323e-01,7.071067811865474617e-01,8.235158286286461959e-02,-1.585168410535574279e-02
-7.022949642422195993e-01,7.071067811865476838e-01,-8.235158286286459184e-02,1.585168410535573585e-02
-1.164627253675548924e-01,6.938893903907228378e-18,9.931950632176750338e-01,8.984195741781971778e-01
0.000000000000000000e+00,0.000000000000000000e+00,0.000000000000000000e+00,1.000000000000000000e+00
7.022949642422199323e-01,7.071067811865474617e-01,8.235158286286461959e-02,-1.613354161608839682e-02
-7.022949642422195993e-01,7.071067811865476838e-01,-8.235158286286459184e-02,1.613354161608840029e-02
-1.164627253675548924e-01,6.938893903907228378e-18,9.931950632176750338e-01,8.984663150713213531e-01
0.000000000000000000e+00,0.000000000000000000e+00,0.000000000000000000e+00,1.000000000000000000e+00
7.022949642422199323e-01,7.071067811865474617e-01,8.235158286286461959e-02,-1.641539912682107166e-02
-7.022949642422195993e-01,7.071067811865476838e-01,-8.235158286286459184e-02,1.641539912682105778e-02
-1.164627253675548924e-01,6.938893903907228378e-18,9.931950632176750338e-01,8.985130559644455284e-01
0.000000000000000000e+00,0.000000000000000000e+00,0.000000000000000000e+00,1.000000000000000000e+00
7.022949642422199323e-01,7.071067811865474617e-01,8.235158286286461959e-02,-1.669725663755373263e-02
-7.022949642422195993e-01,7.071067811865476838e-01,-8.235158286286459184e-02,1.669725663755372222e-02
-1.164627253675548924e-01,6.938893903907228378e-18,9.931950632176750338e-01,8.985597968575694816e-01
0.000000000000000000e+00,0.000000000000000000e+00,0.000000000000000000e+00,1.000000000000000000e+00
7.022949642422199323e-01,7.071067811865474617e-01,8.235158286286461959e-02,-1.697911414828638665e-02
-7.022949642422195993e-01,7.071067811865476838e-01,-8.235158286286459184e-02,1.697911414828638318e-02
-1.164627253675548924e-01,6.938893903907228378e-18,9.931950632176750338e-01,8.986065377506936569e-01
0.000000000000000000e+00,0.000000000000000000e+00,0.000000000000000000e+00,1.000000000000000000e+00
7.022949642422199323e-01,7.071067811865474617e-01,8.235158286286461959e-02,-1.726097165901905456e-02
-7.022949642422195993e-01,7.071067811865476838e-01,-8.235158286286459184e-02,1.726097165901904762e-02
-1.164627253675548924e-01,6.938893903907228378e-18,9.931950632176750338e-01,8.986532786438178322e-01
0.000000000000000000e+00,0.000000000000000000e+00,0.000000000000000000e+00,1.000000000000000000e+00
7.022949642422199323e-01,7.071067811865474617e-01,8.235158286286461959e-02,-1.754282916975172246e-02
-7.022949642422195993e-01,7.071067811865476838e-01,-8.235158286286459184e-02,1.754282916975171205e-02
-1.164627253675548924e-01,6.938893903907228378e-18,9.931950632176750338e-01,8.987000195369420075e-01
0.000000000000000000e+00,0.000000000000000000e+00,0.000000000000000000e+00,1.000000000000000000e+00
7.022949642422199323e-01,7.071067811865474617e-01,8.235158286286461959e-02,-1.782468668048437649e-02
-7.022949642422195993e-01,7.071067811865476838e-01,-8.235158286286459184e-02,1.782468668048437649e-02
-1.164627253675548924e-01,6.938893903907228378e-18,9.931950632176750338e-01,8.987467604300659607e-01
0.000000000000000000e+00,0.000000000000000000e+00,0.000000000000000000e+00,1.000000000000000000e+00
7.022949642422199323e-01,7.071067811865474617e-01,8.235158286286461959e-02,-1.810654419121705133e-02
-7.022949642422195993e-01,7.071067811865476838e-01,-8.235158286286459184e-02,1.810654419121704092e-02
-1.164627253675548924e-01,6.938893903907228378e-18,9.931950632176750338e-01,8.987935013231901360e-01
0.000000000000000000e+00,0.000000000000000000e+00,0.000000000000000000e+00,1.000000000000000000e+00
7.022949642422199323e-01,7.071067811865474617e-01,8.235158286286461959e-02,-1.838840170194971924e-02
-7.022949642422195993e-01,7.071067811865476838e-01,-8.235158286286459184e-02,1.838840170194970189e-02
-1.164627253675548924e-01,6.938893903907228378e-18,9.931950632176750338e-01,8.988402422163143113e-01
0.000000000000000000e+00,0.000000000000000000e+00,0.000000000000000000e+00,1.000000000000000000e+00
7.022949642422199323e-01,7.071067811865474617e-01,8.235158286286461959e-02,-1.867025921268236632e-02
-7.022949642422195993e-01,7.071067811865476838e-01,-8.235158286286459184e-02,1.867025921268236632e-02
-1.164627253675548924e-01,6.938893903907228378e-18,9.931950632176750338e-01,8.988869831094382645e-01
0.000000000000000000e+00,0.000000000000000000e+00,0.000000000000000000e+00,1.000000000000000000e+00
7.022949642422199323e-01,7.071067811865474617e-01,8.235158286286461959e-02,-1.895211672341502729e-02
-7.022949642422195993e-01,7.071067811865476838e-01,-8.235158286286459184e-02,1.895211672341503423e-02
-1.164627253675548924e-01,6.938893903907228378e-18,9.931950632176750338e-01,8.989337240025626619e-01
0.000000000000000000e+00,0.000000000000000000e+00,0.000000000000000000e+00,1.000000000000000000e+00
7.022949642422199323e-01,7.071067811865474617e-01,8.235158286286461959e-02,-1.923397423414770907e-02
-7.022949642422195993e-01,7.071067811865476838e-01,-8.235158286286459184e-02,1.923397423414769866e-02
-1.164627253675548924e-01,6.938893903907228378e-18,9.931950632176750338e-01,8.989804648956866151e-01
0.000000000000000000e+00,0.000000000000000000e+00,0.000000000000000000e+00,1.000000000000000000e+00
7.022949642422199323e-01,7.071067811865474617e-01,8.235158286286461959e-02,-1.951583174488036310e-02
-7.022949642422195993e-01,7.071067811865476838e-01,-8.235158286286459184e-02,1.951583174488035963e-02
-1.164627253675548924e-01,6.938893903907228378e-18,9.931950632176750338e-01,8.990272057888105683e-01
0.000000000000000000e+00,0.000000000000000000e+00,0.000000000000000000e+00,1.000000000000000000e+00
7.022949642422199323e-01,7.071067811865474617e-01,8.235158286286461959e-02,-1.979768925561303794e-02
-7.022949642422195993e-01,7.071067811865476838e-01,-8.235158286286459184e-02,1.979768925561302059e-02
-1.164627253675548924e-01,6.938893903907228378e-18,9.931950632176750338e-01,8.990739466819347436e-01
0.000000000000000000e+00,0.000000000000000000e+00,0.000000000000000000e+00,1.000000000000000000e+00
7.022949642422199323e-01,7.071067811865474617e-01,8.235158286286461959e-02,-2.007954676634568503e-02
-7.022949642422195993e-01,7.071067811865476838e-01,-8.235158286286459184e-02,2.007954676634568156e-02
-1.164627253675548924e-01,6.938893903907228378e-18,9.931950632176750338e-01,8.991206875750589189e-01
0.000000000000000000e+00,0.000000000000000000e+00,0.000000000000000000e+00,1.000000000000000000e+00
7.022949642422199323e-01,7.071067811865474617e-01,8.235158286286461959e-02,-2.036140427707835293e-02
-7.022949642422195993e-01,7.071067811865476838e-01,-8.235158286286459184e-02,2.036140427707833905e-02
-1.164627253675548924e-01,6.938893903907228378e-18,9.931950632176750338e-01,8.991674284681830942e-01
0.000000000000000000e+00,0.000000000000000000e+00,0.000000000000000000e+00,1.000000000000000000e+00
7.022949642422199323e-01,7.071067811865474617e-01,8.235158286286461959e-02,-2.064326178781101390e-02
-7.022949642422195993e-01,7.071067811865476838e-01,-8.235158286286459184e-02,2.064326178781100696e-02
-1.164627253675548924e-01,6.938893903907228378e-18,9.931950632176750338e-01,8.992141693613070474e-01
0.000000000000000000e+00,0.000000000000000000e+00,0.000000000000000000e+00,1.000000000000000000e+00
7.022949642422199323e-01,7.071067811865474617e-01,8.235158286286461959e-02,-2.092511929854366792e-02
-7.022949642422195993e-01,7.071067811865476838e-01,-8.235158286286459184e-02,2.092511929854367139e-02
-1.164627253675548924e-01,6.938893903907228378e-18,9.931950632176750338e-01,8.992609102544312227e-01
0.000000000000000000e+00,0.000000000000000000e+00,0.000000000000000000e+00,1.000000000000000000e+00
7.022949642422199323e-01,7.071067811865474617e-01,8.235158286286461959e-02,-2.120697680927634277e-02
-7.022949642422195993e-01,7.071067811865476838e-01,-8.235158286286459184e-02,2.120697680927633583e-02
-1.164627253675548924e-01,6.938893903907228378e-18,9.931950632176750338e-01,8.993076511475551760e-01
0.000000000000000000e+00,0.000000000000000000e+00,0.000000000000000000e+00,1.000000000000000000e+00
7.022949642422199323e-01,7.071067811865474617e-01,8.235158286286461959e-02,-2.148883432000900373e-02
-7.022949642422195993e-01,7.071067811865476838e-01,-8.235158286286459184e-02,2.148883432000899679e-02
-1.164627253675548924e-01,6.938893903907228378e-18,9.931950632176750338e-01,8.993543920406795733e-01
0.000000000000000000e+00,0.000000000000000000e+00,0.000000000000000000e+00,1.000000000000000000e+00
7.022949642422199323e-01,7.071067811865474617e-01,8.235158286286461959e-02,-2.177069183074167857e-02
-7.022949642422195993e-01,7.071067811865476838e-01,-8.235158286286459184e-02,2.177069183074166470e-02
-1.164627253675548924e-01,6.938893903907228378e-18,9.931950632176750338e-01,8.994011329338035265e-01
0.000000000000000000e+00,0.000000000000000000e+00,0.000000000000000000e+00,1.000000000000000000e+00
7.022949642422199323e-01,7.071067811865474617e-01,8.235158286286461959e-02,-2.205254934147433954e-02
-7.022949642422195993e-01,7.071067811865476838e-01,-8.235158286286459184e-02,2.205254934147432566e-02
-1.164627253675548924e-01,6.938893903907228378e-18,9.931950632176750338e-01,8.994478738269274798e-01
0.000000000000000000e+00,0.000000000000000000e+00,0.000000000000000000e+00,1.000000000000000000e+00
7.022949642422199323e-01,7.071067811865474617e-01,8.235158286286461959e-02,-2.233440685220699357e-02
-7.022949642422195993e-01,7.071067811865476838e-01,-8.235158286286459184e-02,2.233440685220699357e-02
-1.164627253675548924e-01,6.938893903907228378e-18,9.931950632176750338e-01,8.994946147200516551e-01
0.000000000000000000e+00,0.000000000000000000e+00,0.000000000000000000e+00,1.000000000000000000e+00
7.022949642422199323e-01,7.071067811865474617e-01,8.235158286286461959e-02,-2.261626436293964759e-02
-7.022949642422195993e-01,7.071067811865476838e-01,-8.235158286286459184e-02,2.261626436293965106e-02
-1.164627253675548924e-01,6.938893903907228378e-18,9.931950632176750338e-01,8.995413556131758304e-01
0.000000000000000000e+00,0.000000000000000000e+00,0.000000000000000000e+00,1.000000000000000000e+00
7.022949642422199323e-01,7.071067811865474617e-01,8.235158286286461959e-02,-2.289812187367230856e-02
-7.022949642422195993e-01,7.071067811865476838e-01,-8.235158286286459184e-02,2.289812187367231897e-02
-1.164627253675548924e-01,6.938893903907228378e-18,9.931950632176750338e-01,8.995880965063000057e-01
0.000000000000000000e+00,0.000000000000000000e+00,0.000000000000000000e+00,1.000000000000000000e+00
7.022949642422199323e-01,7.071067811865474617e-01,8.235158286286461959e-02,-2.317997938440498340e-02
-7.022949642422195993e-01,7.071067811865476838e-01,-8.235158286286459184e-02,2.317997938440497993e-02
-1.164627253675548924e-01,6.938893903907228378e-18,9.931950632176750338e-01,8.996348373994239589e-01
0.000000000000000000e+00,0.000000000000000000e+00,0.000000000000000000e+00,1.000000000000000000e+00
7.022949642422199323e-01,7.071067811865474617e-01,8.235158286286461959e-02,-2.346183689513764437e-02
-7.022949642422195993e-01,7.071067811865476838e-01,-8.235158286286459184e-02,2.346183689513764437e-02
-1.164627253675548924e-01,6.938893903907228378e-18,9.931950632176750338e-01,8.996815782925481342e-01
0.000000000000000000e+00,0.000000000000000000e+00,0.000000000000000000e+00,1.000000000000000000e+00
7.022949642422199323e-01,7.071067811865474617e-01,8.235158286286461959e-02,-2.374369440587031227e-02
-7.022949642422195993e-01,7.071067811865476838e-01,-8.235158286286459184e-02,2.374369440587030186e-02
-1.164627253675548924e-01,6.938893903907228378e-18,9.931950632176750338e-01,8.997283191856723095e-01
0.000000000000000000e+00,0.000000000000000000e+00,0.000000000000000000e+00,1.000000000000000000e+00
7.022949642422199323e-01,7.071067811865474617e-01,8.235158286286461959e-02,-2.402555191660298017e-02
-7.022949642422195993e-01,7.071067811865476838e-01,-8.235158286286459184e-02,2.402555191660296977e-02
-1.164627253675548924e-01,6.938893903907228378e-18,9.931950632176750338e-01,8.997750600787962627e-01
0.000000000000000000e+00,0.000000000000000000e+00,0.000000000000000000e+00,1.000000000000000000e+00
7.022949642422199323e-01,7.071067811865474617e-01,8.235158286286461959e-02,-2.430740942733564114e-02
-7.022949642422195993e-01,7.071067811865476838e-01,-8.235158286286459184e-02,2.430740942733563420e-02
-1.164627253675548924e-01,6.938893903907228378e-18,9.931950632176750338e-01,8.998218009719204380e-01
0.000000000000000000e+00,0.000000000000000000e+00,0.000000000000000000e+00,1.000000000000000000e+00
7.022949642422199323e-01,7.071067811865474617e-01,8.235158286286461959e-02,-2.458926693806830904e-02
-7.022949642422195993e-01,7.071067811865476838e-01,-8.235158286286459184e-02,2.458926693806829517e-02
-1.164627253675548924e-01,6.938893903907228378e-18,9.931950632176750338e-01,8.998685418650443912e-01
0.000000000000000000e+00,0.000000000000000000e+00,0.000000000000000000e+00,1.000000000000000000e+00
7.022949642422199323e-01,7.071067811865474617e-01,8.235158286286461959e-02,-2.487112444880094919e-02
-7.022949642422195993e-01,7.071067811865476838e-01,-8.235158286286459184e-02,2.487112444880095613e-02
-1.164627253675548924e-01,6.938893903907228378e-18,9.931950632176750338e-01,8.999152827581687886e-01
0.000000000000000000e+00,0.000000000000000000e+00,0.000000000000000000e+00,1.000000000000000000e+00
7.022949642422199323e-01,7.071067811865474617e-01,8.235158286286461959e-02,-2.515298195953363791e-02
-7.022949642422195993e-01,7.071067811865476838e-01,-8.235158286286459184e-02,2.515298195953362750e-02
-1.164627253675548924e-01,6.938893903907228378e-18,9.931950632176750338e-01,8.999620236512927418e-01
0.000000000000000000e+00,0.000000000000000000e+00,0.000000000000000000e+00,1.000000000000000000e+00
7.022949642422199323e-01,7.071067811865474617e-01,8.235158286286461959e-02,-2.543483947026629194e-02
-7.022949642422195993e-01,7.071067811865476838e-01,-8.235158286286459184e-02,2.543483947026629194e-02
-1.164627253675548924e-01,6.938893903907228378e-18,9.931950632176750338e-01,9.000087645444169171e-01
0.000000000000000000e+00,0.000000000000000000e+00,0.000000000000000000e+00,1.000000000000000000e+00
7.022949642422199323e-01,7.071067811865474617e-01,8.235158286286461959e-02,-2.571669698099895984e-02
-7.022949642422195993e-01,7.071067811865476838e-01,-8.235158286286459184e-02,2.571669698099895637e-02
-1.164627253675548924e-01,6.938893903907228378e-18,9.931950632176750338e-01,9.000555054375408703e-01
0.000000000000000000e+00,0.000000000000000000e+00,0.000000000000000000e+00,1.000000000000000000e+00
7.022949642422199323e-01,7.071067811865474617e-01,8.235158286286461959e-02,-2.599855449173162081e-02
-7.022949642422195993e-01,7.071067811865476838e-01,-8.235158286286459184e-02,2.599855449173161734e-02
-1.164627253675548924e-01,6.938893903907228378e-18,9.931950632176750338e-01,9.001022463306650456e-01
0.000000000000000000e+00,0.000000000000000000e+00,0.000000000000000000e+00,1.000000000000000000e+00
7.022949642422199323e-01,7.071067811865474617e-01,8.235158286286461959e-02,-2.628041200246430259e-02
-7.022949642422195993e-01,7.071067811865476838e-01,-8.235158286286459184e-02,2.628041200246427830e-02
-1.164627253675548924e-01,6.938893903907228378e-18,9.931950632176750338e-01,9.001489872237892209e-01
0.000000000000000000e+00,0.000000000000000000e+00,0.000000000000000000e+00,1.000000000000000000e+00
7.022949642422199323e-01,7.071067811865474617e-01,8.235158286286461959e-02,-2.656226951319695662e-02
-7.022949642422195993e-01,7.071067811865476838e-01,-8.235158286286459184e-02,2.656226951319694621e-02
-1.164627253675548924e-01,6.938893903907228378e-18,9.931950632176750338e-01,9.001957281169133962e-01
0.000000000000000000e+00,0.000000000000000000e+00,0.000000000000000000e+00,1.000000000000000000e+00
7.022949642422199323e-01,7.071067811865474617e-01,8.235158286286461959e-02,-2.684412702392961758e-02
-7.022949642422195993e-01,7.071067811865476838e-01,-8.235158286286459184e-02,2.684412702392960717e-02
-1.164627253675548924e-01,6.938893903907228378e-18,9.931950632176750338e-01,9.002424690100373494e-01
0.000000000000000000e+00,0.000000000000000000e+00,0.000000000000000000e+00,1.000000000000000000e+00
7.022949642422199323e-01,7.071067811865474617e-01,8.235158286286461959e-02,-2.712598453466227855e-02
-7.022949642422195993e-01,7.071067811865476838e-01,-8.235158286286459184e-02,2.712598453466226120e-02
-1.164627253675548924e-01,6.938893903907228378e-18,9.931950632176750338e-01,9.002892099031613027e-01
0.000000000000000000e+00,0.000000000000000000e+00,0.000000000000000000e+00,1.000000000000000000e+00
7.022949642422199323e-01,7.071067811865474617e-01,8.235158286286461959e-02,-2.740784204539493951e-02
-7.022949642422195993e-01,7.071067811865476838e-01,-8.235158286286459184e-02,2.740784204539493257e-02
-1.164627253675548924e-01,6.938893903907228378e-18,9.931950632176750338e-01,9.003359507962854780e-01
0.000000000000000000e+00,0.000000000000000000e+00,0.000000000000000000e+00,1.000000000000000000e+00
7.022949642422199323e-01,7.071067811865474617e-01,8.235158286286461959e-02,-2.768969955612759354e-02
-7.022949642422195993e-01,7.071067811865476838e-01,-8.235158286286459184e-02,2.768969955612759701e-02
-1.164627253675548924e-01,6.938893903907228378e-18,9.931950632176750338e-01,9.003826916894096533e-01
0.000000000000000000e+00,0.000000000000000000e+00,0.000000000000000000e+00,1.000000000000000000e+00
7.022949642422199323e-01,7.071067811865474617e-01,8.235158286286461959e-02,-2.797155706686026838e-02
-7.022949642422195993e-01,7.071067811865476838e-01,-8.235158286286459184e-02,2.797155706686026491e-02
-1.164627253675548924e-01,6.938893903907228378e-18,9.931950632176750338e-01,9.004294325825338285e-01
0.000000000000000000e+00,0.000000000000000000e+00,0.000000000000000000e+00,1.000000000000000000e+00
7.022949642422199323e-01,7.071067811865474617e-01,8.235158286286461959e-02,-2.825341457759293629e-02
-7.022949642422195993e-01,7.071067811865476838e-01,-8.235158286286459184e-02,2.825341457759292588e-02
-1.164627253675548924e-01,6.938893903907228378e-18,9.931950632176750338e-01,9.004761734756580038e-01
0.000000000000000000e+00,0.000000000000000000e+00,0.000000000000000000e+00,1.000000000000000000e+00
7.022949642422199323e-01,7.071067811865474617e-01,8.235158286286461959e-02,-2.853527208832560419e-02
-7.022949642422195993e-01,7.071067811865476838e-01,-8.235158286286459184e-02,2.853527208832558337e-02
-1.164627253675548924e-01,6.938893903907228378e-18,9.931950632176750338e-01,9.005229143687819571e-01
0.000000000000000000e+00,0.000000000000000000e+00,0.000000000000000000e+00,1.000000000000000000e+00
7.022949642422199323e-01,7.071067811865474617e-01,8.235158286286461959e-02,-2.881712959905825822e-02
-7.022949642422195993e-01,7.071067811865476838e-01,-8.235158286286459184e-02,2.881712959905825128e-02
-1.164627253675548924e-01,6.938893903907228378e-18,9.931950632176750338e-01,9.005696552619059103e-01
0.000000000000000000e+00,0.000000000000000000e+00,0.000000000000000000e+00,1.000000000000000000e+00
7.022949642422199323e-01,7.071067811865474617e-01,8.235158286286461959e-02,-2.909898710979093306e-02
-7.022949642422195993e-01,7.071067811865476838e-01,-8.235158286286459184e-02,2.909898710979091918e-02
-1.164627253675548924e-01,6.938893903907228378e-18,9.931950632176750338e-01,9.006163961550303076e-01
0.000000000000000000e+00,0.000000000000000000e+00,0.000000000000000000e+00,1.000000000000000000e+00
7.022949642422199323e-01,7.071067811865474617e-01,8.235158286286461959e-02,-2.938084462052359402e-02
-7.022949642422195993e-01,7.071067811865476838e-01,-8.235158286286459184e-02,2.938084462052357668e-02
-1.164627253675548924e-01,6.938893903907228378e-18,9.931950632176750338e-01,9.006631370481542609e-01
0.000000000000000000e+00,0.000000000000000000e+00,0.000000000000000000e+00,1.000000000000000000e+00
7.022949642422199323e-01,7.071067811865474617e-01,8.235158286286461959e-02,-2.966270213125624111e-02
-7.022949642422195993e-01,7.071067811865476838e-01,-8.235158286286459184e-02,2.966270213125624111e-02
-1.164627253675548924e-01,6.938893903907228378e-18,9.931950632176750338e-01,9.007098779412784362e-01
0.000000000000000000e+00,0.000000000000000000e+00,0.000000000000000000e+00,1.000000000000000000e+00
7.022949642422199323e-01,7.071067811865474617e-01,8.235158286286461959e-02,-2.994455964198891595e-02
-7.022949642422195993e-01,7.071067811865476838e-01,-8.235158286286459184e-02,2.994455964198890208e-02
-1.164627253675548924e-01,6.938893903907228378e-18,9.931950632176750338e-01,9.007566188344023894e-01
0.000000000000000000e+00,0.000000000000000000e+00,0.000000000000000000e+00,1.000000000000000000e+00
7.022949642422199323e-01,7.071067811865474617e-01,8.235158286286461959e-02,-3.022641715272156304e-02
-7.022949642422195993e-01,7.071067811865476838e-01,-8.235158286286459184e-02,3.022641715272156998e-02
-1.164627253675548924e-01,6.938893903907228378e-18,9.931950632176750338e-01,9.008033597275267867e-01
0.000000000000000000e+00,0.000000000000000000e+00,0.000000000000000000e+00,1.000000000000000000e+00
7.022949642422199323e-01,7.071067811865474617e-01,8.235158286286461959e-02,-3.050827466345423788e-02
-7.022949642422195993e-01,7.071067811865476838e-01,-8.235158286286459184e-02,3.050827466345423095e-02
-1.164627253675548924e-01,6.938893903907228378e-18,9.931950632176750338e-01,9.008501006206505179e-01
0.000000000000000000e+00,0.000000000000000000e+00,0.000000000000000000e+00,1.000000000000000000e+00
7.022949642422199323e-01,7.071067811865474617e-01,8.235158286286461959e-02,-3.079013217418691273e-02
-7.022949642422195993e-01,7.071067811865476838e-01,-8.235158286286459184e-02,3.079013217418689885e-02
-1.164627253675548924e-01,6.938893903907228378e-18,9.931950632176750338e-01,9.008968415137746932e-01
0.000000000000000000e+00,0.000000000000000000e+00,0.000000000000000000e+00,1.000000000000000000e+00
7.022949642422199323e-01,7.071067811865474617e-01,8.235158286286461959e-02,-3.107198968491957369e-02
-7.022949642422195993e-01,7.071067811865476838e-01,-8.235158286286459184e-02,3.107198968491955635e-02
-1.164627253675548924e-01,6.938893903907228378e-18,9.931950632176750338e-01,9.009435824068988685e-01
0.000000000000000000e+00,0.000000000000000000e+00,0.000000000000000000e+00,1.000000000000000000e+00
7.022949642422199323e-01,7.071067811865474617e-01,8.235158286286461959e-02,-3.135384719565223466e-02
-7.022949642422195993e-01,7.071067811865476838e-01,-8.235158286286459184e-02,3.135384719565222772e-02
-1.164627253675548924e-01,6.938893903907228378e-18,9.931950632176750338e-01,9.009903233000230438e-01
0.000000000000000000e+00,0.000000000000000000e+00,0.000000000000000000e+00,1.000000000000000000e+00
7.022949642422199323e-01,7.071067811865474617e-01,8.235158286286461959e-02,-3.163570470638490950e-02
-7.022949642422195993e-01,7.071067811865476838e-01,-8.235158286286459184e-02,3.163570470638488175e-02
-1.164627253675548924e-01,6.938893903907228378e-18,9.931950632176750338e-01,9.010370641931472191e-01
0.000000000000000000e+00,0.000000000000000000e+00,0.000000000000000000e+00,1.000000000000000000e+00
7.022949642422199323e-01,7.071067811865474617e-01,8.235158286286461959e-02,-3.191756221711755659e-02
-7.022949642422195993e-01,7.071067811865476838e-01,-8.235158286286459184e-02,3.191756221711755659e-02
-1.164627253675548924e-01,6.938893903907228378e-18,9.931950632176750338e-01,9.010838050862711723e-01
0.000000000000000000e+00,0.000000000000000000e+00,0.000000000000000000e+00,1.000000000000000000e+00
7.022949642422199323e-01,7.071067811865474617e-01,8.235158286286461959e-02,-3.219941972785021755e-02
-7.022949642422195993e-01,7.071067811865476838e-01,-8.235158286286459184e-02,3.219941972785021062e-02
-1.164627253675548924e-01,6.938893903907228378e-18,9.931950632176750338e-01,9.011305459793951256e-01
0.000000000000000000e+00,0.000000000000000000e+00,0.000000000000000000e+00,1.000000000000000000e+00
7.022949642422199323e-01,7.071067811865474617e-01,8.235158286286461959e-02,-3.248127723858287852e-02
-7.022949642422195993e-01,7.071067811865476838e-01,-8.235158286286459184e-02,3.248127723858287852e-02
-1.164627253675548924e-01,6.938893903907228378e-18,9.931950632176750338e-01,9.011772868725195229e-01
0.000000000000000000e+00,0.000000000000000000e+00,0.000000000000000000e+00,1.000000000000000000e+00
7.022949642422199323e-01,7.071067811865474617e-01,8.235158286286461959e-02,-3.276313474931553948e-02
-7.022949642422195993e-01,7.071067811865476838e-01,-8.235158286286459184e-02,3.276313474931552561e-02
-1.164627253675548924e-01,6.938893903907228378e-18,9.931950632176750338e-01,9.012240277656434762e-01
0.000000000000000000e+00,0.000000000000000000e+00,0.000000000000000000e+00,1.000000000000000000e+00
7.022949642422199323e-01,7.071067811865474617e-01,8.235158286286461959e-02,-3.304499226004820045e-02
-7.022949642422195993e-01,7.071067811865476838e-01,-8.235158286286459184e-02,3.304499226004819351e-02
-1.164627253675548924e-01,6.938893903907228378e-18,9.931950632176750338e-01,9.012707686587676514e-01
0.000000000000000000e+00,0.000000000000000000e+00,0.000000000000000000e+00,1.000000000000000000e+00
7.022949642422199323e-01,7.071067811865474617e-01,8.235158286286461959e-02,-3.332684977078086141e-02
-7.022949642422195993e-01,7.071067811865476838e-01,-8.235158286286459184e-02,3.332684977078084754e-02
-1.164627253675548924e-01,6.938893903907228378e-18,9.931950632176750338e-01,9.013175095518916047e-01
0.000000000000000000e+00,0.000000000000000000e+00,0.000000000000000000e+00,1.000000000000000000e+00
7.022949642422199323e-01,7.071067811865474617e-01,8.235158286286461959e-02,-3.360870728151352238e-02
-7.022949642422195993e-01,7.071067811865476838e-01,-8.235158286286459184e-02,3.360870728151352238e-02
-1.164627253675548924e-01,6.938893903907228378e-18,9.931950632176750338e-01,9.013642504450160020e-01
0.000000000000000000e+00,0.000000000000000000e+00,0.000000000000000000e+00,1.000000000000000000e+00
7.022949642422199323e-01,7.071067811865474617e-01,8.235158286286461959e-02,-3.389056479224621110e-02
-7.022949642422195993e-01,7.071067811865476838e-01,-8.235158286286459184e-02,3.389056479224619028e-02
-1.164627253675548924e-01,6.938893903907228378e-18,9.931950632176750338e-01,9.014109913381399553e-01
0.000000000000000000e+00,0.000000000000000000e+00,0.000000000000000000e+00,1.000000000000000000e+00
7.022949642422199323e-01,7.071067811865474617e-01,8.235158286286461959e-02,-3.417242230297885819e-02
-7.022949642422195993e-01,7.071067811865476838e-01,-8.235158286286459184e-02,3.417242230297885819e-02
-1.164627253675548924e-01,6.938893903907228378e-18,9.931950632176750338e-01,9.014577322312641305e-01
0.000000000000000000e+00,0.000000000000000000e+00,0.000000000000000000e+00,1.000000000000000000e+00
7.022949642422199323e-01,7.071067811865474617e-01,8.235158286286461959e-02,-3.445427981371153303e-02
-7.022949642422195993e-01,7.071067811865476838e-01,-8.235158286286459184e-02,3.445427981371152609e-02
-1.164627253675548924e-01,6.938893903907228378e-18,9.931950632176750338e-01,9.015044731243880838e-01
0.000000000000000000e+00,0.000000000000000000e+00,0.000000000000000000e+00,1.000000000000000000e+00
7.022949642422199323e-01,7.071067811865474617e-01,8.235158286286461959e-02,-3.473613732444420787e-02
-7.022949642422195993e-01,7.071067811865476838e-01,-8.235158286286459184e-02,3.473613732444418012e-02
-1.164627253675548924e-01,6.938893903907228378e-18,9.931950632176750338e-01,9.015512140175120370e-01
0.000000000000000000e+00,0.000000000000000000e+00,0.000000000000000000e+00,1.000000000000000000e+00
7.022949642422199323e-01,7.071067811865474617e-01,8.235158286286461959e-02,-3.501799483517686884e-02
-7.022949642422195993e-01,7.071067811865476838e-01,-8.235158286286459184e-02,3.501799483517684802e-02
-1.164627253675548924e-01,6.938893903907228378e-18,9.931950632176750338e-01,9.015979549106364344e-01
0.000000000000000000e+00,0.000000000000000000e+00,0.000000000000000000e+00,1.000000000000000000e+00
7.022949642422199323e-01,7.071067811865474617e-01,8.235158286286461959e-02,-3.529985234590952980e-02
-7.022949642422195993e-01,7.071067811865476838e-01,-8.235158286286459184e-02,3.529985234590951593e-02
-1.164627253675548924e-01,6.938893903907228378e-18,9.931950632176750338e-01,9.016446958037603876e-01
0.000000000000000000e+00,0.000000000000000000e+00,0.000000000000000000e+00,1.000000000000000000e+00
7.022949642422199323e-01,7.071067811865474617e-01,8.235158286286461959e-02,-3.558170985664217689e-02
-7.022949642422195993e-01,7.071067811865476838e-01,-8.235158286286459184e-02,3.558170985664217689e-02
-1.164627253675548924e-01,6.938893903907228378e-18,9.931950632176750338e-01,9.016914366968845629e-01
0.000000000000000000e+00,0.000000000000000000e+00,0.000000000000000000e+00,1.000000000000000000e+00
7.022949642422199323e-01,7.071067811865474617e-01,8.235158286286461959e-02,-3.586356736737485174e-02
-7.022949642422195993e-01,7.071067811865476838e-01,-8.235158286286459184e-02,3.586356736737483092e-02
-1.164627253675548924e-01,6.938893903907228378e-18,9.931950632176750338e-01,9.017381775900087382e-01
0.000000000000000000e+00,0.000000000000000000e+00,0.000000000000000000e+00,1.000000000000000000e+00
7.022949642422199323e-01,7.071067811865474617e-01,8.235158286286461959e-02,-3.614542487810751270e-02
-7.022949642422195993e-01,7.071067811865476838e-01,-8.235158286286459184e-02,3.614542487810749882e-02
-1.164627253675548924e-01,6.938893903907228378e-18,9.931950632176750338e-01,9.017849184831326914e-01
0.000000000000000000e+00,0.000000000000000000e+00,0.000000000000000000e+00,1.000000000000000000e+00
7.022949642422199323e-01,7.071067811865474617e-01,8.235158286286461959e-02,-3.642728238884017367e-02
-7.022949642422195993e-01,7.071067811865476838e-01,-8.235158286286459184e-02,3.642728238884015979e-02
-1.164627253675548924e-01,6.938893903907228378e-18,9.931950632176750338e-01,9.018316593762568667e-01
0.000000000000000000e+00,0.000000000000000000e+00,0.000000000000000000e+00,1.000000000000000000e+00
7.022949642422199323e-01,7.071067811865474617e-01,8.235158286286461959e-02,-3.670913989957283463e-02
-7.022949642422195993e-01,7.071067811865476838e-01,-8.235158286286459184e-02,3.670913989957282769e-02
-1.164627253675548924e-01,6.938893903907228378e-18,9.931950632176750338e-01,9.018784002693810420e-01
0.000000000000000000e+00,0.000000000000000000e+00,0.000000000000000000e+00,1.000000000000000000e+00
7.022949642422199323e-01,7.071067811865474617e-01,8.235158286286461959e-02,-3.699099741030550947e-02
-7.022949642422195993e-01,7.071067811865476838e-01,-8.235158286286459184e-02,3.699099741030549560e-02
-1.164627253675548924e-01,6.938893903907228378e-18,9.931950632176750338e-01,9.019251411625049952e-01
0.000000000000000000e+00,0.000000000000000000e+00,0.000000000000000000e+00,1.000000000000000000e+00
7.022949642422199323e-01,7.071067811865474617e-01,8.235158286286461959e-02,-3.727285492103817044e-02
-7.022949642422195993e-01,7.071067811865476838e-01,-8.235158286286459184e-02,3.727285492103815656e-02
-1.164627253675548924e-01,6.938893903907228378e-18,9.931950632176750338e-01,9.019718820556291705e-01
0.000000000000000000e+00,0.000000000000000000e+00,0.000000000000000000e+00,1.000000000000000000e+00
7.022949642422199323e-01,7.071067811865474617e-01,8.235158286286461959e-02,-3.755471243177083140e-02
-7.022949642422195993e-01,7.071067811865476838e-01,-8.235158286286459184e-02,3.755471243177082447e-02
-1.164627253675548924e-01,6.938893903907228378e-18,9.931950632176750338e-01,9.020186229487531238e-01
0.000000000000000000e+00,0.000000000000000000e+00,0.000000000000000000e+00,1.000000000000000000e+00
7.022949642422199323e-01,7.071067811865474617e-01,8.235158286286461959e-02,-3.783656994250349237e-02
-7.022949642422195993e-01,7.071067811865476838e-01,-8.235158286286459184e-02,3.783656994250348543e-02
-1.164627253675548924e-01,6.938893903907228378e-18,9.931950632176750338e-01,9.020653638418775211e-01
0.000000000000000000e+00,0.000000000000000000e+00,0.000000000000000000e+00,1.000000000000000000e+00
7.022949642422199323e-01,7.071067811865474617e-01,8.235158286286461959e-02,-3.811842745323615333e-02
-7.022949642422195993e-01,7.071067811865476838e-01,-8.235158286286459184e-02,3.811842745323613946e-02
-1.164627253675548924e-01,6.938893903907228378e-18,9.931950632176750338e-01,9.021121047350014743e-01
0.000000000000000000e+00,0.000000000000000000e+00,0.000000000000000000e+00,1.000000000000000000e+00
7.022949642422199323e-01,7.071067811865474617e-01,8.235158286286461959e-02,-3.840028496396881430e-02
-7.022949642422195993e-01,7.071067811865476838e-01,-8.235158286286459184e-02,3.840028496396880736e-02
-1.164627253675548924e-01,6.938893903907228378e-18,9.931950632176750338e-01,9.021588456281256496e-01
0.000000000000000000e+00,0.000000000000000000e+00,0.000000000000000000e+00,1.000000000000000000e+00
7.022949642422199323e-01,7.071067811865474617e-01,8.235158286286461959e-02,-3.868214247470147527e-02
-7.022949642422195993e-01,7.071067811865476838e-01,-8.235158286286459184e-02,3.868214247470147527e-02
-1.164627253675548924e-01,6.938893903907228378e-18,9.931950632176750338e-01,9.022055865212496029e-01
0.000000000000000000e+00,0.000000000000000000e+00,0.000000000000000000e+00,1.000000000000000000e+00
7.022949642422199323e-01,7.071067811865474617e-01,8.235158286286461959e-02,-3.896399998543415011e-02
-7.022949642422195993e-01,7.071067811865476838e-01,-8.235158286286459184e-02,3.896399998543413623e-02
-1.164627253675548924e-01,6.938893903907228378e-18,9.931950632176750338e-01,9.022523274143740002e-01
0.000000000000000000e+00,0.000000000000000000e+00,0.000000000000000000e+00,1.000000000000000000e+00
7.022949642422199323e-01,7.071067811865474617e-01,8.235158286286461959e-02,-3.924585749616681107e-02
-7.022949642422195993e-01,7.071067811865476838e-01,-8.235158286286459184e-02,3.924585749616679720e-02
-1.164627253675548924e-01,6.938893903907228378e-18,9.931950632176750338e-01,9.022990683074979534e-01
0.000000000000000000e+00,0.000000000000000000e+00,0.000000000000000000e+00,1.000000000000000000e+00
7.022949642422199323e-01,7.071067811865474617e-01,8.235158286286461959e-02,-3.952771500689947204e-02
-7.022949642422195993e-01,7.071067811865476838e-01,-8.235158286286459184e-02,3.952771500689945816e-02
-1.164627253675548924e-01,6.938893903907228378e-18,9.931950632176750338e-01,9.023458092006219067e-01
0.000000000000000000e+00,0.000000000000000000e+00,0.000000000000000000e+00,1.000000000000000000e+00
7.022949642422199323e-01,7.071067811865474617e-01,8.235158286286461959e-02,-3.980957251763214688e-02
-7.022949642422195993e-01,7.071067811865476838e-01,-8.235158286286459184e-02,3.980957251763211913e-02
-1.164627253675548924e-01,6.938893903907228378e-18,9.931950632176750338e-01,9.023925500937460820e-01
0.000000000000000000e+00,0.000000000000000000e+00,0.000000000000000000e+00,1.000000000000000000e+00
7.022949642422199323e-01,7.071067811865474617e-01,8.235158286286461959e-02,-4.009143002836480785e-02
-7.022949642422195993e-01,7.071067811865476838e-01,-8.235158286286459184e-02,4.009143002836478009e-02
-1.164627253675548924e-01,6.938893903907228378e-18,9.931950632176750338e-01,9.024392909868702572e-01
0.000000000000000000e+00,0.000000000000000000e+00,0.000000000000000000e+00,1.000000000000000000e+00
7.022949642422199323e-01,7.071067811865474617e-01,8.235158286286461959e-02,-4.037328753909746881e-02
-7.022949642422195993e-01,7.071067811865476838e-01,-8.235158286286459184e-02,4.037328753909745493e-02
-1.164627253675548924e-01,6.938893903907228378e-18,9.931950632176750338e-01,9.024860318799944325e-01
0.000000000000000000e+00,0.000000000000000000e+00,0.000000000000000000e+00,1.000000000000000000e+00
7.022949642422199323e-01,7.071067811865474617e-01,8.235158286286461959e-02,-4.065514504983012978e-02
-7.022949642422195993e-01,7.071067811865476838e-01,-8.235158286286459184e-02,4.065514504983010202e-02
-1.164627253675548924e-01,6.938893903907228378e-18,9.931950632176750338e-01,9.025327727731183858e-01
0.000000000000000000e+00,0.000000000000000000e+00,0.000000000000000000e+00,1.000000000000000000e+00
7.022949642422199323e-01,7.071067811865474617e-01,8.235158286286461959e-02,-4.093700256056277687e-02
-7.022949642422195993e-01,7.071067811865476838e-01,-8.235158286286459184e-02,4.093700256056277687e-02
-1.164627253675548924e-01,6.938893903907228378e-18,9.931950632176750338e-01,9.025795136662423390e-01
0.000000000000000000e+00,0.000000000000000000e+00,0.000000000000000000e+00,1.000000000000000000e+00
7.022949642422199323e-01,7.071067811865474617e-01,8.235158286286461959e-02,-4.121886007129546559e-02
-7.022949642422195993e-01,7.071067811865476838e-01,-8.235158286286459184e-02,4.121886007129543783e-02
-1.164627253675548924e-01,6.938893903907228378e-18,9.931950632176750338e-01,9.026262545593667364e-01
0.000000000000000000e+00,0.000000000000000000e+00,0.000000000000000000e+00,1.000000000000000000e+00
7.022949642422199323e-01,7.071067811865474617e-01,8.235158286286461959e-02,-4.150071758202811267e-02
-7.022949642422195993e-01,7.071067811865476838e-01,-8.235158286286459184e-02,4.150071758202811267e-02
-1.164627253675548924e-01,6.938893903907228378e-18,9.931950632176750338e-01,9.026729954524906896e-01
0.000000000000000000e+00,0.000000000000000000e+00,0.000000000000000000e+00,1.000000000000000000e+00
7.022949642422199323e-01,7.071067811865474617e-01,8.235158286286461959e-02,-4.178257509276077364e-02
-7.022949642422195993e-01,7.071067811865476838e-01,-8.235158286286459184e-02,4.178257509276077364e-02
-1.164627253675548924e-01,6.938893903907228378e-18,9.931950632176750338e-01,9.027197363456148649e-01
0.000000000000000000e+00,0.000000000000000000e+00,0.000000000000000000e+00,1.000000000000000000e+00
7.022949642422199323e-01,7.071067811865474617e-01,8.235158286286461959e-02,-4.206443260349344848e-02
-7.022949642422195993e-01,7.071067811865476838e-01,-8.235158286286459184e-02,4.206443260349343460e-02
-1.164627253675548924e-01,6.938893903907228378e-18,9.931950632176750338e-01,9.027664772387388181e-01
0.000000000000000000e+00,0.000000000000000000e+00,0.000000000000000000e+00,1.000000000000000000e+00
7.022949642422199323e-01,7.071067811865474617e-01,8.235158286286461959e-02,-4.234629011422612332e-02
-7.022949642422195993e-01,7.071067811865476838e-01,-8.235158286286459184e-02,4.234629011422609557e-02
-1.164627253675548924e-01,6.938893903907228378e-18,9.931950632176750338e-01,9.028132181318632155e-01
0.000000000000000000e+00,0.000000000000000000e+00,0.000000000000000000e+00,1.000000000000000000e+00
7.022949642422199323e-01,7.071067811865474617e-01,8.235158286286461959e-02,-4.262814762495877041e-02
-7.022949642422195993e-01,7.071067811865476838e-01,-8.235158286286459184e-02,4.262814762495877041e-02
-1.164627253675548924e-01,6.938893903907228378e-18,9.931950632176750338e-01,9.028599590249871687e-01
0.000000000000000000e+00,0.000000000000000000e+00,0.000000000000000000e+00,1.000000000000000000e+00
7.022949642422199323e-01,7.071067811865474617e-01,8.235158286286461959e-02,-4.291000513569143138e-02
-7.022949642422195993e-01,7.071067811865476838e-01,-8.235158286286459184e-02,4.291000513569141750e-02
-1.164627253675548924e-01,6.938893903907228378e-18,9.931950632176750338e-01,9.029066999181111219e-01
0.000000000000000000e+00,0.000000000000000000e+00,0.000000000000000000e+00,1.000000000000000000e+00
7.022949642422199323e-01,7.071067811865474617e-01,8.235158286286461959e-02,-4.319186264642410622e-02
-7.022949642422195993e-01,7.071067811865476838e-01,-8.235158286286459184e-02,4.319186264642409234e-02
-1.164627253675548924e-01,6.938893903907228378e-18,9.931950632176750338e-01,9.029534408112352972e-01
0.000000000000000000e+00,0.000000000000000000e+00,0.000000000000000000e+00,1.000000000000000000e+00
7.022949642422199323e-01,7.071067811865474617e-01,8.235158286286461959e-02,-4.347372015715676719e-02
-7.022949642422195993e-01,7.071067811865476838e-01,-8.235158286286459184e-02,4.347372015715675331e-02
-1.164627253675548924e-01,6.938893903907228378e-18,9.931950632176750338e-01,9.030001817043594725e-01
0.000000000000000000e+00,0.000000000000000000e+00,0.000000000000000000e+00,1.000000000000000000e+00
7.022949642422199323e-01,7.071067811865474617e-01,8.235158286286461959e-02,-4.375557766788942815e-02
-7.022949642422195993e-01,7.071067811865476838e-01,-8.235158286286459184e-02,4.375557766788941427e-02
-1.164627253675548924e-01,6.938893903907228378e-18,9.931950632176750338e-01,9.030469225974836478e-01
0.000000000000000000e+00,0.000000000000000000e+00,0.000000000000000000e+00,1.000000000000000000e+00
7.022949642422199323e-01,7.071067811865474617e-01,8.235158286286461959e-02,-4.403743517862207524e-02
-7.022949642422195993e-01,7.071067811865476838e-01,-8.235158286286459184e-02,4.403743517862207524e-02
-1.164627253675548924e-01,6.938893903907228378e-18,9.931950632176750338e-01,9.030936634906078231e-01
0.000000000000000000e+00,0.000000000000000000e+00,0.000000000000000000e+00,1.000000000000000000e+00
7.022949642422199323e-01,7.071067811865474617e-01,8.235158286286461959e-02,-4.431929268935476396e-02
-7.022949642422195993e-01,7.071067811865476838e-01,-8.235158286286459184e-02,4.431929268935473620e-02
-1.164627253675548924e-01,6.938893903907228378e-18,9.931950632176750338e-01,9.031404043837317763e-01
0.000000000000000000e+00,0.000000000000000000e+00,0.000000000000000000e+00,1.000000000000000000e+00
7.022949642422199323e-01,7.071067811865474617e-01,8.235158286286461959e-02,-4.460115020008742492e-02
-7.022949642422195993e-01,7.071067811865476838e-01,-8.235158286286459184e-02,4.460115020008741105e-02
-1.164627253675548924e-01,6.938893903907228378e-18,9.931950632176750338e-01,9.031871452768557296e-01
0.000000000000000000e+00,0.000000000000000000e+00,0.000000000000000000e+00,1.000000000000000000e+00
7.022949642422199323e-01,7.071067811865474617e-01,8.235158286286461959e-02,-4.488300771082007201e-02
-7.022949642422195993e-01,7.071067811865476838e-01,-8.235158286286459184e-02,4.488300771082007201e-02
-1.164627253675548924e-01,6.938893903907228378e-18,9.931950632176750338e-01,9.032338861699799049e-01
0.000000000000000000e+00,0.000000000000000000e+00,0.000000000000000000e+00,1.000000000000000000e+00
7.022949642422199323e-01,7.071067811865474617e-01,8.235158286286461959e-02,-4.516486522155274685e-02
-7.022949642422195993e-01,7.071067811865476838e-01,-8.235158286286459184e-02,4.516486522155273298e-02
-1.164627253675548924e-01,6.938893903907228378e-18,9.931950632176750338e-01,9.032806270631040801e-01
0.000000000000000000e+00,0.000000000000000000e+00,0.000000000000000000e+00,1.000000000000000000e+00
7.022949642422199323e-01,7.071067811865474617e-01,8.235158286286461959e-02,-4.544672273228540782e-02
-7.022949642422195993e-01,7.071067811865476838e-01,-8.235158286286459184e-02,4.544672273228539394e-02
-1.164627253675548924e-01,6.938893903907228378e-18,9.931950632176750338e-01,9.033273679562282554e-01
0.000000000000000000e+00,0.000000000000000000e+00,0.000000000000000000e+00,1.000000000000000000e+00
7.022949642422199323e-01,7.071067811865474617e-01,8.235158286286461959e-02,-4.572858024301808266e-02
-7.022949642422195993e-01,7.071067811865476838e-01,-8.235158286286459184e-02,4.572858024301805491e-02
-1.164627253675548924e-01,6.938893903907228378e-18,9.931950632176750338e-01,9.033741088493524307e-01
0.000000000000000000e+00,0.000000000000000000e+00,0.000000000000000000e+00,1.000000000000000000e+00
7.022949642422199323e-01,7.071067811865474617e-01,8.235158286286461959e-02,-4.601043775375074363e-02
-7.022949642422195993e-01,7.071067811865476838e-01,-8.235158286286459184e-02,4.601043775375071587e-02
-1.164627253675548924e-01,6.938893903907228378e-18,9.931950632176750338e-01,9.034208497424763840e-01
0.000000000000000000e+00,0.000000000000000000e+00,0.000000000000000000e+00,1.000000000000000000e+00
7.022949642422199323e-01,7.071067811865474617e-01,8.235158286286461959e-02,-4.629229526448340459e-02
-7.022949642422195993e-01,7.071067811865476838e-01,-8.235158286286459184e-02,4.629229526448337684e-02
-1.164627253675548924e-01,6.938893903907228378e-18,9.931950632176750338e-01,9.034675906356003372e-01
0.000000000000000000e+00,0.000000000000000000e+00,0.000000000000000000e+00,1.000000000000000000e+00
7.022949642422199323e-01,7.071067811865474617e-01,8.235158286286461959e-02,-4.657415277521605168e-02
-7.022949642422195993e-01,7.071067811865476838e-01,-8.235158286286459184e-02,4.657415277521603780e-02
-1.164627253675548924e-01,6.938893903907228378e-18,9.931950632176750338e-01,9.035143315287247345e-01
0.000000000000000000e+00,0.000000000000000000e+00,0.000000000000000000e+00,1.000000000000000000e+00
7.022949642422199323e-01,7.071067811865474617e-01,8.235158286286461959e-02,-4.685601028594871265e-02
-7.022949642422195993e-01,7.071067811865476838e-01,-8.235158286286459184e-02,4.685601028594871265e-02
-1.164627253675548924e-01,6.938893903907228378e-18,9.931950632176750338e-01,9.035610724218484657e-01
0.000000000000000000e+00,0.000000000000000000e+00,0.000000000000000000e+00,1.000000000000000000e+00
7.022949642422199323e-01,7.071067811865474617e-01,8.235158286286461959e-02,-4.713786779668140137e-02
-7.022949642422195993e-01,7.071067811865476838e-01,-8.235158286286459184e-02,4.713786779668137361e-02
-1.164627253675548924e-01,6.938893903907228378e-18,9.931950632176750338e-01,9.036078133149728631e-01
0.000000000000000000e+00,0.000000000000000000e+00,0.000000000000000000e+00,1.000000000000000000e+00
7.022949642422199323e-01,7.071067811865474617e-01,8.235158286286461959e-02,-4.741972530741404845e-02
-7.022949642422195993e-01,7.071067811865476838e-01,-8.235158286286459184e-02,4.741972530741403458e-02
-1.164627253675548924e-01,6.938893903907228378e-18,9.931950632176750338e-01,9.036545542080968163e-01
0.000000000000000000e+00,0.000000000000000000e+00,0.000000000000000000e+00,1.000000000000000000e+00
7.022949642422199323e-01,7.071067811865474617e-01,8.235158286286461959e-02,-4.770158281814670942e-02
-7.022949642422195993e-01,7.071067811865476838e-01,-8.235158286286459184e-02,4.770158281814669554e-02
-1.164627253675548924e-01,6.938893903907228378e-18,9.931950632176750338e-01,9.037012951012209916e-01
0.000000000000000000e+00,0.000000000000000000e+00,0.000000000000000000e+00,1.000000000000000000e+00
7.022949642422199323e-01,7.071067811865474617e-01,8.235158286286461959e-02,-4.798344032887938426e-02
-7.022949642422195993e-01,7.071067811865476838e-01,-8.235158286286459184e-02,4.798344032887937038e-02
-1.164627253675548924e-01,6.938893903907228378e-18,9.931950632176750338e-01,9.037480359943451669e-01
0.000000000000000000e+00,0.000000000000000000e+00,0.000000000000000000e+00,1.000000000000000000e+00
7.022949642422199323e-01,7.071067811865474617e-01,8.235158286286461959e-02,-4.826529783961204523e-02
-7.022949642422195993e-01,7.071067811865476838e-01,-8.235158286286459184e-02,4.826529783961203135e-02
-1.164627253675548924e-01,6.938893903907228378e-18,9.931950632176750338e-01,9.037947768874691201e-01
0.000000000000000000e+00,0.000000000000000000e+00,0.000000000000000000e+00,1.000000000000000000e+00
7.022949642422199323e-01,7.071067811865474617e-01,8.235158286286461959e-02,-4.854715535034472007e-02
-7.022949642422195993e-01,7.071067811865476838e-01,-8.235158286286459184e-02,4.854715535034469232e-02
-1.164627253675548924e-01,6.938893903907228378e-18,9.931950632176750338e-01,9.038415177805932954e-01
0.000000000000000000e+00,0.000000000000000000e+00,0.000000000000000000e+00,1.000000000000000000e+00
7.022949642422199323e-01,7.071067811865474617e-01,8.235158286286461959e-02,-4.882901286107735328e-02
-7.022949642422195993e-01,7.071067811865476838e-01,-8.235158286286459184e-02,4.882901286107735328e-02
-1.164627253675548924e-01,6.938893903907228378e-18,9.931950632176750338e-01,9.038882586737174707e-01
0.000000000000000000e+00,0.000000000000000000e+00,0.000000000000000000e+00,1.000000000000000000e+00
7.022949642422199323e-01,7.071067811865474617e-01,8.235158286286461959e-02,-4.911087037181002812e-02
-7.022949642422195993e-01,7.071067811865476838e-01,-8.235158286286459184e-02,4.911087037181001425e-02
-1.164627253675548924e-01,6.938893903907228378e-18,9.931950632176750338e-01,9.039349995668416460e-01
0.000000000000000000e+00,0.000000000000000000e+00,0.000000000000000000e+00,1.000000000000000000e+00
7.022949642422199323e-01,7.071067811865474617e-01,8.235158286286461959e-02,-4.939272788254268909e-02
-7.022949642422195993e-01,7.071067811865476838e-01,-8.235158286286459184e-02,4.939272788254267521e-02
-1.164627253675548924e-01,6.938893903907228378e-18,9.931950632176750338e-01,9.039817404599655992e-01
0.000000000000000000e+00,0.000000000000000000e+00,0.000000000000000000e+00,1.000000000000000000e+00
7.022949642422199323e-01,7.071067811865474617e-01,8.235158286286461959e-02,-4.967458539327536393e-02
-7.022949642422195993e-01,7.071067811865476838e-01,-8.235158286286459184e-02,4.967458539327535005e-02
-1.164627253675548924e-01,6.938893903907228378e-18,9.931950632176750338e-01,9.040284813530895525e-01
0.000000000000000000e+00,0.000000000000000000e+00,0.000000000000000000e+00,1.000000000000000000e+00
7.022949642422199323e-01,7.071067811865474617e-01,8.235158286286461959e-02,-4.995644290400802490e-02
-7.022949642422195993e-01,7.071067811865476838e-01,-8.235158286286459184e-02,4.995644290400801102e-02
-1.164627253675548924e-01,6.938893903907228378e-18,9.931950632176750338e-01,9.040752222462139498e-01
0.000000000000000000e+00,0.000000000000000000e+00,0.000000000000000000e+00,1.000000000000000000e+00
7.022949642422199323e-01,7.071067811865474617e-01,8.235158286286461959e-02,-5.023830041474067198e-02
-7.022949642422195993e-01,7.071067811865476838e-01,-8.235158286286459184e-02,5.023830041474067198e-02
-1.164627253675548924e-01,6.938893903907228378e-18,9.931950632176750338e-01,9.041219631393379030e-01
0.000000000000000000e+00,0.000000000000000000e+00,0.000000000000000000e+00,1.000000000000000000e+00
7.022949642422199323e-01,7.071067811865474617e-01,8.235158286286461959e-02,-5.052015792547334683e-02
-7.022949642422195993e-01,7.071067811865476838e-01,-8.235158286286459184e-02,5.052015792547333295e-02
-1.164627253675548924e-01,6.938893903907228378e-18,9.931950632176750338e-01,9.041687040324620783e-01
0.000000000000000000e+00,0.000000000000000000e+00,0.000000000000000000e+00,1.000000000000000000e+00
7.022949642422199323e-01,7.071067811865474617e-01,8.235158286286461959e-02,-5.080201543620600779e-02
-7.022949642422195993e-01,7.071067811865476838e-01,-8.235158286286459184e-02,5.080201543620599391e-02
-1.164627253675548924e-01,6.938893903907228378e-18,9.931950632176750338e-01,9.042154449255862536e-01
0.000000000000000000e+00,0.000000000000000000e+00,0.000000000000000000e+00,1.000000000000000000e+00
7.022949642422199323e-01,7.071067811865474617e-01,8.235158286286461959e-02,-5.108387294693868264e-02
-7.022949642422195993e-01,7.071067811865476838e-01,-8.235158286286459184e-02,5.108387294693866876e-02
-1.164627253675548924e-01,6.938893903907228378e-18,9.931950632176750338e-01,9.042621858187102069e-01
0.000000000000000000e+00,0.000000000000000000e+00,0.000000000000000000e+00,1.000000000000000000e+00
7.022949642422199323e-01,7.071067811865474617e-01,8.235158286286461959e-02,-5.136573045767132972e-02
-7.022949642422195993e-01,7.071067811865476838e-01,-8.235158286286459184e-02,5.136573045767131585e-02
-1.164627253675548924e-01,6.938893903907228378e-18,9.931950632176750338e-01,9.043089267118343821e-01
0.000000000000000000e+00,0.000000000000000000e+00,0.000000000000000000e+00,1.000000000000000000e+00
7.022949642422199323e-01,7.071067811865474617e-01,8.235158286286461959e-02,-5.164758796840399069e-02
-7.022949642422195993e-01,7.071067811865476838e-01,-8.235158286286459184e-02,5.164758796840399069e-02
-1.164627253675548924e-01,6.938893903907228378e-18,9.931950632176750338e-01,9.043556676049585574e-01
0.000000000000000000e+00,0.000000000000000000e+00,0.000000000000000000e+00,1.000000000000000000e+00
7.022949642422199323e-01,7.071067811865474617e-01,8.235158286286461959e-02,-5.192944547913666553e-02
-7.022949642422195993e-01,7.071067811865476838e-01,-8.235158286286459184e-02,5.192944547913665165e-02
-1.164627253675548924e-01,6.938893903907228378e-18,9.931950632176750338e-01,9.044024084980825107e-01
0.000000000000000000e+00,0.000000000000000000e+00,0.000000000000000000e+00,1.000000000000000000e+00
7.022949642422199323e-01,7.071067811865474617e-01,8.235158286286461959e-02,-5.221130298986931262e-02
-7.022949642422195993e-01,7.071067811865476838e-01,-8.235158286286459184e-02,5.221130298986932650e-02
-1.164627253675548924e-01,6.938893903907228378e-18,9.931950632176750338e-01,9.044491493912064639e-01
0.000000000000000000e+00,0.000000000000000000e+00,0.000000000000000000e+00,1.000000000000000000e+00
7.022949642422199323e-01,7.071067811865474617e-01,8.235158286286461959e-02,-5.249316050060198746e-02
-7.022949642422195993e-01,7.071067811865476838e-01,-8.235158286286459184e-02,5.249316050060197358e-02
-1.164627253675548924e-01,6.938893903907228378e-18,9.931950632176750338e-01,9.044958902843308612e-01
0.000000000000000000e+00,0.000000000000000000e+00,0.000000000000000000e+00,1.000000000000000000e+00
7.022949642422199323e-01,7.071067811865474617e-01,8.235158286286461959e-02,-5.277501801133464843e-02
-7.022949642422195993e-01,7.071067811865476838e-01,-8.235158286286459184e-02,5.277501801133463455e-02
-1.164627253675548924e-01,6.938893903907228378e-18,9.931950632176750338e-01,9.045426311774548145e-01
0.000000000000000000e+00,0.000000000000000000e+00,0.000000000000000000e+00,1.000000000000000000e+00
7.022949642422199323e-01,7.071067811865474617e-01,8.235158286286461959e-02,-5.305687552206732327e-02
-7.022949642422195993e-01,7.071067811865476838e-01,-8.235158286286459184e-02,5.305687552206729551e-02
-1.164627253675548924e-01,6.938893903907228378e-18,9.931950632176750338e-01,9.045893720705787677e-01
0.000000000000000000e+00,0.000000000000000000e+00,0.000000000000000000e+00,1.000000000000000000e+00
7.022949642422199323e-01,7.071067811865474617e-01,8.235158286286461959e-02,-5.333873303279998423e-02
-7.022949642422195993e-01,7.071067811865476838e-01,-8.235158286286459184e-02,5.333873303279997036e-02
-1.164627253675548924e-01,6.938893903907228378e-18,9.931950632176750338e-01,9.046361129637031651e-01
0.000000000000000000e+00,0.000000000000000000e+00,0.000000000000000000e+00,1.000000000000000000e+00
7.022949642422199323e-01,7.071067811865474617e-01,8.235158286286461959e-02,-5.362059054353264520e-02
-7.022949642422195993e-01,7.071067811865476838e-01,-8.235158286286459184e-02,5.362059054353261744e-02
-1.164627253675548924e-01,6.938893903907228378e-18,9.931950632176750338e-01,9.046828538568271183e-01
0.000000000000000000e+00,0.000000000000000000e+00,0.000000000000000000e+00,1.000000000000000000e+00
7.022949642422199323e-01,7.071067811865474617e-01,8.235158286286461959e-02,-5.390244805426532004e-02
-7.022949642422195993e-01,7.071067811865476838e-01,-8.235158286286459184e-02,5.390244805426529229e-02
-1.164627253675548924e-01,6.938893903907228378e-18,9.931950632176750338e-01,9.047295947499512936e-01
0.000000000000000000e+00,0.000000000000000000e+00,0.000000000000000000e+00,1.000000000000000000e+00
7.022949642422199323e-01,7.071067811865474617e-01,8.235158286286461959e-02,-5.418430556499795325e-02
-7.022949642422195993e-01,7.071067811865476838e-01,-8.235158286286459184e-02,5.418430556499795325e-02
-1.164627253675548924e-01,6.938893903907228378e-18,9.931950632176750338e-01,9.047763356430754689e-01
0.000000000000000000e+00,0.000000000000000000e+00,0.000000000000000000e+00,1.000000000000000000e+00
7.022949642422199323e-01,7.071067811865474617e-01,8.235158286286461959e-02,-5.446616307573065585e-02
-7.022949642422195993e-01,7.071067811865476838e-01,-8.235158286286459184e-02,5.446616307573061422e-02
-1.164627253675548924e-01,6.938893903907228378e-18,9.931950632176750338e-01,9.048230765361994221e-01
0.000000000000000000e+00,0.000000000000000000e+00,0.000000000000000000e+00,1.000000000000000000e+00
7.022949642422199323e-01,7.071067811865474617e-01,8.235158286286461959e-02,-5.474802058646328906e-02
-7.022949642422195993e-01,7.071067811865476838e-01,-8.235158286286459184e-02,5.474802058646327518e-02
-1.164627253675548924e-01,6.938893903907228378e-18,9.931950632176750338e-01,9.048698174293233754e-01
0.000000000000000000e+00,0.000000000000000000e+00,0.000000000000000000e+00,1.000000000000000000e+00
7.022949642422199323e-01,7.071067811865474617e-01,8.235158286286461959e-02,-5.502987809719596390e-02
-7.022949642422195993e-01,7.071067811865476838e-01,-8.235158286286459184e-02,5.502987809719593615e-02
-1.164627253675548924e-01,6.938893903907228378e-18,9.931950632176750338e-01,9.049165583224477727e-01
0.000000000000000000e+00,0.000000000000000000e+00,0.000000000000000000e+00,1.000000000000000000e+00
7.022949642422199323e-01,7.071067811865474617e-01,8.235158286286461959e-02,-5.531173560792862487e-02
-7.022949642422195993e-01,7.071067811865476838e-01,-8.235158286286459184e-02,5.531173560792861099e-02
-1.164627253675548924e-01,6.938893903907228378e-18,9.931950632176750338e-01,9.049632992155717259e-01
0.000000000000000000e+00,0.000000000000000000e+00,0.000000000000000000e+00,1.000000000000000000e+00
7.022949642422199323e-01,7.071067811865474617e-01,8.235158286286461959e-02,-5.559359311866128583e-02
-7.022949642422195993e-01,7.071067811865476838e-01,-8.235158286286459184e-02,5.559359311866127196e-02
-1.164627253675548924e-01,6.938893903907228378e-18,9.931950632176750338e-01,9.050100401086956792e-01
0.000000000000000000e+00,0.000000000000000000e+00,0.000000000000000000e+00,1.000000000000000000e+00
7.022949642422199323e-01,7.071067811865474617e-01,8.235158286286461959e-02,-5.587545062939396068e-02
-7.022949642422195993e-01,7.071067811865476838e-01,-8.235158286286459184e-02,5.587545062939393292e-02
-1.164627253675548924e-01,6.938893903907228378e-18,9.931950632176750338e-01,9.050567810018200765e-01
0.000000000000000000e+00,0.000000000000000000e+00,0.000000000000000000e+00,1.000000000000000000e+00
7.022949642422199323e-01,7.071067811865474617e-01,8.235158286286461959e-02,-5.615730814012660777e-02
-7.022949642422195993e-01,7.071067811865476838e-01,-8.235158286286459184e-02,5.615730814012659389e-02
-1.164627253675548924e-01,6.938893903907228378e-18,9.931950632176750338e-01,9.051035218949440297e-01
0.000000000000000000e+00,0.000000000000000000e+00,0.000000000000000000e+00,1.000000000000000000e+00
7.022949642422199323e-01,7.071067811865474617e-01,8.235158286286461959e-02,-5.643916565085926873e-02
-7.022949642422195993e-01,7.071067811865476838e-01,-8.235158286286459184e-02,5.643916565085926873e-02
-1.164627253675548924e-01,6.938893903907228378e-18,9.931950632176750338e-01,9.051502627880679830e-01
0.000000000000000000e+00,0.000000000000000000e+00,0.000000000000000000e+00,1.000000000000000000e+00
7.022949642422199323e-01,7.071067811865474617e-01,8.235158286286461959e-02,-5.672102316159192970e-02
-7.022949642422195993e-01,7.071067811865476838e-01,-8.235158286286459184e-02,5.672102316159191582e-02
-1.164627253675548924e-01,6.938893903907228378e-18,9.931950632176750338e-01,9.051970036811923803e-01
0.000000000000000000e+00,0.000000000000000000e+00,0.000000000000000000e+00,1.000000000000000000e+00
7.022949642422199323e-01,7.071067811865474617e-01,8.235158286286461959e-02,-5.700288067232461842e-02
-7.022949642422195993e-01,7.071067811865476838e-01,-8.235158286286459184e-02,5.700288067232459066e-02
-1.164627253675548924e-01,6.938893903907228378e-18,9.931950632176750338e-01,9.052437445743163336e-01
0.000000000000000000e+00,0.000000000000000000e+00,0.000000000000000000e+00,1.000000000000000000e+00
7.022949642422199323e-01,7.071067811865474617e-01,8.235158286286461959e-02,-5.728473818305726550e-02
-7.022949642422195993e-01,7.071067811865476838e-01,-8.235158286286459184e-02,5.728473818305725163e-02
-1.164627253675548924e-01,6.938893903907228378e-18,9.931950632176750338e-01,9.052904854674405088e-01
0.000000000000000000e+00,0.000000000000000000e+00,0.000000000000000000e+00,1.000000000000000000e+00
7.022949642422199323e-01,7.071067811865474617e-01,8.235158286286461959e-02,-5.756659569378992647e-02
-7.022949642422195993e-01,7.071067811865476838e-01,-8.235158286286459184e-02,5.756659569378991259e-02
-1.164627253675548924e-01,6.938893903907228378e-18,9.931950632176750338e-01,9.053372263605646841e-01
0.000000000000000000e+00,0.000000000000000000e+00,0.000000000000000000e+00,1.000000000000000000e+00
7.022949642422199323e-01,7.071067811865474617e-01,8.235158286286461959e-02,-5.784845320452260131e-02
-7.022949642422195993e-01,7.071067811865476838e-01,-8.235158286286459184e-02,5.784845320452257356e-02
-1.164627253675548924e-01,6.938893903907228378e-18,9.931950632176750338e-01,9.053839672536888594e-01
0.000000000000000000e+00,0.000000000000000000e+00,0.000000000000000000e+00,1.000000000000000000e+00
7.022949642422199323e-01,7.071067811865474617e-01,8.235158286286461959e-02,-5.813031071525526228e-02
-7.022949642422195993e-01,7.071067811865476838e-01,-8.235158286286459184e-02,5.813031071525524840e-02
-1.164627253675548924e-01,6.938893903907228378e-18,9.931950632176750338e-01,9.054307081468125906e-01
0.000000000000000000e+00,0.000000000000000000e+00,0.000000000000000000e+00,1.000000000000000000e+00
7.022949642422199323e-01,7.071067811865474617e-01,8.235158286286461959e-02,-5.841216822598792324e-02
-7.022949642422195993e-01,7.071067811865476838e-01,-8.235158286286459184e-02,5.841216822598790936e-02
-1.164627253675548924e-01,6.938893903907228378e-18,9.931950632176750338e-01,9.054774490399367659e-01
0.000000000000000000e+00,0.000000000000000000e+00,0.000000000000000000e+00,1.000000000000000000e+00
7.022949642422199323e-01,7.071067811865474617e-01,8.235158286286461959e-02,-5.869402573672057033e-02
-7.022949642422195993e-01,7.071067811865476838e-01,-8.235158286286459184e-02,5.869402573672057033e-02
-1.164627253675548924e-01,6.938893903907228378e-18,9.931950632176750338e-01,9.055241899330609412e-01
0.000000000000000000e+00,0.000000000000000000e+00,0.000000000000000000e+00,1.000000000000000000e+00
7.022949642422199323e-01,7.071067811865474617e-01,8.235158286286461959e-02,-5.897588324745324517e-02
-7.022949642422195993e-01,7.071067811865476838e-01,-8.235158286286459184e-02,5.897588324745323130e-02
-1.164627253675548924e-01,6.938893903907228378e-18,9.931950632176750338e-01,9.055709308261851165e-01
0.000000000000000000e+00,0.000000000000000000e+00,0.000000000000000000e+00,1.000000000000000000e+00
7.022949642422199323e-01,7.071067811865474617e-01,8.235158286286461959e-02,-5.925774075818590614e-02
-7.022949642422195993e-01,7.071067811865476838e-01,-8.235158286286459184e-02,5.925774075818589226e-02
-1.164627253675548924e-01,6.938893903907228378e-18,9.931950632176750338e-01,9.056176717193092918e-01
0.000000000000000000e+00,0.000000000000000000e+00,0.000000000000000000e+00,1.000000000000000000e+00
7.022949642422199323e-01,7.071067811865474617e-01,8.235158286286461959e-02,-5.953959826891856710e-02
-7.022949642422195993e-01,7.071067811865476838e-01,-8.235158286286459184e-02,5.953959826891856710e-02
-1.164627253675548924e-01,6.938893903907228378e-18,9.931950632176750338e-01,9.056644126124332450e-01
0.000000000000000000e+00,0.000000000000000000e+00,0.000000000000000000e+00,1.000000000000000000e+00
7.022949642422199323e-01,7.071067811865474617e-01,8.235158286286461959e-02,-5.982145577965126970e-02
-7.022949642422195993e-01,7.071067811865476838e-01,-8.235158286286459184e-02,5.982145577965124195e-02
-1.164627253675548924e-01,6.938893903907228378e-18,9.931950632176750338e-01,9.057111535055574203e-01
0.000000000000000000e+00,0.000000000000000000e+00,0.000000000000000000e+00,1.000000000000000000e+00
7.022949642422199323e-01,7.071067811865474617e-01,8.235158286286461959e-02,-6.010331329038388903e-02
-7.022949642422195993e-01,7.071067811865476838e-01,-8.235158286286459184e-02,6.010331329038388903e-02
-1.164627253675548924e-01,6.938893903907228378e-18,9.931950632176750338e-01,9.057578943986815956e-01
0.000000000000000000e+00,0.000000000000000000e+00,0.000000000000000000e+00,1.000000000000000000e+00
7.022949642422199323e-01,7.071067811865474617e-01,8.235158286286461959e-02,-6.038517080111659163e-02
-7.022949642422195993e-01,7.071067811865476838e-01,-8.235158286286459184e-02,6.038517080111656388e-02
-1.164627253675548924e-01,6.938893903907228378e-18,9.931950632176750338e-01,9.058046352918055488e-01
0.000000000000000000e+00,0.000000000000000000e+00,0.000000000000000000e+00,1.000000000000000000e+00
7.022949642422199323e-01,7.071067811865474617e-01,8.235158286286461959e-02,-6.066702831184922484e-02
-7.022949642422195993e-01,7.071067811865476838e-01,-8.235158286286459184e-02,6.066702831184921096e-02
-1.164627253675548924e-01,6.938893903907228378e-18,9.931950632176750338e-01,9.058513761849297241e-01
0.000000000000000000e+00,0.000000000000000000e+00,0.000000000000000000e+00,1.000000000000000000e+00
7.022949642422199323e-01,7.071067811865474617e-01,8.235158286286461959e-02,-6.094888582258191356e-02
-7.022949642422195993e-01,7.071067811865476838e-01,-8.235158286286459184e-02,6.094888582258188581e-02
-1.164627253675548924e-01,6.938893903907228378e-18,9.931950632176750338e-01,9.058981170780538994e-01
0.000000000000000000e+00,0.000000000000000000e+00,0.000000000000000000e+00,1.000000000000000000e+00
7.022949642422199323e-01,7.071067811865474617e-01,8.235158286286461959e-02,-6.123074333331454677e-02
-7.022949642422195993e-01,7.071067811865476838e-01,-8.235158286286459184e-02,6.123074333331453289e-02
-1.164627253675548924e-01,6.938893903907228378e-18,9.931950632176750338e-01,9.059448579711778526e-01
0.000000000000000000e+00,0.000000000000000000e+00,0.000000000000000000e+00,1.000000000000000000e+00
7.022949642422199323e-01,7.071067811865474617e-01,8.235158286286461959e-02,-6.151260084404723549e-02
-7.022949642422195993e-01,7.071067811865476838e-01,-8.235158286286459184e-02,6.151260084404720774e-02
-1.164627253675548924e-01,6.938893903907228378e-18,9.931950632176750338e-01,9.059915988643020279e-01
0.000000000000000000e+00,0.000000000000000000e+00,0.000000000000000000e+00,1.000000000000000000e+00
7.022949642422199323e-01,7.071067811865474617e-01,8.235158286286461959e-02,-6.179445835477988258e-02
-7.022949642422195993e-01,7.071067811865476838e-01,-8.235158286286459184e-02,6.179445835477986870e-02
-1.164627253675548924e-01,6.938893903907228378e-18,9.931950632176750338e-01,9.060383397574262032e-01
0.000000000000000000e+00,0.000000000000000000e+00,0.000000000000000000e+00,1.000000000000000000e+00
7.022949642422199323e-01,7.071067811865474617e-01,8.235158286286461959e-02,-6.207631586551255742e-02
-7.022949642422195993e-01,7.071067811865476838e-01,-8.235158286286459184e-02,6.207631586551254355e-02
-1.164627253675548924e-01,6.938893903907228378e-18,9.931950632176750338e-01,9.060850806505501565e-01
0.000000000000000000e+00,0.000000000000000000e+00,0.000000000000000000e+00,1.000000000000000000e+00
7.022949642422199323e-01,7.071067811865474617e-01,8.235158286286461959e-02,-6.235817337624523227e-02
-7.022949642422195993e-01,7.071067811865476838e-01,-8.235158286286459184e-02,6.235817337624520451e-02
-1.164627253675548924e-01,6.938893903907228378e-18,9.931950632176750338e-01,9.061318215436743317e-01
0.000000000000000000e+00,0.000000000000000000e+00,0.000000000000000000e+00,1.000000000000000000e+00
7.022949642422199323e-01,7.071067811865474617e-01,8.235158286286461959e-02,-6.264003088697786548e-02
-7.022949642422195993e-01,7.071067811865476838e-01,-8.235158286286459184e-02,6.264003088697785160e-02
-1.164627253675548924e-01,6.938893903907228378e-18,9.931950632176750338e-01,9.061785624367985070e-01
0.000000000000000000e+00,0.000000000000000000e+00,0.000000000000000000e+00,1.000000000000000000e+00
7.022949642422199323e-01,7.071067811865474617e-01,8.235158286286461959e-02,-6.292188839771054032e-02
-7.022949642422195993e-01,7.071067811865476838e-01,-8.235158286286459184e-02,6.292188839771052644e-02
-1.164627253675548924e-01,6.938893903907228378e-18,9.931950632176750338e-01,9.062253033299224603e-01
0.000000000000000000e+00,0.000000000000000000e+00,0.000000000000000000e+00,1.000000000000000000e+00
7.022949642422199323e-01,7.071067811865474617e-01,8.235158286286461959e-02,-6.320374590844320128e-02
-7.022949642422195993e-01,7.071067811865476838e-01,-8.235158286286459184e-02,6.320374590844317353e-02
-1.164627253675548924e-01,6.938893903907228378e-18,9.931950632176750338e-01,9.062720442230466356e-01
0.000000000000000000e+00,0.000000000000000000e+00,0.000000000000000000e+00,1.000000000000000000e+00
7.022949642422199323e-01,7.071067811865474617e-01,8.235158286286461959e-02,-6.348560341917587613e-02
-7.022949642422195993e-01,7.071067811865476838e-01,-8.235158286286459184e-02,6.348560341917586225e-02
-1.164627253675548924e-01,6.938893903907228378e-18,9.931950632176750338e-01,9.063187851161708108e-01
0.000000000000000000e+00,0.000000000000000000e+00,0.000000000000000000e+00,1.000000000000000000e+00
7.022949642422199323e-01,7.071067811865474617e-01,8.235158286286461959e-02,-6.376746092990850934e-02
-7.022949642422195993e-01,7.071067811865476838e-01,-8.235158286286459184e-02,6.376746092990850934e-02
-1.164627253675548924e-01,6.938893903907228378e-18,9.931950632176750338e-01,9.063655260092947641e-01
0.000000000000000000e+00,0.000000000000000000e+00,0.000000000000000000e+00,1.000000000000000000e+00
7.022949642422199323e-01,7.071067811865474617e-01,8.235158286286461959e-02,-6.404931844064121194e-02
-7.022949642422195993e-01,7.071067811865476838e-01,-8.235158286286459184e-02,6.404931844064118418e-02
-1.164627253675548924e-01,6.938893903907228378e-18,9.931950632176750338e-01,9.064122669024189394e-01
0.000000000000000000e+00,0.000000000000000000e+00,0.000000000000000000e+00,1.000000000000000000e+00
7.022949642422199323e-01,7.071067811865474617e-01,8.235158286286461959e-02,-6.433117595137385902e-02
-7.022949642422195993e-01,7.071067811865476838e-01,-8.235158286286459184e-02,6.433117595137383127e-02
-1.164627253675548924e-01,6.938893903907228378e-18,9.931950632176750338e-01,9.064590077955431147e-01
0.000000000000000000e+00,0.000000000000000000e+00,0.000000000000000000e+00,1.000000000000000000e+00
7.022949642422199323e-01,7.071067811865474617e-01,8.235158286286461959e-02,-6.461303346210653387e-02
-7.022949642422195993e-01,7.071067811865476838e-01,-8.235158286286459184e-02,6.461303346210651999e-02
-1.164627253675548924e-01,6.938893903907228378e-18,9.931950632176750338e-01,9.065057486886670679e-01
0.000000000000000000e+00,0.000000000000000000e+00,0.000000000000000000e+00,1.000000000000000000e+00
7.022949642422199323e-01,7.071067811865474617e-01,8.235158286286461959e-02,-6.489489097283919483e-02
-7.022949642422195993e-01,7.071067811865476838e-01,-8.235158286286459184e-02,6.489489097283918095e-02
-1.164627253675548924e-01,6.938893903907228378e-18,9.931950632176750338e-01,9.065524895817912432e-01
0.000000000000000000e+00,0.000000000000000000e+00,0.000000000000000000e+00,1.000000000000000000e+00
7.022949642422199323e-01,7.071067811865474617e-01,8.235158286286461959e-02,-6.517674848357182804e-02
-7.022949642422195993e-01,7.071067811865476838e-01,-8.235158286286459184e-02,6.517674848357182804e-02
-1.164627253675548924e-01,6.938893903907228378e-18,9.931950632176750338e-01,9.065992304749154185e-01
0.000000000000000000e+00,0.000000000000000000e+00,0.000000000000000000e+00,1.000000000000000000e+00
7.022949642422199323e-01,7.071067811865474617e-01,8.235158286286461959e-02,-6.545860599430451676e-02
-7.022949642422195993e-01,7.071067811865476838e-01,-8.235158286286459184e-02,6.545860599430450288e-02
-1.164627253675548924e-01,6.938893903907228378e-18,9.931950632176750338e-01,9.066459713680395938e-01
0.000000000000000000e+00,0.000000000000000000e+00,0.000000000000000000e+00,1.000000000000000000e+00
7.022949642422199323e-01,7.071067811865474617e-01,8.235158286286461959e-02,-6.574046350503714997e-02
-7.022949642422195993e-01,7.071067811865476838e-01,-8.235158286286459184e-02,6.574046350503714997e-02
-1.164627253675548924e-01,6.938893903907228378e-18,9.931950632176750338e-01,9.066927122611633250e-01
0.000000000000000000e+00,0.000000000000000000e+00,0.000000000000000000e+00,1.000000000000000000e+00
7.022949642422199323e-01,7.071067811865474617e-01,8.235158286286461959e-02,-6.602232101576985257e-02
-7.022949642422195993e-01,7.071067811865476838e-01,-8.235158286286459184e-02,6.602232101576982481e-02
-1.164627253675548924e-01,6.938893903907228378e-18,9.931950632176750338e-01,9.067394531542877223e-01
0.000000000000000000e+00,0.000000000000000000e+00,0.000000000000000000e+00,1.000000000000000000e+00
7.022949642422199323e-01,7.071067811865474617e-01,8.235158286286461959e-02,-6.630417852650248578e-02
-7.022949642422195993e-01,7.071067811865476838e-01,-8.235158286286459184e-02,6.630417852650248578e-02
-1.164627253675548924e-01,6.938893903907228378e-18,9.931950632176750338e-01,9.067861940474116755e-01
0.000000000000000000e+00,0.000000000000000000e+00,0.000000000000000000e+00,1.000000000000000000e+00
7.022949642422199323e-01,7.071067811865474617e-01,8.235158286286461959e-02,-6.658603603723517450e-02
-7.022949642422195993e-01,7.071067811865476838e-01,-8.235158286286459184e-02,6.658603603723516062e-02
-1.164627253675548924e-01,6.938893903907228378e-18,9.931950632176750338e-01,9.068329349405358508e-01
0.000000000000000000e+00,0.000000000000000000e+00,0.000000000000000000e+00,1.000000000000000000e+00
7.022949642422199323e-01,7.071067811865474617e-01,8.235158286286461959e-02,-6.686789354796783547e-02
-7.022949642422195993e-01,7.071067811865476838e-01,-8.235158286286459184e-02,6.686789354796780771e-02
-1.164627253675548924e-01,6.938893903907228378e-18,9.931950632176750338e-01,9.068796758336600261e-01
0.000000000000000000e+00,0.000000000000000000e+00,0.000000000000000000e+00,1.000000000000000000e+00
7.022949642422199323e-01,7.071067811865474617e-01,8.235158286286461959e-02,-6.714975105870049643e-02
-7.022949642422195993e-01,7.071067811865476838e-01,-8.235158286286459184e-02,6.714975105870049643e-02
-1.164627253675548924e-01,6.938893903907228378e-18,9.931950632176750338e-01,9.069264167267839793e-01
0.000000000000000000e+00,0.000000000000000000e+00,0.000000000000000000e+00,1.000000000000000000e+00
7.022949642422199323e-01,7.071067811865474617e-01,8.235158286286461959e-02,-6.743160856943318515e-02
-7.022949642422195993e-01,7.071067811865476838e-01,-8.235158286286459184e-02,6.743160856943314352e-02
-1.164627253675548924e-01,6.938893903907228378e-18,9.931950632176750338e-01,9.069731576199081546e-01
0.000000000000000000e+00,0.000000000000000000e+00,0.000000000000000000e+00,1.000000000000000000e+00
7.022949642422199323e-01,7.071067811865474617e-01,8.235158286286461959e-02,-6.771346608016581836e-02
-7.022949642422195993e-01,7.071067811865476838e-01,-8.235158286286459184e-02,6.771346608016577673e-02
-1.164627253675548924e-01,6.938893903907228378e-18,9.931950632176750338e-01,9.070198985130323299e-01
0.000000000000000000e+00,0.000000000000000000e+00,0.000000000000000000e+00,1.000000000000000000e+00
7.022949642422199323e-01,7.071067811865474617e-01,8.235158286286461959e-02,-6.799532359089846545e-02
-7.022949642422195993e-01,7.071067811865476838e-01,-8.235158286286459184e-02,6.799532359089846545e-02
-1.164627253675548924e-01,6.938893903907228378e-18,9.931950632176750338e-01,9.070666394061565052e-01
0.000000000000000000e+00,0.000000000000000000e+00,0.000000000000000000e+00,1.000000000000000000e+00
7.022949642422199323e-01,7.071067811865474617e-01,8.235158286286461959e-02,-6.827718110163114029e-02
-7.022949642422195993e-01,7.071067811865476838e-01,-8.235158286286459184e-02,6.827718110163112641e-02
-1.164627253675548924e-01,6.938893903907228378e-18,9.931950632176750338e-01,9.071133802992802364e-01
0.000000000000000000e+00,0.000000000000000000e+00,0.000000000000000000e+00,1.000000000000000000e+00
7.022949642422199323e-01,7.071067811865474617e-01,8.235158286286461959e-02,-6.855903861236381513e-02
-7.022949642422195993e-01,7.071067811865476838e-01,-8.235158286286459184e-02,6.855903861236378738e-02
-1.164627253675548924e-01,6.938893903907228378e-18,9.931950632176750338e-01,9.071601211924046337e-01
0.000000000000000000e+00,0.000000000000000000e+00,0.000000000000000000e+00,1.000000000000000000e+00
7.022949642422199323e-01,7.071067811865474617e-01,8.235158286286461959e-02,-6.884089612309644834e-02
-7.022949642422195993e-01,7.071067811865476838e-01,-8.235158286286459184e-02,6.884089612309643447e-02
-1.164627253675548924e-01,6.938893903907228378e-18,9.931950632176750338e-01,9.072068620855288090e-01
0.000000000000000000e+00,0.000000000000000000e+00,0.000000000000000000e+00,1.000000000000000000e+00
7.022949642422199323e-01,7.071067811865474617e-01,8.235158286286461959e-02,-6.912275363382913707e-02
-7.022949642422195993e-01,7.071067811865476838e-01,-8.235158286286459184e-02,6.912275363382912319e-02
-1.164627253675548924e-01,6.938893903907228378e-18,9.931950632176750338e-01,9.072536029786527623e-01
0.000000000000000000e+00,0.000000000000000000e+00,0.000000000000000000e+00,1.000000000000000000e+00
7.022949642422199323e-01,7.071067811865474617e-01,8.235158286286461959e-02,-6.940461114456182579e-02
-7.022949642422195993e-01,7.071067811865476838e-01,-8.235158286286459184e-02,6.940461114456178415e-02
-1.164627253675548924e-01,6.938893903907228378e-18,9.931950632176750338e-01,9.073003438717769376e-01
0.000000000000000000e+00,0.000000000000000000e+00,0.000000000000000000e+00,1.000000000000000000e+00
7.022949642422199323e-01,7.071067811865474617e-01,8.235158286286461959e-02,-6.968646865529448675e-02
-7.022949642422195993e-01,7.071067811865476838e-01,-8.235158286286459184e-02,6.968646865529444512e-02
-1.164627253675548924e-01,6.938893903907228378e-18,9.931950632176750338e-01,9.073470847649008908e-01
0.000000000000000000e+00,0.000000000000000000e+00,0.000000000000000000e+00,1.000000000000000000e+00
7.022949642422199323e-01,7.071067811865474617e-01,8.235158286286461959e-02,-6.996832616602713384e-02
-7.022949642422195993e-01,7.071067811865476838e-01,-8.235158286286459184e-02,6.996832616602711996e-02
-1.164627253675548924e-01,6.938893903907228378e-18,9.931950632176750338e-01,9.073938256580250661e-01
0.000000000000000000e+00,0.000000000000000000e+00,0.000000000000000000e+00,1.000000000000000000e+00
7.022949642422199323e-01,7.071067811865474617e-01,8.235158286286461959e-02,-7.025018367675978093e-02
-7.022949642422195993e-01,7.071067811865476838e-01,-8.235158286286459184e-02,7.025018367675976705e-02
-1.164627253675548924e-01,6.938893903907228378e-18,9.931950632176750338e-01,9.074405665511492414e-01
0.000000000000000000e+00,0.000000000000000000e+00,0.000000000000000000e+00,1.000000000000000000e+00
7.022949642422199323e-01,7.071067811865474617e-01,8.235158286286461959e-02,-7.053204118749245577e-02
-7.022949642422195993e-01,7.071067811865476838e-01,-8.235158286286459184e-02,7.053204118749242801e-02
-1.164627253675548924e-01,6.938893903907228378e-18,9.931950632176750338e-01,9.074873074442734167e-01
0.000000000000000000e+00,0.000000000000000000e+00,0.000000000000000000e+00,1.000000000000000000e+00
7.022949642422199323e-01,7.071067811865474617e-01,8.235158286286461959e-02,-7.081389869822513061e-02
-7.022949642422195993e-01,7.071067811865476838e-01,-8.235158286286459184e-02,7.081389869822507510e-02
-1.164627253675548924e-01,6.938893903907228378e-18,9.931950632176750338e-01,9.075340483373973699e-01
0.000000000000000000e+00,0.000000000000000000e+00,0.000000000000000000e+00,1.000000000000000000e+00
7.022949642422199323e-01,7.071067811865474617e-01,8.235158286286461959e-02,-7.109575620895780546e-02
-7.022949642422195993e-01,7.071067811865476838e-01,-8.235158286286459184e-02,7.109575620895776382e-02
-1.164627253675548924e-01,6.938893903907228378e-18,9.931950632176750338e-01,9.075807892305215452e-01
0.000000000000000000e+00,0.000000000000000000e+00,0.000000000000000000e+00,1.000000000000000000e+00
7.022949642422199323e-01,7.071067811865474617e-01,8.235158286286461959e-02,-7.137761371969043867e-02
-7.022949642422195993e-01,7.071067811865476838e-01,-8.235158286286459184e-02,7.137761371969042479e-02
-1.164627253675548924e-01,6.938893903907228378e-18,9.931950632176750338e-01,9.076275301236457205e-01
0.000000000000000000e+00,0.000000000000000000e+00,0.000000000000000000e+00,1.000000000000000000e+00
7.022949642422199323e-01,7.071067811865474617e-01,8.235158286286461959e-02,-7.165947123042309963e-02
-7.022949642422195993e-01,7.071067811865476838e-01,-8.235158286286459184e-02,7.165947123042308575e-02
-1.164627253675548924e-01,6.938893903907228378e-18,9.931950632176750338e-01,9.076742710167696737e-01
0.000000000000000000e+00,0.000000000000000000e+00,0.000000000000000000e+00,1.000000000000000000e+00
7.022949642422199323e-01,7.071067811865474617e-01,8.235158286286461959e-02,-7.194132874115576060e-02
-7.022949642422195993e-01,7.071067811865476838e-01,-8.235158286286459184e-02,7.194132874115574672e-02
-1.164627253675548924e-01,6.938893903907228378e-18,9.931950632176750338e-01,9.077210119098938490e-01
0.000000000000000000e+00,0.000000000000000000e+00,0.000000000000000000e+00,1.000000000000000000e+00
7.022949642422199323e-01,7.071067811865474617e-01,8.235158286286461959e-02,-7.222318625188844932e-02
-7.022949642422195993e-01,7.071067811865476838e-01,-8.235158286286459184e-02,7.222318625188842156e-02
-1.164627253675548924e-01,6.938893903907228378e-18,9.931950632176750338e-01,9.077677528030180243e-01
0.000000000000000000e+00,0.000000000000000000e+00,0.000000000000000000e+00,1.000000000000000000e+00
7.022949642422199323e-01,7.071067811865474617e-01,8.235158286286461959e-02,-7.250504376262109640e-02
-7.022949642422195993e-01,7.071067811865476838e-01,-8.235158286286459184e-02,7.250504376262108253e-02
-1.164627253675548924e-01,6.938893903907228378e-18,9.931950632176750338e-01,9.078144936961419775e-01
0.000000000000000000e+00,0.000000000000000000e+00,0.000000000000000000e+00,1.000000000000000000e+00
7.022949642422199323e-01,7.071067811865474617e-01,8.235158286286461959e-02,-7.278690127335372961e-02
-7.022949642422195993e-01,7.071067811865476838e-01,-8.235158286286459184e-02,7.278690127335374349e-02
-1.164627253675548924e-01,6.938893903907228378e-18,9.931950632176750338e-01,9.078612345892661528e-01
0.000000000000000000e+00,0.000000000000000000e+00,0.000000000000000000e+00,1.000000000000000000e+00
7.022949642422199323e-01,7.071067811865474617e-01,8.235158286286461959e-02,-7.306875878408641833e-02
-7.022949642422195993e-01,7.071067811865476838e-01,-8.235158286286459184e-02,7.306875878408640446e-02
-1.164627253675548924e-01,6.938893903907228378e-18,9.931950632176750338e-01,9.079079754823903281e-01
0.000000000000000000e+00,0.000000000000000000e+00,0.000000000000000000e+00,1.000000000000000000e+00
7.022949642422199323e-01,7.071067811865474617e-01,8.235158286286461959e-02,-7.335061629481907930e-02
-7.022949642422195993e-01,7.071067811865476838e-01,-8.235158286286459184e-02,7.335061629481906542e-02
-1.164627253675548924e-01,6.938893903907228378e-18,9.931950632176750338e-01,9.079547163755142813e-01
0.000000000000000000e+00,0.000000000000000000e+00,0.000000000000000000e+00,1.000000000000000000e+00
7.022949642422199323e-01,7.071067811865474617e-01,8.235158286286461959e-02,-7.363247380555176802e-02
-7.022949642422195993e-01,7.071067811865476838e-01,-8.235158286286459184e-02,7.363247380555174026e-02
-1.164627253675548924e-01,6.938893903907228378e-18,9.931950632176750338e-01,9.080014572686384566e-01
0.000000000000000000e+00,0.000000000000000000e+00,0.000000000000000000e+00,1.000000000000000000e+00
7.022949642422199323e-01,7.071067811865474617e-01,8.235158286286461959e-02,-7.391433131628441511e-02
-7.022949642422195993e-01,7.071067811865476838e-01,-8.235158286286459184e-02,7.391433131628438735e-02
-1.164627253675548924e-01,6.938893903907228378e-18,9.931950632176750338e-01,9.080481981617624099e-01
0.000000000000000000e+00,0.000000000000000000e+00,0.000000000000000000e+00,1.000000000000000000e+00
7.022949642422199323e-01,7.071067811865474617e-01,8.235158286286461959e-02,-7.419618882701707607e-02
-7.022949642422195993e-01,7.071067811865476838e-01,-8.235158286286459184e-02,7.419618882701706220e-02
-1.164627253675548924e-01,6.938893903907228378e-18,9.931950632176750338e-01,9.080949390548865852e-01
0.000000000000000000e+00,0.000000000000000000e+00,0.000000000000000000e+00,1.000000000000000000e+00
7.022949642422199323e-01,7.071067811865474617e-01,8.235158286286461959e-02,-7.447804633774973704e-02
-7.022949642422195993e-01,7.071067811865476838e-01,-8.235158286286459184e-02,7.447804633774972316e-02
-1.164627253675548924e-01,6.938893903907228378e-18,9.931950632176750338e-01,9.081416799480107604e-01
0.000000000000000000e+00,0.000000000000000000e+00,0.000000000000000000e+00,1.000000000000000000e+00
7.022949642422199323e-01,7.071067811865474617e-01,8.235158286286461959e-02,-7.475990384848242576e-02
-7.022949642422195993e-01,7.071067811865476838e-01,-8.235158286286459184e-02,7.475990384848239800e-02
-1.164627253675548924e-01,6.938893903907228378e-18,9.931950632176750338e-01,9.081884208411349357e-01
0.000000000000000000e+00,0.000000000000000000e+00,0.000000000000000000e+00,1.000000000000000000e+00
7.022949642422199323e-01,7.071067811865474617e-01,8.235158286286461959e-02,-7.504176135921508672e-02
-7.022949642422195993e-01,7.071067811865476838e-01,-8.235158286286459184e-02,7.504176135921505897e-02
-1.164627253675548924e-01,6.938893903907228378e-18,9.931950632176750338e-01,9.082351617342588890e-01
0.000000000000000000e+00,0.000000000000000000e+00,0.000000000000000000e+00,1.000000000000000000e+00
7.022949642422199323e-01,7.071067811865474617e-01,8.235158286286461959e-02,-7.532361886994774769e-02
-7.022949642422195993e-01,7.071067811865476838e-01,-8.235158286286459184e-02,7.532361886994771993e-02
-1.164627253675548924e-01,6.938893903907228378e-18,9.931950632176750338e-01,9.082819026273832863e-01
0.000000000000000000e+00,0.000000000000000000e+00,0.000000000000000000e+00,1.000000000000000000e+00
7.022949642422199323e-01,7.071067811865474617e-01,8.235158286286461959e-02,-7.560547638068040865e-02
-7.022949642422195993e-01,7.071067811865476838e-01,-8.235158286286459184e-02,7.560547638068036702e-02
-1.164627253675548924e-01,6.938893903907228378e-18,9.931950632176750338e-01,9.083286435205072396e-01
0.000000000000000000e+00,0.000000000000000000e+00,0.000000000000000000e+00,1.000000000000000000e+00
7.022949642422199323e-01,7.071067811865474617e-01,8.235158286286461959e-02,-7.588733389141306962e-02
-7.022949642422195993e-01,7.071067811865476838e-01,-8.235158286286459184e-02,7.588733389141304186e-02
-1.164627253675548924e-01,6.938893903907228378e-18,9.931950632176750338e-01,9.083753844136311928e-01
0.000000000000000000e+00,0.000000000000000000e+00,0.000000000000000000e+00,1.000000000000000000e+00
7.022949642422199323e-01,7.071067811865474617e-01,8.235158286286461959e-02,-7.616919140214575834e-02
-7.022949642422195993e-01,7.071067811865476838e-01,-8.235158286286459184e-02,7.616919140214571671e-02
-1.164627253675548924e-01,6.938893903907228378e-18,9.931950632176750338e-01,9.084221253067553681e-01
0.000000000000000000e+00,0.000000000000000000e+00,0.000000000000000000e+00,1.000000000000000000e+00
7.022949642422199323e-01,7.071067811865474617e-01,8.235158286286461959e-02,-7.645104891287837767e-02
-7.022949642422195993e-01,7.071067811865476838e-01,-8.235158286286459184e-02,7.645104891287836379e-02
-1.164627253675548924e-01,6.938893903907228378e-18,9.931950632176750338e-01,9.084688661998793213e-01
0.000000000000000000e+00,0.000000000000000000e+00,0.000000000000000000e+00,1.000000000000000000e+00
7.022949642422199323e-01,7.071067811865474617e-01,8.235158286286461959e-02,-7.673290642361103864e-02
-7.022949642422195993e-01,7.071067811865476838e-01,-8.235158286286459184e-02,7.673290642361102476e-02
-1.164627253675548924e-01,6.938893903907228378e-18,9.931950632176750338e-01,9.085156070930034966e-01
0.000000000000000000e+00,0.000000000000000000e+00,0.000000000000000000e+00,1.000000000000000000e+00
7.022949642422199323e-01,7.071067811865474617e-01,8.235158286286461959e-02,-7.701476393434369960e-02
-7.022949642422195993e-01,7.071067811865476838e-01,-8.235158286286459184e-02,7.701476393434368573e-02
-1.164627253675548924e-01,6.938893903907228378e-18,9.931950632176750338e-01,9.085623479861276719e-01
0.000000000000000000e+00,0.000000000000000000e+00,0.000000000000000000e+00,1.000000000000000000e+00
7.022949642422199323e-01,7.071067811865474617e-01,8.235158286286461959e-02,-7.729662144507638832e-02
-7.022949642422195993e-01,7.071067811865476838e-01,-8.235158286286459184e-02,7.729662144507636057e-02
-1.164627253675548924e-01,6.938893903907228378e-18,9.931950632176750338e-01,9.086090888792518472e-01
0.000000000000000000e+00,0.000000000000000000e+00,0.000000000000000000e+00,1.000000000000000000e+00
7.022949642422199323e-01,7.071067811865474617e-01,8.235158286286461959e-02,-7.757847895580904929e-02
-7.022949642422195993e-01,7.071067811865476838e-01,-8.235158286286459184e-02,7.757847895580902153e-02
-1.164627253675548924e-01,6.938893903907228378e-18,9.931950632176750338e-01,9.086558297723760225e-01
0.000000000000000000e+00,0.000000000000000000e+00,0.000000000000000000e+00,1.000000000000000000e+00
7.022949642422199323e-01,7.071067811865474617e-01,8.235158286286461959e-02,-7.786033646654171025e-02
-7.022949642422195993e-01,7.071067811865476838e-01,-8.235158286286459184e-02,7.786033646654168250e-02
-1.164627253675548924e-01,6.938893903907228378e-18,9.931950632176750338e-01,9.087025706654999757e-01
0.000000000000000000e+00,0.000000000000000000e+00,0.000000000000000000e+00,1.000000000000000000e+00
7.022949642422199323e-01,7.071067811865474617e-01,8.235158286286461959e-02,-7.814219397727435734e-02
-7.022949642422195993e-01,7.071067811865476838e-01,-8.235158286286459184e-02,7.814219397727434346e-02
-1.164627253675548924e-01,6.938893903907228378e-18,9.931950632176750338e-01,9.087493115586241510e-01
0.000000000000000000e+00,0.000000000000000000e+00,0.000000000000000000e+00,1.000000000000000000e+00
7.022949642422199323e-01,7.071067811865474617e-01,8.235158286286461959e-02,-7.842405148800701831e-02
-7.022949642422195993e-01,7.071067811865476838e-01,-8.235158286286459184e-02,7.842405148800701831e-02
-1.164627253675548924e-01,6.938893903907228378e-18,9.931950632176750338e-01,9.087960524517483263e-01
0.000000000000000000e+00,0.000000000000000000e+00,0.000000000000000000e+00,1.000000000000000000e+00
7.022949642422199323e-01,7.071067811865474617e-01,8.235158286286461959e-02,-7.870590899873970703e-02
-7.022949642422195993e-01,7.071067811865476838e-01,-8.235158286286459184e-02,7.870590899873967927e-02
-1.164627253675548924e-01,6.938893903907228378e-18,9.931950632176750338e-01,9.088427933448725016e-01
0.000000000000000000e+00,0.000000000000000000e+00,0.000000000000000000e+00,1.000000000000000000e+00
7.022949642422199323e-01,7.071067811865474617e-01,8.235158286286461959e-02,-7.898776650947236799e-02
-7.022949642422195993e-01,7.071067811865476838e-01,-8.235158286286459184e-02,7.898776650947234024e-02
-1.164627253675548924e-01,6.938893903907228378e-18,9.931950632176750338e-01,9.088895342379964548e-01
0.000000000000000000e+00,0.000000000000000000e+00,0.000000000000000000e+00,1.000000000000000000e+00
7.022949642422199323e-01,7.071067811865474617e-01,8.235158286286461959e-02,-7.926962402020501508e-02
-7.022949642422195993e-01,7.071067811865476838e-01,-8.235158286286459184e-02,7.926962402020501508e-02
-1.164627253675548924e-01,6.938893903907228378e-18,9.931950632176750338e-01,9.089362751311206301e-01
0.000000000000000000e+00,0.000000000000000000e+00,0.000000000000000000e+00,1.000000000000000000e+00
7.022949642422199323e-01,7.071067811865474617e-01,8.235158286286461959e-02,-7.955148153093768992e-02
-7.022949642422195993e-01,7.071067811865476838e-01,-8.235158286286459184e-02,7.955148153093767605e-02
-1.164627253675548924e-01,6.938893903907228378e-18,9.931950632176750338e-01,9.089830160242445833e-01
0.000000000000000000e+00,0.000000000000000000e+00,0.000000000000000000e+00,1.000000000000000000e+00
7.022949642422199323e-01,7.071067811865474617e-01,8.235158286286461959e-02,-7.983333904167035089e-02
-7.022949642422195993e-01,7.071067811865476838e-01,-8.235158286286459184e-02,7.983333904167032313e-02
-1.164627253675548924e-01,6.938893903907228378e-18,9.931950632176750338e-01,9.090297569173685366e-01
0.000000000000000000e+00,0.000000000000000000e+00,0.000000000000000000e+00,1.000000000000000000e+00
7.022949642422199323e-01,7.071067811865474617e-01,8.235158286286461959e-02,-8.011519655240303961e-02
-7.022949642422195993e-01,7.071067811865476838e-01,-8.235158286286459184e-02,8.011519655240299798e-02
-1.164627253675548924e-01,6.938893903907228378e-18,9.931950632176750338e-01,9.090764978104929339e-01
0.000000000000000000e+00,0.000000000000000000e+00,0.000000000000000000e+00,1.000000000000000000e+00
7.022949642422199323e-01,7.071067811865474617e-01,8.235158286286461959e-02,-8.039705406313568670e-02
-7.022949642422195993e-01,7.071067811865476838e-01,-8.235158286286459184e-02,8.039705406313564506e-02
-1.164627253675548924e-01,6.938893903907228378e-18,9.931950632176750338e-01,9.091232387036171092e-01
0.000000000000000000e+00,0.000000000000000000e+00,0.000000000000000000e+00,1.000000000000000000e+00
7.022949642422199323e-01,7.071067811865474617e-01,8.235158286286461959e-02,-8.067891157386834766e-02
-7.022949642422195993e-01,7.071067811865476838e-01,-8.235158286286459184e-02,8.067891157386833378e-02
-1.164627253675548924e-01,6.938893903907228378e-18,9.931950632176750338e-01,9.091699795967410624e-01
0.000000000000000000e+00,0.000000000000000000e+00,0.000000000000000000e+00,1.000000000000000000e+00
7.022949642422199323e-01,7.071067811865474617e-01,8.235158286286461959e-02,-8.096076908460100863e-02
-7.022949642422195993e-01,7.071067811865476838e-01,-8.235158286286459184e-02,8.096076908460098087e-02
-1.164627253675548924e-01,6.938893903907228378e-18,9.931950632176750338e-01,9.092167204898652377e-01
0.000000000000000000e+00,0.000000000000000000e+00,0.000000000000000000e+00,1.000000000000000000e+00
7.022949642422199323e-01,7.071067811865474617e-01,8.235158286286461959e-02,-8.124262659533364184e-02
-7.022949642422195993e-01,7.071067811865476838e-01,-8.235158286286459184e-02,8.124262659533364184e-02
-1.164627253675548924e-01,6.938893903907228378e-18,9.931950632176750338e-01,9.092634613829891910e-01
0.000000000000000000e+00,0.000000000000000000e+00,0.000000000000000000e+00,1.000000000000000000e+00
7.022949642422199323e-01,7.071067811865474617e-01,8.235158286286461959e-02,-8.152448410606633056e-02
-7.022949642422195993e-01,7.071067811865476838e-01,-8.235158286286459184e-02,8.152448410606630280e-02
-1.164627253675548924e-01,6.938893903907228378e-18,9.931950632176750338e-01,9.093102022761133663e-01
0.000000000000000000e+00,0.000000000000000000e+00,0.000000000000000000e+00,1.000000000000000000e+00
7.022949642422199323e-01,7.071067811865474617e-01,8.235158286286461959e-02,-8.180634161679899152e-02
-7.022949642422195993e-01,7.071067811865476838e-01,-8.235158286286459184e-02,8.180634161679896377e-02
-1.164627253675548924e-01,6.938893903907228378e-18,9.931950632176750338e-01,9.093569431692375415e-01
0.000000000000000000e+00,0.000000000000000000e+00,0.000000000000000000e+00,1.000000000000000000e+00
7.022949642422199323e-01,7.071067811865474617e-01,8.235158286286461959e-02,-8.208819912753165249e-02
-7.022949642422195993e-01,7.071067811865476838e-01,-8.235158286286459184e-02,8.208819912753162473e-02
-1.164627253675548924e-01,6.938893903907228378e-18,9.931950632176750338e-01,9.094036840623614948e-01
0.000000000000000000e+00,0.000000000000000000e+00,0.000000000000000000e+00,1.000000000000000000e+00
7.022949642422199323e-01,7.071067811865474617e-01,8.235158286286461959e-02,-8.237005663826429958e-02
-7.022949642422195993e-01,7.071067811865476838e-01,-8.235158286286459184e-02,8.237005663826431345e-02
-1.164627253675548924e-01,6.938893903907228378e-18,9.931950632176750338e-01,9.094504249554856701e-01
0.000000000000000000e+00,0.000000000000000000e+00,0.000000000000000000e+00,1.000000000000000000e+00
7.022949642422199323e-01,7.071067811865474617e-01,8.235158286286461959e-02,-8.265191414899696054e-02
-7.022949642422195993e-01,7.071067811865476838e-01,-8.235158286286459184e-02,8.265191414899696054e-02
-1.164627253675548924e-01,6.938893903907228378e-18,9.931950632176750338e-01,9.094971658486098454e-01
0.000000000000000000e+00,0.000000000000000000e+00,0.000000000000000000e+00,1.000000000000000000e+00
7.022949642422199323e-01,7.071067811865474617e-01,8.235158286286461959e-02,-8.293377165972964926e-02
-7.022949642422195993e-01,7.071067811865476838e-01,-8.235158286286459184e-02,8.293377165972962151e-02
-1.164627253675548924e-01,6.938893903907228378e-18,9.931950632176750338e-01,9.095439067417340206e-01
0.000000000000000000e+00,0.000000000000000000e+00,0.000000000000000000e+00,1.000000000000000000e+00
7.022949642422199323e-01,7.071067811865474617e-01,8.235158286286461959e-02,-8.321562917046231023e-02
-7.022949642422195993e-01,7.071067811865476838e-01,-8.235158286286459184e-02,8.321562917046228247e-02
-1.164627253675548924e-01,6.938893903907228378e-18,9.931950632176750338e-01,9.095906476348577518e-01
0.000000000000000000e+00,0.000000000000000000e+00,0.000000000000000000e+00,1.000000000000000000e+00
7.022949642422199323e-01,7.071067811865474617e-01,8.235158286286461959e-02,-8.349748668119497119e-02
-7.022949642422195993e-01,7.071067811865476838e-01,-8.235158286286459184e-02,8.349748668119494344e-02
-1.164627253675548924e-01,6.938893903907228378e-18,9.931950632176750338e-01,9.096373885279821492e-01
0.000000000000000000e+00,0.000000000000000000e+00,0.000000000000000000e+00,1.000000000000000000e+00
7.022949642422199323e-01,7.071067811865474617e-01,8.235158286286461959e-02,-8.377934419192763216e-02
-7.022949642422195993e-01,7.071067811865476838e-01,-8.235158286286459184e-02,8.377934419192761828e-02
-1.164627253675548924e-01,6.938893903907228378e-18,9.931950632176750338e-01,9.096841294211061024e-01
0.000000000000000000e+00,0.000000000000000000e+00,0.000000000000000000e+00,1.000000000000000000e+00
7.022949642422199323e-01,7.071067811865474617e-01,8.235158286286461959e-02,-8.406120170266032088e-02
-7.022949642422195993e-01,7.071067811865476838e-01,-8.235158286286459184e-02,8.406120170266027924e-02
-1.164627253675548924e-01,6.938893903907228378e-18,9.931950632176750338e-01,9.097308703142302777e-01
0.000000000000000000e+00,0.000000000000000000e+00,0.000000000000000000e+00,1.000000000000000000e+00
7.022949642422199323e-01,7.071067811865474617e-01,8.235158286286461959e-02,-8.434305921339296797e-02
-7.022949642422195993e-01,7.071067811865476838e-01,-8.235158286286459184e-02,8.434305921339294021e-02
-1.164627253675548924e-01,6.938893903907228378e-18,9.931950632176750338e-01,9.097776112073544530e-01
0.000000000000000000e+00,0.000000000000000000e+00,0.000000000000000000e+00,1.000000000000000000e+00
7.022949642422199323e-01,7.071067811865474617e-01,8.235158286286461959e-02,-8.462491672412564281e-02
-7.022949642422195993e-01,7.071067811865476838e-01,-8.235158286286459184e-02,8.462491672412560118e-02
-1.164627253675548924e-01,6.938893903907228378e-18,9.931950632176750338e-01,9.098243521004784062e-01
0.000000000000000000e+00,0.000000000000000000e+00,0.000000000000000000e+00,1.000000000000000000e+00
7.022949642422199323e-01,7.071067811865474617e-01,8.235158286286461959e-02,-8.490677423485828990e-02
-7.022949642422195993e-01,7.071067811865476838e-01,-8.235158286286459184e-02,8.490677423485827602e-02
-1.164627253675548924e-01,6.938893903907228378e-18,9.931950632176750338e-01,9.098710929936025815e-01
0.000000000000000000e+00,0.000000000000000000e+00,0.000000000000000000e+00,1.000000000000000000e+00
7.022949642422199323e-01,7.071067811865474617e-01,8.235158286286461959e-02,-8.518863174559095086e-02
-7.022949642422195993e-01,7.071067811865476838e-01,-8.235158286286459184e-02,8.518863174559092311e-02
-1.164627253675548924e-01,6.938893903907228378e-18,9.931950632176750338e-01,9.099178338867267568e-01
0.000000000000000000e+00,0.000000000000000000e+00,0.000000000000000000e+00,1.000000000000000000e+00
7.022949642422199323e-01,7.071067811865474617e-01,8.235158286286461959e-02,-8.547048925632363958e-02
-7.022949642422195993e-01,7.071067811865476838e-01,-8.235158286286459184e-02,8.547048925632359795e-02
-1.164627253675548924e-01,6.938893903907228378e-18,9.931950632176750338e-01,9.099645747798509321e-01
0.000000000000000000e+00,0.000000000000000000e+00,0.000000000000000000e+00,1.000000000000000000e+00
7.022949642422199323e-01,7.071067811865474617e-01,8.235158286286461959e-02,-8.575234676705630055e-02
-7.022949642422195993e-01,7.071067811865476838e-01,-8.235158286286459184e-02,8.575234676705625891e-02
-1.164627253675548924e-01,6.938893903907228378e-18,9.931950632176750338e-01,9.100113156729748853e-01
0.000000000000000000e+00,0.000000000000000000e+00,0.000000000000000000e+00,1.000000000000000000e+00
7.022949642422199323e-01,7.071067811865474617e-01,8.235158286286461959e-02,-8.603420427778893376e-02
-7.022949642422195993e-01,7.071067811865476838e-01,-8.235158286286459184e-02,8.603420427778891988e-02
-1.164627253675548924e-01,6.938893903907228378e-18,9.931950632176750338e-01,9.100580565660990606e-01
0.000000000000000000e+00,0.000000000000000000e+00,0.000000000000000000e+00,1.000000000000000000e+00
7.022949642422199323e-01,7.071067811865474617e-01,8.235158286286461959e-02,-8.631606178852158084e-02
-7.022949642422195993e-01,7.071067811865476838e-01,-8.235158286286459184e-02,8.631606178852158084e-02
-1.164627253675548924e-01,6.938893903907228378e-18,9.931950632176750338e-01,9.101047974592230139e-01
0.000000000000000000e+00,0.000000000000000000e+00,0.000000000000000000e+00,1.000000000000000000e+00
7.022949642422199323e-01,7.071067811865474617e-01,8.235158286286461959e-02,-8.659791929925425569e-02
-7.022949642422195993e-01,7.071067811865476838e-01,-8.235158286286459184e-02,8.659791929925424181e-02
-1.164627253675548924e-01,6.938893903907228378e-18,9.931950632176750338e-01,9.101515383523471892e-01
0.000000000000000000e+00,0.000000000000000000e+00,0.000000000000000000e+00,1.000000000000000000e+00
7.022949642422199323e-01,7.071067811865474617e-01,8.235158286286461959e-02,-8.687977680998693053e-02
-7.022949642422195993e-01,7.071067811865476838e-01,-8.235158286286459184e-02,8.687977680998690277e-02
-1.164627253675548924e-01,6.938893903907228378e-18,9.931950632176750338e-01,9.101982792454715865e-01
0.000000000000000000e+00,0.000000000000000000e+00,0.000000000000000000e+00,1.000000000000000000e+00
7.022949642422199323e-01,7.071067811865474617e-01,8.235158286286461959e-02,-8.716163432071959150e-02
-7.022949642422195993e-01,7.071067811865476838e-01,-8.235158286286459184e-02,8.716163432071957762e-02
-1.164627253675548924e-01,6.938893903907228378e-18,9.931950632176750338e-01,9.102450201385953177e-01
0.000000000000000000e+00,0.000000000000000000e+00,0.000000000000000000e+00,1.000000000000000000e+00
7.022949642422199323e-01,7.071067811865474617e-01,8.235158286286461959e-02,-8.744349183145225246e-02
-7.022949642422195993e-01,7.071067811865476838e-01,-8.235158286286459184e-02,8.744349183145223858e-02
-1.164627253675548924e-01,6.938893903907228378e-18,9.931950632176750338e-01,9.102917610317194930e-01
0.000000000000000000e+00,0.000000000000000000e+00,0.000000000000000000e+00,1.000000000000000000e+00
7.022949642422199323e-01,7.071067811865474617e-01,8.235158286286461959e-02,-8.772534934218491343e-02
-7.022949642422195993e-01,7.071067811865476838e-01,-8.235158286286459184e-02,8.772534934218489955e-02
-1.164627253675548924e-01,6.938893903907228378e-18,9.931950632176750338e-01,9.103385019248436683e-01
0.000000000000000000e+00,0.000000000000000000e+00,0.000000000000000000e+00,1.000000000000000000e+00
7.022949642422199323e-01,7.071067811865474617e-01,8.235158286286461959e-02,-8.800720685291758827e-02
-7.022949642422195993e-01,7.071067811865476838e-01,-8.235158286286459184e-02,8.800720685291756051e-02
-1.164627253675548924e-01,6.938893903907228378e-18,9.931950632176750338e-01,9.103852428179676215e-01
0.000000000000000000e+00,0.000000000000000000e+00,0.000000000000000000e+00,1.000000000000000000e+00
7.022949642422199323e-01,7.071067811865474617e-01,8.235158286286461959e-02,-8.828906436365027699e-02
-7.022949642422195993e-01,7.071067811865476838e-01,-8.235158286286459184e-02,8.828906436365022148e-02
-1.164627253675548924e-01,6.938893903907228378e-18,9.931950632176750338e-01,9.104319837110917968e-01
0.000000000000000000e+00,0.000000000000000000e+00,0.000000000000000000e+00,1.000000000000000000e+00
7.022949642422199323e-01,7.071067811865474617e-01,8.235158286286461959e-02,-8.857092187438292408e-02
-7.022949642422195993e-01,7.071067811865476838e-01,-8.235158286286459184e-02,8.857092187438288244e-02
-1.164627253675548924e-01,6.938893903907228378e-18,9.931950632176750338e-01,9.104787246042159721e-01
0.000000000000000000e+00,0.000000000000000000e+00,0.000000000000000000e+00,1.000000000000000000e+00
7.022949642422199323e-01,7.071067811865474617e-01,8.235158286286461959e-02,-8.885277938511559892e-02
-7.022949642422195993e-01,7.071067811865476838e-01,-8.235158286286459184e-02,8.885277938511557116e-02
-1.164627253675548924e-01,6.938893903907228378e-18,9.931950632176750338e-01,9.105254654973401474e-01
0.000000000000000000e+00,0.000000000000000000e+00,0.000000000000000000e+00,1.000000000000000000e+00
7.022949642422199323e-01,7.071067811865474617e-01,8.235158286286461959e-02,-8.913463689584825989e-02
-7.022949642422195993e-01,7.071067811865476838e-01,-8.235158286286459184e-02,8.913463689584823213e-02
-1.164627253675548924e-01,6.938893903907228378e-18,9.931950632176750338e-01,9.105722063904641006e-01
0.000000000000000000e+00,0.000000000000000000e+00,0.000000000000000000e+00,1.000000000000000000e+00
7.022949642422199323e-01,7.071067811865474617e-01,8.235158286286461959e-02,-8.941649440658094861e-02
-7.022949642422195993e-01,7.071067811865476838e-01,-8.235158286286459184e-02,8.941649440658089310e-02
-1.164627253675548924e-01,6.938893903907228378e-18,9.931950632176750338e-01,9.106189472835882759e-01
0.000000000000000000e+00,0.000000000000000000e+00,0.000000000000000000e+00,1.000000000000000000e+00
7.022949642422199323e-01,7.071067811865474617e-01,8.235158286286461959e-02,-8.969835191731360957e-02
-7.022949642422195993e-01,7.071067811865476838e-01,-8.235158286286459184e-02,8.969835191731354018e-02
-1.164627253675548924e-01,6.938893903907228378e-18,9.931950632176750338e-01,9.106656881767122291e-01
0.000000000000000000e+00,0.000000000000000000e+00,0.000000000000000000e+00,1.000000000000000000e+00
7.022949642422199323e-01,7.071067811865474617e-01,8.235158286286461959e-02,-8.998020942804627054e-02
-7.022949642422195993e-01,7.071067811865476838e-01,-8.235158286286459184e-02,8.998020942804621503e-02
-1.164627253675548924e-01,6.938893903907228378e-18,9.931950632176750338e-01,9.107124290698364044e-01
0.000000000000000000e+00,0.000000000000000000e+00,0.000000000000000000e+00,1.000000000000000000e+00
7.022949642422199323e-01,7.071067811865474617e-01,8.235158286286461959e-02,-9.026206693877891762e-02
-7.022949642422195993e-01,7.071067811865476838e-01,-8.235158286286459184e-02,9.026206693877887599e-02
-1.164627253675548924e-01,6.938893903907228378e-18,9.931950632176750338e-01,9.107591699629608017e-01
0.000000000000000000e+00,0.000000000000000000e+00,0.000000000000000000e+00,1.000000000000000000e+00
7.022949642422199323e-01,7.071067811865474617e-01,8.235158286286461959e-02,-9.054392444951155083e-02
-7.022949642422195993e-01,7.071067811865476838e-01,-8.235158286286459184e-02,9.054392444951152308e-02
-1.164627253675548924e-01,6.938893903907228378e-18,9.931950632176750338e-01,9.108059108560847550e-01
0.000000000000000000e+00,0.000000000000000000e+00,0.000000000000000000e+00,1.000000000000000000e+00
7.022949642422199323e-01,7.071067811865474617e-01,8.235158286286461959e-02,-9.082578196024423955e-02
-7.022949642422195993e-01,7.071067811865476838e-01,-8.235158286286459184e-02,9.082578196024421180e-02
-1.164627253675548924e-01,6.938893903907228378e-18,9.931950632176750338e-01,9.108526517492087082e-01
0.000000000000000000e+00,0.000000000000000000e+00,0.000000000000000000e+00,1.000000000000000000e+00
7.022949642422199323e-01,7.071067811865474617e-01,8.235158286286461959e-02,-9.110763947097687276e-02
-7.022949642422195993e-01,7.071067811865476838e-01,-8.235158286286459184e-02,9.110763947097685889e-02
-1.164627253675548924e-01,6.938893903907228378e-18,9.931950632176750338e-01,9.108993926423328835e-01
0.000000000000000000e+00,0.000000000000000000e+00,0.000000000000000000e+00,1.000000000000000000e+00
7.022949642422199323e-01,7.071067811865474617e-01,8.235158286286461959e-02,-9.138949698170956149e-02
-7.022949642422195993e-01,7.071067811865476838e-01,-8.235158286286459184e-02,9.138949698170953373e-02
-1.164627253675548924e-01,6.938893903907228378e-18,9.931950632176750338e-01,9.109461335354568368e-01
0.000000000000000000e+00,0.000000000000000000e+00,0.000000000000000000e+00,1.000000000000000000e+00
7.022949642422199323e-01,7.071067811865474617e-01,8.235158286286461959e-02,-9.167135449244222245e-02
-7.022949642422195993e-01,7.071067811865476838e-01,-8.235158286286459184e-02,9.167135449244218082e-02
-1.164627253675548924e-01,6.938893903907228378e-18,9.931950632176750338e-01,9.109928744285810120e-01
0.000000000000000000e+00,0.000000000000000000e+00,0.000000000000000000e+00,1.000000000000000000e+00
7.022949642422199323e-01,7.071067811865474617e-01,8.235158286286461959e-02,-9.195321200317486954e-02
-7.022949642422195993e-01,7.071067811865476838e-01,-8.235158286286459184e-02,9.195321200317485566e-02
-1.164627253675548924e-01,6.938893903907228378e-18,9.931950632176750338e-01,9.110396153217051873e-01
0.000000000000000000e+00,0.000000000000000000e+00,0.000000000000000000e+00,1.000000000000000000e+00
7.022949642422199323e-01,7.071067811865474617e-01,8.235158286286461959e-02,-9.223506951390755826e-02
-7.022949642422195993e-01,7.071067811865476838e-01,-8.235158286286459184e-02,9.223506951390753050e-02
-1.164627253675548924e-01,6.938893903907228378e-18,9.931950632176750338e-01,9.110863562148293626e-01
0.000000000000000000e+00,0.000000000000000000e+00,0.000000000000000000e+00,1.000000000000000000e+00
7.022949642422199323e-01,7.071067811865474617e-01,8.235158286286461959e-02,-9.251692702464023310e-02
-7.022949642422195993e-01,7.071067811865476838e-01,-8.235158286286459184e-02,9.251692702464020535e-02
-1.164627253675548924e-01,6.938893903907228378e-18,9.931950632176750338e-01,9.111330971079533159e-01
0.000000000000000000e+00,0.000000000000000000e+00,0.000000000000000000e+00,1.000000000000000000e+00
7.022949642422199323e-01,7.071067811865474617e-01,8.235158286286461959e-02,-9.279878453537288019e-02
-7.022949642422195993e-01,7.071067811865476838e-01,-8.235158286286459184e-02,9.279878453537285243e-02
-1.164627253675548924e-01,6.938893903907228378e-18,9.931950632176750338e-01,9.111798380010777132e-01
0.000000000000000000e+00,0.000000000000000000e+00,0.000000000000000000e+00,1.000000000000000000e+00
7.022949642422199323e-01,7.071067811865474617e-01,8.235158286286461959e-02,-9.279878453537289407e-02
-7.022949642422195993e-01,7.071067811865476838e-01,-8.235158286286459184e-02,9.279878453537286631e-02
-1.164627253675548924e-01,6.938893903907228378e-18,9.931950632176750338e-01,9.111798380010774911e-01
0.000000000000000000e+00,0.000000000000000000e+00,0.000000000000000000e+00,1.000000000000000000e+00
7.023270602367872595e-01,7.071067811865475727e-01,8.207740529008228370e-02,-9.277040715658990688e-02
-7.023270602367871485e-01,7.071067811865476838e-01,-8.207740529008226982e-02,9.277040715658993464e-02
-1.160749797256275806e-01,1.387778780781445676e-17,9.932404538084900203e-01,9.111751400749281693e-01
0.000000000000000000e+00,0.000000000000000000e+00,0.000000000000000000e+00,1.000000000000000000e+00
7.023590491918023648e-01,7.071067811865474617e-01,8.180321520812977587e-02,-9.274202848310786340e-02
-7.023590491918021428e-01,7.071067811865476838e-01,-8.180321520812974811e-02,9.274202848310779401e-02
-1.156872163930621200e-01,6.938893903907228378e-18,9.932856930225184566e-01,9.111704578162760360e-01
0.000000000000000000e+00,0.000000000000000000e+00,0.000000000000000000e+00,1.000000000000000000e+00
7.023909311023899260e-01,7.071067811865474617e-01,8.152901265879555770e-02,-9.271364851925176231e-02
-7.023909311023897040e-01,7.071067811865476838e-01,-8.152901265879555770e-02,9.271364851925173456e-02
-1.152994354289564316e-01,1.387778780781445676e-17,9.933307808528657468e-01,9.111657912258352976e-01
0.000000000000000000e+00,0.000000000000000000e+00,0.000000000000000000e+00,1.000000000000000000e+00
7.024227059636907189e-01,7.071067811865474617e-01,8.125479768387006141e-02,-9.268526726934692150e-02
-7.024227059636904968e-01,7.071067811865475727e-01,-8.125479768387003365e-02,9.268526726934690763e-02
-1.149116368924109899e-01,-6.938893903907228378e-18,9.933757172926599432e-01,9.111611403043163859e-01
0.000000000000000000e+00,0.000000000000000000e+00,0.000000000000000000e+00,1.000000000000000000e+00
7.024543737708623947e-01,7.071067811865474617e-01,8.098057032514557885e-02,-9.265688473771899192e-02
-7.024543737708621727e-01,7.071067811865476838e-01,-8.098057032514553721e-02,9.265688473771895028e-02
-1.145238208425290449e-01,0.000000000000000000e+00,9.934205023350526353e-01,9.111565050524289555e-01
0.000000000000000000e+00,0.000000000000000000e+00,0.000000000000000000e+00,1.000000000000000000e+00
7.024859345190781479e-01,7.071067811865473507e-01,8.070633062441617822e-02,-9.262850092869348573e-02
-7.024859345190778148e-01,7.071067811865476838e-01,-8.070633062441615047e-02,9.262850092869343022e-02
-1.141359873384164003e-01,0.000000000000000000e+00,9.934651359732181719e-01,9.111518854708783310e-01
0.000000000000000000e+00,0.000000000000000000e+00,0.000000000000000000e+00,1.000000000000000000e+00
7.025173882035282702e-01,7.071067811865474617e-01,8.043207862347800940e-02,-9.260011584659635919e-02
-7.025173882035280482e-01,7.071067811865476838e-01,-8.043207862347798165e-02,9.260011584659634531e-02
-1.137481364391816629e-01,6.938893903907228378e-18,9.935096182003539944e-01,9.111472815603700592e-01
0.000000000000000000e+00,0.000000000000000000e+00,0.000000000000000000e+00,1.000000000000000000e+00
7.025487348194188186e-01,7.071067811865474617e-01,8.015781436412894312e-02,-9.257172949575377674e-02
-7.025487348194185966e-01,7.071067811865476838e-01,-8.015781436412891536e-02,9.257172949575373511e-02
-1.133602682039360210e-01,1.387778780781445676e-17,9.935539490096809701e-01,9.111426933216049129e-01
0.000000000000000000e+00,0.000000000000000000e+00,0.000000000000000000e+00,1.000000000000000000e+00
7.025799743619722815e-01,7.071067811865474617e-01,7.988353788816875134e-02,-9.254334188049183341e-02
-7.025799743619720594e-01,7.071067811865476838e-01,-7.988353788816873746e-02,9.254334188049184728e-02
-1.129723826917932300e-01,0.000000000000000000e+00,9.935981283944425035e-01,9.111381207552818884e-01
0.000000000000000000e+00,0.000000000000000000e+00,0.000000000000000000e+00,1.000000000000000000e+00
7.026111068264276893e-01,7.071067811865475727e-01,7.960924923739914894e-02,-9.251495300513724873e-02
-7.026111068264276893e-01,7.071067811865475727e-01,-7.960924923739913506e-02,9.251495300513720710e-02
-1.125844799618698489e-01,1.387778780781445676e-17,9.936421563479054253e-01,9.111335638620986499e-01
0.000000000000000000e+00,0.000000000000000000e+00,0.000000000000000000e+00,1.000000000000000000e+00
7.026421322080402820e-01,7.071067811865474617e-01,7.933494845362359937e-02,-9.248656287401646470e-02
-7.026421322080400600e-01,7.071067811865476838e-01,-7.933494845362357162e-02,9.248656287401642306e-02
-1.121965600732848789e-01,6.938893903907228378e-18,9.936860328633596584e-01,9.111290226427489758e-01
0.000000000000000000e+00,0.000000000000000000e+00,0.000000000000000000e+00,1.000000000000000000e+00
7.026730505020812867e-01,7.071067811865475727e-01,7.906063557864746738e-02,-9.245817149145643676e-02
-7.026730505020811757e-01,7.071067811865476838e-01,-7.906063557864745350e-02,9.245817149145640901e-02
-1.118086230851600832e-01,6.938893903907228378e-18,9.937297579341179965e-01,9.111244970979256452e-01
0.000000000000000000e+00,0.000000000000000000e+00,0.000000000000000000e+00,1.000000000000000000e+00
7.027038617038388058e-01,7.071067811865474617e-01,7.878631065427796343e-02,-9.242977886178417590e-02
-7.027038617038385837e-01,7.071067811865476838e-01,-7.878631065427792179e-02,9.242977886178414815e-02
-1.114206690566197366e-01,0.000000000000000000e+00,9.937733315535164369e-01,9.111199872283176626e-01
0.000000000000000000e+00,0.000000000000000000e+00,0.000000000000000000e+00,1.000000000000000000e+00
7.027345658086168179e-01,7.071067811865474617e-01,7.851197372232407434e-02,-9.240138498932695676e-02
-7.027345658086165958e-01,7.071067811865476838e-01,-7.851197372232404659e-02,9.240138498932692901e-02
-1.110326980467907509e-01,6.938893903907228378e-18,9.938167537149140696e-01,9.111154930346128111e-01
0.000000000000000000e+00,0.000000000000000000e+00,0.000000000000000000e+00,1.000000000000000000e+00
7.027651628117360660e-01,7.071067811865474617e-01,7.823762482459672984e-02,-9.237298987841215114e-02
-7.027651628117357330e-01,7.071067811865476838e-01,-7.823762482459671597e-02,9.237298987841213727e-02
-1.106447101148026191e-01,1.387778780781445676e-17,9.938600244116931881e-01,9.111110145174964314e-01
0.000000000000000000e+00,0.000000000000000000e+00,0.000000000000000000e+00,1.000000000000000000e+00
7.027956527085329475e-01,7.071067811865474617e-01,7.796326400290860825e-02,-9.234459353336746390e-02
-7.027956527085328364e-01,7.071067811865475727e-01,-7.796326400290858050e-02,9.234459353336743614e-02
-1.102567053197874430e-01,0.000000000000000000e+00,9.939031436372587347e-01,9.111065516776504225e-01
0.000000000000000000e+00,0.000000000000000000e+00,0.000000000000000000e+00,1.000000000000000000e+00
7.028260354943610677e-01,7.071067811865473507e-01,7.768889129907416424e-02,-9.231619595852057214e-02
-7.028260354943606236e-01,7.071067811865476838e-01,-7.768889129907413649e-02,9.231619595852053051e-02
-1.098686837208798228e-01,6.938893903907228378e-18,9.939461113850395213e-01,9.111021045157550180e-01
0.000000000000000000e+00,0.000000000000000000e+00,0.000000000000000000e+00,1.000000000000000000e+00
7.028563111645894645e-01,7.071067811865473507e-01,7.741450675490978151e-02,-9.228779715819952767e-02
-7.028563111645892425e-01,7.071067811865476838e-01,-7.741450675490976763e-02,9.228779715819955543e-02
-1.094806453772169813e-01,6.938893903907228378e-18,9.939889276484864533e-01,9.110976730324883421e-01
0.000000000000000000e+00,0.000000000000000000e+00,0.000000000000000000e+00,1.000000000000000000e+00
7.028864797146041621e-01,7.071067811865475727e-01,7.714011041223353682e-02,-9.225939713673256271e-02
-7.028864797146040511e-01,7.071067811865476838e-01,-7.714011041223353682e-02,9.225939713673256271e-02
-1.090925903479386672e-01,2.081668171172168513e-17,9.940315924210743059e-01,9.110932572285257436e-01
0.000000000000000000e+00,0.000000000000000000e+00,0.000000000000000000e+00,1.000000000000000000e+00
7.029165411398070606e-01,7.071067811865475727e-01,7.686570231286539434e-02,-9.223099589844795110e-02
-7.029165411398069496e-01,7.071067811865475727e-01,-7.686570231286538046e-02,9.223099589844793722e-02
-1.087045186921872103e-01,6.938893903907228378e-18,9.940741056963006139e-01,9.110888571045395734e-01
0.000000000000000000e+00,0.000000000000000000e+00,0.000000000000000000e+00,1.000000000000000000e+00
7.029464954356168249e-01,7.071067811865474617e-01,7.659128249862701132e-02,-9.220259344767429976e-02
-7.029464954356166029e-01,7.071067811865476838e-01,-7.659128249862698357e-02,9.220259344767428589e-02
-1.083164304691073831e-01,0.000000000000000000e+00,9.941164674676861157e-01,9.110844726612014055e-01
0.000000000000000000e+00,0.000000000000000000e+00,0.000000000000000000e+00,1.000000000000000000e+00
7.029763425974679958e-01,7.071067811865473507e-01,7.631685101134190463e-02,-9.217418978874031277e-02
-7.029763425974678848e-01,7.071067811865475727e-01,-7.631685101134189075e-02,9.217418978874027113e-02
-1.079283257378465671e-01,0.000000000000000000e+00,9.941586777287744203e-01,9.110801038991784839e-01
0.000000000000000000e+00,0.000000000000000000e+00,0.000000000000000000e+00,1.000000000000000000e+00
7.030060826208119895e-01,7.071067811865473507e-01,7.604240789283536750e-02,-9.214578492597486070e-02
-7.030060826208116564e-01,7.071067811865476838e-01,-7.604240789283533974e-02,9.214578492597481907e-02
-1.075402045575546417e-01,6.938893903907228378e-18,9.942007364731326735e-01,9.110757508191373866e-01
0.000000000000000000e+00,0.000000000000000000e+00,0.000000000000000000e+00,1.000000000000000000e+00
7.030357155011157655e-01,7.071067811865474617e-01,7.576795318493445563e-02,-9.211737886370711947e-02
-7.030357155011155434e-01,7.071067811865476838e-01,-7.576795318493442788e-02,9.211737886370710560e-02
-1.071520669873840259e-01,6.938893903907228378e-18,9.942426436943505585e-01,9.110714134217415827e-01
0.000000000000000000e+00,0.000000000000000000e+00,0.000000000000000000e+00,1.000000000000000000e+00
7.030652412338633805e-01,7.071067811865474617e-01,7.549348692946794559e-02,-9.208897160626633438e-02
-7.030652412338631585e-01,7.071067811865476838e-01,-7.549348692946793171e-02,9.208897160626630662e-02
-1.067639130864895536e-01,1.387778780781445676e-17,9.942843993860410734e-01,9.110670917076514330e-01
0.000000000000000000e+00,0.000000000000000000e+00,0.000000000000000000e+00,1.000000000000000000e+00
7.030946598145546567e-01,7.071067811865474617e-01,7.521900916826645966e-02,-9.206056315798200052e-02
-7.030946598145544346e-01,7.071067811865476838e-01,-7.521900916826643191e-02,9.206056315798197276e-02
-1.063757429140285982e-01,6.938893903907228378e-18,9.943260035418406417e-01,9.110627856775264100e-01
0.000000000000000000e+00,0.000000000000000000e+00,0.000000000000000000e+00,1.000000000000000000e+00
7.031239712387062912e-01,7.071067811865475727e-01,7.494451994316229937e-02,-9.203215352318372400e-02
-7.031239712387061802e-01,7.071067811865476838e-01,-7.494451994316228549e-02,9.203215352318368236e-02
-1.059875565291610172e-01,6.938893903907228378e-18,9.943674561554083358e-01,9.110584953320218782e-01
0.000000000000000000e+00,0.000000000000000000e+00,0.000000000000000000e+00,1.000000000000000000e+00
7.031531755018509688e-01,7.071067811865474617e-01,7.467001929598952870e-02,-9.200374270620137462e-02
-7.031531755018507468e-01,7.071067811865476838e-01,-7.467001929598951482e-02,9.200374270620130523e-02
-1.055993539910490969e-01,1.387778780781445676e-17,9.944087572204265424e-01,9.110542206717925362e-01
0.000000000000000000e+00,0.000000000000000000e+00,0.000000000000000000e+00,1.000000000000000000e+00
7.031822725995374723e-01,7.071067811865473507e-01,7.439550726858398799e-02,-9.197533071136486382e-02
-7.031822725995372503e-01,7.071067811865475727e-01,-7.439550726858396024e-02,9.197533071136483607e-02
-1.052111353588576215e-01,6.938893903907228378e-18,9.944499067306005191e-01,9.110499616974895298e-01
0.000000000000000000e+00,0.000000000000000000e+00,0.000000000000000000e+00,1.000000000000000000e+00
7.032112625273314599e-01,7.071067811865474617e-01,7.412098390278322457e-02,-9.194691754300447772e-02
-7.032112625273312378e-01,7.071067811865476838e-01,-7.412098390278321070e-02,9.194691754300444997e-02
-1.048229006917538869e-01,6.938893903907228378e-18,9.944909046796590602e-01,9.110457184097618955e-01
0.000000000000000000e+00,0.000000000000000000e+00,0.000000000000000000e+00,1.000000000000000000e+00
7.032401452808147990e-01,7.071067811865472397e-01,7.384644924042649272e-02,-9.191850320545055797e-02
-7.032401452808141329e-01,7.071067811865479058e-01,-7.384644924042646497e-02,9.191850320545051634e-02
-1.044346500489074792e-01,1.387778780781445676e-17,9.945317510613536083e-01,9.110414908092567821e-01
0.000000000000000000e+00,0.000000000000000000e+00,0.000000000000000000e+00,1.000000000000000000e+00
7.032689208555851224e-01,7.071067811865471286e-01,7.357190332335483696e-02,-9.189008770303364049e-02
-7.032689208555845672e-01,7.071067811865476838e-01,-7.357190332335480920e-02,9.189008770303361273e-02
-1.040463834894905792e-01,2.081668171172168513e-17,9.945724458694589210e-01,9.110372788966178970e-01
0.000000000000000000e+00,0.000000000000000000e+00,0.000000000000000000e+00,1.000000000000000000e+00
7.032975892472569379e-01,7.071067811865475727e-01,7.329734619341098101e-02,-9.186167104008444162e-02
-7.032975892472569379e-01,7.071067811865475727e-01,-7.329734619341096713e-02,9.186167104008442774e-02
-1.036581010726777413e-01,6.938893903907228378e-18,9.946129890977728483e-01,9.110330826724873932e-01
0.000000000000000000e+00,0.000000000000000000e+00,0.000000000000000000e+00,1.000000000000000000e+00
7.033261504514614071e-01,7.071067811865474617e-01,7.302277789243927231e-02,-9.183325322093387200e-02
-7.033261504514611850e-01,7.071067811865476838e-01,-7.302277789243925843e-02,9.183325322093384424e-02
-1.032698028576458371e-01,1.387778780781445676e-17,9.946533807401163330e-01,9.110289021375046481e-01
0.000000000000000000e+00,0.000000000000000000e+00,0.000000000000000000e+00,1.000000000000000000e+00
7.033546044638451233e-01,7.071067811865474617e-01,7.274819846228593179e-02,-9.180483424991303654e-02
-7.033546044638450123e-01,7.071067811865476838e-01,-7.274819846228590403e-02,9.180483424991298103e-02
-1.028814889035742780e-01,0.000000000000000000e+00,9.946936207903335214e-01,9.110247372923071518e-01
0.000000000000000000e+00,0.000000000000000000e+00,0.000000000000000000e+00,1.000000000000000000e+00
7.033829512800716666e-01,7.071067811865475727e-01,7.247360794479870694e-02,-9.177641413135306792e-02
-7.033829512800716666e-01,7.071067811865475727e-01,-7.247360794479867918e-02,9.177641413135306792e-02
-1.024931592696448068e-01,6.938893903907228378e-18,9.947337092422912086e-01,9.110205881375295078e-01
0.000000000000000000e+00,0.000000000000000000e+00,0.000000000000000000e+00,1.000000000000000000e+00
7.034111908958209369e-01,7.071067811865473507e-01,7.219900638182714936e-02,-9.174799286958551514e-02
-7.034111908958206039e-01,7.071067811865476838e-01,-7.219900638182710773e-02,9.174799286958548739e-02
-1.021048140150415812e-01,6.938893903907228378e-18,9.947736460898799482e-01,9.110164546738040992e-01
0.000000000000000000e+00,0.000000000000000000e+00,0.000000000000000000e+00,1.000000000000000000e+00
7.034393233067888218e-01,7.071067811865474617e-01,7.192439381522244823e-02,-9.171957046894198273e-02
-7.034393233067885998e-01,7.071067811865476838e-01,-7.192439381522243436e-02,9.171957046894191334e-02
-1.017164531989511178e-01,1.387778780781445676e-17,9.948134313270129425e-01,9.110123369017608663e-01
0.000000000000000000e+00,0.000000000000000000e+00,0.000000000000000000e+00,1.000000000000000000e+00
7.034673485086877509e-01,7.071067811865473507e-01,7.164977028683749971e-02,-9.169114693375408909e-02
-7.034673485086874178e-01,7.071067811865476838e-01,-7.164977028683747196e-02,9.169114693375406133e-02
-1.013280768805623899e-01,6.938893903907228378e-18,9.948530649476267085e-01,9.110082348220270854e-01
0.000000000000000000e+00,0.000000000000000000e+00,0.000000000000000000e+00,1.000000000000000000e+00
7.034952664972466962e-01,7.071067811865474617e-01,7.137513583852680976e-02,-9.166272226835393833e-02
-7.034952664972464742e-01,7.071067811865476838e-01,-7.137513583852679588e-02,9.166272226835391057e-02
-1.009396851190665634e-01,0.000000000000000000e+00,9.948925469456808557e-01,9.110041484352289221e-01
0.000000000000000000e+00,0.000000000000000000e+00,0.000000000000000000e+00,1.000000000000000000e+00
7.035230772682103950e-01,7.071067811865473507e-01,7.110049051214661908e-02,-9.163429647707355130e-02
-7.035230772682100620e-01,7.071067811865476838e-01,-7.110049051214659133e-02,9.163429647707355130e-02
-1.005512779736572881e-01,0.000000000000000000e+00,9.949318773151578643e-01,9.110000777419875462e-01
0.000000000000000000e+00,0.000000000000000000e+00,0.000000000000000000e+00,1.000000000000000000e+00
7.035507808173404598e-01,7.071067811865474617e-01,7.082583434955480595e-02,-9.160586956424530969e-02
-7.035507808173404598e-01,7.071067811865476838e-01,-7.082583434955477819e-02,9.160586956424529581e-02
-1.001628555035306012e-01,6.938893903907228378e-18,9.949710560500636403e-01,9.109960227429250157e-01
0.000000000000000000e+00,0.000000000000000000e+00,0.000000000000000000e+00,1.000000000000000000e+00
7.035783771404149345e-01,7.071067811865474617e-01,7.055116739261083070e-02,-9.157744153420166455e-02
-7.035783771404147124e-01,7.071067811865476838e-01,-7.055116739261080294e-02,9.157744153420160904e-02
-9.977441776788467664e-02,6.938893903907228378e-18,9.950100831444270710e-01,9.109919834386586146e-01
0.000000000000000000e+00,0.000000000000000000e+00,0.000000000000000000e+00,1.000000000000000000e+00
7.036058662332276281e-01,7.071067811865473507e-01,7.027648968317587452e-02,-9.154901239127512247e-02
-7.036058662332272950e-01,7.071067811865476838e-01,-7.027648968317587452e-02,9.154901239127509471e-02
-9.938596482592021442e-02,2.081668171172168513e-17,9.950489585923001368e-01,9.109879598298036285e-01
0.000000000000000000e+00,0.000000000000000000e+00,0.000000000000000000e+00,1.000000000000000000e+00
7.036332480915892251e-01,7.071067811865474617e-01,7.000180126311282558e-02,-9.152058213979857859e-02
-7.036332480915890031e-01,7.071067811865476838e-01,-7.000180126311279782e-02,9.152058213979856471e-02
-9.899749673684020423e-02,0.000000000000000000e+00,9.950876823877579103e-01,9.109839519169738997e-01
0.000000000000000000e+00,0.000000000000000000e+00,0.000000000000000000e+00,1.000000000000000000e+00
7.036605227113261751e-01,7.071067811865474617e-01,6.972710217428601531e-02,-9.149215078410503910e-02
-7.036605227113259531e-01,7.071067811865476838e-01,-6.972710217428598756e-02,9.149215078410499746e-02
-9.860901355984977301e-02,0.000000000000000000e+00,9.951262545248986680e-01,9.109799597007796068e-01
0.000000000000000000e+00,0.000000000000000000e+00,0.000000000000000000e+00,1.000000000000000000e+00
7.036876900882820252e-01,7.071067811865475727e-01,6.945239245856153765e-02,-9.146371832852753792e-02
-7.036876900882819141e-01,7.071067811865475727e-01,-6.945239245856152377e-02,9.146371832852751016e-02
-9.822051535415658730e-02,6.938893903907228378e-18,9.951646749978436679e-01,9.109759831818300402e-01
0.000000000000000000e+00,0.000000000000000000e+00,0.000000000000000000e+00,1.000000000000000000e+00
7.037147502183163095e-01,7.071067811865473507e-01,6.917767215780708245e-02,-9.143528477739941429e-02
-7.037147502183159764e-01,7.071067811865477948e-01,-6.917767215780704082e-02,9.143528477739938654e-02
-9.783200217897040918e-02,6.938893903907228378e-18,9.952029438007375939e-01,9.109720223607304934e-01
0.000000000000000000e+00,0.000000000000000000e+00,0.000000000000000000e+00,1.000000000000000000e+00
7.037417030973044385e-01,7.071067811865474617e-01,6.890294131389192167e-02,-9.140685013505422951e-02
-7.037417030973043275e-01,7.071067811865476838e-01,-6.890294131389190779e-02,9.140685013505420176e-02
-9.744347409350338773e-02,6.938893903907228378e-18,9.952410609277476672e-01,9.109680772380850389e-01
0.000000000000000000e+00,0.000000000000000000e+00,0.000000000000000000e+00,1.000000000000000000e+00
7.037685487211389201e-01,7.071067811865474617e-01,6.862819996868699257e-02,-9.137841440582551711e-02
-7.037685487211386981e-01,7.071067811865476838e-01,-6.862819996868696482e-02,9.137841440582548935e-02
-9.705493115696994799e-02,0.000000000000000000e+00,9.952790263730648679e-01,9.109641478144944182e-01
0.000000000000000000e+00,0.000000000000000000e+00,0.000000000000000000e+00,1.000000000000000000e+00
7.037952870857282495e-01,7.071067811865473507e-01,6.835344816406474511e-02,-9.134997759404710205e-02
-7.037952870857279164e-01,7.071067811865476838e-01,-6.835344816406473123e-02,9.134997759404706041e-02
-9.666637342858669379e-02,1.387778780781445676e-17,9.953168401309027136e-01,9.109602340905582629e-01
0.000000000000000000e+00,0.000000000000000000e+00,0.000000000000000000e+00,1.000000000000000000e+00
7.038219181869973529e-01,7.071067811865474617e-01,6.807868594189935008e-02,-9.132153970405300358e-02
-7.038219181869971308e-01,7.071067811865476838e-01,-6.807868594189933620e-02,9.132153970405297583e-02
-9.627780096757261596e-02,6.938893903907228378e-18,9.953545021954983696e-01,9.109563360668727627e-01
0.000000000000000000e+00,0.000000000000000000e+00,0.000000000000000000e+00,1.000000000000000000e+00
7.038484420208873660e-01,7.071067811865474617e-01,6.780391334406642156e-02,-9.129310074017728260e-02
-7.038484420208872550e-01,7.071067811865476838e-01,-6.780391334406639381e-02,9.129310074017725485e-02
-9.588921383314878699e-02,0.000000000000000000e+00,9.953920125611118719e-01,9.109524537440315539e-01
0.000000000000000000e+00,0.000000000000000000e+00,0.000000000000000000e+00,1.000000000000000000e+00
7.038748585833560778e-01,7.071067811865473507e-01,6.752913041244323900e-02,-9.126466070675430531e-02
-7.038748585833557447e-01,7.071067811865476838e-01,-6.752913041244321124e-02,9.126466070675426367e-02
-9.550061208453863859e-02,6.938893903907228378e-18,9.954293712220262380e-01,9.109485871226269404e-01
0.000000000000000000e+00,0.000000000000000000e+00,0.000000000000000000e+00,1.000000000000000000e+00
7.039011678703770425e-01,7.071067811865474617e-01,6.725433718890866386e-02,-9.123621960811843790e-02
-7.039011678703768204e-01,7.071067811865476838e-01,-6.725433718890863610e-02,9.123621960811842402e-02
-9.511199578096782292e-02,6.938893903907228378e-18,9.954665781725478002e-01,9.109447362032480067e-01
0.000000000000000000e+00,0.000000000000000000e+00,0.000000000000000000e+00,1.000000000000000000e+00
7.039273698779409116e-01,7.071067811865475727e-01,6.697953371534309808e-02,-9.120777744860443514e-02
-7.039273698779408006e-01,7.071067811865476838e-01,-6.697953371534307032e-02,9.120777744860440739e-02
-9.472336498166417096e-02,0.000000000000000000e+00,9.955036334070059834e-01,9.109409009864817275e-01
0.000000000000000000e+00,0.000000000000000000e+00,0.000000000000000000e+00,1.000000000000000000e+00
7.039534646020541020e-01,7.071067811865473507e-01,6.670472003362847013e-02,-9.117933423254698244e-02
-7.039534646020538800e-01,7.071067811865475727e-01,-6.670472003362845625e-02,9.117933423254694081e-02
-9.433471974585767861e-02,0.000000000000000000e+00,9.955405369197531940e-01,9.109370814729121912e-01
0.000000000000000000e+00,0.000000000000000000e+00,0.000000000000000000e+00,1.000000000000000000e+00
7.039794520387396837e-01,7.071067811865475727e-01,6.642989618564835996e-02,-9.115088996428104273e-02
-7.039794520387395727e-01,7.071067811865476838e-01,-6.642989618564834609e-02,9.115088996428100110e-02
-9.394606013278063161e-02,1.387778780781445676e-17,9.955772887051652642e-01,9.109332776631222650e-01
0.000000000000000000e+00,0.000000000000000000e+00,0.000000000000000000e+00,1.000000000000000000e+00
7.040053321840369360e-01,7.071067811865474617e-01,6.615506221328783243e-02,-9.112244464814167610e-02
-7.040053321840367140e-01,7.071067811865476838e-01,-6.615506221328781855e-02,9.112244464814167610e-02
-9.355738620166749453e-02,6.938893903907228378e-18,9.956138887576408969e-01,9.109294895576908191e-01
0.000000000000000000e+00,0.000000000000000000e+00,0.000000000000000000e+00,1.000000000000000000e+00
7.040311050340015697e-01,7.071067811865474617e-01,6.588021815843347895e-02,-9.109399828846426184e-02
-7.040311050340013477e-01,7.071067811865476838e-01,-6.588021815843345119e-02,9.109399828846424796e-02
-9.316869801175484134e-02,6.938893903907228378e-18,9.956503370716018875e-01,9.109257171571958356e-01
0.000000000000000000e+00,0.000000000000000000e+00,0.000000000000000000e+00,1.000000000000000000e+00
7.040567705847057267e-01,7.071067811865474617e-01,6.560536406297345913e-02,-9.106555088958417921e-02
-7.040567705847053936e-01,7.071067811865476838e-01,-6.560536406297343137e-02,9.106555088958413757e-02
-9.277999562228150809e-02,6.938893903907228378e-18,9.956866336414934571e-01,9.109219604622120769e-01
0.000000000000000000e+00,0.000000000000000000e+00,0.000000000000000000e+00,1.000000000000000000e+00
7.040823288322375362e-01,7.071067811865474617e-01,6.533049996879750076e-02,-9.103710245583696015e-02
-7.040823288322373141e-01,7.071067811865476838e-01,-6.533049996879747301e-02,9.103710245583691851e-02
-9.239127909248848192e-02,0.000000000000000000e+00,9.957227784617834754e-01,9.109182194733123072e-01
0.000000000000000000e+00,0.000000000000000000e+00,0.000000000000000000e+00,1.000000000000000000e+00
7.041077797727021137e-01,7.071067811865474617e-01,6.505562591779674719e-02,-9.100865299155837251e-02
-7.041077797727017806e-01,7.071067811865476838e-01,-6.505562591779673332e-02,9.100865299155834476e-02
-9.200254848161877608e-02,6.938893903907228378e-18,9.957587715269634598e-01,9.109144941910659599e-01
0.000000000000000000e+00,0.000000000000000000e+00,0.000000000000000000e+00,1.000000000000000000e+00
7.041331234022201180e-01,7.071067811865475727e-01,6.478074195186396544e-02,-9.098020250108429519e-02
-7.041331234022200070e-01,7.071067811865476838e-01,-6.478074195186395157e-02,9.098020250108428131e-02
-9.161380384891774920e-02,2.081668171172168513e-17,9.957946128315476875e-01,9.109107846160419131e-01
0.000000000000000000e+00,0.000000000000000000e+00,0.000000000000000000e+00,1.000000000000000000e+00
7.041583597169294162e-01,7.071067811865474617e-01,6.450584811289339360e-02,-9.095175098875087072e-02
-7.041583597169291941e-01,7.071067811865476838e-01,-6.450584811289337972e-02,9.095175098875084296e-02
-9.122504525363275829e-02,0.000000000000000000e+00,9.958303023700738610e-01,9.109070907488042712e-01
0.000000000000000000e+00,0.000000000000000000e+00,0.000000000000000000e+00,1.000000000000000000e+00
7.041834887129836407e-01,7.071067811865471286e-01,6.423094444278075466e-02,-9.092329845889421391e-02
-7.041834887129830856e-01,7.071067811865476838e-01,-6.423094444278074078e-02,9.092329845889420004e-02
-9.083627275501331144e-02,0.000000000000000000e+00,9.958658401371024427e-01,9.109034125899168055e-01
0.000000000000000000e+00,0.000000000000000000e+00,0.000000000000000000e+00,1.000000000000000000e+00
7.042085103865527440e-01,7.071067811865473507e-01,6.395603098342332593e-02,-9.089484491585074488e-02
-7.042085103865524109e-01,7.071067811865476838e-01,-6.395603098342331205e-02,9.089484491585070325e-02
-9.044748641231113717e-02,6.938893903907228378e-18,9.959012261272173205e-01,9.108997501399394014e-01
0.000000000000000000e+00,0.000000000000000000e+00,0.000000000000000000e+00,1.000000000000000000e+00
7.042334247338235542e-01,7.071067811865473507e-01,6.368110777671980027e-02,-9.086639036395688374e-02
-7.042334247338232212e-01,7.071067811865476838e-01,-6.368110777671978640e-02,9.086639036395686986e-02
-9.005868628477990689e-02,6.938893903907228378e-18,9.959364603350253642e-01,9.108961033994315004e-01
0.000000000000000000e+00,0.000000000000000000e+00,0.000000000000000000e+00,1.000000000000000000e+00
7.042582317509988865e-01,7.071067811865474617e-01,6.340617486457041097e-02,-9.083793480754943916e-02
-7.042582317509986645e-01,7.071067811865476838e-01,-6.340617486457038321e-02,9.083793480754942529e-02
-8.966987243167549859e-02,0.000000000000000000e+00,9.959715427551567579e-01,9.108924723689479919e-01
0.000000000000000000e+00,0.000000000000000000e+00,0.000000000000000000e+00,1.000000000000000000e+00
7.042829314342980984e-01,7.071067811865473507e-01,6.313123228887684846e-02,-9.080947825096517823e-02
-7.042829314342976543e-01,7.071067811865477948e-01,-6.313123228887682070e-02,9.080947825096512271e-02
-8.928104491225588579e-02,0.000000000000000000e+00,9.960064733822646676e-01,9.108888570490423220e-01
0.000000000000000000e+00,0.000000000000000000e+00,0.000000000000000000e+00,1.000000000000000000e+00
7.043075237799564237e-01,7.071067811865474617e-01,6.285628009154230200e-02,-9.078102069854104839e-02
-7.043075237799560906e-01,7.071067811865476838e-01,-6.285628009154226037e-02,9.078102069854100675e-02
-8.889220378578106818e-02,6.938893903907228378e-18,9.960412522110252409e-01,9.108852574402654945e-01
0.000000000000000000e+00,0.000000000000000000e+00,0.000000000000000000e+00,1.000000000000000000e+00
7.043320087842259714e-01,7.071067811865475727e-01,6.258131831447139026e-02,-9.075256215461423304e-02
-7.043320087842258603e-01,7.071067811865476838e-01,-6.258131831447136251e-02,9.075256215461419140e-02
-8.850334911151316875e-02,1.387778780781445676e-17,9.960758792361381619e-01,9.108816735431666256e-01
0.000000000000000000e+00,0.000000000000000000e+00,0.000000000000000000e+00,1.000000000000000000e+00
7.043563864433751709e-01,7.071067811865473507e-01,6.230634699957017519e-02,-9.072410262352191557e-02
-7.043563864433749488e-01,7.071067811865476838e-01,-6.230634699957016825e-02,9.072410262352188781e-02
-8.811448094871633663e-02,6.938893903907228378e-18,9.961103544523258746e-01,9.108781053582911680e-01
0.000000000000000000e+00,0.000000000000000000e+00,0.000000000000000000e+00,1.000000000000000000e+00
7.043806567536885499e-01,7.071067811865475727e-01,6.203136618874630082e-02,-9.069564210960166795e-02
-7.043806567536886609e-01,7.071067811865476838e-01,-6.203136618874628694e-02,9.069564210960162631e-02
-8.772559935665685815e-02,3.469446951953614189e-18,9.961446778543342484e-01,9.108745528861830199e-01
0.000000000000000000e+00,0.000000000000000000e+00,0.000000000000000000e+00,1.000000000000000000e+00
7.044048197114675114e-01,7.071067811865473507e-01,6.175637592390866709e-02,-9.066718061719095112e-02
-7.044048197114672893e-01,7.071067811865476838e-01,-6.175637592390864627e-02,9.066718061719092336e-02
-8.733670439460289314e-02,0.000000000000000000e+00,9.961788494369320235e-01,9.108710161273844141e-01
0.000000000000000000e+00,0.000000000000000000e+00,0.000000000000000000e+00,1.000000000000000000e+00
7.044288753130290015e-01,7.071067811865474617e-01,6.148137624696779768e-02,-9.063871815062755910e-02
-7.044288753130287795e-01,7.071067811865475727e-01,-6.148137624696776299e-02,9.063871815062753134e-02
-8.694779612182489126e-02,0.000000000000000000e+00,9.962128691949113657e-01,9.108674950824333649e-01
0.000000000000000000e+00,0.000000000000000000e+00,0.000000000000000000e+00,1.000000000000000000e+00
7.044528235547069528e-01,7.071067811865475727e-01,6.120636719983549301e-02,-9.061025471424936917e-02
-7.044528235547068418e-01,7.071067811865475727e-01,-6.120636719983547913e-02,9.061025471424934141e-02
-8.655887459759509239e-02,3.469446951953614189e-18,9.962467371230873114e-01,9.108639897518671091e-01
0.000000000000000000e+00,0.000000000000000000e+00,0.000000000000000000e+00,1.000000000000000000e+00
7.044766644328515071e-01,7.071067811865474617e-01,6.093134882442508005e-02,-9.058179031239441126e-02
-7.044766644328512850e-01,7.071067811865476838e-01,-6.093134882442505229e-02,9.058179031239438350e-02
-8.616993988118787362e-02,3.469446951953614189e-18,9.962804532162981008e-01,9.108605001362197751e-01
0.000000000000000000e+00,0.000000000000000000e+00,0.000000000000000000e+00,1.000000000000000000e+00
7.045003979438290154e-01,7.071067811865474617e-01,6.065632116265127355e-02,-9.055332494940084020e-02
-7.045003979438289043e-01,7.071067811865475727e-01,-6.065632116265126661e-02,9.055332494940077082e-02
-8.578099203187961042e-02,1.387778780781445676e-17,9.963140174694053997e-01,9.108570262360231595e-01
0.000000000000000000e+00,0.000000000000000000e+00,0.000000000000000000e+00,1.000000000000000000e+00
7.045240240840224821e-01,7.071067811865474617e-01,6.038128425643022462e-02,-9.052485862960693574e-02
-7.045240240840222601e-01,7.071067811865476838e-01,-6.038128425643021074e-02,9.052485862960689411e-02
-8.539203110894866278e-02,6.938893903907228378e-18,9.963474298772935223e-01,9.108535680518067279e-01
0.000000000000000000e+00,0.000000000000000000e+00,0.000000000000000000e+00,1.000000000000000000e+00
7.045475428498311210e-01,7.071067811865474617e-01,6.010623814767948603e-02,-9.049639135735122741e-02
-7.045475428498308990e-01,7.071067811865476838e-01,-6.010623814767947215e-02,9.049639135735118578e-02
-8.500305717167541686e-02,1.040834085586084257e-17,9.963806904348703197e-01,9.108501255840978361e-01
0.000000000000000000e+00,0.000000000000000000e+00,0.000000000000000000e+00,1.000000000000000000e+00
7.045709542376702439e-01,7.071067811865476838e-01,5.983118287831800525e-02,-9.046792313697232801e-02
-7.045709542376703549e-01,7.071067811865474617e-01,-5.983118287831799831e-02,9.046792313697230026e-02
-8.461407027934222946e-02,-3.469446951953614189e-18,9.964137991370666247e-01,9.108466988334202874e-01
0.000000000000000000e+00,0.000000000000000000e+00,0.000000000000000000e+00,1.000000000000000000e+00
7.045942582439722601e-01,7.071067811865475727e-01,5.955611849026611060e-02,-9.043945397280896137e-02
-7.045942582439722601e-01,7.071067811865475727e-01,-5.955611849026609672e-02,9.043945397280893361e-02
-8.422507049123338640e-02,1.040834085586084257e-17,9.964467559788363626e-01,9.108432878002973299e-01
0.000000000000000000e+00,0.000000000000000000e+00,0.000000000000000000e+00,1.000000000000000000e+00
7.046174548651851222e-01,7.071067811865474617e-01,5.928104502544555288e-02,-9.041098386920001784e-02
-7.046174548651849001e-01,7.071067811865476838e-01,-5.928104502544553206e-02,9.041098386920000396e-02
-8.383605786663518578e-02,0.000000000000000000e+00,9.964795609551568845e-01,9.108398924852478817e-01
0.000000000000000000e+00,0.000000000000000000e+00,0.000000000000000000e+00,1.000000000000000000e+00
7.046405440977736578e-01,7.071067811865474617e-01,5.900596252577943596e-02,-9.038251283048456819e-02
-7.046405440977734358e-01,7.071067811865476838e-01,-5.900596252577941514e-02,9.038251283048454043e-02
-8.344703246483586856e-02,0.000000000000000000e+00,9.965122140610283008e-01,9.108365128887901951e-01
0.000000000000000000e+00,0.000000000000000000e+00,0.000000000000000000e+00,1.000000000000000000e+00
7.046635259382186822e-01,7.071067811865475727e-01,5.873087103319225843e-02,-9.035404086100182197e-02
-7.046635259382186822e-01,7.071067811865475727e-01,-5.873087103319224456e-02,9.035404086100178034e-02
-8.305799434512563251e-02,-3.469446951953614189e-18,9.965447152914741480e-01,9.108331490114390805e-01
0.000000000000000000e+00,0.000000000000000000e+00,0.000000000000000000e+00,1.000000000000000000e+00
7.046864003830178858e-01,7.071067811865474617e-01,5.845577058960989281e-02,-9.032556796509101649e-02
-7.046864003830177747e-01,7.071067811865475727e-01,-5.845577058960987893e-02,9.032556796509098873e-02
-8.266894356679659051e-02,-3.469446951953614189e-18,9.965770646415408329e-01,9.108298008537070167e-01
0.000000000000000000e+00,0.000000000000000000e+00,0.000000000000000000e+00,1.000000000000000000e+00
7.047091674286849461e-01,7.071067811865475727e-01,5.818066123695959935e-02,-9.029709414709172211e-02
-7.047091674286848351e-01,7.071067811865476838e-01,-5.818066123695957159e-02,9.029709414709168047e-02
-8.227988018914285384e-02,3.469446951953614189e-18,9.966092621062982992e-01,9.108264684161050395e-01
0.000000000000000000e+00,0.000000000000000000e+00,0.000000000000000000e+00,1.000000000000000000e+00
7.047318270717499722e-01,7.071067811865475727e-01,5.790554301716989427e-02,-9.026861941134350920e-02
-7.047318270717498612e-01,7.071067811865476838e-01,-5.790554301716988039e-02,9.026861941134345368e-02
-8.189080427146032404e-02,3.469446951953614189e-18,9.966413076808393612e-01,9.108231516991399657e-01
0.000000000000000000e+00,0.000000000000000000e+00,0.000000000000000000e+00,1.000000000000000000e+00
7.047543793087592823e-01,7.071067811865475727e-01,5.763041597217076484e-02,-9.024014376218608691e-02
-7.047543793087592823e-01,7.071067811865475727e-01,-5.763041597217075096e-02,9.024014376218605915e-02
-8.150171587304692877e-02,0.000000000000000000e+00,9.966732013602799256e-01,9.108198507033177238e-01
0.000000000000000000e+00,0.000000000000000000e+00,0.000000000000000000e+00,1.000000000000000000e+00
7.047768241362761810e-01,7.071067811865474617e-01,5.735528014389348894e-02,-9.021166720395938643e-02
-7.047768241362761810e-01,7.071067811865475727e-01,-5.735528014389347506e-02,9.021166720395937255e-02
-8.111261505320244147e-02,0.000000000000000000e+00,9.967049431397593251e-01,9.108165654291415780e-01
0.000000000000000000e+00,0.000000000000000000e+00,0.000000000000000000e+00,1.000000000000000000e+00
7.047991615508796270e-01,7.071067811865475727e-01,5.708013557427068368e-02,-9.018318974100340835e-02
-7.047991615508796270e-01,7.071067811865475727e-01,-5.708013557427067675e-02,9.018318974100338059e-02
-8.072350187122856457e-02,0.000000000000000000e+00,9.967365330144399849e-01,9.108132958771121279e-01
0.000000000000000000e+00,0.000000000000000000e+00,0.000000000000000000e+00,1.000000000000000000e+00
7.048213915491654546e-01,7.071067811865474617e-01,5.680498230523632619e-02,-9.015471137765833365e-02
-7.048213915491652326e-01,7.071067811865476838e-01,-5.680498230523631231e-02,9.015471137765834753e-02
-8.033437638642888790e-02,3.469446951953614189e-18,9.967679709795072007e-01,9.108100420477276415e-01
0.000000000000000000e+00,0.000000000000000000e+00,0.000000000000000000e+00,1.000000000000000000e+00
7.048435141277452631e-01,7.071067811865476838e-01,5.652982037872566340e-02,-9.012623211826452374e-02
-7.048435141277453742e-01,7.071067811865475727e-01,-5.652982037872565646e-02,9.012623211826449598e-02
-7.994523865810879149e-02,0.000000000000000000e+00,9.967992570301695832e-01,9.108068039414842776e-01
0.000000000000000000e+00,0.000000000000000000e+00,0.000000000000000000e+00,1.000000000000000000e+00
7.048655292832477492e-01,7.071067811865476838e-01,5.625464983667530922e-02,-9.009775196716228451e-02
-7.048655292832479713e-01,7.071067811865474617e-01,-5.625464983667531615e-02,9.009775196716228451e-02
-7.955608874557563992e-02,-3.469446951953614189e-18,9.968303911616589463e-01,9.108035815588749751e-01
0.000000000000000000e+00,0.000000000000000000e+00,0.000000000000000000e+00,1.000000000000000000e+00
7.048874370123177080e-01,7.071067811865475727e-01,5.597947072102320287e-02,-9.006927092869235207e-02
-7.048874370123178190e-01,7.071067811865474617e-01,-5.597947072102318899e-02,9.006927092869231044e-02
-7.916692670813858801e-02,0.000000000000000000e+00,9.968613733692304191e-01,9.108003749003915628e-01
0.000000000000000000e+00,0.000000000000000000e+00,0.000000000000000000e+00,1.000000000000000000e+00
7.049092373116160326e-01,7.071067811865475727e-01,5.570428307370850485e-02,-9.004078900719522660e-02
-7.049092373116160326e-01,7.071067811865475727e-01,-5.570428307370850485e-02,9.004078900719522660e-02
-7.877775260510860855e-02,3.469446951953614189e-18,9.968922036481620008e-01,9.107971839665218727e-01
0.000000000000000000e+00,0.000000000000000000e+00,0.000000000000000000e+00,1.000000000000000000e+00
7.049309301778202697e-01,7.071067811865475727e-01,5.542908693667181197e-02,-9.001230620701194951e-02
-7.049309301778202697e-01,7.071067811865475727e-01,-5.542908693667179809e-02,9.001230620701192175e-02
-7.838856649579861724e-02,-3.469446951953614189e-18,9.969228819937547836e-01,9.107940087577530708e-01
0.000000000000000000e+00,0.000000000000000000e+00,0.000000000000000000e+00,1.000000000000000000e+00
7.049525156076242860e-01,7.071067811865475727e-01,5.515388235185488680e-02,-8.998382253248335405e-02
-7.049525156076242860e-01,7.071067811865475727e-01,-5.515388235185487986e-02,8.998382253248334017e-02
-7.799936843952326448e-02,0.000000000000000000e+00,9.969534084013331743e-01,9.107908492745686591e-01
0.000000000000000000e+00,0.000000000000000000e+00,0.000000000000000000e+00,1.000000000000000000e+00
7.049739935977383798e-01,7.071067811865475727e-01,5.487866936120084499e-02,-8.995533798795067593e-02
-7.049739935977382688e-01,7.071067811865474617e-01,-5.487866936120083805e-02,8.995533798795067593e-02
-7.761015849559907420e-02,-3.469446951953614189e-18,9.969837828662450052e-01,9.107877055174500303e-01
0.000000000000000000e+00,0.000000000000000000e+00,0.000000000000000000e+00,1.000000000000000000e+00
7.049953641448889474e-01,7.071067811865474617e-01,5.460344800665405812e-02,-8.992685257775509533e-02
-7.049953641448889474e-01,7.071067811865474617e-01,-5.460344800665403731e-02,8.992685257775508145e-02
-7.722093672334430503e-02,-3.469446951953614189e-18,9.970140053838607574e-01,9.107845774868768007e-01
0.000000000000000000e+00,0.000000000000000000e+00,0.000000000000000000e+00,1.000000000000000000e+00
7.050166272458192607e-01,7.071067811865475727e-01,5.432821833016020924e-02,-8.989836630623800062e-02
-7.050166272458192607e-01,7.071067811865475727e-01,-5.432821833016020230e-02,8.989836630623797287e-02
-7.683170318207914462e-02,3.469446951953614189e-18,9.970440759495744487e-01,9.107814651833259223e-01
0.000000000000000000e+00,0.000000000000000000e+00,0.000000000000000000e+00,1.000000000000000000e+00
7.050377828972886896e-01,7.071067811865471286e-01,5.405298037366617486e-02,-8.986987917774087731e-02
-7.050377828972881344e-01,7.071067811865476838e-01,-5.405298037366615405e-02,8.986987917774083567e-02
-7.644245793112541820e-02,1.040834085586084257e-17,9.970739945588030784e-01,9.107783686072705720e-01
0.000000000000000000e+00,0.000000000000000000e+00,0.000000000000000000e+00,1.000000000000000000e+00
7.050588310960723692e-01,7.071067811865474617e-01,5.377773417912024012e-02,-8.984139119660534967e-02
-7.050588310960723692e-01,7.071067811865474617e-01,-5.377773417912022624e-02,8.984139119660533579e-02
-7.605320102980697716e-02,-3.469446951953614189e-18,9.971037612069867384e-01,9.107752877591837048e-01
0.000000000000000000e+00,0.000000000000000000e+00,0.000000000000000000e+00,1.000000000000000000e+00
7.050797718389630875e-01,7.071067811865475727e-01,5.350247978847174485e-02,-8.981290236717322240e-02
-7.050797718389630875e-01,7.071067811865475727e-01,-5.350247978847173791e-02,8.981290236717322240e-02
-7.566393253744913006e-02,-3.469446951953614189e-18,9.971333758895890576e-01,9.107722226395343901e-01
0.000000000000000000e+00,0.000000000000000000e+00,0.000000000000000000e+00,1.000000000000000000e+00
7.051006051227690641e-01,7.071067811865475727e-01,5.322721724367144441e-02,-8.978441269378639733e-02
-7.051006051227689531e-01,7.071067811865475727e-01,-5.322721724367143747e-02,8.978441269378638345e-02
-7.527465251337922547e-02,3.469446951953614189e-18,9.971628386020962020e-01,9.107691732487896985e-01
0.000000000000000000e+00,0.000000000000000000e+00,0.000000000000000000e+00,1.000000000000000000e+00
7.051213309443150612e-01,7.071067811865476838e-01,5.295194658667123216e-02,-8.975592218078688733e-02
-7.051213309443151722e-01,7.071067811865474617e-01,-5.295194658667123216e-02,8.975592218078685958e-02
-7.488536101692616631e-02,0.000000000000000000e+00,9.971921493400178749e-01,9.107661395874150356e-01
0.000000000000000000e+00,0.000000000000000000e+00,0.000000000000000000e+00,1.000000000000000000e+00
7.051419493004427164e-01,7.071067811865474617e-01,5.267666785942433372e-02,-8.972743083251684404e-02
-7.051419493004424943e-01,7.071067811865476838e-01,-5.267666785942430596e-02,8.972743083251677465e-02
-7.449605810742078449e-02,3.469446951953614189e-18,9.972213080988872047e-01,9.107631216558718101e-01
0.000000000000000000e+00,0.000000000000000000e+00,0.000000000000000000e+00,1.000000000000000000e+00
7.051624601880090992e-01,7.071067811865475727e-01,5.240138110388507797e-02,-8.969893865331851623e-02
-7.051624601880089882e-01,7.071067811865475727e-01,-5.240138110388507797e-02,8.969893865331848848e-02
-7.410674384419550786e-02,3.469446951953614189e-18,9.972503148742600798e-01,9.107601194546209866e-01
0.000000000000000000e+00,0.000000000000000000e+00,0.000000000000000000e+00,1.000000000000000000e+00
7.051828636038885989e-01,7.071067811865474617e-01,5.212608636200917467e-02,-8.967044564753437474e-02
-7.051828636038883769e-01,7.071067811865475727e-01,-5.212608636200916079e-02,8.967044564753431923e-02
-7.371741828658458229e-02,0.000000000000000000e+00,9.972791696617154811e-01,9.107571329841190888e-01
0.000000000000000000e+00,0.000000000000000000e+00,0.000000000000000000e+00,1.000000000000000000e+00
7.052031595449712587e-01,7.071067811865475727e-01,5.185078367575338826e-02,-8.964195181950689040e-02
-7.052031595449713697e-01,7.071067811865475727e-01,-5.185078367575338132e-02,8.964195181950686264e-02
-7.332808149392391894e-02,3.469446951953614189e-18,9.973078724568559261e-01,9.107541622448223073e-01
0.000000000000000000e+00,0.000000000000000000e+00,0.000000000000000000e+00,1.000000000000000000e+00
7.052233480081643302e-01,7.071067811865474617e-01,5.157547308707581546e-02,-8.961345717357876994e-02
-7.052233480081642192e-01,7.071067811865476838e-01,-5.157547308707581546e-02,8.961345717357874219e-02
-7.293873352555117762e-02,1.040834085586084257e-17,9.973364232553069142e-01,9.107512072371823919e-01
0.000000000000000000e+00,0.000000000000000000e+00,0.000000000000000000e+00,1.000000000000000000e+00
7.052434289903904974e-01,7.071067811865474617e-01,5.130015463793570485e-02,-8.958496171409273401e-02
-7.052434289903903863e-01,7.071067811865475727e-01,-5.130015463793570485e-02,8.958496171409273401e-02
-7.254937444080569731e-02,3.469446951953614189e-18,9.973648220527169261e-01,9.107482679616502041e-01
0.000000000000000000e+00,0.000000000000000000e+00,0.000000000000000000e+00,1.000000000000000000e+00
7.052634024885895414e-01,7.071067811865474617e-01,5.102482837029351931e-02,-8.955646544539178078e-02
-7.052634024885893194e-01,7.071067811865474617e-01,-5.102482837029351237e-02,8.955646544539173914e-02
-7.216000429902855173e-02,-3.469446951953614189e-18,9.973930688447579795e-01,9.107453444186741631e-01
0.000000000000000000e+00,0.000000000000000000e+00,0.000000000000000000e+00,1.000000000000000000e+00
7.052832684997171198e-01,7.071067811865475727e-01,5.074949432611090827e-02,-8.952796837181886680e-02
-7.052832684997171198e-01,7.071067811865475727e-01,-5.074949432611089439e-02,8.952796837181886680e-02
-7.177062315956247995e-02,-3.469446951953614189e-18,9.974211636271250736e-01,9.107424366086992462e-01
0.000000000000000000e+00,0.000000000000000000e+00,0.000000000000000000e+00,1.000000000000000000e+00
7.053030270207458763e-01,7.071067811865474617e-01,5.047415254735067996e-02,-8.949947049771722618e-02
-7.053030270207456542e-01,7.071067811865476838e-01,-5.047415254735066609e-02,8.949947049771718455e-02
-7.138123108175183085e-02,0.000000000000000000e+00,9.974491063955361891e-01,9.107395445321686545e-01
0.000000000000000000e+00,0.000000000000000000e+00,0.000000000000000000e+00,1.000000000000000000e+00
7.053226780486638869e-01,7.071067811865475727e-01,5.019880307597687080e-02,-8.947097182742999588e-02
-7.053226780486639980e-01,7.071067811865474617e-01,-5.019880307597686386e-02,8.947097182742999588e-02
-7.099182812494272965e-02,-3.469446951953614189e-18,9.974768971457326217e-01,9.107366681895233684e-01
0.000000000000000000e+00,0.000000000000000000e+00,0.000000000000000000e+00,1.000000000000000000e+00
7.053422215804769912e-01,7.071067811865475727e-01,4.992344595395465517e-02,-8.944247236530072920e-02
-7.053422215804768802e-01,7.071067811865475727e-01,-4.992344595395464130e-02,8.944247236530067369e-02
-7.060241434848288367e-02,0.000000000000000000e+00,9.975045358734792034e-01,9.107338075812013711e-01
0.000000000000000000e+00,0.000000000000000000e+00,0.000000000000000000e+00,1.000000000000000000e+00
7.053616576132057947e-01,7.071067811865476838e-01,4.964808122325038015e-02,-8.941397211567281289e-02
-7.053616576132060167e-01,7.071067811865474617e-01,-4.964808122325037321e-02,8.941397211567278513e-02
-7.021298981172169329e-02,-3.469446951953614189e-18,9.975320225745633040e-01,9.107309627076393133e-01
0.000000000000000000e+00,0.000000000000000000e+00,0.000000000000000000e+00,1.000000000000000000e+00
7.053809861438888884e-01,7.071067811865475727e-01,4.937270892583155157e-02,-8.938547108288998067e-02
-7.053809861438889994e-01,7.071067811865476838e-01,-4.937270892583153770e-02,8.938547108288995291e-02
-6.982355457401014098e-02,3.469446951953614189e-18,9.975593572447959412e-01,9.107281335692705149e-01
0.000000000000000000e+00,0.000000000000000000e+00,0.000000000000000000e+00,1.000000000000000000e+00
7.054002071695799625e-01,7.071067811865475727e-01,4.909732910366684799e-02,-8.935696927129591072e-02
-7.054002071695798515e-01,7.071067811865476838e-01,-4.909732910366683412e-02,8.935696927129591072e-02
-6.943410869470091618e-02,3.469446951953614189e-18,9.975865398800108919e-01,9.107253201665255204e-01
0.000000000000000000e+00,0.000000000000000000e+00,0.000000000000000000e+00,1.000000000000000000e+00
7.054193206873495825e-01,7.071067811865475727e-01,4.882194179872605122e-02,-8.932846668523453104e-02
-7.054193206873496935e-01,7.071067811865474617e-01,-4.882194179872604428e-02,8.932846668523453104e-02
-6.904465223314827649e-02,-6.938893903907228378e-18,9.976135704760654699e-01,9.107225224998338753e-01
0.000000000000000000e+00,0.000000000000000000e+00,0.000000000000000000e+00,1.000000000000000000e+00
7.054383266942849673e-01,7.071067811865475727e-01,4.854654705298015738e-02,-8.929996332904986678e-02
-7.054383266942850783e-01,7.071067811865474617e-01,-4.854654705298014350e-02,8.929996332904983902e-02
-6.865518524870813100e-02,3.469446951953614189e-18,9.976404490288399707e-01,9.107197405696219050e-01
0.000000000000000000e+00,0.000000000000000000e+00,0.000000000000000000e+00,1.000000000000000000e+00
7.054572251874894340e-01,7.071067811865475727e-01,4.827114490840120342e-02,-8.927145920708592919e-02
-7.054572251874894340e-01,7.071067811865475727e-01,-4.827114490840118954e-02,8.927145920708591531e-02
-6.826570780073794309e-02,-3.469446951953614189e-18,9.976671755342381154e-01,9.107169743763130487e-01
0.000000000000000000e+00,0.000000000000000000e+00,0.000000000000000000e+00,1.000000000000000000e+00
7.054760161640826199e-01,7.071067811865475727e-01,4.799573540696241980e-02,-8.924295432368704872e-02
-7.054760161640826199e-01,7.071067811865475727e-01,-4.799573540696240592e-02,8.924295432368700709e-02
-6.787621994859679986e-02,0.000000000000000000e+00,9.976937499881863847e-01,9.107142239203296352e-01
0.000000000000000000e+00,0.000000000000000000e+00,0.000000000000000000e+00,1.000000000000000000e+00
7.054946996212005939e-01,7.071067811865474617e-01,4.772031859063812637e-02,-8.921444868319741706e-02
-7.054946996212005939e-01,7.071067811865474617e-01,-4.772031859063811943e-02,8.921444868319743093e-02
-6.748672175164538434e-02,3.469446951953614189e-18,9.977201723866345739e-01,9.107114892020899966e-01
0.000000000000000000e+00,0.000000000000000000e+00,0.000000000000000000e+00,1.000000000000000000e+00
7.055132755559959667e-01,7.071067811865475727e-01,4.744489450140378789e-02,-8.918594228996168383e-02
-7.055132755559959667e-01,7.071067811865475727e-01,-4.744489450140379483e-02,8.918594228996166995e-02
-6.709721326924592000e-02,6.938893903907228378e-18,9.977464427255560153e-01,9.107087702220117986e-01
0.000000000000000000e+00,0.000000000000000000e+00,0.000000000000000000e+00,1.000000000000000000e+00
7.055317439656376699e-01,7.071067811865475727e-01,4.716946318123597243e-02,-8.915743514832435990e-02
-7.055317439656375589e-01,7.071067811865475727e-01,-4.716946318123596549e-02,8.915743514832431826e-02
-6.670769456076226789e-02,3.469446951953614189e-18,9.977725610009468005e-01,9.107060669805087105e-01
0.000000000000000000e+00,0.000000000000000000e+00,0.000000000000000000e+00,1.000000000000000000e+00
7.055501048473109549e-01,7.071067811865474617e-01,4.689402467211231662e-02,-8.912892726262998389e-02
-7.055501048473107328e-01,7.071067811865475727e-01,-4.689402467211230274e-02,8.912892726262999776e-02
-6.631816568555976010e-02,-3.469446951953614189e-18,9.977985272088262247e-01,9.107033794779931801e-01
0.000000000000000000e+00,0.000000000000000000e+00,0.000000000000000000e+00,1.000000000000000000e+00
7.055683581982172825e-01,7.071067811865475727e-01,4.661857901601157428e-02,-8.910041863722362177e-02
-7.055683581982173935e-01,7.071067811865475727e-01,-4.661857901601157428e-02,8.910041863722360789e-02
-6.592862670300533856e-02,-3.469446951953614189e-18,9.978243413452368982e-01,9.107007077148748797e-01
0.000000000000000000e+00,0.000000000000000000e+00,0.000000000000000000e+00,1.000000000000000000e+00
7.055865040155751000e-01,7.071067811865475727e-01,4.634312625491358861e-02,-8.907190927644997869e-02
-7.055865040155752110e-01,7.071067811865475727e-01,-4.634312625491358167e-02,8.907190927644995093e-02
-6.553907767246745786e-02,0.000000000000000000e+00,9.978500034062446344e-01,9.106980516915605950e-01
0.000000000000000000e+00,0.000000000000000000e+00,0.000000000000000000e+00,1.000000000000000000e+00
7.056045422966186198e-01,7.071067811865473507e-01,4.606766643079930612e-02,-8.904339918465414838e-02
-7.056045422966185088e-01,7.071067811865475727e-01,-4.606766643079928530e-02,8.904339918465409287e-02
-6.514951865331611303e-02,-6.938893903907228378e-18,9.978755133879381178e-01,9.106954114084551133e-01
0.000000000000000000e+00,0.000000000000000000e+00,0.000000000000000000e+00,1.000000000000000000e+00
7.056224730385987076e-01,7.071067811865474617e-01,4.579219958565070719e-02,-8.901488836618122458e-02
-7.056224730385987076e-01,7.071067811865475727e-01,-4.579219958565069332e-02,8.901488836618123845e-02
-6.475994970492283953e-02,0.000000000000000000e+00,9.979008712864297914e-01,9.106927868659613345e-01
0.000000000000000000e+00,0.000000000000000000e+00,0.000000000000000000e+00,1.000000000000000000e+00
7.056402962387825495e-01,7.071067811865476838e-01,4.551672576145084775e-02,-8.898637682537657856e-02
-7.056402962387826605e-01,7.071067811865475727e-01,-4.551672576145084081e-02,8.898637682537655080e-02
-6.437037088666061613e-02,-3.469446951953614189e-18,9.979260770978548578e-01,9.106901780644789390e-01
0.000000000000000000e+00,0.000000000000000000e+00,0.000000000000000000e+00,1.000000000000000000e+00
7.056580118944539848e-01,7.071067811865475727e-01,4.524124500018390782e-02,-8.895786456658545671e-02
-7.056580118944540958e-01,7.071067811865475727e-01,-4.524124500018389394e-02,8.895786456658542896e-02
-6.398078225790405915e-02,-3.469446951953614189e-18,9.979511308183716123e-01,9.106875850044051646e-01
0.000000000000000000e+00,0.000000000000000000e+00,0.000000000000000000e+00,1.000000000000000000e+00
7.056756200029128401e-01,7.071067811865475727e-01,4.496575734383505274e-02,-8.892935159415332746e-02
-7.056756200029127291e-01,7.071067811865475727e-01,-4.496575734383503886e-02,8.892935159415331359e-02
-6.359118387802911720e-02,-3.469446951953614189e-18,9.979760324441618868e-01,9.106850076861359167e-01
0.000000000000000000e+00,0.000000000000000000e+00,0.000000000000000000e+00,1.000000000000000000e+00
7.056931205614755953e-01,7.071067811865474617e-01,4.469026283439053032e-02,-8.890083791242578415e-02
-7.056931205614753733e-01,7.071067811865476838e-01,-4.469026283439051644e-02,8.890083791242578415e-02
-6.320157580641334871e-02,0.000000000000000000e+00,9.980007819714302730e-01,9.106824461100634371e-01
0.000000000000000000e+00,0.000000000000000000e+00,0.000000000000000000e+00,1.000000000000000000e+00
7.057105135674748286e-01,7.071067811865475727e-01,4.441476151383762921e-02,-8.887232352574858663e-02
-7.057105135674747176e-01,7.071067811865476838e-01,-4.441476151383762228e-02,8.887232352574858663e-02
-6.281195810243574151e-02,-3.469446951953614189e-18,9.980253793964048992e-01,9.106799002765787465e-01
0.000000000000000000e+00,0.000000000000000000e+00,0.000000000000000000e+00,1.000000000000000000e+00
7.057277990182597716e-01,7.071067811865475727e-01,4.413925342416467890e-02,-8.884380843846746700e-02
-7.057277990182598826e-01,7.071067811865474617e-01,-4.413925342416467890e-02,8.884380843846743925e-02
-6.242233082547676837e-02,0.000000000000000000e+00,9.980498247153368752e-01,9.106773701860690906e-01
0.000000000000000000e+00,0.000000000000000000e+00,0.000000000000000000e+00,1.000000000000000000e+00
7.057449769111965310e-01,7.071067811865474617e-01,4.386373860736105662e-02,-8.881529265492828229e-02
-7.057449769111963089e-01,7.071067811865476838e-01,-4.386373860736103580e-02,8.881529265492824066e-02
-6.203269403491832451e-02,0.000000000000000000e+00,9.980741179245007366e-01,9.106748558389206050e-01
0.000000000000000000e+00,0.000000000000000000e+00,0.000000000000000000e+00,1.000000000000000000e+00
7.057620472436664238e-01,7.071067811865473507e-01,4.358821710541709027e-02,-8.878677617947704215e-02
-7.057620472436662018e-01,7.071067811865475727e-01,-4.358821710541707639e-02,8.878677617947702827e-02
-6.164304779014377622e-02,0.000000000000000000e+00,9.980982590201938898e-01,9.106723572355166496e-01
0.000000000000000000e+00,0.000000000000000000e+00,0.000000000000000000e+00,1.000000000000000000e+00
7.057790100130679756e-01,7.071067811865474617e-01,4.331268896032423182e-02,-8.875825901645995053e-02
-7.057790100130678645e-01,7.071067811865475727e-01,-4.331268896032422488e-02,8.875825901645995053e-02
-6.125339215053795389e-02,-3.469446951953614189e-18,9.981222479987370555e-01,9.106698743762373649e-01
0.000000000000000000e+00,0.000000000000000000e+00,0.000000000000000000e+00,1.000000000000000000e+00
7.057958652168161429e-01,7.071067811865475727e-01,4.303715421407489083e-02,-8.872974117022315588e-02
-7.057958652168160318e-01,7.071067811865476838e-01,-4.303715421407487696e-02,8.872974117022314200e-02
-6.086372717548710343e-02,0.000000000000000000e+00,9.981460848564742694e-01,9.106674072614617810e-01
0.000000000000000000e+00,0.000000000000000000e+00,0.000000000000000000e+00,1.000000000000000000e+00
7.058126128523418696e-01,7.071067811865475727e-01,4.276161290866246911e-02,-8.870122264511298704e-02
-7.058126128523417586e-01,7.071067811865476838e-01,-4.276161290866246911e-02,8.870122264511293153e-02
-6.047405292437887936e-02,3.469446951953614189e-18,9.981697695897724376e-01,9.106649558915653753e-01
0.000000000000000000e+00,0.000000000000000000e+00,0.000000000000000000e+00,1.000000000000000000e+00
7.058292529170928642e-01,7.071067811865473507e-01,4.248606508608139543e-02,-8.867270344547581451e-02
-7.058292529170925311e-01,7.071067811865476838e-01,-4.248606508608139543e-02,8.867270344547580063e-02
-6.008436945660235173e-02,3.469446951953614189e-18,9.981933021950220031e-01,9.106625202669216268e-01
0.000000000000000000e+00,0.000000000000000000e+00,0.000000000000000000e+00,1.000000000000000000e+00
7.058457854085327110e-01,7.071067811865475727e-01,4.221051078832711856e-02,-8.864418357565828632e-02
-7.058457854085328220e-01,7.071067811865474617e-01,-4.221051078832710468e-02,8.864418357565824469e-02
-5.969467683154804083e-02,0.000000000000000000e+00,9.982166826686362793e-01,9.106601003879030154e-01
0.000000000000000000e+00,0.000000000000000000e+00,0.000000000000000000e+00,1.000000000000000000e+00
7.058622103241424250e-01,7.071067811865474617e-01,4.193495005739597548e-02,-8.861566304000689787e-02
-7.058622103241423140e-01,7.071067811865476838e-01,-4.193495005739596160e-02,8.861566304000687011e-02
-5.930497510860777144e-02,0.000000000000000000e+00,9.982399110070522275e-01,9.106576962548769139e-01
0.000000000000000000e+00,0.000000000000000000e+00,0.000000000000000000e+00,1.000000000000000000e+00
7.058785276614180093e-01,7.071067811865475727e-01,4.165938293528538561e-02,-8.858714184286844984e-02
-7.058785276614180093e-01,7.071067811865475727e-01,-4.165938293528537173e-02,8.858714184286842208e-02
-5.891526434717485328e-02,0.000000000000000000e+00,9.982629872067292354e-01,9.106553078682101399e-01
0.000000000000000000e+00,0.000000000000000000e+00,0.000000000000000000e+00,1.000000000000000000e+00
7.058947374178731193e-01,7.071067811865473507e-01,4.138380946399367738e-02,-8.855861998858974293e-02
-7.058947374178728973e-01,7.071067811865475727e-01,-4.138380946399367738e-02,8.855861998858971518e-02
-5.852554460664390751e-02,0.000000000000000000e+00,9.982859112641506716e-01,9.106529352282672907e-01
0.000000000000000000e+00,0.000000000000000000e+00,0.000000000000000000e+00,1.000000000000000000e+00
7.059108395910369538e-01,7.071067811865474617e-01,4.110822968552022005e-02,-8.853009748151771663e-02
-7.059108395910367317e-01,7.071067811865475727e-01,-4.110822968552020618e-02,8.853009748151771663e-02
-5.813581594641095696e-02,-3.469446951953614189e-18,9.983086831758226642e-01,9.106505783354089667e-01
0.000000000000000000e+00,0.000000000000000000e+00,0.000000000000000000e+00,1.000000000000000000e+00
7.059268341784554757e-01,7.071067811865474617e-01,4.083264364186526413e-02,-8.850157432599944918e-02
-7.059268341784552536e-01,7.071067811865476838e-01,-4.083264364186525025e-02,8.850157432599943530e-02
-5.774607842587337753e-02,-6.938893903907228378e-18,9.983313029382745452e-01,9.106482371899949912e-01
0.000000000000000000e+00,0.000000000000000000e+00,0.000000000000000000e+00,1.000000000000000000e+00
7.059427211776909683e-01,7.071067811865475727e-01,4.055705137503004543e-02,-8.847305052638200495e-02
-7.059427211776910793e-01,7.071067811865474617e-01,-4.055705137503004543e-02,8.847305052638200495e-02
-5.735633210442987739e-02,-3.469446951953614189e-18,9.983537705480589608e-01,9.106459117923827451e-01
0.000000000000000000e+00,0.000000000000000000e+00,0.000000000000000000e+00,1.000000000000000000e+00
7.059585005863224794e-01,7.071067811865475727e-01,4.028145292701677121e-02,-8.844452608701265650e-02
-7.059585005863223683e-01,7.071067811865476838e-01,-4.028145292701676428e-02,8.844452608701262875e-02
-5.696657704148052476e-02,0.000000000000000000e+00,9.983760860017516503e-01,9.106436021429253902e-01
0.000000000000000000e+00,0.000000000000000000e+00,0.000000000000000000e+00,1.000000000000000000e+00
7.059741724019445996e-01,7.071067811865475727e-01,4.000584833982857164e-02,-8.841600101223867636e-02
-7.059741724019447107e-01,7.071067811865475727e-01,-4.000584833982855776e-02,8.841600101223864860e-02
-5.657681329642672702e-02,0.000000000000000000e+00,9.983982492959516675e-01,9.106413082419758664e-01
0.000000000000000000e+00,0.000000000000000000e+00,0.000000000000000000e+00,1.000000000000000000e+00
7.059897366221692394e-01,7.071067811865475727e-01,3.973023765546948582e-02,-8.838747530640751748e-02
-7.059897366221693504e-01,7.071067811865474617e-01,-3.973023765546947195e-02,8.838747530640746197e-02
-5.618704092867117528e-02,-3.469446951953614189e-18,9.984202604272811588e-01,9.106390300898830059e-01
0.000000000000000000e+00,0.000000000000000000e+00,0.000000000000000000e+00,1.000000000000000000e+00
7.060051932446241851e-01,7.071067811865475727e-01,3.945462091594453824e-02,-8.835894897386666058e-02
-7.060051932446241851e-01,7.071067811865475727e-01,-3.945462091594452436e-02,8.835894897386666058e-02
-5.579725999761793453e-02,-6.938893903907228378e-18,9.984421193923853632e-01,9.106367676869947525e-01
0.000000000000000000e+00,0.000000000000000000e+00,0.000000000000000000e+00,1.000000000000000000e+00
7.060205422669536546e-01,7.071067811865474617e-01,3.917899816325960682e-02,-8.833042201896379453e-02
-7.060205422669536546e-01,7.071067811865474617e-01,-3.917899816325959989e-02,8.833042201896376677e-02
-5.540747056267231185e-02,0.000000000000000000e+00,9.984638261879328347e-01,9.106345210336556084e-01
0.000000000000000000e+00,0.000000000000000000e+00,0.000000000000000000e+00,1.000000000000000000e+00
7.060357836868185188e-01,7.071067811865475727e-01,3.890336943942156178e-02,-8.830189444604656657e-02
-7.060357836868184078e-01,7.071067811865474617e-01,-3.890336943942155484e-02,8.830189444604653881e-02
-5.501767268324096738e-02,0.000000000000000000e+00,9.984853808106154416e-01,9.106322901302081885e-01
0.000000000000000000e+00,0.000000000000000000e+00,0.000000000000000000e+00,1.000000000000000000e+00
7.060509175018956363e-01,7.071067811865474617e-01,3.862773478643814068e-02,-8.827336625946276272e-02
-7.060509175018956363e-01,7.071067811865474617e-01,-3.862773478643813374e-02,8.827336625946272108e-02
-5.462786641873180332e-02,0.000000000000000000e+00,9.985067832571480340e-01,9.106300749769917768e-01
0.000000000000000000e+00,0.000000000000000000e+00,0.000000000000000000e+00,1.000000000000000000e+00
7.060659437098788516e-01,7.071067811865474617e-01,3.835209424631798314e-02,-8.824483746356030778e-02
-7.060659437098786295e-01,7.071067811865476838e-01,-3.835209424631797620e-02,8.824483746356028002e-02
-5.423805182855402640e-02,0.000000000000000000e+00,9.985280335242687766e-01,9.106278755743448805e-01
0.000000000000000000e+00,0.000000000000000000e+00,0.000000000000000000e+00,1.000000000000000000e+00
7.060808623084777746e-01,7.071067811865472397e-01,3.807644786107062390e-02,-8.821630806268722369e-02
-7.060808623084773306e-01,7.071067811865476838e-01,-3.807644786107061696e-02,8.821630806268719593e-02
-5.384822897211809928e-02,3.469446951953614189e-18,9.985491316087388158e-01,9.106256919226024538e-01
0.000000000000000000e+00,0.000000000000000000e+00,0.000000000000000000e+00,1.000000000000000000e+00
7.060956732954184467e-01,7.071067811865475727e-01,3.780079567270654139e-02,-8.818777806119154627e-02
-7.060956732954185577e-01,7.071067811865476838e-01,-3.780079567270652752e-02,8.818777806119151852e-02
-5.345839790883577525e-02,-3.469446951953614189e-18,9.985700775073428348e-01,9.106235240220968974e-01
0.000000000000000000e+00,0.000000000000000000e+00,0.000000000000000000e+00,1.000000000000000000e+00
7.061103766684442284e-01,7.071067811865474617e-01,3.752513772323699814e-02,-8.815924746342146401e-02
-7.061103766684440064e-01,7.071067811865476838e-01,-3.752513772323699814e-02,8.815924746342140850e-02
-5.306855869812000803e-02,3.469446951953614189e-18,9.985908712168883872e-01,9.106213718731587248e-01
0.000000000000000000e+00,0.000000000000000000e+00,0.000000000000000000e+00,1.000000000000000000e+00
7.061249724253136906e-01,7.071067811865476838e-01,3.724947405467423506e-02,-8.813071627372522088e-02
-7.061249724253140236e-01,7.071067811865474617e-01,-3.724947405467424200e-02,8.813071627372517924e-02
-5.267871139938503505e-02,3.469446951953614189e-18,9.986115127342064524e-01,9.106192354761162289e-01
0.000000000000000000e+00,0.000000000000000000e+00,0.000000000000000000e+00,1.000000000000000000e+00
7.061394605638027233e-01,7.071067811865475727e-01,3.697380470903129102e-02,-8.810218449645117189e-02
-7.061394605638028343e-01,7.071067811865474617e-01,-3.697380470903129102e-02,8.810218449645113026e-02
-5.228885607204625252e-02,0.000000000000000000e+00,9.986320020561512134e-01,9.106171148312952601e-01
0.000000000000000000e+00,0.000000000000000000e+00,0.000000000000000000e+00,1.000000000000000000e+00
7.061538410817032041e-01,7.071067811865475727e-01,3.669812972832212777e-02,-8.807365213594776920e-02
-7.061538410817030931e-01,7.071067811865476838e-01,-3.669812972832212083e-02,8.807365213594772757e-02
-5.189899277552040974e-02,6.938893903907228378e-18,9.986523391795998350e-01,9.106150099390183383e-01
0.000000000000000000e+00,0.000000000000000000e+00,0.000000000000000000e+00,1.000000000000000000e+00
7.061681139768229976e-01,7.071067811865475727e-01,3.642244915456151894e-02,-8.804511919656352048e-02
-7.061681139768231086e-01,7.071067811865474617e-01,-3.642244915456151200e-02,8.804511919656350660e-02
-5.150912156922537316e-02,3.469446951953614189e-18,9.986725241014526855e-01,9.106129207996063180e-01
0.000000000000000000e+00,0.000000000000000000e+00,0.000000000000000000e+00,1.000000000000000000e+00
7.061822792469873988e-01,7.071067811865475727e-01,3.614676302976511935e-02,-8.801658568264712768e-02
-7.061822792469872878e-01,7.071067811865474617e-01,-3.614676302976511935e-02,8.801658568264708604e-02
-5.111924251258022356e-02,1.040834085586084257e-17,9.986925568186336699e-01,9.106108474133780550e-01
0.000000000000000000e+00,0.000000000000000000e+00,0.000000000000000000e+00,1.000000000000000000e+00
7.061963368900370241e-01,7.071067811865474617e-01,3.587107139594942345e-02,-8.798805159854718172e-02
-7.061963368900370241e-01,7.071067811865476838e-01,-3.587107139594941652e-02,8.798805159854715396e-02
-5.072935566500525600e-02,6.938893903907228378e-18,9.987124373280896750e-01,9.106087897806496301e-01
0.000000000000000000e+00,0.000000000000000000e+00,0.000000000000000000e+00,1.000000000000000000e+00
7.062102869038296982e-01,7.071067811865476838e-01,3.559537429513174450e-02,-8.795951694861255110e-02
-7.062102869038298092e-01,7.071067811865474617e-01,-3.559537429513175144e-02,8.795951694861252335e-02
-5.033946108592197294e-02,6.938893903907228378e-18,9.987321656267905690e-01,9.106067479017337929e-01
0.000000000000000000e+00,0.000000000000000000e+00,0.000000000000000000e+00,1.000000000000000000e+00
7.062241292862392328e-01,7.071067811865474617e-01,3.531967176933028391e-02,-8.793098173719210431e-02
-7.062241292862392328e-01,7.071067811865475727e-01,-3.531967176933028391e-02,8.793098173719206267e-02
-4.994955883475301478e-02,0.000000000000000000e+00,9.987517417117296459e-01,9.106047217769426272e-01
0.000000000000000000e+00,0.000000000000000000e+00,0.000000000000000000e+00,1.000000000000000000e+00
7.062378640351560932e-01,7.071067811865475727e-01,3.504396386056399942e-02,-8.790244596863476534e-02
-7.062378640351559822e-01,7.071067811865474617e-01,-3.504396386056399249e-02,8.790244596863476534e-02
-4.955964897092220850e-02,3.469446951953614189e-18,9.987711655799235144e-01,9.106027114065847750e-01
0.000000000000000000e+00,0.000000000000000000e+00,0.000000000000000000e+00,1.000000000000000000e+00
7.062514911484866209e-01,7.071067811865475727e-01,3.476825061085270230e-02,-8.787390964728965248e-02
-7.062514911484866209e-01,7.071067811865474617e-01,-3.476825061085270230e-02,8.787390964728965248e-02
-4.916973155385453986e-02,3.469446951953614189e-18,9.987904372284116539e-01,9.106007167909659916e-01
0.000000000000000000e+00,0.000000000000000000e+00,0.000000000000000000e+00,1.000000000000000000e+00
7.062650106241543657e-01,7.071067811865474617e-01,3.449253206221707807e-02,-8.784537277750588402e-02
-7.062650106241543657e-01,7.071067811865474617e-01,-3.449253206221707113e-02,8.784537277750584239e-02
-4.877980664297620200e-02,0.000000000000000000e+00,9.988095566542571913e-01,9.105987379303912554e-01
0.000000000000000000e+00,0.000000000000000000e+00,0.000000000000000000e+00,1.000000000000000000e+00
7.062784224600986427e-01,7.071067811865475727e-01,3.421680825667845760e-02,-8.781683536363261988e-02
-7.062784224600987537e-01,7.071067811865474617e-01,-3.421680825667846454e-02,8.781683536363260600e-02
-4.838987429771438031e-02,6.938893903907228378e-18,9.988285238545460132e-01,9.105967748251611038e-01
0.000000000000000000e+00,0.000000000000000000e+00,0.000000000000000000e+00,1.000000000000000000e+00
7.062917266542756423e-01,7.071067811865475727e-01,3.394107923625917789e-02,-8.778829741001926978e-02
-7.062917266542757533e-01,7.071067811865474617e-01,-3.394107923625917789e-02,8.778829741001922815e-02
-4.799993457749758552e-02,6.938893903907228378e-18,9.988473388263873209e-01,9.105948274755755190e-01
0.000000000000000000e+00,0.000000000000000000e+00,0.000000000000000000e+00,1.000000000000000000e+00
7.063049232046574311e-01,7.071067811865475727e-01,3.366534504298220043e-02,-8.775975892101506304e-02
-7.063049232046573200e-01,7.071067811865474617e-01,-3.366534504298220043e-02,8.775975892101504916e-02
-4.760998754175527203e-02,0.000000000000000000e+00,9.988660015669138525e-01,9.105928958819310415e-01
0.000000000000000000e+00,0.000000000000000000e+00,0.000000000000000000e+00,1.000000000000000000e+00
7.063180121092328401e-01,7.071067811865475727e-01,3.338960571887135409e-02,-8.773121990096960365e-02
-7.063180121092328401e-01,7.071067811865475727e-01,-3.338960571887135409e-02,8.773121990096957590e-02
-4.722003324991812245e-02,1.040834085586084257e-17,9.988845120732809946e-01,9.105909800445223246e-01
0.000000000000000000e+00,0.000000000000000000e+00,0.000000000000000000e+00,1.000000000000000000e+00
7.063309933660069095e-01,7.071067811865476838e-01,3.311386130595127958e-02,-8.770268035423237074e-02
-7.063309933660071316e-01,7.071067811865474617e-01,-3.311386130595127958e-02,8.770268035423234299e-02
-4.683007176141795042e-02,0.000000000000000000e+00,9.989028703426676703e-01,9.105890799636408017e-01
0.000000000000000000e+00,0.000000000000000000e+00,0.000000000000000000e+00,1.000000000000000000e+00
7.063438669730017772e-01,7.071067811865472397e-01,3.283811184624729762e-02,-8.767414028515299607e-02
-7.063438669730013331e-01,7.071067811865476838e-01,-3.283811184624729068e-02,8.767414028515295443e-02
-4.644010313568751325e-02,6.938893903907228378e-18,9.989210763722761177e-01,9.105871956395761302e-01
0.000000000000000000e+00,0.000000000000000000e+00,0.000000000000000000e+00,1.000000000000000000e+00
7.063566329282544576e-01,7.071067811865474617e-01,3.256235738178559630e-02,-8.764559969808122242e-02
-7.063566329282544576e-01,7.071067811865476838e-01,-3.256235738178558936e-02,8.764559969808119466e-02
-4.605012743216085197e-02,3.469446951953614189e-18,9.989391301593314454e-01,9.105853270726158577e-01
0.000000000000000000e+00,0.000000000000000000e+00,0.000000000000000000e+00,1.000000000000000000e+00
7.063692912298201732e-01,7.071067811865476838e-01,3.228659795459305065e-02,-8.761705859736682034e-02
-7.063692912298202842e-01,7.071067811865474617e-01,-3.228659795459305759e-02,8.761705859736677870e-02
-4.566014471027293048e-02,6.938893903907228378e-18,9.989570317010821876e-01,9.105834742630446454e-01
0.000000000000000000e+00,0.000000000000000000e+00,0.000000000000000000e+00,1.000000000000000000e+00
7.063818418757692452e-01,7.071067811865475727e-01,3.201083360669734756e-02,-8.758851698735958813e-02
-7.063818418757693562e-01,7.071067811865474617e-01,-3.201083360669735450e-02,8.758851698735957425e-02
-4.527015502945984371e-02,6.938893903907228378e-18,9.989747809947999713e-01,9.105816372111450452e-01
0.000000000000000000e+00,0.000000000000000000e+00,0.000000000000000000e+00,1.000000000000000000e+00
7.063942848641890926e-01,7.071067811865475727e-01,3.173506438012689557e-02,-8.755997487240954613e-02
-7.063942848641892036e-01,7.071067811865474617e-01,-3.173506438012690251e-02,8.755997487240953225e-02
-4.488015844915878294e-02,6.938893903907228378e-18,9.989923780377798490e-01,9.105798159171967221e-01
0.000000000000000000e+00,0.000000000000000000e+00,0.000000000000000000e+00,1.000000000000000000e+00
7.064066201931833433e-01,7.071067811865473507e-01,3.145929031691083871e-02,-8.753143225686667306e-02
-7.064066201931832323e-01,7.071067811865476838e-01,-3.145929031691084565e-02,8.753143225686664530e-02
-4.449015502880789702e-02,6.938893903907228378e-18,9.990098228273397440e-01,9.105780103814770099e-01
0.000000000000000000e+00,0.000000000000000000e+00,0.000000000000000000e+00,1.000000000000000000e+00
7.064188478608717237e-01,7.071067811865475727e-01,3.118351145907912250e-02,-8.750288914508111415e-02
-7.064188478608718347e-01,7.071067811865474617e-01,-3.118351145907912250e-02,8.750288914508108640e-02
-4.410014482784651441e-02,0.000000000000000000e+00,9.990271153608208943e-01,9.105762206042614659e-01
0.000000000000000000e+00,0.000000000000000000e+00,0.000000000000000000e+00,1.000000000000000000e+00
7.064309678653909463e-01,7.071067811865476838e-01,3.090772784866229264e-02,-8.747434554140297303e-02
-7.064309678653910574e-01,7.071067811865474617e-01,-3.090772784866229611e-02,8.747434554140294527e-02
-4.371012790571481704e-02,5.204170427930421283e-18,9.990442556355879633e-01,9.105744465858233161e-01
0.000000000000000000e+00,0.000000000000000000e+00,0.000000000000000000e+00,1.000000000000000000e+00
7.064429802048936002e-01,7.071067811865476838e-01,3.063193952769174139e-02,-8.744580145018249207e-02
-7.064429802048939333e-01,7.071067811865474617e-01,-3.063193952769174833e-02,8.744580145018246431e-02
-4.332010432185415955e-02,1.734723475976807094e-18,9.990612436490285964e-01,9.105726883264320115e-01
0.000000000000000000e+00,0.000000000000000000e+00,0.000000000000000000e+00,1.000000000000000000e+00
7.064548848775493717e-01,7.071067811865474617e-01,3.035614653819954101e-02,-8.741725687577008019e-02
-7.064548848775491496e-01,7.071067811865476838e-01,-3.035614653819954101e-02,8.741725687577002468e-02
-4.293007413570687492e-02,8.673617379884035472e-18,9.990780793985536423e-01,9.105709458263563372e-01
0.000000000000000000e+00,0.000000000000000000e+00,0.000000000000000000e+00,1.000000000000000000e+00
7.064666818815432681e-01,7.071067811865474617e-01,3.008034892221845072e-02,-8.738871182251602143e-02
-7.064666818815432681e-01,7.071067811865475727e-01,-3.008034892221844725e-02,8.738871182251600755e-02
-4.254003740671624678e-02,5.204170427930421283e-18,9.990947628815972648e-01,9.105692190858613033e-01
0.000000000000000000e+00,0.000000000000000000e+00,0.000000000000000000e+00,1.000000000000000000e+00
7.064783712150777273e-01,7.071067811865474617e-01,2.980454672178199302e-02,-8.736016629477084960e-02
-7.064783712150777273e-01,7.071067811865476838e-01,-2.980454672178198955e-02,8.736016629477082185e-02
-4.214999419432666206e-02,5.204170427930421283e-18,9.991112940956169419e-01,9.105675081052102549e-01
0.000000000000000000e+00,0.000000000000000000e+00,0.000000000000000000e+00,1.000000000000000000e+00
7.064899528763711745e-01,7.071067811865474617e-01,2.952873997892429409e-02,-8.733162029688505690e-02
-7.064899528763710634e-01,7.071067811865475727e-01,-2.952873997892429409e-02,8.733162029688502914e-02
-4.175994455798335420e-02,3.469446951953614189e-18,9.991276730380929116e-01,9.105658128846640942e-01
0.000000000000000000e+00,0.000000000000000000e+00,0.000000000000000000e+00,1.000000000000000000e+00
7.065014268636584660e-01,7.071067811865472397e-01,2.925292873568026072e-02,-8.730307383320932979e-02
-7.065014268636580219e-01,7.071067811865476838e-01,-2.925292873568025726e-02,8.730307383320930203e-02
-4.136988855713265995e-02,8.673617379884035472e-18,9.991438997065289485e-01,9.105641334244811702e-01
0.000000000000000000e+00,0.000000000000000000e+00,0.000000000000000000e+00,1.000000000000000000e+00
7.065127931751907786e-01,7.071067811865475727e-01,2.897711303408545547e-02,-8.727452690809422986e-02
-7.065127931751907786e-01,7.071067811865475727e-01,-2.897711303408546241e-02,8.727452690809424374e-02
-4.097982625122184586e-02,8.673617379884035472e-18,9.991599740984522526e-01,9.105624697249170563e-01
0.000000000000000000e+00,0.000000000000000000e+00,0.000000000000000000e+00,1.000000000000000000e+00
7.065240518092359423e-01,7.071067811865475727e-01,2.870129291617613820e-02,-8.724597952589062400e-02
-7.065240518092360533e-01,7.071067811865474617e-01,-2.870129291617612433e-02,8.724597952589061012e-02
-4.058975769969912217e-02,-3.469446951953614189e-18,9.991758962114126730e-01,9.105608217862256604e-01
0.000000000000000000e+00,0.000000000000000000e+00,0.000000000000000000e+00,1.000000000000000000e+00
7.065352027640781074e-01,7.071067811865475727e-01,2.842546842398917598e-02,-8.721743169094926806e-02
-7.065352027640779964e-01,7.071067811865476838e-01,-2.842546842398917598e-02,8.721743169094926806e-02
-4.019968296201366365e-02,6.938893903907228378e-18,9.991916660429838171e-01,9.105591896086577819e-01
0.000000000000000000e+00,0.000000000000000000e+00,0.000000000000000000e+00,1.000000000000000000e+00
7.065462460380174115e-01,7.071067811865476838e-01,2.814963959956217135e-02,-8.718888340762109834e-02
-7.065462460380176335e-01,7.071067811865474617e-01,-2.814963959956217482e-02,8.718888340762107059e-02
-3.980960209761556789e-02,5.204170427930421283e-18,9.992072835907619410e-01,9.105575731924627769e-01
0.000000000000000000e+00,0.000000000000000000e+00,0.000000000000000000e+00,1.000000000000000000e+00
7.065571816293714225e-01,7.071067811865475727e-01,2.787380648493338262e-02,-8.716033468025702335e-02
-7.065571816293713114e-01,7.071067811865475727e-01,-2.787380648493338955e-02,8.716033468025699560e-02
-3.941951516595592481e-02,1.387778780781445676e-17,9.992227488523671708e-01,9.105559725378868929e-01
0.000000000000000000e+00,0.000000000000000000e+00,0.000000000000000000e+00,1.000000000000000000e+00
7.065680095364730295e-01,7.071067811865474617e-01,2.759796912214166481e-02,-8.713178551320804877e-02
-7.065680095364728075e-01,7.071067811865476838e-01,-2.759796912214167175e-02,8.713178551320802101e-02
-3.902942222648664999e-02,6.938893903907228378e-18,9.992380618254423919e-01,9.105543876451733798e-01
0.000000000000000000e+00,0.000000000000000000e+00,0.000000000000000000e+00,1.000000000000000000e+00
7.065787297576719972e-01,7.071067811865474617e-01,2.732212755322659808e-02,-8.710323591082537453e-02
-7.065787297576719972e-01,7.071067811865475727e-01,-2.732212755322660849e-02,8.710323591082534678e-02
-3.863932333866069296e-02,6.938893903907228378e-18,9.992532225076536934e-01,9.105528185145644882e-01
0.000000000000000000e+00,0.000000000000000000e+00,0.000000000000000000e+00,1.000000000000000000e+00
7.065893422913345212e-01,7.071067811865475727e-01,2.704628182022835933e-02,-8.707468587746003408e-02
-7.065893422913346322e-01,7.071067811865474617e-01,-2.704628182022836280e-02,8.707468587746003408e-02
-3.824921856193182895e-02,3.469446951953614189e-18,9.992682308966904792e-01,9.105512651462994711e-01
0.000000000000000000e+00,0.000000000000000000e+00,0.000000000000000000e+00,1.000000000000000000e+00
7.065998471358434507e-01,7.071067811865474617e-01,2.677043196518772913e-02,-8.704613541746332450e-02
-7.065998471358432287e-01,7.071067811865476838e-01,-2.677043196518773260e-02,8.704613541746329675e-02
-3.785910795575471444e-02,6.938893903907228378e-18,9.992830869902654678e-01,9.105497275406141400e-01
0.000000000000000000e+00,0.000000000000000000e+00,0.000000000000000000e+00,1.000000000000000000e+00
7.066102442895974001e-01,7.071067811865475727e-01,2.649457803014621665e-02,-8.701758453518657066e-02
-7.066102442895975111e-01,7.071067811865474617e-01,-2.649457803014621665e-02,8.701758453518652903e-02
-3.746899157958501897e-02,1.734723475976807094e-18,9.992977907861144704e-01,9.105482056977438621e-01
0.000000000000000000e+00,0.000000000000000000e+00,0.000000000000000000e+00,1.000000000000000000e+00
7.066205337510118589e-01,7.071067811865476838e-01,2.621872005714581677e-02,-8.698903323498098639e-02
-7.066205337510120810e-01,7.071067811865474617e-01,-2.621872005714582718e-02,8.698903323498098639e-02
-3.707886949287911293e-02,3.469446951953614189e-18,9.993123422819965018e-01,9.105466996179200079e-01
0.000000000000000000e+00,0.000000000000000000e+00,0.000000000000000000e+00,1.000000000000000000e+00
7.066307155185189703e-01,7.071067811865476838e-01,2.594285808822927725e-02,-8.696048152119811858e-02
-7.066307155185189703e-01,7.071067811865474617e-01,-2.594285808822929112e-02,8.696048152119810470e-02
-3.668874175509439367e-02,8.673617379884035472e-18,9.993267414756937805e-01,9.105452093013723935e-01
0.000000000000000000e+00,0.000000000000000000e+00,0.000000000000000000e+00,1.000000000000000000e+00
7.066407895905664205e-01,7.071067811865475727e-01,2.566699216543982809e-02,-8.693192939818944476e-02
-7.066407895905665315e-01,7.071067811865474617e-01,-2.566699216543983503e-02,8.693192939818941700e-02
-3.629860842568898710e-02,1.214306433183764966e-17,9.993409883650117287e-01,9.105437347483279487e-01
0.000000000000000000e+00,0.000000000000000000e+00,0.000000000000000000e+00,1.000000000000000000e+00
7.066507559656193260e-01,7.071067811865475727e-01,2.539112233082144177e-02,-8.690337687030644243e-02
-7.066507559656193260e-01,7.071067811865475727e-01,-2.539112233082144870e-02,8.690337687030641467e-02
-3.590846956412203916e-02,8.673617379884035472e-18,9.993550829477790831e-01,9.105422759590117154e-01
0.000000000000000000e+00,0.000000000000000000e+00,0.000000000000000000e+00,1.000000000000000000e+00
7.066606146421585688e-01,7.071067811865474617e-01,2.511524862641854525e-02,-8.687482394190075563e-02
-7.066606146421583468e-01,7.071067811865476838e-01,-2.511524862641854178e-02,8.687482394190070012e-02
-3.551832522985334806e-02,1.734723475976807094e-18,9.993690252218478953e-01,9.105408329336454054e-01
0.000000000000000000e+00,0.000000000000000000e+00,0.000000000000000000e+00,1.000000000000000000e+00
7.066703656186813509e-01,7.071067811865475727e-01,2.483937109427621776e-02,-8.684627061732400066e-02
-7.066703656186813509e-01,7.071067811865475727e-01,-2.483937109427622469e-02,8.684627061732397291e-02
-3.512817548234365567e-02,8.673617379884035472e-18,9.993828151850929764e-01,9.105394056724497309e-01
0.000000000000000000e+00,0.000000000000000000e+00,0.000000000000000000e+00,1.000000000000000000e+00
7.066800088937019719e-01,7.071067811865475727e-01,2.456348977644016301e-02,-8.681771690092798810e-02
-7.066800088937020830e-01,7.071067811865475727e-01,-2.456348977644016301e-02,8.681771690092794647e-02
-3.473802038105454348e-02,3.469446951953614189e-18,9.993964528354127852e-01,9.105379941756416295e-01
0.000000000000000000e+00,0.000000000000000000e+00,0.000000000000000000e+00,1.000000000000000000e+00
7.066895444657506076e-01,7.071067811865474617e-01,2.428760471495659823e-02,-8.678916279706441750e-02
-7.066895444657503855e-01,7.071067811865475727e-01,-2.428760471495659823e-02,8.678916279706438974e-02
-3.434785998544834934e-02,1.734723475976807094e-18,9.994099381707287622e-01,9.105365984434362625e-01
0.000000000000000000e+00,0.000000000000000000e+00,0.000000000000000000e+00,1.000000000000000000e+00
7.066989723333738649e-01,7.071067811865475727e-01,2.401171595187235469e-02,-8.676060831008518270e-02
-7.066989723333737539e-01,7.071067811865476838e-01,-2.401171595187235469e-02,8.676060831008516883e-02
-3.395769435498827843e-02,5.204170427930421283e-18,9.994232711889858845e-01,9.105352184760465706e-01
0.000000000000000000e+00,0.000000000000000000e+00,0.000000000000000000e+00,1.000000000000000000e+00
7.067082924951348932e-01,7.071067811865475727e-01,2.373582352923477023e-02,-8.673205344434219144e-02
-7.067082924951347822e-01,7.071067811865475727e-01,-2.373582352923477717e-02,8.673205344434216368e-02
-3.356752354913823677e-02,6.938893903907228378e-18,9.994364518881518888e-01,9.105338542736831631e-01
0.000000000000000000e+00,0.000000000000000000e+00,0.000000000000000000e+00,1.000000000000000000e+00
7.067175049496131622e-01,7.071067811865475727e-01,2.345992748909181413e-02,-8.670349820418742082e-02
-7.067175049496131622e-01,7.071067811865475727e-01,-2.345992748909182107e-02,8.670349820418737918e-02
-3.317734762736303938e-02,8.673617379884035472e-18,9.994494802662179378e-01,9.105325058365533186e-01
0.000000000000000000e+00,0.000000000000000000e+00,0.000000000000000000e+00,1.000000000000000000e+00
7.067266096954050170e-01,7.071067811865472397e-01,2.318402787349194832e-02,-8.667494259397283407e-02
-7.067266096954045729e-01,7.071067811865476838e-01,-2.318402787349195179e-02,8.667494259397279244e-02
-3.278716664912818129e-02,6.938893903907228378e-18,9.994623563211983974e-01,9.105311731648626505e-01
0.000000000000000000e+00,0.000000000000000000e+00,0.000000000000000000e+00,1.000000000000000000e+00
7.067356067311222345e-01,7.071067811865476838e-01,2.290812472448422454e-02,-8.664638661805050546e-02
-7.067356067311223455e-01,7.071067811865475727e-01,-2.290812472448423148e-02,8.664638661805047770e-02
-3.239698067390001796e-02,5.204170427930421283e-18,9.994750800511311706e-01,9.105298562588143296e-01
0.000000000000000000e+00,0.000000000000000000e+00,0.000000000000000000e+00,1.000000000000000000e+00
7.067444960553941335e-01,7.071067811865475727e-01,2.263221808411818026e-02,-8.661783028077266189e-02
-7.067444960553940225e-01,7.071067811865475727e-01,-2.263221808411818720e-02,8.661783028077262026e-02
-3.200678976114556401e-02,1.214306433183764966e-17,9.994876514540765866e-01,9.105285551186099724e-01
0.000000000000000000e+00,0.000000000000000000e+00,0.000000000000000000e+00,1.000000000000000000e+00
7.067532776668655758e-01,7.071067811865475727e-01,2.235630799444392885e-02,-8.658927358649133599e-02
-7.067532776668655758e-01,7.071067811865475727e-01,-2.235630799444393579e-02,8.658927358649129435e-02
-3.161659397033265984e-02,5.204170427930421283e-18,9.995000705281191777e-01,9.105272697444463104e-01
0.000000000000000000e+00,0.000000000000000000e+00,0.000000000000000000e+00,1.000000000000000000e+00
7.067619515641984096e-01,7.071067811865474617e-01,2.208039449751213537e-02,-8.656071653955889345e-02
-7.067619515641982986e-01,7.071067811865476838e-01,-2.208039449751213190e-02,8.656071653955886569e-02
-3.122639336092991949e-02,3.469446951953614189e-18,9.995123372713657917e-01,9.105260001365202971e-01
0.000000000000000000e+00,0.000000000000000000e+00,0.000000000000000000e+00,1.000000000000000000e+00
7.067705177460703592e-01,7.071067811865476838e-01,2.180447763537388464e-02,-8.653215914432761668e-02
-7.067705177460705812e-01,7.071067811865474617e-01,-2.180447763537389505e-02,8.653215914432758893e-02
-3.083618799240658501e-02,8.673617379884035472e-18,9.995244516819470348e-01,9.105247462950251114e-01
0.000000000000000000e+00,0.000000000000000000e+00,0.000000000000000000e+00,1.000000000000000000e+00
7.067789762111763574e-01,7.071067811865475727e-01,2.152855745008086519e-02,-8.650360140514978813e-02
-7.067789762111763574e-01,7.071067811865475727e-01,-2.152855745008086519e-02,8.650360140514976037e-02
-3.044597792423269639e-02,3.469446951953614189e-18,9.995364137580167174e-01,9.105235082201519337e-01
0.000000000000000000e+00,0.000000000000000000e+00,0.000000000000000000e+00,1.000000000000000000e+00
7.067873269582269913e-01,7.071067811865474617e-01,2.125263398368522696e-02,-8.647504332637784286e-02
-7.067873269582267692e-01,7.071067811865476838e-01,-2.125263398368523737e-02,8.647504332637778734e-02
-3.005576321587899793e-02,1.214306433183764966e-17,9.995482234977515201e-01,9.105222859120893908e-01
0.000000000000000000e+00,0.000000000000000000e+00,0.000000000000000000e+00,1.000000000000000000e+00
7.067955699859493901e-01,7.071067811865474617e-01,2.097670727823967504e-02,-8.644648491236420207e-02
-7.067955699859493901e-01,7.071067811865475727e-01,-2.097670727823967851e-02,8.644648491236418819e-02
-2.966554392681696253e-02,5.204170427930421283e-18,9.995598808993516604e-01,9.105210793710237782e-01
0.000000000000000000e+00,0.000000000000000000e+00,0.000000000000000000e+00,1.000000000000000000e+00
7.068037052930875586e-01,7.071067811865475727e-01,2.070077737579731000e-02,-8.641792616746142575e-02
-7.068037052930874475e-01,7.071067811865475727e-01,-2.070077737579731347e-02,8.641792616746138411e-02
-2.927532011651868757e-02,1.734723475976807094e-18,9.995713859610405594e-01,9.105198885971389489e-01
0.000000000000000000e+00,0.000000000000000000e+00,0.000000000000000000e+00,1.000000000000000000e+00
7.068117328784013775e-01,7.071067811865474617e-01,2.042484431841180142e-02,-8.638936709602201836e-02
-7.068117328784013775e-01,7.071067811865474617e-01,-2.042484431841179449e-02,8.638936709602201836e-02
-2.888509184445701983e-02,-1.734723475976807094e-18,9.995827386810645088e-01,9.105187135906167573e-01
0.000000000000000000e+00,0.000000000000000000e+00,0.000000000000000000e+00,1.000000000000000000e+00
7.068196527406676033e-01,7.071067811865474617e-01,2.014890814813728726e-02,-8.636080770239862314e-02
-7.068196527406676033e-01,7.071067811865476838e-01,-2.014890814813728726e-02,8.636080770239856763e-02
-2.849485917010551039e-02,5.204170427930421283e-18,9.995939390576934480e-01,9.105175543516353942e-01
0.000000000000000000e+00,0.000000000000000000e+00,0.000000000000000000e+00,1.000000000000000000e+00
7.068274648786792014e-01,7.071067811865475727e-01,1.987296890702835300e-02,-8.633224799094384172e-02
-7.068274648786790904e-01,7.071067811865476838e-01,-1.987296890702836341e-02,8.633224799094380009e-02
-2.810462215293832444e-02,1.040834085586084257e-17,9.996049870892205202e-01,9.105164108803722733e-01
0.000000000000000000e+00,0.000000000000000000e+00,0.000000000000000000e+00,1.000000000000000000e+00
7.068351692912451245e-01,7.071067811865475727e-01,1.959702663714006990e-02,-8.630368796601038672e-02
-7.068351692912452355e-01,7.071067811865474617e-01,-1.959702663714008031e-02,8.630368796601034509e-02
-2.771438085243030022e-02,8.673617379884035472e-18,9.996158827739616282e-01,9.105152831770015887e-01
0.000000000000000000e+00,0.000000000000000000e+00,0.000000000000000000e+00,1.000000000000000000e+00
7.068427659771916449e-01,7.071067811865475727e-01,1.932108138052798449e-02,-8.627512763195105405e-02
-7.068427659771917559e-01,7.071067811865474617e-01,-1.932108138052798796e-02,8.627512763195104017e-02
-2.732413532805695947e-02,6.938893903907228378e-18,9.996266261102562112e-01,9.105141712416950917e-01
0.000000000000000000e+00,0.000000000000000000e+00,0.000000000000000000e+00,1.000000000000000000e+00
7.068502549353609110e-01,7.071067811865474617e-01,1.904513317924807700e-02,-8.624656699311859798e-02
-7.068502549353608000e-01,7.071067811865475727e-01,-1.904513317924807700e-02,8.624656699311857022e-02
-2.693388563929445187e-02,3.469446951953614189e-18,9.996372170964671344e-01,9.105130750746223134e-01
0.000000000000000000e+00,0.000000000000000000e+00,0.000000000000000000e+00,1.000000000000000000e+00
7.068576361646112804e-01,7.071067811865475727e-01,1.876918207535674399e-02,-8.621800605386582828e-02
-7.068576361646113915e-01,7.071067811865474617e-01,-1.876918207535674399e-02,8.621800605386580052e-02
-2.654363184561950306e-02,3.469446951953614189e-18,9.996476557309801336e-01,9.105119946759504534e-01
0.000000000000000000e+00,0.000000000000000000e+00,0.000000000000000000e+00,1.000000000000000000e+00
7.068649096638183194e-01,7.071067811865473507e-01,1.849322811091091978e-02,-8.618944481854570738e-02
-7.068649096638180973e-01,7.071067811865476838e-01,-1.849322811091091284e-02,8.618944481854566575e-02
-2.615337400650959154e-02,0.000000000000000000e+00,9.996579420122043702e-01,9.105109300458437138e-01
0.000000000000000000e+00,0.000000000000000000e+00,0.000000000000000000e+00,1.000000000000000000e+00
7.068720754318728039e-01,7.071067811865475727e-01,1.821727132796787524e-02,-8.616088329151112835e-02
-7.068720754318728039e-01,7.071067811865475727e-01,-1.821727132796788218e-02,8.616088329151107283e-02
-2.576311218144269888e-02,1.040834085586084257e-17,9.996680759385718762e-01,9.105098811844647422e-01
0.000000000000000000e+00,0.000000000000000000e+00,0.000000000000000000e+00,1.000000000000000000e+00
7.068791334676829408e-01,7.071067811865475727e-01,1.794131176858537735e-02,-8.613232147711501197e-02
-7.068791334676830518e-01,7.071067811865474617e-01,-1.794131176858538429e-02,8.613232147711495645e-02
-2.537284642989746930e-02,6.938893903907228378e-18,9.996780575085384424e-01,9.105088480919731886e-01
0.000000000000000000e+00,0.000000000000000000e+00,0.000000000000000000e+00,1.000000000000000000e+00
7.068860837701733679e-01,7.071067811865474617e-01,1.766534947482157822e-02,-8.610375937971045945e-02
-7.068860837701731459e-01,7.071067811865475727e-01,-1.766534947482159557e-02,8.610375937971041782e-02
-2.498257681135311950e-02,1.214306433183764966e-17,9.996878867205828412e-01,9.105078307685263717e-01
0.000000000000000000e+00,0.000000000000000000e+00,0.000000000000000000e+00,1.000000000000000000e+00
7.068929263382843775e-01,7.071067811865474617e-01,1.738938448873507403e-02,-8.607519700365050264e-02
-7.068929263382841555e-01,7.071067811865476838e-01,-1.738938448873508097e-02,8.607519700365044713e-02
-2.459230338528947679e-02,8.673617379884035472e-18,9.996975635732068266e-01,9.105068292142797226e-01
0.000000000000000000e+00,0.000000000000000000e+00,0.000000000000000000e+00,1.000000000000000000e+00
7.068996611709730260e-01,7.071067811865475727e-01,1.711341685238485302e-02,-8.604663435328822885e-02
-7.068996611709731370e-01,7.071067811865474617e-01,-1.711341685238484955e-02,8.604663435328820109e-02
-2.420202621118694095e-02,1.734723475976807094e-18,9.997070880649356894e-01,9.105058434293855640e-01
0.000000000000000000e+00,0.000000000000000000e+00,0.000000000000000000e+00,1.000000000000000000e+00
7.069062882672133563e-01,7.071067811865474617e-01,1.683744660783027813e-02,-8.601807143297685032e-02
-7.069062882672132453e-01,7.071067811865475727e-01,-1.683744660783028507e-02,8.601807143297679481e-02
-2.381174534852644603e-02,6.938893903907228378e-18,9.997164601943178130e-01,9.105048734139947753e-01
0.000000000000000000e+00,0.000000000000000000e+00,0.000000000000000000e+00,1.000000000000000000e+00
7.069128076259949545e-01,7.071067811865474617e-01,1.656147379713118414e-02,-8.598950824706950991e-02
-7.069128076259949545e-01,7.071067811865475727e-01,-1.656147379713118761e-02,8.598950824706945439e-02
-2.342146085678956449e-02,8.673617379884035472e-18,9.997256799599246735e-01,9.105039191682546829e-01
0.000000000000000000e+00,0.000000000000000000e+00,0.000000000000000000e+00,1.000000000000000000e+00
7.069192192463243929e-01,7.071067811865475727e-01,1.628549846234774237e-02,-8.596094479991941983e-02
-7.069192192463243929e-01,7.071067811865474617e-01,-1.628549846234774584e-02,8.596094479991937820e-02
-2.303117279545836490e-02,1.734723475976807094e-18,9.997347473603513945e-01,9.105029806923102820e-01
0.000000000000000000e+00,0.000000000000000000e+00,0.000000000000000000e+00,1.000000000000000000e+00
7.069255231272245643e-01,7.071067811865474617e-01,1.600952064554052312e-02,-8.593238109587986173e-02
-7.069255231272244533e-01,7.071067811865475727e-01,-1.600952064554053006e-02,8.593238109587983398e-02
-2.264088122401548137e-02,5.204170427930421283e-18,9.997436623942159706e-01,9.105020579863053465e-01
0.000000000000000000e+00,0.000000000000000000e+00,0.000000000000000000e+00,1.000000000000000000e+00
7.069317192677345707e-01,7.071067811865474617e-01,1.573354038877046793e-02,-8.590381713930415886e-02
-7.069317192677344597e-01,7.071067811865475727e-01,-1.573354038877048180e-02,8.590381713930410335e-02
-2.225058620194406492e-02,1.040834085586084257e-17,9.997524250601594886e-01,9.105011510503802086e-01
0.000000000000000000e+00,0.000000000000000000e+00,0.000000000000000000e+00,1.000000000000000000e+00
7.069378076669100563e-01,7.071067811865474617e-01,1.545755773409891731e-02,-8.587525293454563446e-02
-7.069378076669099453e-01,7.071067811865475727e-01,-1.545755773409891037e-02,8.587525293454560671e-02
-2.186028778872781131e-02,-8.673617379884035472e-19,9.997610353568466834e-01,9.105002598846729800e-01
0.000000000000000000e+00,0.000000000000000000e+00,0.000000000000000000e+00,1.000000000000000000e+00
7.069437883238229858e-01,7.071067811865476838e-01,1.518157272358752925e-02,-8.584668848595769508e-02
-7.069437883238232079e-01,7.071067811865474617e-01,-1.518157272358753099e-02,8.584668848595769508e-02
-2.146998604385093323e-02,-8.673617379884035472e-19,9.997694932829651604e-01,9.104993844893199961e-01
0.000000000000000000e+00,0.000000000000000000e+00,0.000000000000000000e+00,1.000000000000000000e+00
7.069496612375623101e-01,7.071067811865476838e-01,1.490558539929834683e-02,-8.581812379789380274e-02
-7.069496612375625322e-01,7.071067811865474617e-01,-1.490558539929835204e-02,8.581812379789377498e-02
-2.107968102679811176e-02,0.000000000000000000e+00,9.997777988372258395e-01,9.104985248644540397e-01
0.000000000000000000e+00,0.000000000000000000e+00,0.000000000000000000e+00,1.000000000000000000e+00
7.069554264072326344e-01,7.071067811865476838e-01,1.462959580329380865e-02,-8.578955887470732233e-02
-7.069554264072328564e-01,7.071067811865474617e-01,-1.462959580329381212e-02,8.578955887470729458e-02
-2.068937279705462123e-02,3.469446951953614189e-18,9.997859520183629556e-01,9.104976810102063389e-01
0.000000000000000000e+00,0.000000000000000000e+00,0.000000000000000000e+00,1.000000000000000000e+00
7.069610838319554391e-01,7.071067811865476838e-01,1.435360397763662046e-02,-8.576099372075179916e-02
-7.069610838319555501e-01,7.071067811865475727e-01,-1.435360397763663087e-02,8.576099372075178529e-02
-2.029906141410612111e-02,7.806255641895631925e-18,9.997939528251340580e-01,9.104968529267054578e-01
0.000000000000000000e+00,0.000000000000000000e+00,0.000000000000000000e+00,1.000000000000000000e+00
7.069666335108684141e-01,7.071067811865475727e-01,1.407760996438986618e-02,-8.573242834038073690e-02
-7.069666335108685251e-01,7.071067811865474617e-01,-1.407760996438988006e-02,8.573242834038075078e-02
-1.990874693743878085e-02,6.938893903907228378e-18,9.998018012563195667e-01,9.104960406140776286e-01
0.000000000000000000e+00,0.000000000000000000e+00,0.000000000000000000e+00,1.000000000000000000e+00
7.069720754431255694e-01,7.071067811865476838e-01,1.380161380561699055e-02,-8.570386273794773635e-02
-7.069720754431259024e-01,7.071067811865474617e-01,-1.380161380561698709e-02,8.570386273794772247e-02
-1.951842942653929033e-02,-3.469446951953614189e-18,9.998094973107233274e-01,9.104952440724465301e-01
0.000000000000000000e+00,0.000000000000000000e+00,0.000000000000000000e+00,1.000000000000000000e+00
7.069774096278979014e-01,7.071067811865476838e-01,1.352561554338169159e-02,-8.567529691780642609e-02
-7.069774096278980124e-01,7.071067811865474617e-01,-1.352561554338170199e-02,8.567529691780638446e-02
-1.912810894089473496e-02,6.938893903907228378e-18,9.998170409871723896e-01,9.104944633019345090e-01
0.000000000000000000e+00,0.000000000000000000e+00,0.000000000000000000e+00,1.000000000000000000e+00
7.069826360643720609e-01,7.071067811865476838e-01,1.324961521974808015e-02,-8.564673088431032366e-02
-7.069826360643725049e-01,7.071067811865474617e-01,-1.324961521974808015e-02,8.564673088431032366e-02
-1.873778553999271013e-02,-2.602085213965210642e-18,9.998244322845172283e-01,9.104936983026593600e-01
0.000000000000000000e+00,0.000000000000000000e+00,0.000000000000000000e+00,1.000000000000000000e+00
7.069877547517519067e-01,7.071067811865476838e-01,1.297361287678050132e-02,-8.561816464181319641e-02
-7.069877547517522398e-01,7.071067811865474617e-01,-1.297361287678049785e-02,8.561816464181316866e-02
-1.834745928332120676e-02,-1.734723475976807094e-18,9.998316712016311891e-01,9.104929490747379894e-01
0.000000000000000000e+00,0.000000000000000000e+00,0.000000000000000000e+00,1.000000000000000000e+00
7.069927656892570633e-01,7.071067811865476838e-01,1.269760855654367832e-02,-8.558959819466864516e-02
-7.069927656892571743e-01,7.071067811865474617e-01,-1.269760855654367658e-02,8.558959819466865904e-02
-1.795713023036872927e-02,0.000000000000000000e+00,9.998387577374111546e-01,9.104922156182846393e-01
0.000000000000000000e+00,0.000000000000000000e+00,0.000000000000000000e+00,1.000000000000000000e+00
7.069976688761238082e-01,7.071067811865475727e-01,1.242160230110252173e-02,-8.556103154723053439e-02
-7.069976688761238082e-01,7.071067811865475727e-01,-1.242160230110252866e-02,8.556103154723050663e-02
-1.756679844062403531e-02,4.336808689942017736e-18,9.998456918907769886e-01,9.104914979334114422e-01
0.000000000000000000e+00,0.000000000000000000e+00,0.000000000000000000e+00,1.000000000000000000e+00
7.070024643116048502e-01,7.071067811865475727e-01,1.214559415252240704e-02,-8.553246470385249267e-02
-7.070024643116049612e-01,7.071067811865474617e-01,-1.214559415252241571e-02,8.553246470385245104e-02
-1.717646397357655216e-02,6.938893903907228378e-18,9.998524736606717589e-01,9.104907960202273109e-01
0.000000000000000000e+00,0.000000000000000000e+00,0.000000000000000000e+00,1.000000000000000000e+00
7.070071519949694405e-01,7.071067811865475727e-01,1.186958415286884852e-02,-8.550389766888831511e-02
-7.070071519949695515e-01,7.071067811865474617e-01,-1.186958415286885546e-02,8.550389766888831511e-02
-1.678612688871589445e-02,6.071532165918824830e-18,9.998591030460621809e-01,9.104901098788391600e-01
0.000000000000000000e+00,0.000000000000000000e+00,0.000000000000000000e+00,1.000000000000000000e+00
7.070117319255031507e-01,7.071067811865475727e-01,1.159357234420772126e-02,-8.547533044669190783e-02
-7.070117319255032617e-01,7.071067811865474617e-01,-1.159357234420772820e-02,8.547533044669188007e-02
-1.639578724553220068e-02,2.602085213965210642e-18,9.998655800459375076e-01,9.104894395093521275e-01
0.000000000000000000e+00,0.000000000000000000e+00,0.000000000000000000e+00,1.000000000000000000e+00
7.070162041025078725e-01,7.071067811865476838e-01,1.131755876860514147e-02,-8.544676304161703817e-02
-7.070162041025080946e-01,7.071067811865474617e-01,-1.131755876860514841e-02,8.544676304161702429e-02
-1.600544510351594243e-02,3.469446951953614189e-18,9.998719046593109727e-01,9.104887849118679100e-01
0.000000000000000000e+00,0.000000000000000000e+00,0.000000000000000000e+00,1.000000000000000000e+00
7.070205685253021510e-01,7.071067811865475727e-01,1.104154346812751507e-02,-8.541819545801759839e-02
-7.070205685253022621e-01,7.071067811865474617e-01,-1.104154346812752027e-02,8.541819545801758451e-02
-1.561510052215799547e-02,2.602085213965210642e-18,9.998780768852185696e-01,9.104881460864867604e-01
0.000000000000000000e+00,0.000000000000000000e+00,0.000000000000000000e+00,1.000000000000000000e+00
7.070248251932206296e-01,7.071067811865475727e-01,1.076552648484149603e-02,-8.538962770024749460e-02
-7.070248251932206296e-01,7.071067811865475727e-01,-1.076552648484149950e-02,8.538962770024748072e-02
-1.522475356094959813e-02,1.734723475976807094e-18,9.998840967227193843e-01,9.104875230333051572e-01
0.000000000000000000e+00,0.000000000000000000e+00,0.000000000000000000e+00,1.000000000000000000e+00
7.070289741056146049e-01,7.071067811865475727e-01,1.048950786081398988e-02,-8.536105977266067457e-02
-7.070289741056147159e-01,7.071067811865474617e-01,-1.048950786081400029e-02,8.536105977266064682e-02
-1.483440427938234434e-02,6.938893903907228378e-18,9.998899641708960395e-01,9.104869157524186907e-01
0.000000000000000000e+00,0.000000000000000000e+00,0.000000000000000000e+00,1.000000000000000000e+00
7.070330152618518049e-01,7.071067811865476838e-01,1.021348763811221957e-02,-8.533249167961101667e-02
-7.070330152618520270e-01,7.071067811865474617e-01,-1.021348763811221957e-02,8.533249167961098891e-02
-1.444405273694825131e-02,0.000000000000000000e+00,9.998956792288544726e-01,9.104863242439203974e-01
0.000000000000000000e+00,0.000000000000000000e+00,0.000000000000000000e+00,1.000000000000000000e+00
7.070369486613163890e-01,7.071067811865476838e-01,9.937465858803520846e-03,-8.530392342545255191e-02
-7.070369486613166110e-01,7.071067811865474617e-01,-9.937465858803517377e-03,8.530392342545255191e-02
-1.405369899313953230e-02,-4.336808689942017736e-18,9.999012418957234916e-01,9.104857485078993173e-01
0.000000000000000000e+00,0.000000000000000000e+00,0.000000000000000000e+00,1.000000000000000000e+00
7.070407743034088366e-01,7.071067811865476838e-01,9.661442564955595447e-03,-8.527535501453931133e-02
-7.070407743034090586e-01,7.071067811865474617e-01,-9.661442564955595447e-03,8.527535501453929745e-02
-1.366334310744890534e-02,0.000000000000000000e+00,9.999066521706554411e-01,9.104851885444440462e-01
0.000000000000000000e+00,0.000000000000000000e+00,0.000000000000000000e+00,1.000000000000000000e+00
7.070444921875460587e-01,7.071067811865476838e-01,9.385417798636283906e-03,-8.524678645122525655e-02
-7.070444921875462807e-01,7.071067811865474617e-01,-9.385417798636285641e-03,8.524678645122524268e-02
-1.327298513936927236e-02,8.673617379884035472e-19,9.999119100528256476e-01,9.104846443536391831e-01
0.000000000000000000e+00,0.000000000000000000e+00,0.000000000000000000e+00,1.000000000000000000e+00
7.070481023131616194e-01,7.071067811865474617e-01,9.109391601913726863e-03,-8.521821773986450188e-02
-7.070481023131613973e-01,7.071067811865475727e-01,-9.109391601913726863e-03,8.521821773986448800e-02
-1.288262514839396723e-02,0.000000000000000000e+00,9.999170155414328631e-01,9.104841159355685498e-01
0.000000000000000000e+00,0.000000000000000000e+00,0.000000000000000000e+00,1.000000000000000000e+00
7.070516046797048482e-01,7.071067811865475727e-01,8.833364016856214140e-03,-8.518964888481103670e-02
-7.070516046797049592e-01,7.071067811865474617e-01,-8.833364016856210671e-03,8.518964888481100894e-02
-1.249226319401653545e-02,-2.602085213965210642e-18,9.999219686356988213e-01,9.104836032903118603e-01
0.000000000000000000e+00,0.000000000000000000e+00,0.000000000000000000e+00,1.000000000000000000e+00
7.070549992866423938e-01,7.071067811865475727e-01,8.557335085532307914e-03,-8.516107989041898918e-02
-7.070549992866425049e-01,7.071067811865474617e-01,-8.557335085532307914e-03,8.516107989041897530e-02
-1.210189933573091979e-02,0.000000000000000000e+00,9.999267693348687924e-01,9.104831064179479405e-01
0.000000000000000000e+00,0.000000000000000000e+00,0.000000000000000000e+00,1.000000000000000000e+00
7.070582861334568925e-01,7.071067811865473507e-01,8.281304850010724750e-03,-8.513251076104251525e-02
-7.070582861334565594e-01,7.071067811865476838e-01,-8.281304850010717811e-03,8.513251076104250137e-02
-1.171153363303125208e-02,-3.469446951953614189e-18,9.999314176382110286e-01,9.104826253185520635e-01
0.000000000000000000e+00,0.000000000000000000e+00,0.000000000000000000e+00,1.000000000000000000e+00
7.070614652196467453e-01,7.071067811865475727e-01,8.005273352360389380e-03,-8.510394150103571531e-02
-7.070614652196470784e-01,7.071067811865474617e-01,-8.005273352360398054e-03,8.510394150103568756e-02
-1.132116614541200071e-02,4.336808689942017736e-18,9.999359135450170966e-01,9.104821599921976150e-01
0.000000000000000000e+00,0.000000000000000000e+00,0.000000000000000000e+00,1.000000000000000000e+00
7.070645365447283393e-01,7.071067811865476838e-01,7.729240634650488481e-03,-8.507537211475274530e-02
-7.070645365447285613e-01,7.071067811865474617e-01,-7.729240634650490216e-03,8.507537211475271755e-02
-1.093079693236795151e-02,8.673617379884035472e-19,9.999402570546018776e-01,9.104817104389553162e-01
0.000000000000000000e+00,0.000000000000000000e+00,0.000000000000000000e+00,1.000000000000000000e+00
7.070675001082331601e-01,7.071067811865476838e-01,7.453206738950266842e-03,-8.504680260654776114e-02
-7.070675001082333822e-01,7.071067811865474617e-01,-7.453206738950266842e-03,8.504680260654774726e-02
-1.054042605339401521e-02,0.000000000000000000e+00,9.999444481663033457e-01,9.104812766588942230e-01
0.000000000000000000e+00,0.000000000000000000e+00,0.000000000000000000e+00,1.000000000000000000e+00
7.070703559097095692e-01,7.071067811865476838e-01,7.177171707329260686e-03,-8.501823298077501589e-02
-7.070703559097097912e-01,7.071067811865474617e-01,-7.177171707329258084e-03,8.501823298077497426e-02
-1.015005356798550154e-02,-1.734723475976807094e-18,9.999484868794826786e-01,9.104808586520806157e-01
0.000000000000000000e+00,0.000000000000000000e+00,0.000000000000000000e+00,1.000000000000000000e+00
7.070731039487223590e-01,7.071067811865476838e-01,6.901135581857123329e-03,-8.498966324178866549e-02
-7.070731039487225811e-01,7.071067811865474617e-01,-6.901135581857120727e-03,8.498966324178860998e-02
-9.759679535637883277e-03,-1.734723475976807094e-18,9.999523731935244797e-01,9.104804564185771110e-01
0.000000000000000000e+00,0.000000000000000000e+00,0.000000000000000000e+00,1.000000000000000000e+00
7.070757442248527536e-01,7.071067811865476838e-01,6.625098404603697172e-03,-8.496109339394287974e-02
-7.070757442248527536e-01,7.071067811865474617e-01,-6.625098404603698907e-03,8.496109339394286586e-02
-9.369304015846905559e-03,2.168404344971008868e-18,9.999561071078363339e-01,9.104800699584457702e-01
0.000000000000000000e+00,0.000000000000000000e+00,0.000000000000000000e+00,1.000000000000000000e+00
7.070782767376981859e-01,7.071067811865477948e-01,6.349060217638987681e-03,-8.493252344159205047e-02
-7.070782767376982969e-01,7.071067811865474617e-01,-6.349060217638992885e-03,8.493252344159202272e-02
-8.978927068108533832e-03,4.336808689942017736e-18,9.999596886218492520e-01,9.104796992717456572e-01
0.000000000000000000e+00,0.000000000000000000e+00,0.000000000000000000e+00,1.000000000000000000e+00
7.070807014868726315e-01,7.071067811865475727e-01,6.073021063033113079e-03,-8.490395338909033363e-02
-7.070807014868726315e-01,7.071067811865475727e-01,-6.073021063033108742e-03,8.490395338909031975e-02
-8.588548751918896607e-03,-3.469446951953614189e-18,9.999631177350172262e-01,9.104793443585321722e-01
0.000000000000000000e+00,0.000000000000000000e+00,0.000000000000000000e+00,1.000000000000000000e+00
7.070830184720068301e-01,7.071067811865475727e-01,5.796980982856383274e-03,-8.487538324079203778e-02
-7.070830184720068301e-01,7.071067811865475727e-01,-5.796980982856390213e-03,8.487538324079199614e-02
-8.198169126774415560e-03,4.770489558936219510e-18,9.999663944468177856e-01,9.104790052188610483e-01
0.000000000000000000e+00,0.000000000000000000e+00,0.000000000000000000e+00,1.000000000000000000e+00
7.070852276927473978e-01,7.071067811865476838e-01,5.520940019179260833e-03,-8.484681300105144375e-02
-7.070852276927477309e-01,7.071067811865474617e-01,-5.520940019179253894e-03,8.484681300105144375e-02
-7.807788252171680640e-03,-5.204170427930421283e-18,9.999695187567515520e-01,9.104786818527831338e-01
0.000000000000000000e+00,0.000000000000000000e+00,0.000000000000000000e+00,1.000000000000000000e+00
7.070873291487579371e-01,7.071067811865476838e-01,5.244898214072287249e-03,-8.481824267422288788e-02
-7.070873291487580481e-01,7.071067811865474617e-01,-5.244898214072290718e-03,8.481824267422287400e-02
-7.417406187607455265e-03,2.168404344971008868e-18,9.999724906643422395e-01,9.104783742603472785e-01
0.000000000000000000e+00,0.000000000000000000e+00,0.000000000000000000e+00,1.000000000000000000e+00
7.070893228397178154e-01,7.071067811865476838e-01,4.968855609606158408e-03,-8.478967226466062324e-02
-7.070893228397181485e-01,7.071067811865474617e-01,-4.968855609606157540e-03,8.478967226466062324e-02
-7.027022992578662447e-03,-1.734723475976807094e-18,9.999753101691369883e-01,9.104780824416009999e-01
0.000000000000000000e+00,0.000000000000000000e+00,0.000000000000000000e+00,1.000000000000000000e+00
7.070912087653236089e-01,7.071067811865474617e-01,4.692812247851712443e-03,-8.476110177671905554e-02
-7.070912087653236089e-01,7.071067811865475727e-01,-4.692812247851719382e-03,8.476110177671904167e-02
-6.636638726582468062e-03,4.770489558936219510e-18,9.999779772707061420e-01,9.104778063965888180e-01
0.000000000000000000e+00,0.000000000000000000e+00,0.000000000000000000e+00,1.000000000000000000e+00
7.070929869252873257e-01,7.071067811865475727e-01,4.416768170879896774e-03,-8.473253121475246563e-02
-7.070929869252874367e-01,7.071067811865474617e-01,-4.416768170879892437e-03,8.473253121475246563e-02
-6.246253449116154211e-03,-2.602085213965210642e-18,9.999804919686430260e-01,9.104775461253523661e-01
0.000000000000000000e+00,0.000000000000000000e+00,0.000000000000000000e+00,1.000000000000000000e+00
7.070946573193385154e-01,7.071067811865475727e-01,4.140723420761731680e-03,-8.470396058311525922e-02
-7.070946573193385154e-01,7.071067811865475727e-01,-4.140723420761733414e-03,8.470396058311521759e-02
-5.855867219677157384e-03,1.301042606982605321e-18,9.999828542625646133e-01,9.104773016279312792e-01
0.000000000000000000e+00,0.000000000000000000e+00,0.000000000000000000e+00,1.000000000000000000e+00
7.070962199472221599e-01,7.071067811865476838e-01,3.864678039568397033e-03,-8.467538988616174489e-02
-7.070962199472223819e-01,7.071067811865474617e-01,-3.864678039568397901e-03,8.467538988616173101e-02
-5.465480097763092751e-03,8.673617379884035472e-19,9.999850641521106365e-01,9.104770729043636379e-01
0.000000000000000000e+00,0.000000000000000000e+00,0.000000000000000000e+00,1.000000000000000000e+00
7.070976748087004493e-01,7.071067811865476838e-01,3.588632069371108270e-03,-8.464681912824632837e-02
-7.070976748087005603e-01,7.071067811865474617e-01,-3.588632069371104367e-03,8.464681912824630061e-02
-5.075092142871644001e-03,-3.035766082959412415e-18,9.999871216369445870e-01,9.104768599546828600e-01
0.000000000000000000e+00,0.000000000000000000e+00,0.000000000000000000e+00,1.000000000000000000e+00
7.070990219035513391e-01,7.071067811865475727e-01,3.312585552241208327e-03,-8.461824831372337374e-02
-7.070990219035514501e-01,7.071067811865474617e-01,-3.312585552241207459e-03,8.461824831372334599e-02
-4.684703414500684775e-03,-2.168404344971008868e-19,9.999890267167526048e-01,9.104766627789228073e-01
0.000000000000000000e+00,0.000000000000000000e+00,0.000000000000000000e+00,1.000000000000000000e+00
7.071002612315698821e-01,7.071067811865475727e-01,3.036538530250124275e-03,-8.458967744694727287e-02
-7.071002612315698821e-01,7.071067811865475727e-01,-3.036538530250117336e-03,8.458967744694725899e-02
-4.294313972148185860e-03,-5.421010862427522170e-18,9.999907793912445886e-01,9.104764813771129006e-01
0.000000000000000000e+00,0.000000000000000000e+00,0.000000000000000000e+00,1.000000000000000000e+00
7.071013927925668963e-01,7.071067811865473507e-01,2.760491045469356045e-03,-8.456110653227250085e-02
-7.071013927925665632e-01,7.071067811865476838e-01,-2.760491045469355177e-03,8.456110653227247309e-02
-3.903923875312247278e-03,0.000000000000000000e+00,9.999923796601530857e-01,9.104763157492810066e-01
0.000000000000000000e+00,0.000000000000000000e+00,0.000000000000000000e+00,1.000000000000000000e+00
7.071024165863699640e-01,7.071067811865474617e-01,2.484443139970452137e-03,-8.453253557405335239e-02
-7.071024165863699640e-01,7.071067811865474617e-01,-2.484443139970448234e-03,8.453253557405331076e-02
-3.513533183491008086e-03,-2.602085213965210642e-18,9.999938275232345131e-01,9.104761658954521053e-01
0.000000000000000000e+00,0.000000000000000000e+00,0.000000000000000000e+00,1.000000000000000000e+00
7.071033326128230989e-01,7.071067811865476838e-01,2.208394855825059934e-03,-8.450396457664431649e-02
-7.071033326128233210e-01,7.071067811865474617e-01,-2.208394855825053862e-03,8.450396457664428873e-02
-3.123141956182771267e-03,-4.336808689942017736e-18,9.999951229802681585e-01,9.104760318156490673e-01
0.000000000000000000e+00,0.000000000000000000e+00,0.000000000000000000e+00,1.000000000000000000e+00
7.071041408717867460e-01,7.071067811865475727e-01,1.932346235104843947e-03,-8.447539354439974335e-02
-7.071041408717867460e-01,7.071067811865475727e-01,-1.932346235104840911e-03,8.447539354439974335e-02
-2.732750252885857156e-03,-2.168404344971008868e-18,9.999962660310564022e-01,9.104759135098923206e-01
0.000000000000000000e+00,0.000000000000000000e+00,0.000000000000000000e+00,1.000000000000000000e+00
7.071048413631377816e-01,7.071067811865475727e-01,1.656297319881562579e-03,-8.444682248167414973e-02
-7.071048413631376706e-01,7.071067811865474617e-01,-1.656297319881559760e-03,8.444682248167412197e-02
-2.342358133098712721e-03,-1.843143693225357538e-18,9.999972566754252723e-01,9.104758109782001840e-01
0.000000000000000000e+00,0.000000000000000000e+00,0.000000000000000000e+00,1.000000000000000000e+00
7.071054340867691801e-01,7.071067811865475727e-01,1.380248152226999170e-03,-8.441825139282189971e-02
-7.071054340867691801e-01,7.071067811865474617e-01,-1.380248152227004374e-03,8.441825139282188584e-02
-1.951965656319830248e-03,3.469446951953614189e-18,9.999980949132235564e-01,9.104757242205879786e-01
0.000000000000000000e+00,0.000000000000000000e+00,0.000000000000000000e+00,1.000000000000000000e+00
7.071059190425909025e-01,7.071067811865474617e-01,1.104198774212962648e-03,-8.438968028219742679e-02
-7.071059190425907914e-01,7.071067811865475727e-01,-1.104198774212960914e-03,8.438968028219739903e-02
-1.561572882047717638e-03,-1.192622389734054877e-18,9.999987807443238008e-01,9.104756532370689159e-01
0.000000000000000000e+00,0.000000000000000000e+00,0.000000000000000000e+00,1.000000000000000000e+00
7.071062962305286748e-01,7.071067811865476838e-01,8.281492279113183193e-04,-8.436110915415524769e-02
-7.071062962305290078e-01,7.071067811865474617e-01,-8.281492279113260172e-04,8.436110915415521994e-02
-1.171179869780999234e-03,5.529431079676072613e-18,9.999993141686210896e-01,9.104755980276546534e-01
0.000000000000000000e+00,0.000000000000000000e+00,0.000000000000000000e+00,1.000000000000000000e+00
7.071065656505255426e-01,7.071067811865475727e-01,5.520995553939401623e-04,-8.433253801304971264e-02
-7.071065656505256536e-01,7.071067811865474617e-01,-5.520995553939451496e-04,8.433253801304967101e-02
-7.807866790182696731e-04,3.577867169202164632e-18,9.999996951860344874e-01,9.104755585923522965e-01
0.000000000000000000e+00,0.000000000000000000e+00,0.000000000000000000e+00,1.000000000000000000e+00
7.071067273025397615e-01,7.071067811865476838e-01,2.760497987327648777e-04,-8.430396686323524125e-02
-7.071067273025402056e-01,7.071067811865474617e-01,-2.760497987327608120e-04,8.430396686323522737e-02
-3.903933692582364019e-04,-2.873135757086586750e-18,9.999999237965057075e-01,9.104755349311685064e-01
0.000000000000000000e+00,0.000000000000000000e+00,0.000000000000000000e+00,1.000000000000000000e+00
7.071067811865474617e-01,7.071067811865475727e-01,-3.696124157599057300e-16,-8.427539570906635025e-02
-7.071067811865475727e-01,7.071067811865474617e-01,3.709060099963591847e-16,8.427539570906635025e-02
5.236256004458417939e-16,-9.147092567000167111e-19,1.000000000000000000e+00,9.104755270441066139e-01
0.000000000000000000e+00,0.000000000000000000e+00,0.000000000000000000e+00,1.000000000000000000e+00
7.071067811865474617e-01,7.071067811865475727e-01,0.000000000000000000e+00,-8.427539570906639188e-02
-7.071067811865475727e-01,7.071067811865474617e-01,-0.000000000000000000e+00,8.427539570906636412e-02
-0.000000000000000000e+00,0.000000000000000000e+00,1.000000000000000000e+00,9.104755270441066139e-01
0.000000000000000000e+00,0.000000000000000000e+00,0.000000000000000000e+00,1.000000000000000000e+00
7.089617321320333954e-01,7.052469513385697386e-01,0.000000000000000000e+00,-8.411836707056438711e-02
-7.052469513385697386e-01,7.089617321320333954e-01,-0.000000000000000000e+00,8.389769886741441085e-02
-0.000000000000000000e+00,0.000000000000000000e+00,1.000000000000000000e+00,9.104789533750629049e-01
0.000000000000000000e+00,0.000000000000000000e+00,0.000000000000000000e+00,1.000000000000000000e+00
7.108117913762179718e-01,7.033822554205728661e-01,0.000000000000000000e+00,-8.396034685986777935e-02
-7.033822554205728661e-01,7.108117913762179718e-01,-0.000000000000000000e+00,8.352041580323707470e-02
-0.000000000000000000e+00,0.000000000000000000e+00,1.000000000000000000e+00,9.104823797060191959e-01
0.000000000000000000e+00,0.000000000000000000e+00,0.000000000000000000e+00,1.000000000000000000e+00
7.126569461540441797e-01,7.015127062986042938e-01,0.000000000000000000e+00,-8.380133616728595303e-02
-7.015127062986042938e-01,7.126569461540441797e-01,-0.000000000000000000e+00,8.314354911971578999e-02
-0.000000000000000000e+00,0.000000000000000000e+00,1.000000000000000000e+00,9.104858060369748207e-01
0.000000000000000000e+00,0.000000000000000000e+00,0.000000000000000000e+00,1.000000000000000000e+00
7.144971837342941612e-01,6.996383168721981294e-01,0.000000000000000000e+00,-8.364133608996257574e-02
-6.996383168721981294e-01,7.144971837342941612e-01,-0.000000000000000000e+00,8.276710141715916402e-02
-0.000000000000000000e+00,0.000000000000000000e+00,1.000000000000000000e+00,9.104892323679311117e-01
0.000000000000000000e+00,0.000000000000000000e+00,0.000000000000000000e+00,1.000000000000000000e+00
7.163324914196782522e-01,6.977591000742853211e-01,0.000000000000000000e+00,-8.348034773186772950e-02
-6.977591000742853211e-01,7.163324914196782522e-01,-0.000000000000000000e+00,8.239107529298483890e-02
-0.000000000000000000e+00,0.000000000000000000e+00,1.000000000000000000e+00,9.104926586988874027e-01
0.000000000000000000e+00,0.000000000000000000e+00,0.000000000000000000e+00,1.000000000000000000e+00
7.181628565469220238e-01,6.958750688711049515e-01,0.000000000000000000e+00,-8.331837220379054165e-02
-6.958750688711049515e-01,7.181628565469220238e-01,-0.000000000000000000e+00,8.201547334170161685e-02
-0.000000000000000000e+00,0.000000000000000000e+00,1.000000000000000000e+00,9.104960850298434716e-01
0.000000000000000000e+00,0.000000000000000000e+00,0.000000000000000000e+00,1.000000000000000000e+00
7.199882664868537674e-01,6.939862362621144198e-01,0.000000000000000000e+00,-8.315541062333134392e-02
-6.939862362621144198e-01,7.199882664868537674e-01,-0.000000000000000000e+00,8.164029815489165509e-02
-0.000000000000000000e+00,0.000000000000000000e+00,1.000000000000000000e+00,9.104995113607997625e-01
0.000000000000000000e+00,0.000000000000000000e+00,0.000000000000000000e+00,1.000000000000000000e+00
7.218087086444915368e-01,6.920926152798999587e-01,0.000000000000000000e+00,-8.299146411489413677e-02
-6.920926152798999587e-01,7.218087086444915368e-01,-0.000000000000000000e+00,8.126555232119248018e-02
-0.000000000000000000e+00,0.000000000000000000e+00,1.000000000000000000e+00,9.105029376917562756e-01
0.000000000000000000e+00,0.000000000000000000e+00,0.000000000000000000e+00,1.000000000000000000e+00
7.236241704591301893e-01,6.901942189900867053e-01,0.000000000000000000e+00,-8.282653380967866519e-02
-6.901942189900867053e-01,7.236241704591301893e-01,-0.000000000000000000e+00,8.089123842627915506e-02
-0.000000000000000000e+00,0.000000000000000000e+00,1.000000000000000000e+00,9.105063640227123445e-01
0.000000000000000000e+00,0.000000000000000000e+00,0.000000000000000000e+00,1.000000000000000000e+00
7.254346394044279833e-01,6.882910604912485519e-01,0.000000000000000000e+00,-8.266062084567271651e-02
-6.882910604912485519e-01,7.254346394044279833e-01,-0.000000000000000000e+00,8.051735905284646000e-02
-0.000000000000000000e+00,0.000000000000000000e+00,1.000000000000000000e+00,9.105097903536684134e-01
0.000000000000000000e+00,0.000000000000000000e+00,0.000000000000000000e+00,1.000000000000000000e+00
7.272401029884931756e-01,6.863831529148176624e-01,0.000000000000000000e+00,-8.249372636764422395e-02
-6.863831529148176624e-01,7.272401029884931756e-01,-0.000000000000000000e+00,8.014391678059108737e-02
-0.000000000000000000e+00,0.000000000000000000e+00,1.000000000000000000e+00,9.105132166846244823e-01
0.000000000000000000e+00,0.000000000000000000e+00,0.000000000000000000e+00,1.000000000000000000e+00
7.290405487539698415e-01,6.844705094249937671e-01,0.000000000000000000e+00,-8.232585152713342569e-02
-6.844705094249937671e-01,7.290405487539698415e-01,-0.000000000000000000e+00,7.977091418619378094e-02
-0.000000000000000000e+00,0.000000000000000000e+00,1.000000000000000000e+00,9.105166430155805513e-01
0.000000000000000000e+00,0.000000000000000000e+00,0.000000000000000000e+00,1.000000000000000000e+00
7.308359642781241394e-01,6.825531432186541236e-01,0.000000000000000000e+00,-8.215699748244478795e-02
-6.825531432186541236e-01,7.308359642781241394e-01,-0.000000000000000000e+00,7.939835384330158619e-02
-0.000000000000000000e+00,0.000000000000000000e+00,1.000000000000000000e+00,9.105200693465368422e-01
0.000000000000000000e+00,0.000000000000000000e+00,0.000000000000000000e+00,1.000000000000000000e+00
7.326263371729297980e-01,6.806310675252611464e-01,0.000000000000000000e+00,-8.198716539863920572e-02
-6.806310675252611464e-01,7.326263371729297980e-01,-0.000000000000000000e+00,7.902623832251014224e-02
-0.000000000000000000e+00,0.000000000000000000e+00,1.000000000000000000e+00,9.105234956774931332e-01
0.000000000000000000e+00,0.000000000000000000e+00,0.000000000000000000e+00,1.000000000000000000e+00
7.344116550851542691e-01,6.787042956067719235e-01,0.000000000000000000e+00,-8.181635644752573155e-02
-6.787042956067719235e-01,7.344116550851542691e-01,-0.000000000000000000e+00,7.865457019134580730e-02
-0.000000000000000000e+00,0.000000000000000000e+00,1.000000000000000000e+00,9.105269220084492021e-01
0.000000000000000000e+00,0.000000000000000000e+00,0.000000000000000000e+00,1.000000000000000000e+00
7.361919056964427721e-01,6.767728407575469562e-01,0.000000000000000000e+00,-8.164457180765370692e-02
-6.767728407575469562e-01,7.361919056964427721e-01,-0.000000000000000000e+00,7.828335201424815870e-02
-0.000000000000000000e+00,0.000000000000000000e+00,1.000000000000000000e+00,9.105303483394052710e-01
0.000000000000000000e+00,0.000000000000000000e+00,0.000000000000000000e+00,1.000000000000000000e+00
7.379670767234042250e-01,6.748367163042577888e-01,0.000000000000000000e+00,-8.147181266430458813e-02
-6.748367163042577888e-01,7.379670767234042250e-01,-0.000000000000000000e+00,7.791258635255210452e-02
-0.000000000000000000e+00,0.000000000000000000e+00,1.000000000000000000e+00,9.105337746703615620e-01
0.000000000000000000e+00,0.000000000000000000e+00,0.000000000000000000e+00,1.000000000000000000e+00
7.397371559176957323e-01,6.728959356057954144e-01,0.000000000000000000e+00,-8.129808020948356417e-02
-6.728959356057954144e-01,7.397371559176957323e-01,-0.000000000000000000e+00,7.754227576447025871e-02
-0.000000000000000000e+00,0.000000000000000000e+00,1.000000000000000000e+00,9.105372010013178530e-01
0.000000000000000000e+00,0.000000000000000000e+00,0.000000000000000000e+00,1.000000000000000000e+00
7.415021310661070730e-01,6.709505120531780165e-01,0.000000000000000000e+00,-8.112337564191160477e-02
-6.709505120531780165e-01,7.415021310661070730e-01,-0.000000000000000000e+00,7.717242280507535801e-02
-0.000000000000000000e+00,0.000000000000000000e+00,1.000000000000000000e+00,9.105406273322736999e-01
0.000000000000000000e+00,0.000000000000000000e+00,0.000000000000000000e+00,1.000000000000000000e+00
7.432619899906447447e-01,6.690004590694588194e-01,0.000000000000000000e+00,-8.094770016701707815e-02
-6.690004590694588194e-01,7.432619899906447447e-01,-0.000000000000000000e+00,7.680303002628260933e-02
-0.000000000000000000e+00,0.000000000000000000e+00,1.000000000000000000e+00,9.105440536632297688e-01
0.000000000000000000e+00,0.000000000000000000e+00,0.000000000000000000e+00,1.000000000000000000e+00
7.450167205486167843e-01,6.670457901096328301e-01,0.000000000000000000e+00,-8.077105499692739665e-02
-6.670457901096328301e-01,7.450167205486167843e-01,-0.000000000000000000e+00,7.643409997683200952e-02
-0.000000000000000000e+00,0.000000000000000000e+00,1.000000000000000000e+00,9.105474799941860597e-01
0.000000000000000000e+00,0.000000000000000000e+00,0.000000000000000000e+00,1.000000000000000000e+00
7.467663106327153688e-01,6.650865186605446899e-01,0.000000000000000000e+00,-8.059344135046062063e-02
-6.650865186605446899e-01,7.467663106327153688e-01,-0.000000000000000000e+00,7.606563520227080377e-02
-0.000000000000000000e+00,0.000000000000000000e+00,1.000000000000000000e+00,9.105509063251423507e-01
0.000000000000000000e+00,0.000000000000000000e+00,0.000000000000000000e+00,1.000000000000000000e+00
7.485107481711010813e-01,6.631226582407953041e-01,0.000000000000000000e+00,-8.041486045311721509e-02
-6.631226582407953041e-01,7.485107481711010813e-01,-0.000000000000000000e+00,7.569763824493599969e-02
-0.000000000000000000e+00,0.000000000000000000e+00,1.000000000000000000e+00,9.105543326560984196e-01
0.000000000000000000e+00,0.000000000000000000e+00,0.000000000000000000e+00,1.000000000000000000e+00
7.502500211274863995e-01,6.611542224006485835e-01,0.000000000000000000e+00,-8.023531353707144542e-02
-6.611542224006485835e-01,7.502500211274863995e-01,-0.000000000000000000e+00,7.533011164393665915e-02
-0.000000000000000000e+00,0.000000000000000000e+00,1.000000000000000000e+00,9.105577589870544886e-01
0.000000000000000000e+00,0.000000000000000000e+00,0.000000000000000000e+00,1.000000000000000000e+00
7.519841175012182966e-01,6.591812247219379639e-01,0.000000000000000000e+00,-8.005480184116298137e-02
-6.591812247219379639e-01,7.519841175012182966e-01,-0.000000000000000000e+00,7.496305793513657889e-02
-0.000000000000000000e+00,0.000000000000000000e+00,1.000000000000000000e+00,9.105611853180105575e-01
0.000000000000000000e+00,0.000000000000000000e+00,0.000000000000000000e+00,1.000000000000000000e+00
7.537130253273611746e-01,6.572036788179724809e-01,0.000000000000000000e+00,-7.987332661088818175e-02
-6.572036788179724809e-01,7.537130253273611746e-01,-0.000000000000000000e+00,7.459647965113661017e-02
-0.000000000000000000e+00,0.000000000000000000e+00,1.000000000000000000e+00,9.105646116489668485e-01
0.000000000000000000e+00,0.000000000000000000e+00,0.000000000000000000e+00,1.000000000000000000e+00
7.554367326767791324e-01,6.552215983334437333e-01,0.000000000000000000e+00,-7.969088909839171231e-02
-6.552215983334437333e-01,7.554367326767791324e-01,-0.000000000000000000e+00,7.423037932125731153e-02
-0.000000000000000000e+00,0.000000000000000000e+00,1.000000000000000000e+00,9.105680379799231394e-01
0.000000000000000000e+00,0.000000000000000000e+00,0.000000000000000000e+00,1.000000000000000000e+00
7.571552276562190098e-01,6.532349969443302928e-01,0.000000000000000000e+00,-7.950749056245770552e-02
-6.532349969443302928e-01,7.571552276562190098e-01,-0.000000000000000000e+00,7.386475947152137955e-02
-0.000000000000000000e+00,0.000000000000000000e+00,1.000000000000000000e+00,9.105714643108792083e-01
0.000000000000000000e+00,0.000000000000000000e+00,0.000000000000000000e+00,1.000000000000000000e+00
7.588684984083919893e-01,6.512438883578044457e-01,0.000000000000000000e+00,-7.932313226850126742e-02
-6.512438883578044457e-01,7.588684984083919893e-01,-0.000000000000000000e+00,7.349962262463638485e-02
-0.000000000000000000e+00,0.000000000000000000e+00,1.000000000000000000e+00,9.105748906418352773e-01
0.000000000000000000e+00,0.000000000000000000e+00,0.000000000000000000e+00,1.000000000000000000e+00
7.605765331120549755e-01,6.492482863121373793e-01,0.000000000000000000e+00,-7.913781548855959580e-02
-6.492482863121373793e-01,7.605765331120549755e-01,-0.000000000000000000e+00,7.313497129997718893e-02
-0.000000000000000000e+00,0.000000000000000000e+00,1.000000000000000000e+00,9.105783169727917903e-01
0.000000000000000000e+00,0.000000000000000000e+00,0.000000000000000000e+00,1.000000000000000000e+00
7.622793199820930843e-01,6.472482045766042580e-01,0.000000000000000000e+00,-7.895154150128327886e-02
-6.472482045766042580e-01,7.622793199820930843e-01,-0.000000000000000000e+00,7.277080801356869411e-02
-0.000000000000000000e+00,0.000000000000000000e+00,1.000000000000000000e+00,9.105817433037478592e-01
0.000000000000000000e+00,0.000000000000000000e+00,0.000000000000000000e+00,1.000000000000000000e+00
7.639768472696003565e-01,6.452436569513890774e-01,0.000000000000000000e+00,-7.876431159192745501e-02
-6.452436569513890774e-01,7.639768472696003565e-01,-0.000000000000000000e+00,7.240713527806838523e-02
-0.000000000000000000e+00,0.000000000000000000e+00,1.000000000000000000e+00,9.105851696347039281e-01
0.000000000000000000e+00,0.000000000000000000e+00,0.000000000000000000e+00,1.000000000000000000e+00
7.656691032619608039e-01,6.432346572674896290e-01,0.000000000000000000e+00,-7.857612705234293116e-02
-6.432346572674896290e-01,7.656691032619608039e-01,-0.000000000000000000e+00,7.204395560274912125e-02
-0.000000000000000000e+00,0.000000000000000000e+00,1.000000000000000000e+00,9.105885959656602191e-01
0.000000000000000000e+00,0.000000000000000000e+00,0.000000000000000000e+00,1.000000000000000000e+00
7.673560762829295667e-01,6.412212193866223542e-01,0.000000000000000000e+00,-7.838698918096728696e-02
-6.412212193866223542e-01,7.673560762829295667e-01,-0.000000000000000000e+00,7.168127149348163529e-02
-0.000000000000000000e+00,0.000000000000000000e+00,1.000000000000000000e+00,9.105920222966162880e-01
0.000000000000000000e+00,0.000000000000000000e+00,0.000000000000000000e+00,1.000000000000000000e+00
7.690377546927130714e-01,6.392033572011260878e-01,0.000000000000000000e+00,-7.819689928281593760e-02
-6.392033572011260878e-01,7.690377546927130714e-01,-0.000000000000000000e+00,7.131908545271742339e-02
-0.000000000000000000e+00,0.000000000000000000e+00,1.000000000000000000e+00,9.105954486275723569e-01
0.000000000000000000e+00,0.000000000000000000e+00,0.000000000000000000e+00,1.000000000000000000e+00
7.707141268880499663e-01,6.371810846338666900e-01,0.000000000000000000e+00,-7.800585866947305769e-02
-6.371810846338666900e-01,7.707141268880499663e-01,-0.000000000000000000e+00,7.095739997947135558e-02
-0.000000000000000000e+00,0.000000000000000000e+00,1.000000000000000000e+00,9.105988749585286479e-01
0.000000000000000000e+00,0.000000000000000000e+00,0.000000000000000000e+00,1.000000000000000000e+00
7.723851813022901691e-01,6.351544156381411232e-01,0.000000000000000000e+00,-7.781386865908260231e-02
-6.351544156381411232e-01,7.723851813022901691e-01,-0.000000000000000000e+00,7.059621756930450909e-02
-0.000000000000000000e+00,0.000000000000000000e+00,1.000000000000000000e+00,9.106023012894847168e-01
0.000000000000000000e+00,0.000000000000000000e+00,0.000000000000000000e+00,1.000000000000000000e+00
7.740509064054756916e-01,6.331233641975799742e-01,0.000000000000000000e+00,-7.762093057633916160e-02
-6.331233641975799742e-01,7.740509064054756916e-01,-0.000000000000000000e+00,7.023554071430694601e-02
-0.000000000000000000e+00,0.000000000000000000e+00,1.000000000000000000e+00,9.106057276204407858e-01
0.000000000000000000e+00,0.000000000000000000e+00,0.000000000000000000e+00,1.000000000000000000e+00
7.757112907044197980e-01,6.310879443260528632e-01,0.000000000000000000e+00,-7.742704575247889853e-02
-6.310879443260528632e-01,7.757112907044197980e-01,-0.000000000000000000e+00,6.987537190308044932e-02
-0.000000000000000000e+00,0.000000000000000000e+00,1.000000000000000000e+00,9.106091539513970767e-01
0.000000000000000000e+00,0.000000000000000000e+00,0.000000000000000000e+00,1.000000000000000000e+00
7.773663227427860534e-01,6.290481700675699672e-01,0.000000000000000000e+00,-7.723221552527023692e-02
-6.290481700675699672e-01,7.773663227427860534e-01,-0.000000000000000000e+00,6.951571362072139770e-02
-0.000000000000000000e+00,0.000000000000000000e+00,1.000000000000000000e+00,9.106125802823533677e-01
0.000000000000000000e+00,0.000000000000000000e+00,0.000000000000000000e+00,1.000000000000000000e+00
7.790159911011678151e-01,6.270040554961867629e-01,0.000000000000000000e+00,-7.703644123900472984e-02
-6.270040554961867629e-01,7.790159911011678151e-01,-0.000000000000000000e+00,6.915656834880359871e-02
-0.000000000000000000e+00,0.000000000000000000e+00,1.000000000000000000e+00,9.106160066133092146e-01
0.000000000000000000e+00,0.000000000000000000e+00,0.000000000000000000e+00,1.000000000000000000e+00
7.806602843971667260e-01,6.249556147159051056e-01,0.000000000000000000e+00,-7.683972424448783090e-02
-6.249556147159051056e-01,7.806602843971667260e-01,-0.000000000000000000e+00,6.879793856536127461e-02
-0.000000000000000000e+00,0.000000000000000000e+00,1.000000000000000000e+00,9.106194329442655055e-01
0.000000000000000000e+00,0.000000000000000000e+00,0.000000000000000000e+00,1.000000000000000000e+00
7.822991912854712071e-01,6.229028618605776391e-01,0.000000000000000000e+00,-7.664206589902937405e-02
-6.229028618605776391e-01,7.822991912854712071e-01,-0.000000000000000000e+00,6.843982674487181228e-02
-0.000000000000000000e+00,0.000000000000000000e+00,1.000000000000000000e+00,9.106228592752220186e-01
0.000000000000000000e+00,0.000000000000000000e+00,0.000000000000000000e+00,1.000000000000000000e+00
7.839327004579351721e-01,6.208458110938088748e-01,0.000000000000000000e+00,-7.644346756643444207e-02
-6.208458110938088748e-01,7.839327004579351721e-01,-0.000000000000000000e+00,6.808223535823872130e-02
-0.000000000000000000e+00,0.000000000000000000e+00,1.000000000000000000e+00,9.106262856061778654e-01
0.000000000000000000e+00,0.000000000000000000e+00,0.000000000000000000e+00,1.000000000000000000e+00
7.855608006436555213e-01,6.187844766088584914e-01,0.000000000000000000e+00,-7.624393061699380469e-02
-6.187844766088584914e-01,7.855608006436555213e-01,-0.000000000000000000e+00,6.772516687277468916e-02
-0.000000000000000000e+00,0.000000000000000000e+00,1.000000000000000000e+00,9.106297119371339344e-01
0.000000000000000000e+00,0.000000000000000000e+00,0.000000000000000000e+00,1.000000000000000000e+00
7.871834806090500791e-01,6.167188726285430800e-01,0.000000000000000000e+00,-7.604345642747450951e-02
-6.167188726285430800e-01,7.871834806090500791e-01,-0.000000000000000000e+00,6.736862375218442833e-02
-0.000000000000000000e+00,0.000000000000000000e+00,1.000000000000000000e+00,9.106331382680902253e-01
0.000000000000000000e+00,0.000000000000000000e+00,0.000000000000000000e+00,1.000000000000000000e+00
7.888007291579355318e-01,6.146490134051377785e-01,0.000000000000000000e+00,-7.584204638111041730e-02
-6.146490134051377785e-01,7.888007291579355318e-01,-0.000000000000000000e+00,6.701260845654777309e-02
-0.000000000000000000e+00,0.000000000000000000e+00,1.000000000000000000e+00,9.106365645990465163e-01
0.000000000000000000e+00,0.000000000000000000e+00,0.000000000000000000e+00,1.000000000000000000e+00
7.904125351316038106e-01,6.125749132202780167e-01,0.000000000000000000e+00,-7.563970186759257086e-02
-6.125749132202780167e-01,7.904125351316038106e-01,-0.000000000000000000e+00,6.665712344230262376e-02
-0.000000000000000000e+00,0.000000000000000000e+00,1.000000000000000000e+00,9.106399909300025852e-01
0.000000000000000000e+00,0.000000000000000000e+00,0.000000000000000000e+00,1.000000000000000000e+00
7.920188874088999187e-01,6.104965863848612617e-01,0.000000000000000000e+00,-7.543642428305964709e-02
-6.104965863848612617e-01,7.920188874088999187e-01,-0.000000000000000000e+00,6.630217116222807128e-02
-0.000000000000000000e+00,0.000000000000000000e+00,1.000000000000000000e+00,9.106434172609588762e-01
0.000000000000000000e+00,0.000000000000000000e+00,0.000000000000000000e+00,1.000000000000000000e+00
7.936197749062980922e-01,6.084140472389478749e-01,0.000000000000000000e+00,-7.523221503008842292e-02
-6.084140472389478749e-01,7.936197749062980922e-01,-0.000000000000000000e+00,6.594775406542743856e-02
-0.000000000000000000e+00,0.000000000000000000e+00,1.000000000000000000e+00,9.106468435919149451e-01
0.000000000000000000e+00,0.000000000000000000e+00,0.000000000000000000e+00,1.000000000000000000e+00
7.952151865779788498e-01,6.063273101516624131e-01,0.000000000000000000e+00,-7.502707551768394989e-02
-6.063273101516624131e-01,7.952151865779788498e-01,-0.000000000000000000e+00,6.559387459731139125e-02
-0.000000000000000000e+00,0.000000000000000000e+00,1.000000000000000000e+00,9.106502699228710140e-01
0.000000000000000000e+00,0.000000000000000000e+00,0.000000000000000000e+00,1.000000000000000000e+00
7.968051114159044879e-01,6.042363895210947078e-01,0.000000000000000000e+00,-7.482100716126985351e-02
-6.042363895210947078e-01,7.968051114159044879e-01,-0.000000000000000000e+00,6.524053519958100678e-02
-0.000000000000000000e+00,0.000000000000000000e+00,1.000000000000000000e+00,9.106536962538270830e-01
0.000000000000000000e+00,0.000000000000000000e+00,0.000000000000000000e+00,1.000000000000000000e+00
7.983895384498959080e-01,6.021412997741992790e-01,0.000000000000000000e+00,-7.461401138267874378e-02
-6.021412997741992790e-01,7.983895384498959080e-01,-0.000000000000000000e+00,6.488773831021107941e-02
-0.000000000000000000e+00,0.000000000000000000e+00,1.000000000000000000e+00,9.106571225847833739e-01
0.000000000000000000e+00,0.000000000000000000e+00,0.000000000000000000e+00,1.000000000000000000e+00
7.999684567477071129e-01,6.000420553666984125e-01,0.000000000000000000e+00,-7.440608961014212597e-02
-6.000420553666984125e-01,7.999684567477071129e-01,-0.000000000000000000e+00,6.453548636343311995e-02
-0.000000000000000000e+00,0.000000000000000000e+00,1.000000000000000000e+00,9.106605489157396649e-01
0.000000000000000000e+00,0.000000000000000000e+00,0.000000000000000000e+00,1.000000000000000000e+00
8.015418554151019226e-01,5.979386707829791314e-01,0.000000000000000000e+00,-7.419724327828071397e-02
-5.979386707829791314e-01,8.015418554151019226e-01,-0.000000000000000000e+00,6.418378178971859138e-02
-0.000000000000000000e+00,0.000000000000000000e+00,1.000000000000000000e+00,9.106639752466955118e-01
0.000000000000000000e+00,0.000000000000000000e+00,0.000000000000000000e+00,1.000000000000000000e+00
8.031097235959283598e-01,5.958311605359958296e-01,0.000000000000000000e+00,-7.398747382809460482e-02
-5.958311605359958296e-01,8.031097235959283598e-01,-0.000000000000000000e+00,6.383262701576236653e-02
-0.000000000000000000e+00,0.000000000000000000e+00,1.000000000000000000e+00,9.106674015776518027e-01
0.000000000000000000e+00,0.000000000000000000e+00,0.000000000000000000e+00,1.000000000000000000e+00
8.046720504721938116e-01,5.937195391671687972e-01,0.000000000000000000e+00,-7.377678270695310625e-02
-5.937195391671687972e-01,8.046720504721938116e-01,-0.000000000000000000e+00,6.348202446446561675e-02
-0.000000000000000000e+00,0.000000000000000000e+00,1.000000000000000000e+00,9.106708279086080937e-01
0.000000000000000000e+00,0.000000000000000000e+00,0.000000000000000000e+00,1.000000000000000000e+00
8.062288252641394148e-01,5.916038212462845225e-01,0.000000000000000000e+00,-7.356517136858493899e-02
-5.916038212462845225e-01,8.062288252641394148e-01,-0.000000000000000000e+00,6.313197655491936677e-02
-0.000000000000000000e+00,0.000000000000000000e+00,1.000000000000000000e+00,9.106742542395641626e-01
0.000000000000000000e+00,0.000000000000000000e+00,0.000000000000000000e+00,1.000000000000000000e+00
8.077800372303147736e-01,5.894840213713949950e-01,0.000000000000000000e+00,-7.335264127306817539e-02
-5.894840213713949950e-01,8.077800372303147736e-01,-0.000000000000000000e+00,6.278248570238773030e-02
-0.000000000000000000e+00,0.000000000000000000e+00,1.000000000000000000e+00,9.106776805705204536e-01
0.000000000000000000e+00,0.000000000000000000e+00,0.000000000000000000e+00,1.000000000000000000e+00
8.093256756676520114e-01,5.873601541687165639e-01,0.000000000000000000e+00,-7.313919388682009470e-02
-5.873601541687165639e-01,8.093256756676520114e-01,-0.000000000000000000e+00,6.243355431829120117e-02
-0.000000000000000000e+00,0.000000000000000000e+00,1.000000000000000000e+00,9.106811069014765225e-01
0.000000000000000000e+00,0.000000000000000000e+00,0.000000000000000000e+00,1.000000000000000000e+00
8.108657299115396011e-01,5.852322342925295739e-01,0.000000000000000000e+00,-7.292483068258713563e-02
-5.852322342925295739e-01,8.108657299115396011e-01,-0.000000000000000000e+00,6.208518481019006940e-02
-0.000000000000000000e+00,0.000000000000000000e+00,1.000000000000000000e+00,9.106845332324325915e-01
0.000000000000000000e+00,0.000000000000000000e+00,0.000000000000000000e+00,1.000000000000000000e+00
8.124001893358954174e-01,5.831002764250770021e-01,0.000000000000000000e+00,-7.270955313943468223e-02
-5.831002764250770021e-01,8.124001893358954174e-01,-0.000000000000000000e+00,6.173737958176775398e-02
-0.000000000000000000e+00,0.000000000000000000e+00,1.000000000000000000e+00,9.106879595633886604e-01
0.000000000000000000e+00,0.000000000000000000e+00,0.000000000000000000e+00,1.000000000000000000e+00
8.139290433532413438e-01,5.809642952764632051e-01,0.000000000000000000e+00,-7.249336274273690539e-02
-5.809642952764632051e-01,8.139290433532413438e-01,-0.000000000000000000e+00,6.139014103281428825e-02
-0.000000000000000000e+00,0.000000000000000000e+00,1.000000000000000000e+00,9.106913858943451734e-01
0.000000000000000000e+00,0.000000000000000000e+00,0.000000000000000000e+00,1.000000000000000000e+00
8.154522814147745491e-01,5.788243055845524454e-01,0.000000000000000000e+00,-7.227626098416646550e-02
-5.788243055845524454e-01,8.154522814147745491e-01,-0.000000000000000000e+00,6.104347155920970824e-02
-0.000000000000000000e+00,0.000000000000000000e+00,1.000000000000000000e+00,9.106948122253012423e-01
0.000000000000000000e+00,0.000000000000000000e+00,0.000000000000000000e+00,1.000000000000000000e+00
8.169698930104419832e-01,5.766803221148671943e-01,0.000000000000000000e+00,-7.205824936168427064e-02
-5.766803221148671943e-01,8.169698930104419832e-01,-0.000000000000000000e+00,6.069737355290755199e-02
-0.000000000000000000e+00,0.000000000000000000e+00,1.000000000000000000e+00,9.106982385562573112e-01
0.000000000000000000e+00,0.000000000000000000e+00,0.000000000000000000e+00,1.000000000000000000e+00
8.184818676690117645e-01,5.745323596604862137e-01,0.000000000000000000e+00,-7.183932937952912379e-02
-5.745323596604862137e-01,8.184818676690117645e-01,-0.000000000000000000e+00,6.035184940191830327e-02
-0.000000000000000000e+00,0.000000000000000000e+00,1.000000000000000000e+00,9.107016648872133802e-01
0.000000000000000000e+00,0.000000000000000000e+00,0.000000000000000000e+00,1.000000000000000000e+00
8.199881949581460105e-01,5.723804330419424158e-01,0.000000000000000000e+00,-7.161950254820730055e-02
-5.723804330419424158e-01,8.199881949581460105e-01,-0.000000000000000000e+00,6.000690149029298814e-02
-0.000000000000000000e+00,0.000000000000000000e+00,1.000000000000000000e+00,9.107050912181696711e-01
0.000000000000000000e+00,0.000000000000000000e+00,0.000000000000000000e+00,1.000000000000000000e+00
8.214888644844724475e-01,5.702245571071207220e-01,0.000000000000000000e+00,-7.139877038448219637e-02
-5.702245571071207220e-01,8.214888644844724475e-01,-0.000000000000000000e+00,5.966253219810670194e-02
-0.000000000000000000e+00,0.000000000000000000e+00,1.000000000000000000e+00,9.107085175491257401e-01
0.000000000000000000e+00,0.000000000000000000e+00,0.000000000000000000e+00,1.000000000000000000e+00
8.229838658936563522e-01,5.680647467311558119e-01,0.000000000000000000e+00,-7.117713441136380714e-02
-5.680647467311558119e-01,8.229838658936563522e-01,-0.000000000000000000e+00,5.931874390144213638e-02
-0.000000000000000000e+00,0.000000000000000000e+00,1.000000000000000000e+00,9.107119438800822531e-01
0.000000000000000000e+00,0.000000000000000000e+00,0.000000000000000000e+00,1.000000000000000000e+00
8.244731888704719402e-01,5.659010168163289833e-01,0.000000000000000000e+00,-7.095459615809827925e-02
-5.659010168163289833e-01,8.244731888704719402e-01,-0.000000000000000000e+00,5.897553897237325926e-02
-0.000000000000000000e+00,0.000000000000000000e+00,1.000000000000000000e+00,9.107153702110383220e-01
0.000000000000000000e+00,0.000000000000000000e+00,0.000000000000000000e+00,1.000000000000000000e+00
8.259568231388736415e-01,5.637333822919654569e-01,0.000000000000000000e+00,-7.073115716015723753e-02
-5.637333822919654569e-01,8.259568231388736415e-01,-0.000000000000000000e+00,5.863291977894886930e-02
-0.000000000000000000e+00,0.000000000000000000e+00,1.000000000000000000e+00,9.107187965419943909e-01
0.000000000000000000e+00,0.000000000000000000e+00,0.000000000000000000e+00,1.000000000000000000e+00
8.274347584620667106e-01,5.615618581143323462e-01,0.000000000000000000e+00,-7.050681895922743248e-02
-5.615618581143323462e-01,8.274347584620667106e-01,-0.000000000000000000e+00,5.829088868517635913e-02
-0.000000000000000000e+00,0.000000000000000000e+00,1.000000000000000000e+00,9.107222228729504598e-01
0.000000000000000000e+00,0.000000000000000000e+00,0.000000000000000000e+00,1.000000000000000000e+00
8.289069846425779486e-01,5.593864592665335200e-01,0.000000000000000000e+00,-7.028158310319976287e-02
-5.593864592665335200e-01,8.289069846425779486e-01,-0.000000000000000000e+00,5.794944805100529783e-02
-0.000000000000000000e+00,0.000000000000000000e+00,1.000000000000000000e+00,9.107256492039065288e-01
0.000000000000000000e+00,0.000000000000000000e+00,0.000000000000000000e+00,1.000000000000000000e+00
8.303734915223266455e-01,5.572072007584076836e-01,0.000000000000000000e+00,-7.005545114615886748e-02
-5.572072007584076836e-01,8.303734915223266455e-01,-0.000000000000000000e+00,5.760860023231122173e-02
-0.000000000000000000e+00,0.000000000000000000e+00,1.000000000000000000e+00,9.107290755348628197e-01
0.000000000000000000e+00,0.000000000000000000e+00,0.000000000000000000e+00,1.000000000000000000e+00
8.318342689826936365e-01,5.550240976264254611e-01,0.000000000000000000e+00,-6.982842464837232810e-02
-5.550240976264254611e-01,8.318342689826936365e-01,-0.000000000000000000e+00,5.726834758087934185e-02
-0.000000000000000000e+00,0.000000000000000000e+00,1.000000000000000000e+00,9.107325018658191107e-01
0.000000000000000000e+00,0.000000000000000000e+00,0.000000000000000000e+00,1.000000000000000000e+00
8.332893069445919121e-01,5.528371649335830362e-01,0.000000000000000000e+00,-6.960050517627980327e-02
-5.528371649335830362e-01,8.332893069445919121e-01,-0.000000000000000000e+00,5.692869244438833465e-02
-0.000000000000000000e+00,0.000000000000000000e+00,1.000000000000000000e+00,9.107359281967751796e-01
0.000000000000000000e+00,0.000000000000000000e+00,0.000000000000000000e+00,1.000000000000000000e+00
8.347385953685360072e-01,5.506464177693010109e-01,0.000000000000000000e+00,-6.937169430248245339e-02
-5.506464177693010109e-01,8.347385953685360072e-01,-0.000000000000000000e+00,5.658963716639411889e-02
-0.000000000000000000e+00,0.000000000000000000e+00,1.000000000000000000e+00,9.107393545277312485e-01
0.000000000000000000e+00,0.000000000000000000e+00,0.000000000000000000e+00,1.000000000000000000e+00
8.361821242547108346e-01,5.484518712493187120e-01,0.000000000000000000e+00,-6.914199360573175523e-02
-5.484518712493187120e-01,8.361821242547108346e-01,-0.000000000000000000e+00,5.625118408631372274e-02
-0.000000000000000000e+00,0.000000000000000000e+00,1.000000000000000000e+00,9.107427808586873175e-01
0.000000000000000000e+00,0.000000000000000000e+00,0.000000000000000000e+00,1.000000000000000000e+00
8.376198836430414074e-01,5.462535405155903856e-01,0.000000000000000000e+00,-6.891140467091896871e-02
-5.462535405155903856e-01,8.376198836430414074e-01,-0.000000000000000000e+00,5.591333553940911610e-02
-0.000000000000000000e+00,0.000000000000000000e+00,1.000000000000000000e+00,9.107462071896436084e-01
0.000000000000000000e+00,0.000000000000000000e+00,0.000000000000000000e+00,1.000000000000000000e+00
8.390518636132610064e-01,5.440514407361803917e-01,0.000000000000000000e+00,-6.867992908906390970e-02
-5.440514407361803917e-01,8.390518636132610064e-01,-0.000000000000000000e+00,5.557609385677111935e-02
-0.000000000000000000e+00,0.000000000000000000e+00,1.000000000000000000e+00,9.107496335205998994e-01
0.000000000000000000e+00,0.000000000000000000e+00,0.000000000000000000e+00,1.000000000000000000e+00
8.404780542849799030e-01,5.418455871051589545e-01,0.000000000000000000e+00,-6.844756845730412542e-02
-5.418455871051589545e-01,8.404780542849799030e-01,-0.000000000000000000e+00,5.523946136530327733e-02
-0.000000000000000000e+00,0.000000000000000000e+00,1.000000000000000000e+00,9.107530598515557463e-01
0.000000000000000000e+00,0.000000000000000000e+00,0.000000000000000000e+00,1.000000000000000000e+00
8.418984458177530827e-01,5.396359948424974684e-01,0.000000000000000000e+00,-6.821432437888386158e-02
-5.396359948424974684e-01,8.418984458177530827e-01,-0.000000000000000000e+00,5.490344038770585133e-02
-0.000000000000000000e+00,0.000000000000000000e+00,1.000000000000000000e+00,9.107564861825122593e-01
0.000000000000000000e+00,0.000000000000000000e+00,0.000000000000000000e+00,1.000000000000000000e+00
8.433130284111488573e-01,5.374226791939625825e-01,0.000000000000000000e+00,-6.798019846314290460e-02
-5.374226791939625825e-01,8.433130284111488573e-01,-0.000000000000000000e+00,5.456803324245973474e-02
-0.000000000000000000e+00,0.000000000000000000e+00,1.000000000000000000e+00,9.107599125134681062e-01
0.000000000000000000e+00,0.000000000000000000e+00,0.000000000000000000e+00,1.000000000000000000e+00
8.447217923048161436e-01,5.352056554310119507e-01,0.000000000000000000e+00,-6.774519232550570147e-02
-5.352056554310119507e-01,8.447217923048161436e-01,-0.000000000000000000e+00,5.423324224381060460e-02
-0.000000000000000000e+00,0.000000000000000000e+00,1.000000000000000000e+00,9.107633388444246192e-01
0.000000000000000000e+00,0.000000000000000000e+00,0.000000000000000000e+00,1.000000000000000000e+00
8.461247277785514109e-01,5.329849388506886498e-01,0.000000000000000000e+00,-6.750930758746991056e-02
-5.329849388506886498e-01,8.461247277785514109e-01,-0.000000000000000000e+00,5.389906970175269846e-02
-0.000000000000000000e+00,0.000000000000000000e+00,1.000000000000000000e+00,9.107667651753806881e-01
0.000000000000000000e+00,0.000000000000000000e+00,0.000000000000000000e+00,1.000000000000000000e+00
8.475218251523662927e-01,5.307605447755153749e-01,0.000000000000000000e+00,-6.727254587659543816e-02
-5.307605447755153749e-01,8.475218251523662927e-01,-0.000000000000000000e+00,5.356551792201312556e-02
-0.000000000000000000e+00,0.000000000000000000e+00,1.000000000000000000e+00,9.107701915063367570e-01
0.000000000000000000e+00,0.000000000000000000e+00,0.000000000000000000e+00,1.000000000000000000e+00
8.489130747865546445e-01,5.285324885533883021e-01,0.000000000000000000e+00,-6.703490882649315585e-02
-5.285324885533883021e-01,8.489130747865546445e-01,-0.000000000000000000e+00,5.323258920603579636e-02
-0.000000000000000000e+00,0.000000000000000000e+00,1.000000000000000000e+00,9.107736178372930480e-01
0.000000000000000000e+00,0.000000000000000000e+00,0.000000000000000000e+00,1.000000000000000000e+00
8.502984670817579360e-01,5.263007855574725058e-01,0.000000000000000000e+00,-6.679639807681345132e-02
-5.263007855574725058e-01,8.502984670817579360e-01,-0.000000000000000000e+00,5.290028585096560876e-02
-0.000000000000000000e+00,0.000000000000000000e+00,1.000000000000000000e+00,9.107770441682491169e-01
0.000000000000000000e+00,0.000000000000000000e+00,0.000000000000000000e+00,1.000000000000000000e+00
8.516779924790324197e-01,5.240654511860948217e-01,0.000000000000000000e+00,-6.655701527323533429e-02
-5.240654511860948217e-01,8.516779924790324197e-01,-0.000000000000000000e+00,5.256861014963261358e-02
-0.000000000000000000e+00,0.000000000000000000e+00,1.000000000000000000e+00,9.107804704992051859e-01
0.000000000000000000e+00,0.000000000000000000e+00,0.000000000000000000e+00,1.000000000000000000e+00
8.530516414599149666e-01,5.218265008626378210e-01,0.000000000000000000e+00,-6.631676206745462654e-02
-5.218265008626378210e-01,8.530516414599149666e-01,-0.000000000000000000e+00,5.223756439053615919e-02
-0.000000000000000000e+00,0.000000000000000000e+00,1.000000000000000000e+00,9.107838968301614768e-01
0.000000000000000000e+00,0.000000000000000000e+00,0.000000000000000000e+00,1.000000000000000000e+00
8.544194045464885701e-01,5.195839500354335616e-01,0.000000000000000000e+00,-6.607564011717283192e-02
-5.195839500354335616e-01,8.544194045464885701e-01,-0.000000000000000000e+00,5.190715085782912630e-02
-0.000000000000000000e+00,0.000000000000000000e+00,1.000000000000000000e+00,9.107873231611177678e-01
0.000000000000000000e+00,0.000000000000000000e+00,0.000000000000000000e+00,1.000000000000000000e+00
8.557812723014475154e-01,5.173378141776568961e-01,0.000000000000000000e+00,-6.583365108608557614e-02
-5.173378141776568961e-01,8.557812723014475154e-01,-0.000000000000000000e+00,5.157737183130206571e-02
-0.000000000000000000e+00,0.000000000000000000e+00,1.000000000000000000e+00,9.107907494920738367e-01
0.000000000000000000e+00,0.000000000000000000e+00,0.000000000000000000e+00,1.000000000000000000e+00
8.571372353281629941e-01,5.150881087872183350e-01,0.000000000000000000e+00,-6.559079664387128250e-02
-5.150881087872183350e-01,8.571372353281629941e-01,-0.000000000000000000e+00,5.124822958636773146e-02
-0.000000000000000000e+00,0.000000000000000000e+00,1.000000000000000000e+00,9.107941758230299056e-01
0.000000000000000000e+00,0.000000000000000000e+00,0.000000000000000000e+00,1.000000000000000000e+00
8.584872842707478302e-01,5.128348493866579094e-01,0.000000000000000000e+00,-6.534707846617941740e-02
-5.128348493866579094e-01,8.584872842707478302e-01,-0.000000000000000000e+00,5.091972639404501733e-02
-0.000000000000000000e+00,0.000000000000000000e+00,1.000000000000000000e+00,9.107976021539859746e-01
0.000000000000000000e+00,0.000000000000000000e+00,0.000000000000000000e+00,1.000000000000000000e+00
8.598314098141206507e-01,5.105780515230378125e-01,0.000000000000000000e+00,-6.510249823461913832e-02
-5.105780515230378125e-01,8.598314098141206507e-01,-0.000000000000000000e+00,5.059186452094359410e-02
-0.000000000000000000e+00,0.000000000000000000e+00,1.000000000000000000e+00,9.108010284849424876e-01
0.000000000000000000e+00,0.000000000000000000e+00,0.000000000000000000e+00,1.000000000000000000e+00
8.611696026840702789e-01,5.083177307678342638e-01,0.000000000000000000e+00,-6.485705763674756708e-02
-5.083177307678342638e-01,8.611696026840702789e-01,-0.000000000000000000e+00,5.026464622924810971e-02
-0.000000000000000000e+00,0.000000000000000000e+00,1.000000000000000000e+00,9.108044548158985565e-01
0.000000000000000000e+00,0.000000000000000000e+00,0.000000000000000000e+00,1.000000000000000000e+00
8.625018536473203490e-01,5.060539027168314830e-01,0.000000000000000000e+00,-6.461075836605827127e-02
-5.060539027168314830e-01,8.625018536473203490e-01,-0.000000000000000000e+00,4.993807377670263919e-02
-0.000000000000000000e+00,0.000000000000000000e+00,1.000000000000000000e+00,9.108078811468546254e-01
0.000000000000000000e+00,0.000000000000000000e+00,0.000000000000000000e+00,1.000000000000000000e+00
8.638281535115921450e-01,5.037865829900129988e-01,0.000000000000000000e+00,-6.436360212196938491e-02
-5.037865829900129988e-01,8.638281535115921450e-01,-0.000000000000000000e+00,4.961214941659505828e-02
-0.000000000000000000e+00,0.000000000000000000e+00,1.000000000000000000e+00,9.108113074778109164e-01
0.000000000000000000e+00,0.000000000000000000e+00,0.000000000000000000e+00,1.000000000000000000e+00
8.651484931256684385e-01,5.015157872314541798e-01,0.000000000000000000e+00,-6.411559060981210367e-02
-5.015157872314541798e-01,8.651484931256684385e-01,-0.000000000000000000e+00,4.928687539774157661e-02
-0.000000000000000000e+00,0.000000000000000000e+00,1.000000000000000000e+00,9.108147338087672074e-01
0.000000000000000000e+00,0.000000000000000000e+00,0.000000000000000000e+00,1.000000000000000000e+00
8.664628633794566603e-01,4.992415311092146535e-01,0.000000000000000000e+00,-6.386672554081868070e-02
-4.992415311092146535e-01,8.664628633794566603e-01,-0.000000000000000000e+00,4.896225396447112521e-02
-0.000000000000000000e+00,0.000000000000000000e+00,1.000000000000000000e+00,9.108181601397230542e-01
0.000000000000000000e+00,0.000000000000000000e+00,0.000000000000000000e+00,1.000000000000000000e+00
8.677712552040518501e-01,4.969638303152296710e-01,0.000000000000000000e+00,-6.361700863211089407e-02
-4.969638303152296710e-01,8.677712552040518501e-01,-0.000000000000000000e+00,4.863828735660993829e-02
-0.000000000000000000e+00,0.000000000000000000e+00,1.000000000000000000e+00,9.108215864706793452e-01
0.000000000000000000e+00,0.000000000000000000e+00,0.000000000000000000e+00,1.000000000000000000e+00
8.690736595717988289e-01,4.946827005652018050e-01,0.000000000000000000e+00,-6.336644160668794545e-02
-4.946827005652018050e-01,8.690736595717988289e-01,-0.000000000000000000e+00,4.831497780946610032e-02
-0.000000000000000000e+00,0.000000000000000000e+00,1.000000000000000000e+00,9.108250128016354141e-01
0.000000000000000000e+00,0.000000000000000000e+00,0.000000000000000000e+00,1.000000000000000000e+00
8.703700674963547046e-01,4.923981575984936465e-01,0.000000000000000000e+00,-6.311502619341478881e-02
-4.923981575984936465e-01,8.703700674963547046e-01,-0.000000000000000000e+00,4.799232755381407228e-02
-0.000000000000000000e+00,0.000000000000000000e+00,1.000000000000000000e+00,9.108284391325917051e-01
0.000000000000000000e+00,0.000000000000000000e+00,0.000000000000000000e+00,1.000000000000000000e+00
8.716604700327512667e-01,4.901102171780172267e-01,0.000000000000000000e+00,-6.286276412700993188e-02
-4.901102171780172267e-01,8.716604700327512667e-01,-0.000000000000000000e+00,4.767033881587931510e-02
-0.000000000000000000e+00,0.000000000000000000e+00,1.000000000000000000e+00,9.108318654635477740e-01
0.000000000000000000e+00,0.000000000000000000e+00,0.000000000000000000e+00,1.000000000000000000e+00
8.729448582774557153e-01,4.878188950901274357e-01,0.000000000000000000e+00,-6.260965714803376492e-02
-4.878188950901274357e-01,8.729448582774557153e-01,-0.000000000000000000e+00,4.734901381732301712e-02
-0.000000000000000000e+00,0.000000000000000000e+00,1.000000000000000000e+00,9.108352917945040650e-01
0.000000000000000000e+00,0.000000000000000000e+00,0.000000000000000000e+00,1.000000000000000000e+00
8.742232233684334997e-01,4.855242071445109997e-01,0.000000000000000000e+00,-6.235570700287637602e-02
-4.855242071445109997e-01,8.742232233684334997e-01,-0.000000000000000000e+00,4.702835477522659957e-02
-0.000000000000000000e+00,0.000000000000000000e+00,1.000000000000000000e+00,9.108387181254601339e-01
0.000000000000000000e+00,0.000000000000000000e+00,0.000000000000000000e+00,1.000000000000000000e+00
8.754955564852081595e-01,4.832261691740791232e-01,0.000000000000000000e+00,-6.210091544374553296e-02
-4.832261691740791232e-01,8.754955564852081595e-01,-0.000000000000000000e+00,4.670836390207654815e-02
-0.000000000000000000e+00,0.000000000000000000e+00,1.000000000000000000e+00,9.108421444564164249e-01
0.000000000000000000e+00,0.000000000000000000e+00,0.000000000000000000e+00,1.000000000000000000e+00
8.767618488489227202e-01,4.809247970348573542e-01,0.000000000000000000e+00,-6.184528422865458869e-02
-4.809247970348573542e-01,8.767618488489227202e-01,-0.000000000000000000e+00,4.638904340574914048e-02
-0.000000000000000000e+00,0.000000000000000000e+00,1.000000000000000000e+00,9.108455707873722718e-01
0.000000000000000000e+00,0.000000000000000000e+00,0.000000000000000000e+00,1.000000000000000000e+00
8.780220917224004218e-01,4.786201066058765052e-01,0.000000000000000000e+00,-6.158881512141040765e-02
-4.786201066058765052e-01,8.780220917224004218e-01,-0.000000000000000000e+00,4.607039548949513896e-02
-0.000000000000000000e+00,0.000000000000000000e+00,1.000000000000000000e+00,9.108489971183287848e-01
0.000000000000000000e+00,0.000000000000000000e+00,0.000000000000000000e+00,1.000000000000000000e+00
8.792762764102050044e-01,4.763121137890624635e-01,0.000000000000000000e+00,-6.133150989160107702e-02
-4.763121137890624635e-01,8.792762764102050044e-01,-0.000000000000000000e+00,4.575242235192465701e-02
-0.000000000000000000e+00,0.000000000000000000e+00,1.000000000000000000e+00,9.108524234492846317e-01
0.000000000000000000e+00,0.000000000000000000e+00,0.000000000000000000e+00,1.000000000000000000e+00
8.805243942586999939e-01,4.740008345091277220e-01,0.000000000000000000e+00,-6.107337031458384691e-02
-4.740008345091277220e-01,8.805243942586999939e-01,-0.000000000000000000e+00,4.543512618699191430e-02
-0.000000000000000000e+00,0.000000000000000000e+00,1.000000000000000000e+00,9.108558497802409226e-01
0.000000000000000000e+00,0.000000000000000000e+00,0.000000000000000000e+00,1.000000000000000000e+00
8.817664366561094313e-01,4.716862847134601355e-01,0.000000000000000000e+00,-6.081439817147275828e-02
-4.716862847134601355e-01,8.817664366561094313e-01,-0.000000000000000000e+00,4.511850918398023491e-02
-0.000000000000000000e+00,0.000000000000000000e+00,1.000000000000000000e+00,9.108592761111972136e-01
0.000000000000000000e+00,0.000000000000000000e+00,0.000000000000000000e+00,1.000000000000000000e+00
8.830023950325767146e-01,4.693684803720137855e-01,0.000000000000000000e+00,-6.055459524912638891e-02
-4.693684803720137855e-01,8.830023950325767146e-01,-0.000000000000000000e+00,4.480257352748680255e-02
-0.000000000000000000e+00,0.000000000000000000e+00,1.000000000000000000e+00,9.108627024421532825e-01
0.000000000000000000e+00,0.000000000000000000e+00,0.000000000000000000e+00,1.000000000000000000e+00
8.842322608602237732e-01,4.670474374771980686e-01,0.000000000000000000e+00,-6.029396334013561315e-02
-4.670474374771980686e-01,8.842322608602237732e-01,-0.000000000000000000e+00,4.448732139740759622e-02
-0.000000000000000000e+00,0.000000000000000000e+00,1.000000000000000000e+00,9.108661287731093514e-01
0.000000000000000000e+00,0.000000000000000000e+00,0.000000000000000000e+00,1.000000000000000000e+00
8.854560256532099105e-01,4.647231720437686175e-01,0.000000000000000000e+00,-6.003250424281105641e-02
-4.647231720437686175e-01,8.854560256532099105e-01,-0.000000000000000000e+00,4.417275496892246467e-02
-0.000000000000000000e+00,0.000000000000000000e+00,1.000000000000000000e+00,9.108695551040654204e-01
0.000000000000000000e+00,0.000000000000000000e+00,0.000000000000000000e+00,1.000000000000000000e+00
8.866736809677905340e-01,4.623957001087151131e-01,0.000000000000000000e+00,-5.977021976117086188e-02
-4.623957001087151131e-01,8.866736809677905340e-01,-0.000000000000000000e+00,4.385887641248004121e-02
-0.000000000000000000e+00,0.000000000000000000e+00,1.000000000000000000e+00,9.108729814350217113e-01
0.000000000000000000e+00,0.000000000000000000e+00,0.000000000000000000e+00,1.000000000000000000e+00
8.878852184023752203e-01,4.600650377311522043e-01,0.000000000000000000e+00,-5.950711170492809649e-02
-4.600650377311522043e-01,8.878852184023752203e-01,-0.000000000000000000e+00,4.354568789378272797e-02
-0.000000000000000000e+00,0.000000000000000000e+00,1.000000000000000000e+00,9.108764077659780023e-01
0.000000000000000000e+00,0.000000000000000000e+00,0.000000000000000000e+00,1.000000000000000000e+00
8.890906295975857798e-01,4.577312009922073210e-01,0.000000000000000000e+00,-5.924318188947843428e-02
-4.577312009922073210e-01,8.890906295975857798e-01,-0.000000000000000000e+00,4.323319157377183281e-02
-0.000000000000000000e+00,0.000000000000000000e+00,1.000000000000000000e+00,9.108798340969340712e-01
0.000000000000000000e+00,0.000000000000000000e+00,0.000000000000000000e+00,1.000000000000000000e+00
8.902899062363139882e-01,4.553942059949108168e-01,0.000000000000000000e+00,-5.897843213588743749e-02
-4.553942059949108168e-01,8.902899062363139882e-01,-0.000000000000000000e+00,4.292138960861258123e-02
-0.000000000000000000e+00,0.000000000000000000e+00,1.000000000000000000e+00,9.108832604278903622e-01
0.000000000000000000e+00,0.000000000000000000e+00,0.000000000000000000e+00,1.000000000000000000e+00
8.914830400437786517e-01,4.530540688640843361e-01,0.000000000000000000e+00,-5.871286427087811510e-02
-4.530540688640843361e-01,8.914830400437786517e-01,-0.000000000000000000e+00,4.261028414967935052e-02
-0.000000000000000000e+00,0.000000000000000000e+00,1.000000000000000000e+00,9.108866867588464311e-01
0.000000000000000000e+00,0.000000000000000000e+00,0.000000000000000000e+00,1.000000000000000000e+00
8.926700227875832283e-01,4.507108057462297368e-01,0.000000000000000000e+00,-5.844648012681836341e-02
-4.507108057462297368e-01,8.926700227875832283e-01,-0.000000000000000000e+00,4.229987734354072326e-02
-0.000000000000000000e+00,0.000000000000000000e+00,1.000000000000000000e+00,9.108901130898027221e-01
0.000000000000000000e+00,0.000000000000000000e+00,0.000000000000000000e+00,1.000000000000000000e+00
8.938508462777721153e-01,4.483644328094174014e-01,0.000000000000000000e+00,-5.817928154170808053e-02
-4.483644328094174014e-01,8.938508462777721153e-01,-0.000000000000000000e+00,4.199017133194467288e-02
-0.000000000000000000e+00,0.000000000000000000e+00,1.000000000000000000e+00,9.108935394207585690e-01
0.000000000000000000e+00,0.000000000000000000e+00,0.000000000000000000e+00,1.000000000000000000e+00
8.950255023668877152e-01,4.460149662431748263e-01,0.000000000000000000e+00,-5.791127035916682902e-02
-4.460149662431748263e-01,8.950255023668877152e-01,-0.000000000000000000e+00,4.168116825180390173e-02
-0.000000000000000000e+00,0.000000000000000000e+00,1.000000000000000000e+00,9.108969657517150820e-01
0.000000000000000000e+00,0.000000000000000000e+00,0.000000000000000000e+00,1.000000000000000000e+00
8.961939829500258359e-01,4.436624222583750998e-01,0.000000000000000000e+00,-5.764244842842084632e-02
-4.436624222583750998e-01,8.961939829500258359e-01,-0.000000000000000000e+00,4.137287023518091550e-02
-0.000000000000000000e+00,0.000000000000000000e+00,1.000000000000000000e+00,9.109003920826709289e-01
0.000000000000000000e+00,0.000000000000000000e+00,0.000000000000000000e+00,1.000000000000000000e+00
8.973562799648925337e-01,4.413068170871253248e-01,0.000000000000000000e+00,-5.737281760429040894e-02
-4.413068170871253248e-01,8.973562799648925337e-01,-0.000000000000000000e+00,4.106527940927354181e-02
-0.000000000000000000e+00,0.000000000000000000e+00,1.000000000000000000e+00,9.109038184136272198e-01
0.000000000000000000e+00,0.000000000000000000e+00,0.000000000000000000e+00,1.000000000000000000e+00
8.985123853918591807e-01,4.389481669826530985e-01,0.000000000000000000e+00,-5.710237974717695397e-02
-4.389481669826530985e-01,8.985123853918591807e-01,-0.000000000000000000e+00,4.075839789640001154e-02
-0.000000000000000000e+00,0.000000000000000000e+00,1.000000000000000000e+00,9.109072447445832887e-01
0.000000000000000000e+00,0.000000000000000000e+00,0.000000000000000000e+00,1.000000000000000000e+00
8.996622912540178651e-01,4.365864882191967111e-01,0.000000000000000000e+00,-5.683113672305039471e-02
-4.365864882191967111e-01,8.996622912540178651e-01,-0.000000000000000000e+00,4.045222781398449818e-02
-0.000000000000000000e+00,0.000000000000000000e+00,1.000000000000000000e+00,9.109106710755395797e-01
0.000000000000000000e+00,0.000000000000000000e+00,0.000000000000000000e+00,1.000000000000000000e+00
9.008059896172364578e-01,4.342217970918908487e-01,0.000000000000000000e+00,-5.655909040343599925e-02
-4.342217970918908487e-01,9.008059896172364578e-01,-0.000000000000000000e+00,4.014677127454242128e-02
-0.000000000000000000e+00,0.000000000000000000e+00,1.000000000000000000e+00,9.109140974064956486e-01
0.000000000000000000e+00,0.000000000000000000e+00,0.000000000000000000e+00,1.000000000000000000e+00
9.019434725902135686e-01,4.318541099166554598e-01,0.000000000000000000e+00,-5.628624266540181720e-02
-4.318541099166554598e-01,9.019434725902135686e-01,-0.000000000000000000e+00,3.984203038566588861e-02
-0.000000000000000000e+00,0.000000000000000000e+00,1.000000000000000000e+00,9.109175237374521616e-01
0.000000000000000000e+00,0.000000000000000000e+00,0.000000000000000000e+00,1.000000000000000000e+00
9.030747323245326141e-01,4.294834430300820127e-01,0.000000000000000000e+00,-5.601259539154527373e-02
-4.294834430300820127e-01,9.030747323245326141e-01,-0.000000000000000000e+00,3.953800725000914534e-02
-0.000000000000000000e+00,0.000000000000000000e+00,1.000000000000000000e+00,9.109209500684077865e-01
0.000000000000000000e+00,0.000000000000000000e+00,0.000000000000000000e+00,1.000000000000000000e+00
9.041997610147165521e-01,4.271098127893218632e-01,0.000000000000000000e+00,-5.573815046998073508e-02
-4.271098127893218632e-01,9.041997610147165521e-01,-0.000000000000000000e+00,3.923470396527409254e-02
-0.000000000000000000e+00,0.000000000000000000e+00,1.000000000000000000e+00,9.109243763993642995e-01
0.000000000000000000e+00,0.000000000000000000e+00,0.000000000000000000e+00,1.000000000000000000e+00
9.053185508982808383e-01,4.247332355719729002e-01,0.000000000000000000e+00,-5.546290979432592916e-02
-4.247332355719729002e-01,9.053185508982808383e-01,-0.000000000000000000e+00,3.893212262419580572e-02
-0.000000000000000000e+00,0.000000000000000000e+00,1.000000000000000000e+00,9.109278027303203684e-01
0.000000000000000000e+00,0.000000000000000000e+00,0.000000000000000000e+00,1.000000000000000000e+00
9.064310942557877171e-01,4.223537277759665254e-01,0.000000000000000000e+00,-5.518687526368928897e-02
-4.223537277759665254e-01,9.064310942557877171e-01,-0.000000000000000000e+00,3.863026531452802559e-02
-0.000000000000000000e+00,0.000000000000000000e+00,1.000000000000000000e+00,9.109312290612764373e-01
0.000000000000000000e+00,0.000000000000000000e+00,0.000000000000000000e+00,1.000000000000000000e+00
9.075373834108995119e-01,4.199713058194546877e-01,0.000000000000000000e+00,-5.491004878265665079e-02
-4.199713058194546877e-01,9.075373834108995119e-01,-0.000000000000000000e+00,3.832913411902889173e-02
-0.000000000000000000e+00,0.000000000000000000e+00,1.000000000000000000e+00,9.109346553922327283e-01
0.000000000000000000e+00,0.000000000000000000e+00,0.000000000000000000e+00,1.000000000000000000e+00
9.086374107304311387e-01,4.175859861406963081e-01,0.000000000000000000e+00,-5.463243226127814656e-02
-4.175859861406963081e-01,9.086374107304311387e-01,-0.000000000000000000e+00,3.802873111544645413e-02
-0.000000000000000000e+00,0.000000000000000000e+00,1.000000000000000000e+00,9.109380817231890193e-01
0.000000000000000000e+00,0.000000000000000000e+00,0.000000000000000000e+00,1.000000000000000000e+00
9.097311686244029527e-01,4.151977851979442580e-01,0.000000000000000000e+00,-5.435402761505504082e-02
-4.151977851979442580e-01,9.097311686244029527e-01,-0.000000000000000000e+00,3.772905837650439298e-02
-0.000000000000000000e+00,0.000000000000000000e+00,1.000000000000000000e+00,9.109415080541450882e-01
0.000000000000000000e+00,0.000000000000000000e+00,0.000000000000000000e+00,1.000000000000000000e+00
9.108186495460931509e-01,4.128067194693312292e-01,0.000000000000000000e+00,-5.407483676492652602e-02
-4.128067194693312292e-01,9.108186495460931509e-01,-0.000000000000000000e+00,3.743011796988766210e-02
-0.000000000000000000e+00,0.000000000000000000e+00,1.000000000000000000e+00,9.109449343851013792e-01
0.000000000000000000e+00,0.000000000000000000e+00,0.000000000000000000e+00,1.000000000000000000e+00
9.118998459920900634e-01,4.104128054527568237e-01,0.000000000000000000e+00,-5.379486163725644837e-02
-4.104128054527568237e-01,9.118998459920900634e-01,-0.000000000000000000e+00,3.713191195822832663e-02
-0.000000000000000000e+00,0.000000000000000000e+00,1.000000000000000000e+00,9.109483607160574481e-01
0.000000000000000000e+00,0.000000000000000000e+00,0.000000000000000000e+00,1.000000000000000000e+00
9.129747505023434462e-01,4.080160596657730343e-01,0.000000000000000000e+00,-5.351410416381997825e-02
-4.080160596657730343e-01,9.129747505023434462e-01,-0.000000000000000000e+00,3.683444239909119955e-02
-0.000000000000000000e+00,0.000000000000000000e+00,1.000000000000000000e+00,9.109517870470135170e-01
0.000000000000000000e+00,0.000000000000000000e+00,0.000000000000000000e+00,1.000000000000000000e+00
9.140433556602164389e-01,4.056164986454705579e-01,0.000000000000000000e+00,-5.323256628179041244e-02
-4.056164986454705579e-01,9.140433556602164389e-01,-0.000000000000000000e+00,3.653771134495977652e-02
-0.000000000000000000e+00,0.000000000000000000e+00,1.000000000000000000e+00,9.109552133779698080e-01
0.000000000000000000e+00,0.000000000000000000e+00,0.000000000000000000e+00,1.000000000000000000e+00
9.151056540925364136e-01,4.032141389483647753e-01,0.000000000000000000e+00,-5.295024993372561550e-02
-4.032141389483647753e-01,9.151056540925364136e-01,-0.000000000000000000e+00,3.624172084322193482e-02
-0.000000000000000000e+00,0.000000000000000000e+00,1.000000000000000000e+00,9.109586397089258769e-01
0.000000000000000000e+00,0.000000000000000000e+00,0.000000000000000000e+00,1.000000000000000000e+00
9.161616384696458226e-01,4.008089971502811211e-01,0.000000000000000000e+00,-5.266715706755481508e-02
-4.008089971502811211e-01,9.161616384696458226e-01,-0.000000000000000000e+00,3.594647293615595152e-02
-0.000000000000000000e+00,0.000000000000000000e+00,1.000000000000000000e+00,9.109620660398819458e-01
0.000000000000000000e+00,0.000000000000000000e+00,0.000000000000000000e+00,1.000000000000000000e+00
9.172113015054530472e-01,3.984010898462413963e-01,0.000000000000000000e+00,-5.238328963656498777e-02
-3.984010898462413963e-01,9.172113015054530472e-01,-0.000000000000000000e+00,3.565196966091627173e-02
-0.000000000000000000e+00,0.000000000000000000e+00,1.000000000000000000e+00,9.109654923708382368e-01
0.000000000000000000e+00,0.000000000000000000e+00,0.000000000000000000e+00,1.000000000000000000e+00
9.182546359574825789e-01,3.959904336503486943e-01,0.000000000000000000e+00,-5.209864959938750179e-02
-3.959904336503486943e-01,9.182546359574825789e-01,-0.000000000000000000e+00,3.535821304951960314e-02
-0.000000000000000000e+00,0.000000000000000000e+00,1.000000000000000000e+00,9.109689187017945278e-01
0.000000000000000000e+00,0.000000000000000000e+00,0.000000000000000000e+00,1.000000000000000000e+00
9.192916346269247585e-01,3.935770451956727700e-01,0.000000000000000000e+00,-5.181323891998455139e-02
-3.935770451956727700e-01,9.192916346269247585e-01,-0.000000000000000000e+00,3.506520512883074675e-02
-0.000000000000000000e+00,0.000000000000000000e+00,1.000000000000000000e+00,9.109723450327503746e-01
0.000000000000000000e+00,0.000000000000000000e+00,0.000000000000000000e+00,1.000000000000000000e+00
9.203222903586858461e-01,3.911609411341357978e-01,0.000000000000000000e+00,-5.152705956763563300e-02
-3.911609411341357978e-01,9.203222903586858461e-01,-0.000000000000000000e+00,3.477294792054870520e-02
-0.000000000000000000e+00,0.000000000000000000e+00,1.000000000000000000e+00,9.109757713637068877e-01
0.000000000000000000e+00,0.000000000000000000e+00,0.000000000000000000e+00,1.000000000000000000e+00
9.213465960414368716e-01,3.887421381363967976e-01,0.000000000000000000e+00,-5.124011351692392413e-02
-3.887421381363967976e-01,9.213465960414368716e-01,-0.000000000000000000e+00,3.448144344119274951e-02
-0.000000000000000000e+00,0.000000000000000000e+00,1.000000000000000000e+00,9.109791976946629566e-01
0.000000000000000000e+00,0.000000000000000000e+00,0.000000000000000000e+00,1.000000000000000000e+00
9.223645446076632615e-01,3.863206528917370042e-01,0.000000000000000000e+00,-5.095240274772264849e-02
-3.863206528917370042e-01,9.223645446076632615e-01,-0.000000000000000000e+00,3.419069370208834696e-02
-0.000000000000000000e+00,0.000000000000000000e+00,1.000000000000000000e+00,9.109826240256190255e-01
0.000000000000000000e+00,0.000000000000000000e+00,0.000000000000000000e+00,1.000000000000000000e+00
9.233761290337133554e-01,3.838965021079446815e-01,0.000000000000000000e+00,-5.066392924518149654e-02
-3.838965021079446815e-01,9.233761290337133554e-01,-0.000000000000000000e+00,3.390070070935355395e-02
-0.000000000000000000e+00,0.000000000000000000e+00,1.000000000000000000e+00,9.109860503565753165e-01
0.000000000000000000e+00,0.000000000000000000e+00,0.000000000000000000e+00,1.000000000000000000e+00
9.243813423398465901e-01,3.814697025111998263e-01,0.000000000000000000e+00,-5.037469499971281017e-02
-3.814697025111998263e-01,9.243813423398465901e-01,-0.000000000000000000e+00,3.361146646388487452e-02
-0.000000000000000000e+00,0.000000000000000000e+00,1.000000000000000000e+00,9.109894766875311634e-01
0.000000000000000000e+00,0.000000000000000000e+00,0.000000000000000000e+00,1.000000000000000000e+00
9.253801775902821269e-01,3.790402708459589820e-01,0.000000000000000000e+00,-5.008470200697803104e-02
-3.790402708459589820e-01,9.253801775902821269e-01,-0.000000000000000000e+00,3.332299296134372951e-02
-0.000000000000000000e+00,0.000000000000000000e+00,1.000000000000000000e+00,9.109929030184876764e-01
0.000000000000000000e+00,0.000000000000000000e+00,0.000000000000000000e+00,1.000000000000000000e+00
9.263726278932464808e-01,3.766082238748389432e-01,0.000000000000000000e+00,-4.979395226787364931e-02
-3.766082238748389432e-01,9.263726278932464808e-01,-0.000000000000000000e+00,3.303528219214246775e-02
-0.000000000000000000e+00,0.000000000000000000e+00,1.000000000000000000e+00,9.109963293494437453e-01
0.000000000000000000e+00,0.000000000000000000e+00,0.000000000000000000e+00,1.000000000000000000e+00
9.273586864010208153e-01,3.741735783785022362e-01,0.000000000000000000e+00,-4.950244778851768668e-02
-3.741735783785022362e-01,9.273586864010208153e-01,-0.000000000000000000e+00,3.274833614143074501e-02
-0.000000000000000000e+00,0.000000000000000000e+00,1.000000000000000000e+00,9.109997556804002583e-01
0.000000000000000000e+00,0.000000000000000000e+00,0.000000000000000000e+00,1.000000000000000000e+00
9.283383463099890154e-01,3.717363511555399347e-01,0.000000000000000000e+00,-4.921019058023563819e-02
-3.717363511555399347e-01,9.283383463099890154e-01,-0.000000000000000000e+00,3.246215678908183355e-02
-0.000000000000000000e+00,0.000000000000000000e+00,1.000000000000000000e+00,9.110031820113561052e-01
0.000000000000000000e+00,0.000000000000000000e+00,0.000000000000000000e+00,1.000000000000000000e+00
9.293116008606836509e-01,3.692965590223573069e-01,0.000000000000000000e+00,-4.891718265954678180e-02
-3.692965590223573069e-01,9.293116008606836509e-01,-0.000000000000000000e+00,3.217674610967888316e-02
-0.000000000000000000e+00,0.000000000000000000e+00,1.000000000000000000e+00,9.110066083423121741e-01
0.000000000000000000e+00,0.000000000000000000e+00,0.000000000000000000e+00,1.000000000000000000e+00
9.302784433378331608e-01,3.668542188130565207e-01,0.000000000000000000e+00,-4.862342604815009933e-02
-3.668542188130565207e-01,9.302784433378331608e-01,-0.000000000000000000e+00,3.189210607250140411e-02
-0.000000000000000000e+00,0.000000000000000000e+00,1.000000000000000000e+00,9.110100346732684651e-01
0.000000000000000000e+00,0.000000000000000000e+00,0.000000000000000000e+00,1.000000000000000000e+00
9.312388670704080385e-01,3.644093473793213467e-01,0.000000000000000000e+00,-4.832892277291044036e-02
-3.644093473793213467e-01,9.312388670704080385e-01,-0.000000000000000000e+00,3.160823864151156293e-02
-0.000000000000000000e+00,0.000000000000000000e+00,1.000000000000000000e+00,9.110134610042243120e-01
0.000000000000000000e+00,0.000000000000000000e+00,0.000000000000000000e+00,1.000000000000000000e+00
9.321928654316670171e-01,3.619619615903001408e-01,0.000000000000000000e+00,-4.803367486584444318e-02
-3.619619615903001408e-01,9.321928654316670171e-01,-0.000000000000000000e+00,3.132514577534076944e-02
-0.000000000000000000e+00,0.000000000000000000e+00,1.000000000000000000e+00,9.110168873351808250e-01
0.000000000000000000e+00,0.000000000000000000e+00,0.000000000000000000e+00,1.000000000000000000e+00
9.331404318392025887e-01,3.595120783324901037e-01,0.000000000000000000e+00,-4.773768436410660843e-02
-3.595120783324901037e-01,9.331404318392025887e-01,-0.000000000000000000e+00,3.104282942727598985e-02
-0.000000000000000000e+00,0.000000000000000000e+00,1.000000000000000000e+00,9.110203136661368939e-01
0.000000000000000000e+00,0.000000000000000000e+00,0.000000000000000000e+00,1.000000000000000000e+00
9.340815597549865235e-01,3.570597145096204295e-01,0.000000000000000000e+00,-4.744095330997517845e-02
-3.570597145096204295e-01,9.340815597549865235e-01,-0.000000000000000000e+00,3.076129154524640669e-02
-0.000000000000000000e+00,0.000000000000000000e+00,1.000000000000000000e+00,9.110237399970931849e-01
0.000000000000000000e+00,0.000000000000000000e+00,0.000000000000000000e+00,1.000000000000000000e+00
9.350162426854148334e-01,3.546048870425356214e-01,0.000000000000000000e+00,-4.714348375083804443e-02
-3.546048870425356214e-01,9.350162426854148334e-01,-0.000000000000000000e+00,3.048053407180994004e-02
-0.000000000000000000e+00,0.000000000000000000e+00,1.000000000000000000e+00,9.110271663280490317e-01
0.000000000000000000e+00,0.000000000000000000e+00,0.000000000000000000e+00,1.000000000000000000e+00
9.359444741813528479e-01,3.521476128690791962e-01,0.000000000000000000e+00,-4.684527773917870896e-02
-3.521476128690791962e-01,9.359444741813528479e-01,-0.000000000000000000e+00,3.020055894413986239e-02
-0.000000000000000000e+00,0.000000000000000000e+00,1.000000000000000000e+00,9.110305926590053227e-01
0.000000000000000000e+00,0.000000000000000000e+00,0.000000000000000000e+00,1.000000000000000000e+00
9.368662478381797332e-01,3.496879089439760557e-01,0.000000000000000000e+00,-4.654633733256199196e-02
-3.496879089439760557e-01,9.368662478381797332e-01,-0.000000000000000000e+00,2.992136809401134065e-02
-0.000000000000000000e+00,0.000000000000000000e+00,1.000000000000000000e+00,9.110340189899616137e-01
0.000000000000000000e+00,0.000000000000000000e+00,0.000000000000000000e+00,1.000000000000000000e+00
9.377815572958321244e-01,3.472257922387160800e-01,0.000000000000000000e+00,-4.624666459361991694e-02
-3.472257922387160800e-01,9.377815572958321244e-01,-0.000000000000000000e+00,2.964296344778824532e-02
-0.000000000000000000e+00,0.000000000000000000e+00,1.000000000000000000e+00,9.110374453209176826e-01
0.000000000000000000e+00,0.000000000000000000e+00,0.000000000000000000e+00,1.000000000000000000e+00
9.386903962388485345e-01,3.447612797414371100e-01,0.000000000000000000e+00,-4.594626159003748628e-02
-3.447612797414371100e-01,9.386903962388485345e-01,-0.000000000000000000e+00,2.936534692640972374e-02
-0.000000000000000000e+00,0.000000000000000000e+00,1.000000000000000000e+00,9.110408716518739736e-01
0.000000000000000000e+00,0.000000000000000000e+00,0.000000000000000000e+00,1.000000000000000000e+00
9.395927583964132079e-01,3.422943884568071526e-01,0.000000000000000000e+00,-4.564513039453835241e-02
-3.422943884568071526e-01,9.395927583964132079e-01,-0.000000000000000000e+00,2.908852044537707168e-02
-0.000000000000000000e+00,0.000000000000000000e+00,1.000000000000000000e+00,9.110442979828300425e-01
0.000000000000000000e+00,0.000000000000000000e+00,0.000000000000000000e+00,1.000000000000000000e+00
9.404886375423981981e-01,3.398251354059076412e-01,0.000000000000000000e+00,-4.534327308487058616e-02
-3.398251354059076412e-01,9.404886375423981981e-01,-0.000000000000000000e+00,2.881248591474044191e-02
-0.000000000000000000e+00,0.000000000000000000e+00,1.000000000000000000e+00,9.110477243137863335e-01
0.000000000000000000e+00,0.000000000000000000e+00,0.000000000000000000e+00,1.000000000000000000e+00
9.413780274954079985e-01,3.373535376261154739e-01,0.000000000000000000e+00,-4.504069174379227852e-02
-3.373535376261154739e-01,9.413780274954079985e-01,-0.000000000000000000e+00,2.853724523908564639e-02
-0.000000000000000000e+00,0.000000000000000000e+00,1.000000000000000000e+00,9.110511506447424024e-01
0.000000000000000000e+00,0.000000000000000000e+00,0.000000000000000000e+00,1.000000000000000000e+00
9.422609221188205098e-01,3.348796121709861628e-01,0.000000000000000000e+00,-4.473738845905723266e-02
-3.348796121709861628e-01,9.422609221188205098e-01,-0.000000000000000000e+00,2.826280031752108693e-02
-0.000000000000000000e+00,0.000000000000000000e+00,1.000000000000000000e+00,9.110545769756984713e-01
0.000000000000000000e+00,0.000000000000000000e+00,0.000000000000000000e+00,1.000000000000000000e+00
9.431373153208306714e-01,3.324033761101353734e-01,0.000000000000000000e+00,-4.443336532340049633e-02
-3.324033761101353734e-01,9.431373153208306714e-01,-0.000000000000000000e+00,2.798915304366460244e-02
-0.000000000000000000e+00,0.000000000000000000e+00,1.000000000000000000e+00,9.110580033066549843e-01
0.000000000000000000e+00,0.000000000000000000e+00,0.000000000000000000e+00,1.000000000000000000e+00
9.440072010544917624e-01,3.299248465291214072e-01,0.000000000000000000e+00,-4.412862443452395672e-02
-3.299248465291214072e-01,9.440072010544917624e-01,-0.000000000000000000e+00,2.771630530563037181e-02
-0.000000000000000000e+00,0.000000000000000000e+00,1.000000000000000000e+00,9.110614296376106092e-01
0.000000000000000000e+00,0.000000000000000000e+00,0.000000000000000000e+00,1.000000000000000000e+00
9.448705733177574784e-01,3.274440405293281842e-01,0.000000000000000000e+00,-4.382316789508185900e-02
-3.274440405293281842e-01,9.448705733177574784e-01,-0.000000000000000000e+00,2.744425898601600411e-02
-0.000000000000000000e+00,0.000000000000000000e+00,1.000000000000000000e+00,9.110648559685669001e-01
0.000000000000000000e+00,0.000000000000000000e+00,0.000000000000000000e+00,1.000000000000000000e+00
9.457274261535232318e-01,3.249609752278452834e-01,0.000000000000000000e+00,-4.351699781266636646e-02
-3.249609752278452834e-01,9.457274261535232318e-01,-0.000000000000000000e+00,2.717301596188942056e-02
-0.000000000000000000e+00,0.000000000000000000e+00,1.000000000000000000e+00,9.110682822995231911e-01
0.000000000000000000e+00,0.000000000000000000e+00,0.000000000000000000e+00,1.000000000000000000e+00
9.465777536496671196e-01,3.224756677573520913e-01,0.000000000000000000e+00,-4.321011629979282231e-02
-3.224756677573520913e-01,9.465777536496671196e-01,-0.000000000000000000e+00,2.690257810477598988e-02
-0.000000000000000000e+00,0.000000000000000000e+00,1.000000000000000000e+00,9.110717086304794821e-01
0.000000000000000000e+00,0.000000000000000000e+00,0.000000000000000000e+00,1.000000000000000000e+00
9.474215499390910011e-01,3.199881352659979528e-01,0.000000000000000000e+00,-4.290252547388545556e-02
-3.199881352659979528e-01,9.474215499390910011e-01,-0.000000000000000000e+00,2.663294728064552822e-02
-0.000000000000000000e+00,0.000000000000000000e+00,1.000000000000000000e+00,9.110751349614355510e-01
0.000000000000000000e+00,0.000000000000000000e+00,0.000000000000000000e+00,1.000000000000000000e+00
9.482588091997605773e-01,3.174983949172847653e-01,0.000000000000000000e+00,-4.259422745726247628e-02
-3.174983949172847653e-01,9.482588091997605773e-01,-0.000000000000000000e+00,2.636412534989954898e-02
-0.000000000000000000e+00,0.000000000000000000e+00,1.000000000000000000e+00,9.110785612923916199e-01
0.000000000000000000e+00,0.000000000000000000e+00,0.000000000000000000e+00,1.000000000000000000e+00
9.490895256547461356e-01,3.150064638899477965e-01,0.000000000000000000e+00,-4.228522437712169124e-02
-3.150064638899477965e-01,9.490895256547461356e-01,-0.000000000000000000e+00,2.609611416735830094e-02
-0.000000000000000000e+00,0.000000000000000000e+00,1.000000000000000000e+00,9.110819876233476888e-01
0.000000000000000000e+00,0.000000000000000000e+00,0.000000000000000000e+00,1.000000000000000000e+00
9.499136935722618524e-01,3.125123593778382780e-01,0.000000000000000000e+00,-4.197551836552566862e-02
-3.125123593778382780e-01,9.499136935722618524e-01,-0.000000000000000000e+00,2.582891558224804235e-02
-0.000000000000000000e+00,0.000000000000000000e+00,1.000000000000000000e+00,9.110854139543039798e-01
0.000000000000000000e+00,0.000000000000000000e+00,0.000000000000000000e+00,1.000000000000000000e+00
9.507313072657055386e-01,3.100160985898032795e-01,0.000000000000000000e+00,-4.166511155938700667e-02
-3.100160985898032795e-01,9.507313072657055386e-01,-0.000000000000000000e+00,2.556253143818825596e-02
-0.000000000000000000e+00,0.000000000000000000e+00,1.000000000000000000e+00,9.110888402852602708e-01
0.000000000000000000e+00,0.000000000000000000e+00,0.000000000000000000e+00,1.000000000000000000e+00
9.515423610936981635e-01,3.075176987495681358e-01,0.000000000000000000e+00,-4.135400610045379677e-02
-3.075176987495681358e-01,9.515423610936981635e-01,-0.000000000000000000e+00,2.529696357317893704e-02
-0.000000000000000000e+00,0.000000000000000000e+00,1.000000000000000000e+00,9.110922666162161176e-01
0.000000000000000000e+00,0.000000000000000000e+00,0.000000000000000000e+00,1.000000000000000000e+00
9.523468494601221579e-01,3.050171770956175421e-01,0.000000000000000000e+00,-4.104220413529453826e-02
-3.050171770956175421e-01,9.523468494601221579e-01,-0.000000000000000000e+00,2.503221381958794026e-02
-0.000000000000000000e+00,0.000000000000000000e+00,1.000000000000000000e+00,9.110956929471724086e-01
0.000000000000000000e+00,0.000000000000000000e+00,0.000000000000000000e+00,1.000000000000000000e+00
9.531447668141608265e-01,3.025145508810758166e-01,0.000000000000000000e+00,-4.072970781528365003e-02
-3.025145508810758166e-01,9.531447668141608265e-01,-0.000000000000000000e+00,2.476828400413826764e-02
-0.000000000000000000e+00,0.000000000000000000e+00,1.000000000000000000e+00,9.110991192781286996e-01
0.000000000000000000e+00,0.000000000000000000e+00,0.000000000000000000e+00,1.000000000000000000e+00
9.539361076503357628e-01,3.000098373735883839e-01,0.000000000000000000e+00,-4.041651929658632986e-02
-3.000098373735883839e-01,9.539361076503357628e-01,-0.000000000000000000e+00,2.450517594789551612e-02
-0.000000000000000000e+00,0.000000000000000000e+00,1.000000000000000000e+00,9.111025456090847685e-01
0.000000000000000000e+00,0.000000000000000000e+00,0.000000000000000000e+00,1.000000000000000000e+00
9.547208665085455959e-01,2.975030538552030368e-01,0.000000000000000000e+00,-4.010264074014391333e-02
-2.975030538552030368e-01,9.547208665085455959e-01,-0.000000000000000000e+00,2.424289146625533201e-02
-0.000000000000000000e+00,0.000000000000000000e+00,1.000000000000000000e+00,9.111059719400408374e-01
0.000000000000000000e+00,0.000000000000000000e+00,0.000000000000000000e+00,1.000000000000000000e+00
9.554990379741032935e-01,2.949942176222496437e-01,0.000000000000000000e+00,-3.978807431165878178e-02
-2.949942176222496437e-01,9.554990379741032935e-01,-0.000000000000000000e+00,2.398143236893077179e-02
-0.000000000000000000e+00,0.000000000000000000e+00,1.000000000000000000e+00,9.111093982709973504e-01
0.000000000000000000e+00,0.000000000000000000e+00,0.000000000000000000e+00,1.000000000000000000e+00
9.562706166777734662e-01,2.924833459852217987e-01,0.000000000000000000e+00,-3.947282218157958933e-02
-2.924833459852217987e-01,9.562706166777734662e-01,-0.000000000000000000e+00,2.372080045993998909e-02
-0.000000000000000000e+00,0.000000000000000000e+00,1.000000000000000000e+00,9.111128246019534194e-01
0.000000000000000000e+00,0.000000000000000000e+00,0.000000000000000000e+00,1.000000000000000000e+00
9.570355972958094481e-01,2.899704562686570841e-01,0.000000000000000000e+00,-3.915688652508613615e-02
-2.899704562686570841e-01,9.570355972958094481e-01,-0.000000000000000000e+00,2.346099753759364748e-02
-0.000000000000000000e+00,0.000000000000000000e+00,1.000000000000000000e+00,9.111162509329094883e-01
0.000000000000000000e+00,0.000000000000000000e+00,0.000000000000000000e+00,1.000000000000000000e+00
9.577939745499906010e-01,2.874555658110172218e-01,0.000000000000000000e+00,-3.884026952207444983e-02
-2.874555658110172218e-01,9.577939745499906010e-01,-0.000000000000000000e+00,2.320202539448254497e-02
-0.000000000000000000e+00,0.000000000000000000e+00,1.000000000000000000e+00,9.111196772638657793e-01
0.000000000000000000e+00,0.000000000000000000e+00,0.000000000000000000e+00,1.000000000000000000e+00
9.585457432076576190e-01,2.849386919645685579e-01,0.000000000000000000e+00,-3.852297335714173487e-02
-2.849386919645685579e-01,9.585457432076576190e-01,-0.000000000000000000e+00,2.294388581746531486e-02
-0.000000000000000000e+00,0.000000000000000000e+00,1.000000000000000000e+00,9.111231035948216261e-01
0.000000000000000000e+00,0.000000000000000000e+00,0.000000000000000000e+00,1.000000000000000000e+00
9.592908980817497211e-01,2.824198520952626024e-01,0.000000000000000000e+00,-3.820500021957125292e-02
-2.824198520952626024e-01,9.592908980817497211e-01,-0.000000000000000000e+00,2.268658058765598423e-02
-0.000000000000000000e+00,0.000000000000000000e+00,1.000000000000000000e+00,9.111265299257776951e-01
0.000000000000000000e+00,0.000000000000000000e+00,0.000000000000000000e+00,1.000000000000000000e+00
9.600294340308397345e-01,2.798990635826164586e-01,0.000000000000000000e+00,-3.788635230331723058e-02
-2.798990635826164586e-01,9.600294340308397345e-01,-0.000000000000000000e+00,2.243011148041178585e-02
-0.000000000000000000e+00,0.000000000000000000e+00,1.000000000000000000e+00,9.111299562567342081e-01
0.000000000000000000e+00,0.000000000000000000e+00,0.000000000000000000e+00,1.000000000000000000e+00
9.607613459591698435e-01,2.773763438195915865e-01,0.000000000000000000e+00,-3.756703180698982292e-02
-2.773763438195915865e-01,9.607613459591698435e-01,-0.000000000000000000e+00,2.217448026532083810e-02
-0.000000000000000000e+00,0.000000000000000000e+00,1.000000000000000000e+00,9.111333825876898329e-01
0.000000000000000000e+00,0.000000000000000000e+00,0.000000000000000000e+00,1.000000000000000000e+00
9.614866288166868946e-01,2.748517102124755640e-01,0.000000000000000000e+00,-3.724704093383977843e-02
-2.748517102124755640e-01,9.614866288166868946e-01,-0.000000000000000000e+00,2.191968870618999157e-02
-0.000000000000000000e+00,0.000000000000000000e+00,1.000000000000000000e+00,9.111368089186463459e-01
0.000000000000000000e+00,0.000000000000000000e+00,0.000000000000000000e+00,1.000000000000000000e+00
9.622052775990767026e-01,2.723251801807605732e-01,0.000000000000000000e+00,-3.692638189174335395e-02
-2.723251801807605732e-01,9.622052775990767026e-01,-0.000000000000000000e+00,2.166573856103259921e-02
-0.000000000000000000e+00,0.000000000000000000e+00,1.000000000000000000e+00,9.111402352496026369e-01
0.000000000000000000e+00,0.000000000000000000e+00,0.000000000000000000e+00,1.000000000000000000e+00
9.629172873477993555e-01,2.697967711570242177e-01,0.000000000000000000e+00,-3.660505689318704903e-02
-2.697967711570242177e-01,9.629172873477993555e-01,-0.000000000000000000e+00,2.141263158205644959e-02
-0.000000000000000000e+00,0.000000000000000000e+00,1.000000000000000000e+00,9.111436615805589279e-01
0.000000000000000000e+00,0.000000000000000000e+00,0.000000000000000000e+00,1.000000000000000000e+00
9.636226531501226322e-01,2.672665005868083421e-01,0.000000000000000000e+00,-3.628306815525229878e-02
-2.672665005868083421e-01,9.636226531501226322e-01,-0.000000000000000000e+00,2.116036951565159613e-02
-0.000000000000000000e+00,0.000000000000000000e+00,1.000000000000000000e+00,9.111470879115149968e-01
0.000000000000000000e+00,0.000000000000000000e+00,0.000000000000000000e+00,1.000000000000000000e+00
9.643213701391566417e-01,2.647343859284995160e-01,0.000000000000000000e+00,-3.596041789960029156e-02
-2.647343859284995160e-01,9.643213701391566417e-01,-0.000000000000000000e+00,2.090895410237840479e-02
-0.000000000000000000e+00,0.000000000000000000e+00,1.000000000000000000e+00,9.111505142424712878e-01
0.000000000000000000e+00,0.000000000000000000e+00,0.000000000000000000e+00,1.000000000000000000e+00
9.650134334938867964e-01,2.622004446532076871e-01,0.000000000000000000e+00,-3.563710835245643971e-02
-2.622004446532076871e-01,9.650134334938867964e-01,-0.000000000000000000e+00,2.065838707695548740e-02
-0.000000000000000000e+00,0.000000000000000000e+00,1.000000000000000000e+00,9.111539405734273567e-01
0.000000000000000000e+00,0.000000000000000000e+00,0.000000000000000000e+00,1.000000000000000000e+00
9.656988384392073410e-01,2.596646942446466655e-01,0.000000000000000000e+00,-3.531314174459524585e-02
-2.596646942446466655e-01,9.656988384392073410e-01,-0.000000000000000000e+00,2.040867016824768343e-02
-0.000000000000000000e+00,0.000000000000000000e+00,1.000000000000000000e+00,9.111573669043832036e-01
0.000000000000000000e+00,0.000000000000000000e+00,0.000000000000000000e+00,1.000000000000000000e+00
9.663775802459543263e-01,2.571271521990123876e-01,0.000000000000000000e+00,-3.498852031132480833e-02
-2.571271521990123876e-01,9.663775802459543263e-01,-0.000000000000000000e+00,2.015980509925429515e-02
-0.000000000000000000e+00,0.000000000000000000e+00,1.000000000000000000e+00,9.111607932353394945e-01
0.000000000000000000e+00,0.000000000000000000e+00,0.000000000000000000e+00,1.000000000000000000e+00
9.670496542309383603e-01,2.545878360248631789e-01,0.000000000000000000e+00,-3.466324629247131972e-02
-2.545878360248631789e-01,9.670496542309383603e-01,-0.000000000000000000e+00,1.991179358709699310e-02
-0.000000000000000000e+00,0.000000000000000000e+00,1.000000000000000000e+00,9.111642195662957855e-01
0.000000000000000000e+00,0.000000000000000000e+00,0.000000000000000000e+00,1.000000000000000000e+00
9.677150557569763611e-01,2.520467632429984617e-01,0.000000000000000000e+00,-3.433732193236373881e-02
-2.520467632429984617e-01,9.677150557569763611e-01,-0.000000000000000000e+00,1.966463734300811367e-02
-0.000000000000000000e+00,0.000000000000000000e+00,1.000000000000000000e+00,9.111676458972520765e-01
0.000000000000000000e+00,0.000000000000000000e+00,0.000000000000000000e+00,1.000000000000000000e+00
9.683737802329243083e-01,2.495039513863376579e-01,0.000000000000000000e+00,-3.401074947981825441e-02
-2.495039513863376579e-01,9.683737802329243083e-01,-0.000000000000000000e+00,1.941833807231879705e-02
-0.000000000000000000e+00,0.000000000000000000e+00,1.000000000000000000e+00,9.111710722282081454e-01
0.000000000000000000e+00,0.000000000000000000e+00,0.000000000000000000e+00,1.000000000000000000e+00
9.690258231137084399e-01,2.469594179997996186e-01,0.000000000000000000e+00,-3.368353118812277003e-02
-2.469594179997996186e-01,9.690258231137084399e-01,-0.000000000000000000e+00,1.917289747444723969e-02
-0.000000000000000000e+00,0.000000000000000000e+00,1.000000000000000000e+00,9.111744985591642143e-01
0.000000000000000000e+00,0.000000000000000000e+00,0.000000000000000000e+00,1.000000000000000000e+00
9.696711799003566723e-01,2.444131806401816098e-01,0.000000000000000000e+00,-3.335566931502135374e-02
-2.444131806401816098e-01,9.696711799003566723e-01,-0.000000000000000000e+00,1.892831724288696754e-02
-0.000000000000000000e+00,0.000000000000000000e+00,1.000000000000000000e+00,9.111779248901200612e-01
0.000000000000000000e+00,0.000000000000000000e+00,0.000000000000000000e+00,1.000000000000000000e+00
9.703098461400297969e-01,2.418652568760376043e-01,0.000000000000000000e+00,-3.302716612269863267e-02
-2.418652568760376043e-01,9.703098461400297969e-01,-0.000000000000000000e+00,1.868459906519510591e-02
-0.000000000000000000e+00,0.000000000000000000e+00,1.000000000000000000e+00,9.111813512210765742e-01
0.000000000000000000e+00,0.000000000000000000e+00,0.000000000000000000e+00,1.000000000000000000e+00
9.709418174260520118e-01,2.393156642875577111e-01,0.000000000000000000e+00,-3.269802387776429148e-02
-2.393156642875577111e-01,9.709418174260520118e-01,-0.000000000000000000e+00,1.844174462298079145e-02
-0.000000000000000000e+00,0.000000000000000000e+00,1.000000000000000000e+00,9.111847775520328652e-01
0.000000000000000000e+00,0.000000000000000000e+00,0.000000000000000000e+00,1.000000000000000000e+00
9.715670893979415634e-01,2.367644204664466345e-01,0.000000000000000000e+00,-3.236824485123725864e-02
-2.367644204664466345e-01,9.715670893979415634e-01,-0.000000000000000000e+00,1.819975559189355302e-02
-0.000000000000000000e+00,0.000000000000000000e+00,1.000000000000000000e+00,9.111882038829891561e-01
0.000000000000000000e+00,0.000000000000000000e+00,0.000000000000000000e+00,1.000000000000000000e+00
9.721856577414403899e-01,2.342115430158023259e-01,0.000000000000000000e+00,-3.203783131853020494e-02
-2.342115430158023259e-01,9.721856577414403899e-01,-0.000000000000000000e+00,1.795863364161174106e-02
-0.000000000000000000e+00,0.000000000000000000e+00,1.000000000000000000e+00,9.111916302139450030e-01
0.000000000000000000e+00,0.000000000000000000e+00,0.000000000000000000e+00,1.000000000000000000e+00
9.727975181885445410e-01,2.316570495499939986e-01,0.000000000000000000e+00,-3.170678555943377136e-02
-2.316570495499939986e-01,9.727975181885445410e-01,-0.000000000000000000e+00,1.771838043583104372e-02
-0.000000000000000000e+00,0.000000000000000000e+00,1.000000000000000000e+00,9.111950565449010719e-01
0.000000000000000000e+00,0.000000000000000000e+00,0.000000000000000000e+00,1.000000000000000000e+00
9.734026665175331550e-01,2.291009576945415571e-01,0.000000000000000000e+00,-3.137510985810076924e-02
-2.291009576945415571e-01,9.734026665175331550e-01,-0.000000000000000000e+00,1.747899763225291281e-02
-0.000000000000000000e+00,0.000000000000000000e+00,1.000000000000000000e+00,9.111984828758573629e-01
0.000000000000000000e+00,0.000000000000000000e+00,0.000000000000000000e+00,1.000000000000000000e+00
9.740010985529976573e-01,2.265432850859936120e-01,0.000000000000000000e+00,-3.104280650303061287e-02
-2.265432850859936120e-01,9.740010985529976573e-01,-0.000000000000000000e+00,1.724048688257326031e-02
-0.000000000000000000e+00,0.000000000000000000e+00,1.000000000000000000e+00,9.112019092068134318e-01
0.000000000000000000e+00,0.000000000000000000e+00,0.000000000000000000e+00,1.000000000000000000e+00
9.745928101658706266e-01,2.239840493718049663e-01,0.000000000000000000e+00,-3.070987778705326979e-02
-2.239840493718049663e-01,9.745928101658706266e-01,-0.000000000000000000e+00,1.700284983247095719e-02
-0.000000000000000000e+00,0.000000000000000000e+00,1.000000000000000000e+00,9.112053355377699448e-01
0.000000000000000000e+00,0.000000000000000000e+00,0.000000000000000000e+00,1.000000000000000000e+00
9.751777972734545497e-01,2.214232682102159067e-01,0.000000000000000000e+00,-3.037632600731367608e-02
-2.214232682102159067e-01,9.751777972734545497e-01,-0.000000000000000000e+00,1.676608812159646397e-02
-0.000000000000000000e+00,0.000000000000000000e+00,1.000000000000000000e+00,9.112087618687257917e-01
0.000000000000000000e+00,0.000000000000000000e+00,0.000000000000000000e+00,1.000000000000000000e+00
9.757560558394491323e-01,2.188609592701305784e-01,0.000000000000000000e+00,-3.004215346525576300e-02
-2.188609592701305784e-01,9.757560558394491323e-01,-0.000000000000000000e+00,1.653020338356065919e-02
-0.000000000000000000e+00,0.000000000000000000e+00,1.000000000000000000e+00,9.112121881996820827e-01
0.000000000000000000e+00,0.000000000000000000e+00,0.000000000000000000e+00,1.000000000000000000e+00
9.763275818739803880e-01,2.162971402309936675e-01,0.000000000000000000e+00,-2.970736246660662244e-02
-2.162971402309936675e-01,9.763275818739803880e-01,-0.000000000000000000e+00,1.629519724592346994e-02
-0.000000000000000000e+00,0.000000000000000000e+00,1.000000000000000000e+00,9.112156145306381516e-01
0.000000000000000000e+00,0.000000000000000000e+00,0.000000000000000000e+00,1.000000000000000000e+00
9.768923714336270603e-01,2.137318287826697194e-01,0.000000000000000000e+00,-2.937195532136053361e-02
-2.137318287826697194e-01,9.768923714336270603e-01,-0.000000000000000000e+00,1.606107133018253030e-02
-0.000000000000000000e+00,0.000000000000000000e+00,1.000000000000000000e+00,9.112190408615944426e-01
0.000000000000000000e+00,0.000000000000000000e+00,0.000000000000000000e+00,1.000000000000000000e+00
9.774504206214484903e-01,2.111650426253204593e-01,0.000000000000000000e+00,-2.903593434376311455e-02
-2.111650426253204593e-01,9.774504206214484903e-01,-0.000000000000000000e+00,1.582782725176226299e-02
-0.000000000000000000e+00,0.000000000000000000e+00,1.000000000000000000e+00,9.112224671925505115e-01
0.000000000000000000e+00,0.000000000000000000e+00,0.000000000000000000e+00,1.000000000000000000e+00
9.780017255870112614e-01,2.085967994692829452e-01,0.000000000000000000e+00,-2.869930185229524824e-02
-2.085967994692829452e-01,9.780017255870112614e-01,-0.000000000000000000e+00,1.559546662000247524e-02
-0.000000000000000000e+00,0.000000000000000000e+00,1.000000000000000000e+00,9.112258935235065804e-01
0.000000000000000000e+00,0.000000000000000000e+00,0.000000000000000000e+00,1.000000000000000000e+00
9.785462825264159559e-01,2.060271170349471104e-01,0.000000000000000000e+00,-2.836206016965725149e-02
-2.060271170349471104e-01,9.785462825264159559e-01,-0.000000000000000000e+00,1.536399103814742317e-02
-0.000000000000000000e+00,0.000000000000000000e+00,1.000000000000000000e+00,9.112293198544630934e-01
0.000000000000000000e+00,0.000000000000000000e+00,0.000000000000000000e+00,1.000000000000000000e+00
9.790840876823229122e-01,2.034560130526337773e-01,0.000000000000000000e+00,-2.802421162275266220e-02
-2.034560130526337773e-01,9.790840876823229122e-01,-0.000000000000000000e+00,1.513340210333462971e-02
-0.000000000000000000e+00,0.000000000000000000e+00,1.000000000000000000e+00,9.112327461854189403e-01
0.000000000000000000e+00,0.000000000000000000e+00,0.000000000000000000e+00,1.000000000000000000e+00
9.796151373439787591e-01,2.008835052624721451e-01,0.000000000000000000e+00,-2.768575854267226605e-02
-2.008835052624721451e-01,9.796151373439787591e-01,-0.000000000000000000e+00,1.490370140658396104e-02
-0.000000000000000000e+00,0.000000000000000000e+00,1.000000000000000000e+00,9.112361725163752313e-01
0.000000000000000000e+00,0.000000000000000000e+00,0.000000000000000000e+00,1.000000000000000000e+00
9.801394278472417287e-01,1.983096114142770816e-01,0.000000000000000000e+00,-2.734670326467804335e-02
-1.983096114142770816e-01,9.801394278472417287e-01,-0.000000000000000000e+00,1.467489053278658688e-02
-0.000000000000000000e+00,0.000000000000000000e+00,1.000000000000000000e+00,9.112395988473313002e-01
0.000000000000000000e+00,0.000000000000000000e+00,0.000000000000000000e+00,1.000000000000000000e+00
9.806569555746069700e-01,1.957343492674276375e-01,0.000000000000000000e+00,-2.700704812818703268e-02
-1.957343492674276375e-01,9.806569555746069700e-01,-0.000000000000000000e+00,1.444697106069405511e-02
-0.000000000000000000e+00,0.000000000000000000e+00,1.000000000000000000e+00,9.112430251782878132e-01
0.000000000000000000e+00,0.000000000000000000e+00,0.000000000000000000e+00,1.000000000000000000e+00
9.811677169552313060e-01,1.931577365907433952e-01,0.000000000000000000e+00,-2.666679547675517015e-02
-1.931577365907433952e-01,9.811677169552313060e-01,-0.000000000000000000e+00,1.421994456290752093e-02
-0.000000000000000000e+00,0.000000000000000000e+00,1.000000000000000000e+00,9.112464515092436601e-01
0.000000000000000000e+00,0.000000000000000000e+00,0.000000000000000000e+00,1.000000000000000000e+00
9.816717084649584368e-01,1.905797911623620944e-01,0.000000000000000000e+00,-2.632594765806107323e-02
-1.905797911623620944e-01,9.816717084649584368e-01,-0.000000000000000000e+00,1.399381260586662901e-02
-0.000000000000000000e+00,0.000000000000000000e+00,1.000000000000000000e+00,9.112498778401997290e-01
0.000000000000000000e+00,0.000000000000000000e+00,0.000000000000000000e+00,1.000000000000000000e+00
9.821689266263424756e-01,1.880005307696182570e-01,0.000000000000000000e+00,-2.598450702389002234e-02
-1.880005307696182570e-01,9.821689266263424756e-01,-0.000000000000000000e+00,1.376857674983895594e-02
-0.000000000000000000e+00,0.000000000000000000e+00,1.000000000000000000e+00,9.112533041711564641e-01
0.000000000000000000e+00,0.000000000000000000e+00,0.000000000000000000e+00,1.000000000000000000e+00
9.826593680086727067e-01,1.854199732089183150e-01,0.000000000000000000e+00,-2.564247593011750523e-02
-1.854199732089183150e-01,9.826593680086727067e-01,-0.000000000000000000e+00,1.354423854890910231e-02
-0.000000000000000000e+00,0.000000000000000000e+00,1.000000000000000000e+00,9.112567305021120889e-01
0.000000000000000000e+00,0.000000000000000000e+00,0.000000000000000000e+00,1.000000000000000000e+00
9.831430292279965677e-01,1.828381362856192904e-01,0.000000000000000000e+00,-2.529985673669312221e-02
-1.828381362856192904e-01,9.831430292279965677e-01,-0.000000000000000000e+00,1.332079955096810917e-02
-0.000000000000000000e+00,0.000000000000000000e+00,1.000000000000000000e+00,9.112601568330683799e-01
0.000000000000000000e+00,0.000000000000000000e+00,0.000000000000000000e+00,1.000000000000000000e+00
9.836199069471436296e-01,1.802550378139058107e-01,0.000000000000000000e+00,-2.495665180762424509e-02
-1.802550378139058107e-01,9.836199069471436296e-01,-0.000000000000000000e+00,1.309826129770259515e-02
-0.000000000000000000e+00,0.000000000000000000e+00,1.000000000000000000e+00,9.112635831640244488e-01
0.000000000000000000e+00,0.000000000000000000e+00,0.000000000000000000e+00,1.000000000000000000e+00
9.840899978757481348e-01,1.776706956166663465e-01,0.000000000000000000e+00,-2.461286351095965177e-02
-1.776706956166663465e-01,9.840899978757481348e-01,-0.000000000000000000e+00,1.287662532458417990e-02
-0.000000000000000000e+00,0.000000000000000000e+00,1.000000000000000000e+00,9.112670094949809618e-01
0.000000000000000000e+00,0.000000000000000000e+00,0.000000000000000000e+00,1.000000000000000000e+00
9.845532987702718675e-01,1.750851275253717809e-01,0.000000000000000000e+00,-2.426849421877337598e-02
-1.750851275253717809e-01,9.845532987702718675e-01,-0.000000000000000000e+00,1.265589316085909133e-02
-0.000000000000000000e+00,0.000000000000000000e+00,1.000000000000000000e+00,9.112704358259368087e-01
0.000000000000000000e+00,0.000000000000000000e+00,0.000000000000000000e+00,1.000000000000000000e+00
9.850098064340269133e-01,1.724983513799504542e-01,0.000000000000000000e+00,-2.392354630714806779e-02
-1.724983513799504542e-01,9.850098064340269133e-01,-0.000000000000000000e+00,1.243606632953727330e-02
-0.000000000000000000e+00,0.000000000000000000e+00,1.000000000000000000e+00,9.112738621568928776e-01
0.000000000000000000e+00,0.000000000000000000e+00,0.000000000000000000e+00,1.000000000000000000e+00
9.854595177171968645e-01,1.699103850286667050e-01,0.000000000000000000e+00,-2.357802215615884336e-02
-1.699103850286667050e-01,9.854595177171968645e-01,-0.000000000000000000e+00,1.221714634738211951e-02
-0.000000000000000000e+00,0.000000000000000000e+00,1.000000000000000000e+00,9.112772884878489466e-01
0.000000000000000000e+00,0.000000000000000000e+00,0.000000000000000000e+00,1.000000000000000000e+00
9.859024295168593577e-01,1.673212463279966367e-01,0.000000000000000000e+00,-2.323192414985667323e-02
-1.673212463279966367e-01,9.859024295168593577e-01,-0.000000000000000000e+00,1.199913472489991598e-02
-0.000000000000000000e+00,0.000000000000000000e+00,1.000000000000000000e+00,9.112807148188054596e-01
0.000000000000000000e+00,0.000000000000000000e+00,0.000000000000000000e+00,1.000000000000000000e+00
9.863385387770071677e-01,1.647309531425055762e-01,0.000000000000000000e+00,-2.288525467625208976e-02
-1.647309531425055762e-01,9.863385387770071677e-01,-0.000000000000000000e+00,1.178203296632949169e-02
-0.000000000000000000e+00,0.000000000000000000e+00,1.000000000000000000e+00,9.112841411497617505e-01
0.000000000000000000e+00,0.000000000000000000e+00,0.000000000000000000e+00,1.000000000000000000e+00
9.867678424885690802e-01,1.621395233447245343e-01,0.000000000000000000e+00,-2.253801612729860321e-02
-1.621395233447245343e-01,9.867678424885690802e-01,-0.000000000000000000e+00,1.156584256963169577e-02
-0.000000000000000000e+00,0.000000000000000000e+00,1.000000000000000000e+00,9.112875674807178195e-01
0.000000000000000000e+00,0.000000000000000000e+00,0.000000000000000000e+00,1.000000000000000000e+00
9.871903376894310966e-01,1.595469748150271649e-01,0.000000000000000000e+00,-2.219021089887631554e-02
-1.595469748150271649e-01,9.871903376894310966e-01,-0.000000000000000000e+00,1.135056502647924757e-02
-0.000000000000000000e+00,0.000000000000000000e+00,1.000000000000000000e+00,9.112909938116738884e-01
0.000000000000000000e+00,0.000000000000000000e+00,0.000000000000000000e+00,1.000000000000000000e+00
9.876060214644566404e-01,1.569533254415057255e-01,0.000000000000000000e+00,-2.184184139077515602e-02
-1.569533254415057255e-01,9.876060214644566404e-01,-0.000000000000000000e+00,1.113620182224628156e-02
-0.000000000000000000e+00,0.000000000000000000e+00,1.000000000000000000e+00,9.112944201426301793e-01
0.000000000000000000e+00,0.000000000000000000e+00,0.000000000000000000e+00,1.000000000000000000e+00
9.880148909455065409e-01,1.543585931198482586e-01,0.000000000000000000e+00,-2.149291000667864077e-02
-1.543585931198482586e-01,9.880148909455065409e-01,-0.000000000000000000e+00,1.092275443599820955e-02
-0.000000000000000000e+00,0.000000000000000000e+00,1.000000000000000000e+00,9.112978464735860262e-01
0.000000000000000000e+00,0.000000000000000000e+00,0.000000000000000000e+00,1.000000000000000000e+00
9.884169433114589065e-01,1.517627957532152461e-01,0.000000000000000000e+00,-2.114341915414700776e-02
-1.517627957532152461e-01,9.884169433114589065e-01,-0.000000000000000000e+00,1.071022434048143554e-02
-0.000000000000000000e+00,0.000000000000000000e+00,1.000000000000000000e+00,9.113012728045423172e-01
0.000000000000000000e+00,0.000000000000000000e+00,0.000000000000000000e+00,1.000000000000000000e+00
9.888121757882291085e-01,1.491659512521149589e-01,0.000000000000000000e+00,-2.079337124460074737e-02
-1.491659512521149589e-01,9.888121757882291085e-01,-0.000000000000000000e+00,1.049861300211329257e-02
-0.000000000000000000e+00,0.000000000000000000e+00,1.000000000000000000e+00,9.113046991354983861e-01
0.000000000000000000e+00,0.000000000000000000e+00,0.000000000000000000e+00,1.000000000000000000e+00
9.892005856487877669e-01,1.465680775342817488e-01,0.000000000000000000e+00,-2.044276869330398719e-02
-1.465680775342817488e-01,9.892005856487877669e-01,-0.000000000000000000e+00,1.028792188097179053e-02
-0.000000000000000000e+00,0.000000000000000000e+00,1.000000000000000000e+00,9.113081254664546771e-01
0.000000000000000000e+00,0.000000000000000000e+00,0.000000000000000000e+00,1.000000000000000000e+00
9.895821702131808451e-01,1.439691925245507598e-01,0.000000000000000000e+00,-2.009161391934775887e-02
-1.439691925245507598e-01,9.895821702131808451e-01,-0.000000000000000000e+00,1.007815243078567444e-02
-0.000000000000000000e+00,0.000000000000000000e+00,1.000000000000000000e+00,9.113115517974109681e-01
0.000000000000000000e+00,0.000000000000000000e+00,0.000000000000000000e+00,1.000000000000000000e+00
9.899569268485471918e-01,1.413693141547350540e-01,0.000000000000000000e+00,-1.973990934563329622e-02
-1.413693141547350540e-01,9.899569268485471918e-01,-0.000000000000000000e+00,9.869306098924283260e-03
-0.000000000000000000e+00,0.000000000000000000e+00,1.000000000000000000e+00,9.113149781283670370e-01
0.000000000000000000e+00,0.000000000000000000e+00,0.000000000000000000e+00,1.000000000000000000e+00
9.903248529691373037e-01,1.387684603635011005e-01,0.000000000000000000e+00,-1.938765739885529860e-02
-1.387684603635011005e-01,9.903248529691373037e-01,-0.000000000000000000e+00,9.661384326387649837e-03
-0.000000000000000000e+00,0.000000000000000000e+00,1.000000000000000000e+00,9.113184044593233279e-01
0.000000000000000000e+00,0.000000000000000000e+00,0.000000000000000000e+00,1.000000000000000000e+00
9.906859460363307557e-01,1.361666490962465670e-01,0.000000000000000000e+00,-1.903486050948534694e-02
-1.361666490962465670e-01,9.906859460363307557e-01,-0.000000000000000000e+00,9.454388547796519285e-03
-0.000000000000000000e+00,0.000000000000000000e+00,1.000000000000000000e+00,9.113218307902793969e-01
0.000000000000000000e+00,0.000000000000000000e+00,0.000000000000000000e+00,1.000000000000000000e+00
9.910402035586539649e-01,1.335638983049750594e-01,0.000000000000000000e+00,-1.868152111175500757e-02
-1.335638983049750594e-01,9.910402035586539649e-01,-0.000000000000000000e+00,9.248320191382464542e-03
-0.000000000000000000e+00,0.000000000000000000e+00,1.000000000000000000e+00,9.113252571212354658e-01
0.000000000000000000e+00,0.000000000000000000e+00,0.000000000000000000e+00,1.000000000000000000e+00
9.913876230917973986e-01,1.309602259481722764e-01,0.000000000000000000e+00,-1.832764164363892556e-02
-1.309602259481722764e-01,9.913876230917973986e-01,-0.000000000000000000e+00,9.043180678977972425e-03
-0.000000000000000000e+00,0.000000000000000000e+00,1.000000000000000000e+00,9.113286834521915347e-01
0.000000000000000000e+00,0.000000000000000000e+00,0.000000000000000000e+00,1.000000000000000000e+00
9.917282022386321172e-01,1.283556499906834403e-01,0.000000000000000000e+00,-1.797322454683828591e-02
-1.283556499906834403e-01,9.917282022386321172e-01,-0.000000000000000000e+00,8.838971426006744792e-03
-0.000000000000000000e+00,0.000000000000000000e+00,1.000000000000000000e+00,9.113321097831480477e-01
0.000000000000000000e+00,0.000000000000000000e+00,0.000000000000000000e+00,1.000000000000000000e+00
9.920619386492267600e-01,1.257501884035877593e-01,0.000000000000000000e+00,-1.761827226676376812e-02
-1.257501884035877593e-01,9.920619386492267600e-01,-0.000000000000000000e+00,8.635693841473824489e-03
-0.000000000000000000e+00,0.000000000000000000e+00,1.000000000000000000e+00,9.113355361141038946e-01
0.000000000000000000e+00,0.000000000000000000e+00,0.000000000000000000e+00,1.000000000000000000e+00
9.923888300208635327e-01,1.231438591640754421e-01,0.000000000000000000e+00,-1.726278725251861879e-02
-1.231438591640754421e-01,9.923888300208635327e-01,-0.000000000000000000e+00,8.433349327955957236e-03
-0.000000000000000000e+00,0.000000000000000000e+00,1.000000000000000000e+00,9.113389624450599635e-01
0.000000000000000000e+00,0.000000000000000000e+00,0.000000000000000000e+00,1.000000000000000000e+00
9.927088740980539727e-01,1.205366802553229921e-01,0.000000000000000000e+00,-1.690677195688193232e-02
-1.205366802553229921e-01,9.927088740980539727e-01,-0.000000000000000000e+00,8.231939281591868496e-03
-0.000000000000000000e+00,0.000000000000000000e+00,1.000000000000000000e+00,9.113423887760164765e-01
0.000000000000000000e+00,0.000000000000000000e+00,0.000000000000000000e+00,1.000000000000000000e+00
9.930220686725548251e-01,1.179286696663699729e-01,0.000000000000000000e+00,-1.655022883629168537e-02
-1.179286696663699729e-01,9.930220686725548251e-01,-0.000000000000000000e+00,8.031465092072581982e-03
-0.000000000000000000e+00,0.000000000000000000e+00,1.000000000000000000e+00,9.113458151069723234e-01
0.000000000000000000e+00,0.000000000000000000e+00,0.000000000000000000e+00,1.000000000000000000e+00
9.933284115833829198e-01,1.153198453919941080e-01,0.000000000000000000e+00,-1.619316035082764976e-02
-1.153198453919941080e-01,9.933284115833829198e-01,-0.000000000000000000e+00,7.831928142631934195e-03
-0.000000000000000000e+00,0.000000000000000000e+00,1.000000000000000000e+00,9.113492414379286144e-01
0.000000000000000000e+00,0.000000000000000000e+00,0.000000000000000000e+00,1.000000000000000000e+00
9.936279007168303812e-01,1.127102254325872549e-01,0.000000000000000000e+00,-1.583556896419456919e-02
-1.127102254325872549e-01,9.936279007168303812e-01,-0.000000000000000000e+00,7.633329810037021296e-03
-0.000000000000000000e+00,0.000000000000000000e+00,1.000000000000000000e+00,9.113526677688849054e-01
0.000000000000000000e+00,0.000000000000000000e+00,0.000000000000000000e+00,1.000000000000000000e+00
9.939205340064790617e-01,1.100998277940315462e-01,0.000000000000000000e+00,-1.547745714370509645e-02
-1.100998277940315462e-01,9.939205340064790617e-01,-0.000000000000000000e+00,7.435671464578557516e-03
-0.000000000000000000e+00,0.000000000000000000e+00,1.000000000000000000e+00,9.113560940998409743e-01
0.000000000000000000e+00,0.000000000000000000e+00,0.000000000000000000e+00,1.000000000000000000e+00
9.942063094332149742e-01,1.074886704875750443e-01,0.000000000000000000e+00,-1.511882736026278623e-02
-1.074886704875750443e-01,9.942063094332149742e-01,-0.000000000000000000e+00,7.238954470061654232e-03
-0.000000000000000000e+00,0.000000000000000000e+00,1.000000000000000000e+00,9.113595204307970432e-01
0.000000000000000000e+00,0.000000000000000000e+00,0.000000000000000000e+00,1.000000000000000000e+00
9.944852250252417258e-01,1.048767715297069664e-01,0.000000000000000000e+00,-1.475968208834502887e-02
-1.048767715297069664e-01,9.944852250252417258e-01,-0.000000000000000000e+00,7.043180183796169704e-03
-0.000000000000000000e+00,0.000000000000000000e+00,1.000000000000000000e+00,9.113629467617533342e-01
0.000000000000000000e+00,0.000000000000000000e+00,0.000000000000000000e+00,1.000000000000000000e+00
9.947572788580948400e-01,1.022641489420341859e-01,0.000000000000000000e+00,-1.440002380598595123e-02
-1.022641489420341859e-01,9.947572788580948400e-01,-0.000000000000000000e+00,6.848349956587521103e-03
-0.000000000000000000e+00,0.000000000000000000e+00,1.000000000000000000e+00,9.113663730927094031e-01
0.000000000000000000e+00,0.000000000000000000e+00,0.000000000000000000e+00,1.000000000000000000e+00
9.950224690546545236e-01,9.965082075115647142e-02,0.000000000000000000e+00,-1.403985499475941118e-02
-9.965082075115647142e-02,9.950224690546545236e-01,-0.000000000000000000e+00,6.654465132727217271e-03
-0.000000000000000000e+00,0.000000000000000000e+00,1.000000000000000000e+00,9.113697994236654720e-01
0.000000000000000000e+00,0.000000000000000000e+00,0.000000000000000000e+00,1.000000000000000000e+00
9.952807937851587683e-01,9.703680498854196090e-02,0.000000000000000000e+00,-1.367917813976185677e-02
-9.703680498854196090e-02,9.952807937851587683e-01,-0.000000000000000000e+00,6.461527049983784368e-03
-0.000000000000000000e+00,0.000000000000000000e+00,1.000000000000000000e+00,9.113732257546219850e-01
0.000000000000000000e+00,0.000000000000000000e+00,0.000000000000000000e+00,1.000000000000000000e+00
9.955322512672160062e-01,9.442211969040266439e-02,0.000000000000000000e+00,-1.331799572959503630e-02
-9.442211969040266439e-02,9.955322512672160062e-01,-0.000000000000000000e+00,6.269537039593316846e-03
-0.000000000000000000e+00,0.000000000000000000e+00,1.000000000000000000e+00,9.113766520855780540e-01
0.000000000000000000e+00,0.000000000000000000e+00,0.000000000000000000e+00,1.000000000000000000e+00
9.957768397658173232e-01,9.180678289757106258e-02,0.000000000000000000e+00,-1.295631025634895808e-02
-9.180678289757106258e-02,9.957768397658173232e-01,-0.000000000000000000e+00,6.078496426250456879e-03
-0.000000000000000000e+00,0.000000000000000000e+00,1.000000000000000000e+00,9.113800784165341229e-01
0.000000000000000000e+00,0.000000000000000000e+00,0.000000000000000000e+00,1.000000000000000000e+00
9.960145575933486706e-01,8.919081265537369407e-02,0.000000000000000000e+00,-1.259412421558473924e-02
-8.919081265537369407e-02,9.960145575933486706e-01,-0.000000000000000000e+00,5.888406528099080633e-03
-0.000000000000000000e+00,0.000000000000000000e+00,1.000000000000000000e+00,9.113835047474901918e-01
0.000000000000000000e+00,0.000000000000000000e+00,0.000000000000000000e+00,1.000000000000000000e+00
9.962454031096020790e-01,8.657422701350879490e-02,0.000000000000000000e+00,-1.223144010631724635e-02
-8.657422701350879490e-02,9.962454031096020790e-01,-0.000000000000000000e+00,5.699268656723458122e-03
-0.000000000000000000e+00,0.000000000000000000e+00,1.000000000000000000e+00,9.113869310784462607e-01
0.000000000000000000e+00,0.000000000000000000e+00,0.000000000000000000e+00,1.000000000000000000e+00
9.964693747217873154e-01,8.395704402592021887e-02,0.000000000000000000e+00,-1.186826043099797195e-02
-8.395704402592021887e-02,9.964693747217873154e-01,-0.000000000000000000e+00,5.511084117138923856e-03
-0.000000000000000000e+00,0.000000000000000000e+00,1.000000000000000000e+00,9.113903574094025517e-01
0.000000000000000000e+00,0.000000000000000000e+00,0.000000000000000000e+00,1.000000000000000000e+00
9.966864708845427634e-01,8.133928175067345334e-02,0.000000000000000000e+00,-1.150458769549769257e-02
-8.133928175067345334e-02,9.966864708845427634e-01,-0.000000000000000000e+00,5.323854207783095677e-03
-0.000000000000000000e+00,0.000000000000000000e+00,1.000000000000000000e+00,9.113937837403586206e-01
0.000000000000000000e+00,0.000000000000000000e+00,0.000000000000000000e+00,1.000000000000000000e+00
9.968966900999463032e-01,7.872095824983116330e-02,0.000000000000000000e+00,-1.114042440908918734e-02
-7.872095824983116330e-02,9.968966900999463032e-01,-0.000000000000000000e+00,5.137580220506772662e-03
-0.000000000000000000e+00,0.000000000000000000e+00,1.000000000000000000e+00,9.113972100713149116e-01
0.000000000000000000e+00,0.000000000000000000e+00,0.000000000000000000e+00,1.000000000000000000e+00
9.971000309175250820e-01,7.610209158932820794e-02,0.000000000000000000e+00,-1.077577308442997407e-02
-7.610209158932820794e-02,9.971000309175250820e-01,-0.000000000000000000e+00,4.952263440565102780e-03
-0.000000000000000000e+00,0.000000000000000000e+00,1.000000000000000000e+00,9.114006364022707585e-01
0.000000000000000000e+00,0.000000000000000000e+00,0.000000000000000000e+00,1.000000000000000000e+00
9.972964919342661716e-01,7.348269983884715695e-02,0.000000000000000000e+00,-1.041063623754499672e-02
-7.348269983884715695e-02,9.972964919342661716e-01,-0.000000000000000000e+00,4.767905146608691566e-03
-0.000000000000000000e+00,0.000000000000000000e+00,1.000000000000000000e+00,9.114040627332270494e-01
0.000000000000000000e+00,0.000000000000000000e+00,0.000000000000000000e+00,1.000000000000000000e+00
9.974860717946258948e-01,7.086280107169345976e-02,0.000000000000000000e+00,-1.004501638780907341e-02
-7.086280107169345976e-02,9.974860717946258948e-01,-0.000000000000000000e+00,4.584506610674683041e-03
-0.000000000000000000e+00,0.000000000000000000e+00,1.000000000000000000e+00,9.114074890641833404e-01
0.000000000000000000e+00,0.000000000000000000e+00,0.000000000000000000e+00,1.000000000000000000e+00
9.976687691905391508e-01,6.824241336467105901e-02,0.000000000000000000e+00,-9.678916057929762631e-03
-6.824241336467105901e-02,9.976687691905391508e-01,-0.000000000000000000e+00,4.402069098178181504e-03
-0.000000000000000000e+00,0.000000000000000000e+00,1.000000000000000000e+00,9.114109153951396314e-01
0.000000000000000000e+00,0.000000000000000000e+00,0.000000000000000000e+00,1.000000000000000000e+00
9.978445828614287416e-01,6.562155479795732382e-02,0.000000000000000000e+00,-9.312337773929781765e-03
-6.562155479795732382e-02,9.978445828614287416e-01,-0.000000000000000000e+00,4.220593867903385359e-03
-0.000000000000000000e+00,0.000000000000000000e+00,1.000000000000000000e+00,9.114143417260959223e-01
0.000000000000000000e+00,0.000000000000000000e+00,0.000000000000000000e+00,1.000000000000000000e+00
9.980135115942134760e-01,6.300024345497899636e-02,0.000000000000000000e+00,-8.945284065129713649e-03
-6.300024345497899636e-02,9.980135115942134760e-01,-0.000000000000000000e+00,4.040082171994909162e-03
-0.000000000000000000e+00,0.000000000000000000e+00,1.000000000000000000e+00,9.114177680570517692e-01
0.000000000000000000e+00,0.000000000000000000e+00,0.000000000000000000e+00,1.000000000000000000e+00
9.981755542233174960e-01,6.037849742228605654e-02,0.000000000000000000e+00,-8.577757464130400869e-03
-6.037849742228605654e-02,9.981755542233174960e-01,-0.000000000000000000e+00,3.860535255949175491e-03
-0.000000000000000000e+00,0.000000000000000000e+00,1.000000000000000000e+00,9.114211943880080602e-01
0.000000000000000000e+00,0.000000000000000000e+00,0.000000000000000000e+00,1.000000000000000000e+00
9.983307096306771600e-01,5.775633478942852200e-02,0.000000000000000000e+00,-8.209760506795567292e-03
-5.775633478942852200e-02,9.983307096306771600e-01,-0.000000000000000000e+00,3.681954358605779923e-03
-0.000000000000000000e+00,0.000000000000000000e+00,1.000000000000000000e+00,9.114246207189643512e-01
0.000000000000000000e+00,0.000000000000000000e+00,0.000000000000000000e+00,1.000000000000000000e+00
9.984789767457498133e-01,5.513377364883030596e-02,0.000000000000000000e+00,-7.841295732234370222e-03
-5.513377364883030596e-02,9.984789767457498133e-01,-0.000000000000000000e+00,3.504340712139001300e-03
-0.000000000000000000e+00,0.000000000000000000e+00,1.000000000000000000e+00,9.114280470499204201e-01
0.000000000000000000e+00,0.000000000000000000e+00,0.000000000000000000e+00,1.000000000000000000e+00
9.986203545455203390e-01,5.251083209566521914e-02,0.000000000000000000e+00,-7.472365682783757394e-03
-5.251083209566521914e-02,9.986203545455203390e-01,-0.000000000000000000e+00,3.327695542049295945e-03
-0.000000000000000000e+00,0.000000000000000000e+00,1.000000000000000000e+00,9.114314733808764890e-01
0.000000000000000000e+00,0.000000000000000000e+00,0.000000000000000000e+00,1.000000000000000000e+00
9.987548420545090400e-01,4.988752822773195872e-02,0.000000000000000000e+00,-7.102972903991003513e-03
-4.988752822773195872e-02,9.987548420545090400e-01,-0.000000000000000000e+00,3.152020067154767159e-03
-0.000000000000000000e+00,0.000000000000000000e+00,1.000000000000000000e+00,9.114348997118327800e-01
0.000000000000000000e+00,0.000000000000000000e+00,0.000000000000000000e+00,1.000000000000000000e+00
9.988824383447774125e-01,4.726388014532867388e-02,0.000000000000000000e+00,-6.733119944596100206e-03
-4.726388014532867388e-02,9.988824383447774125e-01,-0.000000000000000000e+00,2.977315499582800385e-03
-0.000000000000000000e+00,0.000000000000000000e+00,1.000000000000000000e+00,9.114383260427888489e-01
0.000000000000000000e+00,0.000000000000000000e+00,0.000000000000000000e+00,1.000000000000000000e+00
9.990031425359353623e-01,4.463990595112943965e-02,0.000000000000000000e+00,-6.362809356514291699e-03
-4.463990595112943965e-02,9.990031425359353623e-01,-0.000000000000000000e+00,2.803583044761797684e-03
-0.000000000000000000e+00,0.000000000000000000e+00,1.000000000000000000e+00,9.114417523737449178e-01
0.000000000000000000e+00,0.000000000000000000e+00,0.000000000000000000e+00,1.000000000000000000e+00
9.991169537951468671e-01,4.201562375005708089e-02,0.000000000000000000e+00,-5.992043694818208026e-03
-4.201562375005708089e-02,9.991169537951468671e-01,-0.000000000000000000e+00,2.630823901412638124e-03
-0.000000000000000000e+00,0.000000000000000000e+00,1.000000000000000000e+00,9.114451787047014308e-01
0.000000000000000000e+00,0.000000000000000000e+00,0.000000000000000000e+00,1.000000000000000000e+00
9.992238713371358605e-01,3.939105164916088114e-02,0.000000000000000000e+00,-5.620825517720560299e-03
-3.939105164916088114e-02,9.992238713371358605e-01,-0.000000000000000000e+00,2.459039261540671602e-03
-0.000000000000000000e+00,0.000000000000000000e+00,1.000000000000000000e+00,9.114486050356577218e-01
0.000000000000000000e+00,0.000000000000000000e+00,0.000000000000000000e+00,1.000000000000000000e+00
9.993238944241917832e-01,3.676620775748960790e-02,0.000000000000000000e+00,-5.249157386556253975e-03
-3.676620775748960790e-02,9.993238944241917832e-01,-0.000000000000000000e+00,2.288230310427191803e-03
-0.000000000000000000e+00,0.000000000000000000e+00,1.000000000000000000e+00,9.114520313666135687e-01
0.000000000000000000e+00,0.000000000000000000e+00,0.000000000000000000e+00,1.000000000000000000e+00
9.994170223661740238e-01,3.414111018596784064e-02,0.000000000000000000e+00,-4.877041865764779674e-03
-3.414111018596784064e-02,9.994170223661740238e-01,-0.000000000000000000e+00,2.118398226621601328e-03
-0.000000000000000000e+00,0.000000000000000000e+00,1.000000000000000000e+00,9.114554576975698597e-01
0.000000000000000000e+00,0.000000000000000000e+00,0.000000000000000000e+00,1.000000000000000000e+00
9.995032545205176921e-01,3.151577704727005769e-02,0.000000000000000000e+00,-4.504481522872604005e-03
-3.151577704727005769e-02,9.995032545205176921e-01,-0.000000000000000000e+00,1.949544181932965975e-03
-0.000000000000000000e+00,0.000000000000000000e+00,1.000000000000000000e+00,9.114588840285261506e-01
0.000000000000000000e+00,0.000000000000000000e+00,0.000000000000000000e+00,1.000000000000000000e+00
9.995825902922371720e-01,2.889022645569624612e-02,0.000000000000000000e+00,-4.131478928475303646e-03
-2.889022645569624612e-02,9.995825902922371720e-01,-0.000000000000000000e+00,1.781669341422147980e-03
-0.000000000000000000e+00,0.000000000000000000e+00,1.000000000000000000e+00,9.114623103594817755e-01
0.000000000000000000e+00,0.000000000000000000e+00,0.000000000000000000e+00,1.000000000000000000e+00
9.996550291339308947e-01,2.626447652704700167e-02,0.000000000000000000e+00,-3.758036656219920172e-03
-2.626447652704700167e-02,9.996550291339308947e-01,-0.000000000000000000e+00,1.614774863393676025e-03
-0.000000000000000000e+00,0.000000000000000000e+00,1.000000000000000000e+00,9.114657366904380664e-01
0.000000000000000000e+00,0.000000000000000000e+00,0.000000000000000000e+00,1.000000000000000000e+00
9.997205705457844482e-01,2.363854537849793824e-02,0.000000000000000000e+00,-3.384157282787239422e-03
-2.363854537849793824e-02,9.997205705457844482e-01,-0.000000000000000000e+00,1.448861899387721055e-03
-0.000000000000000000e+00,0.000000000000000000e+00,1.000000000000000000e+00,9.114691630213941353e-01
0.000000000000000000e+00,0.000000000000000000e+00,0.000000000000000000e+00,1.000000000000000000e+00
9.997792140755744628e-01,2.101245112847539495e-02,0.000000000000000000e+00,-3.009843387873904329e-03
-2.101245112847539495e-02,9.997792140755744628e-01,-0.000000000000000000e+00,1.283931594172254024e-03
-0.000000000000000000e+00,0.000000000000000000e+00,1.000000000000000000e+00,9.114725893523504263e-01
0.000000000000000000e+00,0.000000000000000000e+00,0.000000000000000000e+00,1.000000000000000000e+00
9.998309593186719413e-01,1.838621189653079011e-02,0.000000000000000000e+00,-2.635097554174725947e-03
-1.838621189653079011e-02,9.998309593186719413e-01,-0.000000000000000000e+00,1.119985085735030611e-03
-0.000000000000000000e+00,0.000000000000000000e+00,1.000000000000000000e+00,9.114760156833067173e-01
0.000000000000000000e+00,0.000000000000000000e+00,0.000000000000000000e+00,1.000000000000000000e+00
9.998758059180444802e-01,1.575984580321631440e-02,0.000000000000000000e+00,-2.259922367364767225e-03
-1.575984580321631440e-02,9.998758059180444802e-01,-0.000000000000000000e+00,9.570235052758444818e-04
-0.000000000000000000e+00,0.000000000000000000e+00,1.000000000000000000e+00,9.114794420142630083e-01
0.000000000000000000e+00,0.000000000000000000e+00,0.000000000000000000e+00,1.000000000000000000e+00
9.999137535642589336e-01,1.313337096995895875e-02,0.000000000000000000e+00,-1.884320416081529783e-03
-1.313337096995895875e-02,9.999137535642589336e-01,-0.000000000000000000e+00,7.950479771986462265e-04
-0.000000000000000000e+00,0.000000000000000000e+00,1.000000000000000000e+00,9.114828683452188551e-01
0.000000000000000000e+00,0.000000000000000000e+00,0.000000000000000000e+00,1.000000000000000000e+00
9.999448019954837452e-01,1.050680551893616588e-02,0.000000000000000000e+00,-1.508294291907204439e-03
-1.050680551893616588e-02,9.999448019954837452e-01,-0.000000000000000000e+00,6.340596191037803624e-04
-0.000000000000000000e+00,0.000000000000000000e+00,1.000000000000000000e+00,9.114862946761751461e-01
0.000000000000000000e+00,0.000000000000000000e+00,0.000000000000000000e+00,1.000000000000000000e+00
9.999689509974908352e-01,7.880167572950845176e-03,0.000000000000000000e+00,-1.131846589350579994e-03
-7.880167572950845176e-03,9.999689509974908352e-01,-0.000000000000000000e+00,4.740595417804187956e-04
-0.000000000000000000e+00,0.000000000000000000e+00,1.000000000000000000e+00,9.114897210071312150e-01
0.000000000000000000e+00,0.000000000000000000e+00,0.000000000000000000e+00,1.000000000000000000e+00
9.999862004036564889e-01,5.253475255305938355e-03,0.000000000000000000e+00,-7.549799058293138162e-04
-5.253475255305938355e-03,9.999862004036564889e-01,-0.000000000000000000e+00,3.150488491986006630e-04
-0.000000000000000000e+00,0.000000000000000000e+00,1.000000000000000000e+00,9.114931473380877280e-01
0.000000000000000000e+00,0.000000000000000000e+00,0.000000000000000000e+00,1.000000000000000000e+00
9.999965500949632435e-01,2.626746689679627760e-03,0.000000000000000000e+00,-3.776968416519753922e-04
-2.626746689679627760e-03,9.999965500949632435e-01,-0.000000000000000000e+00,1.570286385019966377e-04
-0.000000000000000000e+00,0.000000000000000000e+00,1.000000000000000000e+00,9.114965736690437970e-01
0.000000000000000000e+00,0.000000000000000000e+00,0.000000000000000000e+00,1.000000000000000000e+00
1.000000000000000000e+00,0.000000000000000000e+00,0.000000000000000000e+00,-2.775557561562891351e-17
0.000000000000000000e+00,1.000000000000000000e+00,0.000000000000000000e+00,0.000000000000000000e+00
0.000000000000000000e+00,0.000000000000000000e+00,1.000000000000000000e+00,9.114999999999998659e-01
0.000000000000000000e+00,0.000000000000000000e+00,0.000000000000000000e+00,1.000000000000000000e+00
