1.000000000000000000e+00,0.000000000000000000e+00,0.000000000000000000e+00,0.000000000000000000e+00
0.000000000000000000e+00,1.000000000000000000e+00,0.000000000000000000e+00,0.000000000000000000e+00
0.000000000000000000e+00,0.000000000000000000e+00,1.000000000000000000e+00,6.999999999999999556e-01
0.000000000000000000e+00,0.000000000000000000e+00,0.000000000000000000e+00,1.000000000000000000e+00
9.999964896014345017e-01,2.623729129796834297e-03,3.699057467022017149e-04,1.524613055707332160e-03
-2.623672391101583481e-03,9.999965463401297994e-01,-1.537888057977592187e-04,-6.416216790646820777e-04
-3.703079693431768566e-04,1.528177544428235596e-04,9.999999197593676392e-01,7.009042095476808454e-01
0.000000000000000000e+00,0.000000000000000000e+00,0.000000000000000000e+00,1.000000000000000000e+00
9.999859584304665594e-01,5.247496515956257684e-03,7.394066650367218333e-04,3.047871790233420974e-03
-5.247269561574938179e-03,9.999861853848478477e-01,-3.085475796161127543e-04,-1.287380284674221123e-03
-7.410155527672456378e-04,3.046633810367463651e-04,9.999996790380358824e-01,7.018077563952586084e-01
0.000000000000000000e+00,0.000000000000000000e+00,0.000000000000000000e+00,1.000000000000000000e+00
9.999684065612806094e-01,7.871283675876111774e-03,1.108500152128585013e-03,4.569765109021209533e-03
-7.870773030016955246e-03,9.999689172071397625e-01,-4.642752312879743371e-04,-1.937272147330128865e-03
-1.112120138897121531e-03,4.555358101357623703e-04,9.999992778377004843e-01,7.027106404121060690e-01
0.000000000000000000e+00,0.000000000000000000e+00,0.000000000000000000e+00,1.000000000000000000e+00
9.999438341175175271e-01,1.049507212681495723e-02,1.477183607972884678e-03,6.090281927132046823e-03
-1.049416431568460546e-02,9.999447419286477956e-01,-6.209706638211925532e-04,-2.591293568418021141e-03
-1.483619113561114762e-03,6.054339789493598913e-04,9.999987161611874065e-01,7.036128614722662045e-01
0.000000000000000000e+00,0.000000000000000000e+00,0.000000000000000000e+00,1.000000000000000000e+00
9.999122412722726283e-01,1.311884338602225218e-02,1.845454435453096386e-03,7.609411169323753756e-03
-1.311742493862509511e-02,9.999136597196698339e-01,-7.786327734062779534e-04,-3.249440820233668020e-03
-1.855509859809344143e-03,7.543568315500082935e-04,9.999979940124533728e-01,7.045144194544511462e-01
0.000000000000000000e+00,0.000000000000000000e+00,0.000000000000000000e+00,1.000000000000000000e+00
9.998736282480957804e-01,1.574257897086856275e-02,2.213310040359373846e-03,9.127141770128664039e-03
-1.574053641980606780e-02,9.998756707991582893e-01,-9.372604494241791682e-04,-3.911710146009254700e-03
-2.227789757932173171e-03,9.023033188805956728e-04,9.999971113965855363e-01,7.054153142420448441e-01
0.000000000000000000e+00,0.000000000000000000e+00,0.000000000000000000e+00,1.000000000000000000e+00
9.998279953169884049e-01,1.836626039897574711e-02,2.580747831406820982e-03,1.064346267393154188e-02
-1.836348028124575385e-02,9.998307754347184328e-01,-1.096852574454105535e-03,-4.578097759939841679e-03
-2.600456185478660764e-03,1.049272398761819103e-03,9.999960683198012568e-01,7.063155457231021783e-01
0.000000000000000000e+00,0.000000000000000000e+00,0.000000000000000000e+00,1.000000000000000000e+00
9.997753428004024778e-01,2.098986918834717941e-02,2.947765220253750328e-03,1.215836283504749885e-02
-2.098623804614316302e-02,9.997789739426065081e-01,-1.257408024281399597e-03,-5.248599847210039596e-03
-2.973506517275040836e-03,1.195263035899526202e-03,9.999948647894481013e-01,7.072151137903506246e-01
0.000000000000000000e+00,0.000000000000000000e+00,0.000000000000000000e+00,1.000000000000000000e+00
9.997156710692381987e-01,2.361338685749789917e-02,3.314359621519910853e-03,1.367183121779976494e-02
-2.360879123900821303e-02,9.997202666877279542e-01,-1.418925667905455903e-03,-5.923212564020877494e-03
-3.346938125443207294e-03,1.340274201892008125e-03,9.999935008140043990e-01,7.081140183411915867e-01
0.000000000000000000e+00,0.000000000000000000e+00,0.000000000000000000e+00,1.000000000000000000e+00
9.996489805438411036e-01,2.623679492558483525e-02,3.680528452804702772e-03,1.518385679659745545e-02
-2.623112138579188415e-02,9.996546540836340755e-01,-1.581404367547687827e-03,-6.601932037616880557e-03
-3.720748379419231127e-03,1.484304875237243016e-03,9.999919764030781311e-01,7.090122592776998411e-01
0.000000000000000000e+00,0.000000000000000000e+00,0.000000000000000000e+00,1.000000000000000000e+00
9.995752716939991789e-01,2.886007491253698640e-02,4.046269134705370030e-03,1.669442855601322231e-02
-2.885321001401637900e-02,9.995821365925198210e-01,-1.744842978659542649e-03,-7.284754366313348634e-03
-4.094934645971888554e-03,1.627354041340092934e-03,9.999902915674078185e-01,7.099098365066252025e-01
0.000000000000000000e+00,0.000000000000000000e+00,0.000000000000000000e+00,1.000000000000000000e+00
9.994945450389395303e-01,3.148320833918558104e-02,4.411579090835168922e-03,1.820353549086087611e-02
-3.147503865290521285e-02,9.995027147252198985e-01,-1.909240349930565409e-03,-7.971675619523846401e-03
-4.469494289221213022e-03,1.769420692519450920e-03,9.999884463188619677e-01,7.108067499393927458e-01
0.000000000000000000e+00,0.000000000000000000e+00,0.000000000000000000e+00,1.000000000000000000e+00
9.994068011473248303e-01,3.410617672739426481e-02,4.776455747841514173e-03,1.971116660627285702e-02
-3.409658883351335962e-02,9.994163890412057771e-01,-2.074595323296506578e-03,-8.662691837787889551e-03
-4.844424670657055017e-03,1.910503828015338180e-03,9.999864406704389586e-01,7.117029994921032499e-01
0.000000000000000000e+00,0.000000000000000000e+00,0.000000000000000000e+00,1.000000000000000000e+00
9.993120406372495435e-01,3.672896160018926381e-02,5.140896535424111131e-03,2.121731091777773540e-02
-3.671784208885729706e-02,9.993231601485815796e-01,-2.240906733947480457e-03,-9.357799032798826133e-03
-5.219723149157679161e-03,2.050602453995954439e-03,9.999842746362673784e-01,7.125985850855345305e-01
0.000000000000000000e+00,0.000000000000000000e+00,0.000000000000000000e+00,1.000000000000000000e+00
9.992102641762347082e-01,3.935154448188955822e-02,5.504898886353062383e-03,2.272195745137758210e-02
-3.933877995404519434e-02,9.992230287040790859e-01,-2.408173410336173458e-03,-1.005699318743195556e-02
-5.595387081008366091e-03,2.189715583564680150e-03,9.999819482316051333e-01,7.134935066451413288e-01
0.000000000000000000e+00,0.000000000000000000e+00,0.000000000000000000e+00,1.000000000000000000e+00
9.991014724812244951e-01,4.197390689823696924e-02,5.868460236486940963e-03,2.422509524362524008e-02
-4.195938396640686713e-02,9.991159954130546250e-01,-2.576394174186090544e-03,-1.076027025577279417e-02
-5.971413819920026907e-03,2.327842236767024928e-03,9.999794614728404474e-01,7.143877641010558666e-01
0.000000000000000000e+00,0.000000000000000000e+00,0.000000000000000000e+00,1.000000000000000000e+00
9.989856663185798791e-01,4.459603037652639518e-02,6.231578024790871383e-03,2.572671334170159585e-02
-4.457963566562391650e-02,9.990020610294823022e-01,-2.745567840499864125e-03,-1.146762616314561146e-02
-6.347800717047856651e-03,2.464981440597535656e-03,9.999768143774905305e-01,7.152813573880889564e-01
0.000000000000000000e+00,0.000000000000000000e+00,0.000000000000000000e+00,1.000000000000000000e+00
9.988628465040740867e-01,4.721789644573584632e-02,6.594249693354552536e-03,2.722680080349271572e-02
-4.719951659385974996e-02,9.988812263559502247e-01,-2.915693217567592865e-03,-1.217905680614209118e-02
-6.724545121009985194e-03,2.601132229006646035e-03,9.999740069642023554e-01,7.161742864457294466e-01
0.000000000000000000e+00,0.000000000000000000e+00,0.000000000000000000e+00,1.000000000000000000e+00
9.987330139028867126e-01,4.983948663665663942e-02,6.956472687410291886e-03,2.872534669766692653e-02
-4.981900829588958163e-02,9.987534922436538398e-01,-3.086769106975242958e-03,-1.289455805265029599e-02
-7.101644377906161931e-03,2.736293642907484513e-03,9.999710392527523251e-01,7.170665512181458867e-01
0.000000000000000000e+00,0.000000000000000000e+00,0.000000000000000000e+00,1.000000000000000000e+00
9.985961694295975022e-01,5.246078248202341171e-02,7.318244455350986742e-03,3.022234010375179220e-02
-5.243809231923044628e-02,9.986188595923904954e-01,-3.258794303613084947e-03,-1.361412574188369980e-02
-7.479095831336441368e-03,2.870464730182628425e-03,9.999679112640457168e-01,7.179581516541850839e-01
0.000000000000000000e+00,0.000000000000000000e+00,0.000000000000000000e+00,1.000000000000000000e+00
9.984523140481798009e-01,5.508176551664428766e-02,7.679562448748111607e-03,3.171777011221111470e-02
-5.505675021427121341e-02,9.984773293505528891e-01,-3.431767595684186937e-03,-1.433775568441056705e-02
-7.856896822419901644e-03,3.003644545690813041e-03,9.999646230201171271e-01,7.188490877073754337e-01
0.000000000000000000e+00,0.000000000000000000e+00,0.000000000000000000e+00,1.000000000000000000e+00
9.983014487719940044e-01,5.770241727753092770e-02,8.040424122369660420e-03,3.321162582452170942e-02
-5.767496353440252493e-02,9.983289025151224072e-01,-3.605687764712949429e-03,-1.506544366218342222e-02
-8.235044689813373481e-03,3.135832151273589431e-03,9.999611745441299160e-01,7.197393593359238118e-01
0.000000000000000000e+00,0.000000000000000000e+00,0.000000000000000000e+00,1.000000000000000000e+00
9.981435746637800088e-01,6.032271930402859084e-02,8.400826934198085336e-03,3.470389635325019095e-02
-6.029271383614671909e-02,9.981735801316619083e-01,-3.780553585553687000e-03,-1.579718542856878641e-02
-8.613536769730189072e-03,3.267026615761929424e-03,9.999575658603760964e-01,7.206289665027181268e-01
0.000000000000000000e+00,0.000000000000000000e+00,0.000000000000000000e+00,1.000000000000000000e+00
9.979786928356504383e-01,6.294265313794611405e-02,8.760768345448189526e-03,3.619457082212968607e-02
-6.290998267928776810e-02,9.980113632943088398e-01,-3.956363826399260722e-03,-1.653297670837705971e-02
-8.992370395958938778e-03,3.397227014982788940e-03,9.999537969942764448e-01,7.215179091753270990e-01
0.000000000000000000e+00,0.000000000000000000e+00,0.000000000000000000e+00,1.000000000000000000e+00
9.978068044490822075e-01,6.556220032368605122e-02,9.120245820585029528e-03,3.768363836613647377e-02
-6.552675162700120903e-02,9.978422531457670219e-01,-4.133117248789755678e-03,-1.727281319789267938e-02
-9.371542899882265992e-03,3.526432431765617534e-03,9.999498679723798356e-01,7.224061873260000377e-01
0.000000000000000000e+00,0.000000000000000000e+00,0.000000000000000000e+00,1.000000000000000000e+00
9.976279107149084169e-01,6.818134240837461779e-02,9.479256827341759478e-03,3.917108813156647967e-02
-6.814300224598399125e-02,9.976662508772990989e-01,-4.310812607621202289e-03,-1.801669056490440637e-02
-9.751051610495654193e-03,3.654641955948818074e-03,9.999457788223635735e-01,7.232938009316675076e-01
0.000000000000000000e+00,0.000000000000000000e+00,0.000000000000000000e+00,1.000000000000000000e+00
9.974420128933100260e-01,7.080006094199164934e-02,9.837798836737481414e-03,4.065690927611170791e-02
-7.075871610658429622e-02,9.974833577287174347e-01,-4.489448651154350975e-03,-1.876460444873585820e-02
-1.013089385442624522e-02,3.781854684386158714e-03,9.999415295730328390e-01,7.241807499739414400e-01
0.000000000000000000e+00,0.000000000000000000e+00,0.000000000000000000e+00,1.000000000000000000e+00
9.972491122938070829e-01,7.341833747750062256e-02,1.019586932309505048e-02,4.214109096893670081e-02
-7.337387478293144749e-02,9.972935749883762302e-01,-4.669024121023485421e-03,-1.951655046027622048e-02
-1.051106695595167145e-02,3.908069720953135859e-03,9.999371202543206882e-01,7.250670344391150213e-01
0.000000000000000000e+00,0.000000000000000000e+00,0.000000000000000000e+00,1.000000000000000000e+00
9.970492102752489538e-01,7.603615357097859295e-02,1.055346576405887665e-02,4.362362239075478348e-02
-7.598845985306559858e-02,9.970969039931618649e-01,-4.849537752245293085e-03,-2.027252418201115972e-02
-1.089156823701891569e-02,4.033286176553284655e-03,9.999325508972874976e-01,7.259526543181626934e-01
0.000000000000000000e+00,0.000000000000000000e+00,0.000000000000000000e+00,1.000000000000000000e+00
9.968423082458051088e-01,7.865349078174610487e-02,1.091058564061268485e-02,4.510449273390428060e-02
-7.860245289906761523e-02,9.968933461284835706e-01,-5.030988273227768662e-03,-2.103252116805395117e-02
-1.127239501726315721e-02,4.157503169124443509e-03,9.999278215341212972e-01,7.268376096067410419e-01
0.000000000000000000e+00,0.000000000000000000e+00,0.000000000000000000e+00,1.000000000000000000e+00
9.966284076629554622e-01,8.127033067249697651e-02,1.126722643709725073e-02,4.658369120242460831e-02
-8.121583550718861066e-02,9.966829028282637726e-01,-5.213374405779172202e-03,-2.179653694417676632e-02
-1.165354461402664903e-02,4.280719823644965269e-03,9.999229321981371044e-01,7.277219003051872415e-01
0.000000000000000000e+00,0.000000000000000000e+00,0.000000000000000000e+00,1.000000000000000000e+00
9.964075100334797153e-01,8.388665480942854302e-02,1.162338564122815734e-02,4.806120701213243557e-02
-8.382858926798002208e-02,9.964655755749283195e-01,-5.396694865117045332e-03,-2.256456700784228303e-02
-1.203501434237766107e-02,4.402935272139889798e-03,9.999178829237769239e-01,7.286055264185210545e-01
0.000000000000000000e+00,0.000000000000000000e+00,0.000000000000000000e+00,1.000000000000000000e+00
9.961796169134469192e-01,8.650244476237109459e-02,1.197906074411344765e-02,4.953702939069754702e-02
-8.644069577642293778e-02,9.962413658993950483e-01,-5.580948359877247432e-03,-2.333660682823527135e-02
-1.241680151512933317e-02,4.524148653687045003e-03,9.999126737466094150e-01,7.294884879564432767e-01
0.000000000000000000e+00,0.000000000000000000e+00,0.000000000000000000e+00,1.000000000000000000e+00
9.959447299082041516e-01,8.911768210491785580e-02,1.233424924027133086e-02,5.101114757771875452e-02
-8.905213663205790997e-02,9.960102753810641252e-01,-5.766133592123053389e-03,-2.411265184629460961e-02
-1.279890344285863728e-02,4.644359114423119231e-03,9.999073047033293360e-01,7.303707849333365143e-01
0.000000000000000000e+00,0.000000000000000000e+00,0.000000000000000000e+00,1.000000000000000000e+00
9.957028506723658579e-01,9.173234841455485400e-02,1.268894862764780550e-02,5.248355082479973233e-02
-9.166289343911454557e-02,9.957723056478061663e-01,-5.952249257354306003e-03,-2.489269747474534555e-02
-1.318131743392532244e-02,4.763565807549675554e-03,9.999017758317580995e-01,7.312524173682639628e-01
0.000000000000000000e+00,0.000000000000000000e+00,0.000000000000000000e+00,1.000000000000000000e+00
9.954539809098016390e-01,9.434642527279069046e-02,1.304315640763432059e-02,5.395422839562469264e-02
-9.427294780664111085e-02,9.955274583759511353e-01,-6.139294044516600476e-03,-2.567673909813106975e-02
-1.356404079449087356e-02,4.881767893339120090e-03,9.998960871708424403e-01,7.321333852849712942e-01
0.000000000000000000e+00,0.000000000000000000e+00,0.000000000000000000e+00,1.000000000000000000e+00
9.951981223736245941e-01,9.695989426528615895e-02,1.339687008508532937e-02,5.542316956603399875e-02
-9.688228134863403895e-02,9.952757352902766863e-01,-6.327266636010512278e-03,-2.646477207284633412e-02
-1.394707082853746671e-02,4.998964539140606129e-03,9.998902387606553033e-01,7.330136887118837707e-01
0.000000000000000000e+00,0.000000000000000000e+00,0.000000000000000000e+00,1.000000000000000000e+00
9.949352768661787749e-01,9.957273698198411405e-02,1.375008716833591924e-02,5.689036362409982672e-02
-9.949087568416757621e-02,9.950171381639952850e-01,-6.516165707700896995e-03,-2.725679172716947291e-02
-1.433040483788700428e-02,5.115154919385914850e-03,9.998842306423944004e-01,7.338933276821089091e-01
0.000000000000000000e+00,0.000000000000000000e+00,0.000000000000000000e+00,1.000000000000000000e+00
9.946654462390264184e-01,1.021849350172389370e-01,1.410280516921929780e-02,5.835579987020138304e-02
-1.020987124375229427e-01,9.947516688187424405e-01,-6.705989928926190183e-03,-2.805279336129538892e-02
-1.471404012222006508e-02,5.230338215595254497e-03,9.998780628583827657e-01,7.347723022334338161e-01
0.000000000000000000e+00,0.000000000000000000e+00,0.000000000000000000e+00,1.000000000000000000e+00
9.943886323929354010e-01,1.047964699699465291e-01,1.445502160308439685e-02,5.981946761710057320e-02
-1.047057732383182144e-01,9.944793291245637157e-01,-6.896737962507816511e-03,-2.885277224736880822e-02
-1.509797397909498629e-02,5.344513616383042218e-03,9.998717354520683109e-01,7.356506124083262987e-01
0.000000000000000000e+00,0.000000000000000000e+00,0.000000000000000000e+00,1.000000000000000000e+00
9.941048372778651387e-01,1.074073234436736662e-01,1.480673398881331496e-02,6.128135619001708750e-02
-1.073120397216374006e-01,9.942001209999012934e-01,-7.088408464759577213e-03,-2.965672362951746188e-02
-1.548220370396685697e-02,5.457680317463608696e-03,9.998652484680229380e-01,7.365282582539348644e-01
0.000000000000000000e+00,0.000000000000000000e+00,0.000000000000000000e+00,1.000000000000000000e+00
9.938140628929531539e-01,1.100174770467875762e-01,1.515793984883881743e-02,6.274145492670359092e-02
-1.099174935281599097e-01,9.939140464115807649e-01,-7.281000085497128620e-03,-3.046464272388560435e-02
-1.586672659020657225e-02,5.569837521656862030e-03,9.998586019519429824e-01,7.374052398220866111e-01
0.000000000000000000e+00,0.000000000000000000e+00,0.000000000000000000e+00,1.000000000000000000e+00
9.935163112865011970e-01,1.126269123925857513e-01,1.550863670916179798e-02,6.419975317752102395e-02
-1.125221163042900013e-01,9.936211073747969191e-01,-7.474511468047502320e-03,-3.127652471866780581e-02
-1.625153992911993611e-02,5.680984438893920373e-03,9.998517959506484365e-01,7.382815571692887824e-01
0.000000000000000000e+00,0.000000000000000000e+00,0.000000000000000000e+00,1.000000000000000000e+00
9.932115845559608136e-01,1.152356110994251642e-01,1.585882209936868500e-02,6.565624030551334145e-02
-1.151258897022858080e-01,9.933213059531001976e-01,-7.668941249258643539e-03,-3.209236477414272731e-02
-1.663664100996669823e-02,5.791120286222655247e-03,9.998448305120829493e-01,7.391572103567273233e-01
0.000000000000000000e+00,0.000000000000000000e+00,0.000000000000000000e+00,1.000000000000000000e+00
9.928998848479182460e-01,1.178435547908520120e-01,1.620849355264887201e-02,6.711090568648270249e-02
-1.177287953803888843e-01,9.930146442583813737e-01,-7.864288059509026707e-03,-3.291215802270729823e-02
-1.702202711997968451e-02,5.900244287813219239e-03,9.998377056853131606e-01,7.400321994502671030e-01
0.000000000000000000e+00,0.000000000000000000e+00,0.000000000000000000e+00,1.000000000000000000e+00
9.925812143580792224e-01,1.204507250957308623e-01,1.655764860581205103e-02,6.856373870906409818e-02
-1.203308150029530760e-01,9.927011244508570087e-01,-8.060550522717296190e-03,-3.373589956891093200e-02
-1.740769554438385477e-02,6.008355674963510376e-03,9.998304215205282564e-01,7.409065245204504713e-01
0.000000000000000000e+00,0.000000000000000000e+00,0.000000000000000000e+00,1.000000000000000000e+00
9.922555753312540805e-01,1.230571036483744801e-01,1.690628479930561534e-02,7.001472877480031942e-02
-1.229319302405740694e-01,9.923807487390544635e-01,-8.257727256351968595e-03,-3.456358448949010953e-02
-1.779364356641550959e-02,6.115453686104584466e-03,9.998229780690403024e-01,7.417801856424979245e-01
0.000000000000000000e+00,0.000000000000000000e+00,0.000000000000000000e+00,1.000000000000000000e+00
9.919229700613415579e-01,1.256626720886727944e-01,1.725439967723194773e-02,7.146386529821639744e-02
-1.255321227702182185e-01,9.920535193797961337e-01,-8.455816871441160232e-03,-3.539520783340294185e-02
-1.817986846734134798e-02,6.221537566806022330e-03,9.998153753832829116e-01,7.426531828963062187e-01
0.000000000000000000e+00,0.000000000000000000e+00,0.000000000000000000e+00,1.000000000000000000e+00
9.915834008913125830e-01,1.282674120622225022e-01,1.760199078736574343e-02,7.291113770689426621e-02
-1.281313742753516782e-01,9.917194386781833515e-01,-8.654817972582381363e-03,-3.623076462186416991e-02
-1.856636752647766384e-02,6.326606569781240662e-03,9.998076135168120215e-01,7.435255163664495903e-01
0.000000000000000000e+00,0.000000000000000000e+00,0.000000000000000000e+00,1.000000000000000000e+00
9.912368702131939546e-01,1.308713052204562022e-01,1.794905568117126024e-02,7.435653544154730010e-02
-1.307296664460694258e-01,9.913785089875807310e-01,-8.854729157952356475e-03,-3.707024984838010878e-02
-1.895313802120948340e-02,6.430659954892758642e-03,9.997996925243043398e-01,7.443971861421773140e-01
0.000000000000000000e+00,0.000000000000000000e+00,0.000000000000000000e+00,1.000000000000000000e+00
9.908833804680514667e-01,1.334743332207717625e-01,1.829559191381959632e-02,7.580004795609462942e-02
-1.333269809792244909e-01,9.910307327095987384e-01,-9.055549019316917400e-03,-3.791365847878405693e-02
-1.934017722700978603e-02,6.533696989157415994e-03,9.997916124615576772e-01,7.452681923174147016e-01
0.000000000000000000e+00,0.000000000000000000e+00,0.000000000000000000e+00,1.000000000000000000e+00
9.905229341459725889e-01,1.360764777266614267e-01,1.864159704420589522e-02,7.724166471773544207e-02
-1.359232995785564224e-01,9.906761122940775932e-01,-9.257276142040894717e-03,-3.876098545127161510e-02
-1.972748241745864509e-02,6.635716946751527706e-03,9.997833733854906146e-01,7.461385349907609932e-01
0.000000000000000000e+00,0.000000000000000000e+00,0.000000000000000000e+00,1.000000000000000000e+00
9.901555337860490358e-01,1.386777204078412373e-01,1.898706863496653352e-02,7.868137520702311871e-02
-1.385186039548206016e-01,9.903146502390696160e-01,-9.459909105098108020e-03,-3.961222567643645637e-02
-2.011505086426247646e-02,6.736719109015998005e-03,9.997749753541416151e-01,7.470082142654894675e-01
0.000000000000000000e+00,0.000000000000000000e+00,0.000000000000000000e+00,1.000000000000000000e+00
9.897811819763587815e-01,1.412780429403795446e-01,1.933200425249630497e-02,8.011916891793946505e-02
-1.411128758259167504e-01,9.899463490908215757e-01,-9.663446481081364864e-03,-4.046737403730608224e-02
-2.050287983727322808e-02,6.836702764461392683e-03,9.997664184266686904e-01,7.478772302495472202e-01
0.000000000000000000e+00,0.000000000000000000e+00,0.000000000000000000e+00,1.000000000000000000e+00
9.893998813539477410e-01,1.438774270068270411e-01,1.967640146696557693e-02,8.155503535796859715e-02
-1.437060969170180780e-01,9.895712114437567042e-01,-9.867886836212523896e-03,-4.132642538937798815e-02
-2.089096660450763185e-02,6.935667208772943772e-03,9.997577026633495123e-01,7.487455830555527214e-01
0.000000000000000000e+00,0.000000000000000000e+00,0.000000000000000000e+00,1.000000000000000000e+00
9.890116346048118956e-01,1.464758542963446875e-01,2.002025785233733923e-02,8.298896404817091010e-02
-1.462982489606994840e-01,9.891892399404570435e-01,-1.007322873035256666e-02,-4.218937456065578046e-02
-2.127930843216641749e-02,7.033611744815499583e-03,9.997488281255807463e-01,7.496132728007968149e-01
0.000000000000000000e+00,0.000000000000000000e+00,0.000000000000000000e+00,1.000000000000000000e+00
9.886164444638771975e-01,1.490733065048337747e-01,2.036357098638441609e-02,8.442094452325694942e-02
-1.488893136970668996e-01,9.888004372716440171e-01,-1.027947071701179431e-02,-4.305621635168566108e-02
-2.166790258465363384e-02,7.130535682638464330e-03,9.997397948758769415e-01,7.504802996072410526e-01
0.000000000000000000e+00,0.000000000000000000e+00,0.000000000000000000e+00,1.000000000000000000e+00
9.882143137149812517e-01,1.516697653350640440e-01,2.070633845070638662e-02,8.585096633166096336e-02
-1.514792728738853511e-01,9.884048061761600001e-01,-1.048661134335996531e-02,-4.392694553559306492e-02
-2.205674632459583839e-02,7.226438339480629330e-03,9.997306029778713077e-01,7.513466636015166955e-01
0.000000000000000000e+00,0.000000000000000000e+00,0.000000000000000000e+00,1.000000000000000000e+00
9.878052451908533316e-01,1.542652124968029170e-01,2.104855783074673428e-02,8.727901903561466335e-02
-1.540681082467078022e-01,9.880023494409484464e-01,-1.069464915023655982e-02,-4.480155685811947064e-02
-2.244583691286143948e-02,7.321319039774999878e-03,9.997212524963140501e-01,7.522123649149241587e-01
0.000000000000000000e+00,0.000000000000000000e+00,0.000000000000000000e+00,1.000000000000000000e+00
9.873892417730946169e-01,1.568596297069444201e-01,2.139022671580979168e-02,8.870509221122081789e-02
-1.566558015790036895e-01,9.875930699010353475e-01,-1.090358267216104578e-02,-4.568004503765944052e-02
-2.283517160857997247e-02,7.415177115153544045e-03,9.997117434970731464e-01,7.530774036834317897e-01
0.000000000000000000e+00,0.000000000000000000e+00,0.000000000000000000e+00,1.000000000000000000e+00
9.869663063921572110e-01,1.594529986896378593e-01,2.173134269907776514e-02,9.012917544852651341e-02
-1.592423346422872643e-01,9.871769704395078060e-01,-1.111341043734321264e-02,-4.656240476529771577e-02
-2.322474766916140035e-02,7.508011904451912868e-03,9.997020760471323486e-01,7.539417800476754250e-01
0.000000000000000000e+00,0.000000000000000000e+00,0.000000000000000000e+00,1.000000000000000000e+00
9.865364420273248225e-01,1.620453011764165230e-01,2.207190337762763785e-02,9.155125835159649839e-02
-1.618276892162460734e-01,9.867540539874952721e-01,-1.132413096769352943e-02,-4.744863070484678369e-02
-2.361456235031544545e-02,7.599822753714084202e-03,9.996922502145924039e-01,7.548054941529571682e-01
0.000000000000000000e+00,0.000000000000000000e+00,0.000000000000000000e+00,1.000000000000000000e+00
9.860996517066903388e-01,1.646365189063263568e-01,2.241190635244814933e-02,9.297133053858662455e-02
-1.644118470888693562e-01,9.863243235241473394e-01,-1.153574277883356348e-02,-4.833871749288433384e-02
-2.400461290607090736e-02,7.690609016196980549e-03,9.996822660686692785e-01,7.556685461492437250e-01
0.000000000000000000e+00,0.000000000000000000e+00,0.000000000000000000e+00,1.000000000000000000e+00
9.856559385071355095e-01,1.672266336260547215e-01,2.275134922845664653e-02,9.438938164181666368e-02
-1.669947900565760812e-01,9.858877820766140943e-01,-1.174824438010642173e-02,-4.923265973879108887e-02
-2.439489658879501893e-02,7.780370052375014042e-03,9.996721236796943799e-01,7.565309361911662922e-01
0.000000000000000000e+00,0.000000000000000000e+00,0.000000000000000000e+00,1.000000000000000000e+00
9.852053055543087412e-01,1.698156270900590126e-01,2.309022961451600783e-02,9.580540130784359620e-02
-1.695764999243437321e-01,9.854444327200240217e-01,-1.196163427458728744e-02,-5.013045202478880191e-02
-2.478541064921281276e-02,7.869105229944607996e-03,9.996618231191135573e-01,7.573926644380192252e-01
0.000000000000000000e+00,0.000000000000000000e+00,0.000000000000000000e+00,1.000000000000000000e+00
9.847477560226034488e-01,1.724034810606949186e-01,2.342854512345144899e-02,9.721937919753451118e-02
-1.721569585058357332e-01,9.849942785774626897e-01,-1.217591095909391352e-02,-5.103208890597832337e-02
-2.517615233642644598e-02,7.956813923828628260e-03,9.996513644594872128e-01,7.582537310537584840e-01
0.000000000000000000e+00,0.000000000000000000e+00,0.000000000000000000e+00,1.000000000000000000e+00
9.842832931351354064e-01,1.749901773083450407e-01,2.376629337206732223e-02,9.863130498613917330e-02
-1.747361476235300137e-01,9.845373228199504334e-01,-1.239107292419724948e-02,-5.193756491037807010e-02
-2.556711889793460146e-02,8.043495516180800692e-03,9.996407477744893022e-01,7.591141362070004117e-01
0.000000000000000000e+00,0.000000000000000000e+00,0.000000000000000000e+00,1.000000000000000000e+00
9.838119201637197664e-01,1.775756976115475672e-01,2.410347198116398471e-02,1.000411683633632282e-01
-1.773140491088473492e-01,9.840735686664200399e-01,-1.260711865423207526e-02,-5.284687453896255716e-02
-2.595830757965192359e-02,8.129149396390072252e-03,9.996299731389066690e-01,7.599738800710216236e-01
0.000000000000000000e+00,0.000000000000000000e+00,0.000000000000000000e+00,1.000000000000000000e+00
9.833336404288491872e-01,1.801600237571241436e-01,2.444007857555445182e-02,1.014489590334403391e-01
-1.798906448022784543e-01,9.836030193836947655e-01,-1.282404662730764894e-02,-5.376001226570105429e-02
-2.634971562592832231e-02,8.213774961084892301e-03,9.996190406286393770e-01,7.608329628237566755e-01
0.000000000000000000e+00,0.000000000000000000e+00,0.000000000000000000e+00,1.000000000000000000e+00
9.828484572996687429e-01,1.827431375403085756e-01,2.477611078408122058e-02,1.028546667152051008e-01
-1.824659165535129079e-01,9.831256782864644661e-01,-1.304185531531845861e-02,-5.467697253759661036e-02
-2.674134027956848181e-02,8.297371614137476550e-03,9.996079503206990458e-01,7.616913846477971761e-01
0.000000000000000000e+00,0.000000000000000000e+00,0.000000000000000000e+00,1.000000000000000000e+00
9.823563741939537186e-01,1.853250207648748094e-01,2.511156623963290563e-02,1.042582811421652045e-01
-1.850398462215661344e-01,9.826415487372623936e-01,-1.326054318395495507e-02,-5.559774977472504986e-02
-2.713317878185120269e-02,8.379938766667992950e-03,9.995967022932094048e-01,7.625491457303907872e-01
0.000000000000000000e+00,0.000000000000000000e+00,0.000000000000000000e+00,1.000000000000000000e+00
9.818573945780846302e-01,1.879056552432651905e-01,2.544644257916096192e-02,1.056597920625738651e-01
-1.876124156749078287e-01,9.821506341464419920e-01,-1.348010869271440079e-02,-5.652233837027442059e-02
-2.752522837254890026e-02,8.461475837048731963e-03,9.995852966254045180e-01,7.634062462634387813e-01
0.000000000000000000e+00,0.000000000000000000e+00,0.000000000000000000e+00,1.000000000000000000e+00
9.813515219670232437e-01,1.904850227967187226e-01,2.578073744369628953e-02,1.070591892395020284e-01
-1.901836067915893824e-01,9.816529379721525839e-01,-1.370055029491167552e-02,-5.745073269058437876e-02
-2.791748628994698486e-02,8.541982250908181432e-03,9.995737333976297823e-01,7.642626864434967082e-01
0.000000000000000000e+00,0.000000000000000000e+00,0.000000000000000000e+00,1.000000000000000000e+00
9.808387599242871513e-01,1.930631052553989091e-01,2.611444847836590089e-02,1.084564624509105346e-01
-1.927534014593715594e-01,9.811484637203145009e-01,-1.392186643769021195e-02,-5.838292707518594193e-02
-2.830994977086340181e-02,8.621457441135085831e-03,9.995620126913395964e-01,7.651184664717713968e-01
0.000000000000000000e+00,0.000000000000000000e+00,0.000000000000000000e+00,1.000000000000000000e+00
9.803191120619259014e-01,1.956398844585220398e-01,2.644757333240946653e-02,1.098516014897220477e-01
-1.953217815758523379e-01,9.806372149445956587e-01,-1.414405556203292107e-02,-5.931891583684135993e-02
-2.870261605066801516e-02,8.699900847882439600e-03,9.995501345890984712e-01,7.659735865541194011e-01
0.000000000000000000e+00,0.000000000000000000e+00,0.000000000000000000e+00,1.000000000000000000e+00
9.797925820404944641e-01,1.982153422544846721e-01,2.678010965919587483e-02,1.112445961638929420e-01
-1.978887290485939476e-01,9.801191952463850221e-01,-1.436711610277315032e-02,-6.025869326158411060e-02
-2.909548236330210258e-02,8.777311918571423233e-03,9.995380991745791421e-01,7.668280469010471112e-01
0.000000000000000000e+00,0.000000000000000000e+00,0.000000000000000000e+00,1.000000000000000000e+00
9.792591735690273635e-01,2.007894605009918620e-01,2.711205511623980199e-02,1.126354362964851752e-01
-2.004542257952507123e-01,9.795944082747685133e-01,-1.459104648860574428e-02,-6.120225360875921478e-02
-2.948854594129788134e-02,8.853690107895306402e-03,9.995259065325626802e-01,7.676818477277074226e-01
0.000000000000000000e+00,0.000000000000000000e+00,0.000000000000000000e+00,1.000000000000000000e+00
9.787188904050139193e-01,2.033622210651847284e-01,2.744340736521815732e-02,1.140241117257378700e-01
-2.030182537436962253e-01,9.790628577265024779e-01,-1.481584514209808613e-02,-6.214959111106363454e-02
-2.988180401579793033e-02,8.929034877823273028e-03,9.995135567489378259e-01,7.685349892538996253e-01
0.000000000000000000e+00,0.000000000000000000e+00,0.000000000000000000e+00,1.000000000000000000e+00
9.781717363543700472e-01,2.059336058237686007e-01,2.777416407198662202e-02,1.154106123051391181e-01
-2.055807948321508871e-01,9.785245473459877052e-01,-1.504151047970124326e-02,-6.310069997458694901e-02
-3.027525381657478198e-02,9.003345697604239403e-03,9.995010499106998791e-01,7.693874717040669609e-01
0.000000000000000000e+00,0.000000000000000000e+00,0.000000000000000000e+00,1.000000000000000000e+00
9.776177152714123908e-01,2.085035966631401949e-01,2.810432290659602497e-02,1.167949279034971588e-01
-2.081418310093089141e-01,9.779794809252436716e-01,-1.526804091176108338e-02,-6.405557437885218974e-02
-3.066889257205037203e-02,9.076622043770563031e-03,9.994883861059509211e-01,7.702392953072960680e-01
0.000000000000000000e+00,0.000000000000000000e+00,0.000000000000000000e+00,1.000000000000000000e+00
9.770568310588314542e-01,2.110721754795153449e-01,2.843388154330879145e-02,1.181770484050119335e-01
-2.107013442344654042e-01,9.774276623038813394e-01,-1.549543484252949299e-02,-6.501420847685665527e-02
-3.106271750931556899e-02,9.148863400141749730e-03,9.994755654238987042e-01,7.710904602973136512e-01
0.000000000000000000e+00,0.000000000000000000e+00,0.000000000000000000e+00,1.000000000000000000e+00
9.764890876676630693e-01,2.136393241790567610e-01,2.876283766061532923e-02,1.195569637093463616e-01
-2.132593164776439287e-01,9.768690953690759571e-01,-1.572369067017561836e-02,-6.597659639511337104e-02
-3.145672585414974187e-02,9.220069257828075737e-03,9.994625879548557634e-01,7.719409669124869255e-01
0.000000000000000000e+00,0.000000000000000000e+00,0.000000000000000000e+00,1.000000000000000000e+00
9.759144890972617503e-01,2.162050246780012341e-01,2.909118894125036631e-02,1.209346637316973255e-01
-2.158157297197228486e-01,9.763037840555400804e-01,-1.595280678679714820e-02,-6.694273223369226478e-02
-3.185091483104027926e-02,9.290239115234188993e-03,9.994494537902393061e-01,7.727908153958202853e-01
0.000000000000000000e+00,0.000000000000000000e+00,0.000000000000000000e+00,1.000000000000000000e+00
9.753330393952713839e-01,2.187692589027870893e-01,2.941893307220928497e-02,1.223101384028668914e-01
-2.183705659525628229e-01,9.757317323454957059e-01,-1.618278157843163270e-02,-6.791261006626178598e-02
-3.224528166320212580e-02,9.359372478062623693e-03,9.994361630225702120e-01,7.736400059949539720e-01
0.000000000000000000e+00,0.000000000000000000e+00,0.000000000000000000e+00,1.000000000000000000e+00
9.747447426575980289e-01,2.213320087901816391e-01,2.974606774476440396e-02,1.236833776693331832e-01
-2.209238071791333191e-01,9.751529442686462934e-01,-1.641361342506785989e-02,-6.888622394013071970e-02
-3.263982357259738454e-02,9.427468859317299221e-03,9.994227157454729227e-01,7.744885389621634086e-01
0.000000000000000000e+00,0.000000000000000000e+00,0.000000000000000000e+00,1.000000000000000000e+00
9.741496030283792740e-01,2.238932562874081933e-01,3.007259065448127100e-02,1.250543714933211037e-01
-2.234754354136395671e-01,9.745674239021480112e-01,-1.664530070065727702e-02,-6.986356787629002807e-02
-3.303453777995485341e-02,9.494527779306941029e-03,9.994091120536737760e-01,7.753364145543558683e-01
0.000000000000000000e+00,0.000000000000000000e+00,0.000000000000000000e+00,1.000000000000000000e+00
9.735476246999570371e-01,2.264529833522734292e-01,3.039849950123483038e-02,1.264231098528731112e-01
-2.260254326816491521e-01,9.739751753705813142e-01,-1.687784177312541545e-02,-7.084463586945492775e-02
-3.342942150478959984e-02,9.560548765648461608e-03,9.993953520430013393e-01,7.761836330330698086e-01
0.000000000000000000e+00,0.000000000000000000e+00,0.000000000000000000e+00,1.000000000000000000e+00
9.729388119128465906e-01,2.290111719532943457e-01,3.072379198922571553e-02,1.277895827419200658e-01
-2.285737810202187470e-01,9.733762028459221893e-01,-1.711123500438341619e-02,-7.182942188810735595e-02
-3.382447196542257006e-02,9.625531353270284224e-03,9.993814358103855211e-01,7.770301946644724289e-01
0.000000000000000000e+00,0.000000000000000000e+00,0.000000000000000000e+00,1.000000000000000000e+00
9.723231689557072510e-01,2.315678040698254114e-01,3.104846582699635413e-02,1.291537801703512012e-01
-2.311204624780204830e-01,9.727705105475121794e-01,-1.734547875033956577e-02,-7.281791987453836712e-02
-3.421968637900017762e-02,9.689475084415633682e-03,9.993673634538560169e-01,7.778760997193571169e-01
0.000000000000000000e+00,0.000000000000000000e+00,0.000000000000000000e+00,1.000000000000000000e+00
9.717007001653121812e-01,2.341228616921853245e-01,3.137251872744712539e-02,1.305156921640847623e-01
-2.336654591154685434e-01,9.721581027420288512e-01,-1.758057136091085298e-02,-7.381012374489072381e-02
-3.461506196151389186e-02,9.752379508645740366e-03,9.993531350725427531e-01,7.787213484731442259e-01
0.000000000000000000e+00,0.000000000000000000e+00,0.000000000000000000e+00,1.000000000000000000e+00
9.710714099265176369e-01,2.366763268217840499e-01,3.169594840785249640e-02,1.318753087651385880e-01
-2.362087530048454787e-01,9.715389837434561526e-01,-1.781651118003461931e-02,-7.480602738920191785e-02
-3.501059592781987501e-02,9.814244182843028658e-03,9.993387507666749991e-01,7.795659412058758564e-01
0.000000000000000000e+00,0.000000000000000000e+00,0.000000000000000000e+00,1.000000000000000000e+00
9.704353026722323250e-01,2.392281814712496069e-01,3.201875258987706141e-02,1.332326200316996390e-01
-2.387503262304285501e-01,9.709131579130533263e-01,-1.805329654568023010e-02,-7.580562467144709438e-02
-3.540628549165857064e-02,9.875068671214230764e-03,9.993242106375798128e-01,7.804098782022156344e-01
0.000000000000000000e+00,0.000000000000000000e+00,0.000000000000000000e+00,1.000000000000000000e+00
9.697923828833859838e-01,2.417784076645546065e-01,3.234092899959161577e-02,1.345876160381943576e-01
-2.412901608886157678e-01,9.702806296593247115e-01,-1.829092578986073539e-02,-7.680890942958226719e-02
-3.580212786567433386e-02,9.934852545293457182e-03,9.993095147876823736e-01,7.812531597514462689e-01
0.000000000000000000e+00,0.000000000000000000e+00,0.000000000000000000e+00,1.000000000000000000e+00
9.691426550888977420e-01,2.443269874371431227e-01,3.266247536748918823e-02,1.359402868753588900e-01
-2.438282390880523176e-01,9.696414034379885472e-01,-1.852939723864468688e-02,-7.781587547558779794e-02
-3.619812026143512385e-02,9.993595383945227256e-03,9.992946633205046503e-01,7.820957861474678863e-01
0.000000000000000000e+00,0.000000000000000000e+00,0.000000000000000000e+00,1.000000000000000000e+00
9.684861238656446991e-01,2.468739028360569798e-01,3.298338942850100736e-02,1.372906226503082527e-01
-2.463645429497562378e-01,9.689954837519454411e-01,-1.876870921216787502e-02,-7.882651659551206946e-02
-3.659425988945207847e-02,1.005129677336741301e-02,9.992796563406646237e-01,7.829377576887962542e-01
0.000000000000000000e+00,0.000000000000000000e+00,0.000000000000000000e+00,1.000000000000000000e+00
9.678227938384290630e-01,2.494191359200625124e-01,3.330366892201244711e-02,1.386386134866064435e-01
-2.488990546072447352e-01,9.683428751512468402e-01,-1.900886002464519456e-02,-7.984082654951496494e-02
-3.699054395919917915e-02,1.010795630709417081e-02,9.992644939538762872e-01,7.837790746785587848e-01
0.000000000000000000e+00,0.000000000000000000e+00,0.000000000000000000e+00,1.000000000000000000e+00
9.671526696799459533e-01,2.519626687597765202e-01,3.362331159187895158e-02,1.399842495243358020e-01
-2.514317562066594181e-01,9.676835822330629444e-01,-1.924984798438248573e-02,-8.085879907191204086e-02
-3.738696967913290869e-02,1.016357358599879503e-02,9.992491762669477584e-01,7.846197374244946454e-01
0.000000000000000000e+00,0.000000000000000000e+00,0.000000000000000000e+00,1.000000000000000000e+00
9.664757561107503170e-01,2.545044834377930831e-01,3.394231518644197365e-02,1.413275209201667881e-01
-2.539626299068931115e-01,9.670176096416502887e-01,-1.949167139378850389e-02,-8.188042787121871391e-02
-3.778353425671195087e-02,1.021814821829654732e-02,9.992337033877815022e-01,7.854597462389517615e-01
0.000000000000000000e+00,0.000000000000000000e+00,0.000000000000000000e+00,1.000000000000000000e+00
9.657920578992237326e-01,2.570445620488094329e-01,3.426067745854478180e-02,1.426684178474270093e-01
-2.564916578797142854e-01,9.663449620683188801e-01,-1.973432854938682313e-02,-8.290570663019444786e-02
-3.818023489841681356e-02,1.027167981954739406e-02,9.992180754253731090e-01,7.862991014388841515e-01
0.000000000000000000e+00,0.000000000000000000e+00,0.000000000000000000e+00,1.000000000000000000e+00
9.651015798615407704e-01,2.595828866997522133e-01,3.457839616554834322e-02,1.440069304961704988e-01
-2.590188223098937592e-01,9.656656442513992245e-01,-1.997781774182787531e-02,-8.393462900588730125e-02
-3.857706880976955605e-02,1.032416801265872638e-02,9.992022924898104064e-01,7.871378033458502621e-01
0.000000000000000000e+00,0.000000000000000000e+00,0.000000000000000000e+00,1.000000000000000000e+00
9.644043268616355746e-01,2.621194395099032404e-01,3.489546906934702653e-02,1.453430490732467439e-01
-2.615441053953292405e-01,9.649796609762095745e-01,-2.022213725590095434e-02,-8.496718862967853059e-02
-3.897403319535339139e-02,1.037561242788801255e-02,9.991863546922734596e-01,7.879758522860105252e-01
0.000000000000000000e+00,0.000000000000000000e+00,0.000000000000000000e+00,1.000000000000000000e+00
9.637003038111665587e-01,2.646542026110262347e-01,3.521189393638450571e-02,1.466767638023700748e-01
-2.640674893471717244e-01,9.642870170750210690e-01,-2.046728537054635227e-02,-8.600337910732766544e-02
-3.937112525883250391e-02,1.042601270284540700e-02,9.991702621450327948e-01,7.888132485901252489e-01
0.000000000000000000e+00,0.000000000000000000e+00,0.000000000000000000e+00,1.000000000000000000e+00
9.629895156694826541e-01,2.671871581474916657e-01,3.552766853766937266e-02,1.480080649241880819e-01
-2.665889563899497827e-01,9.635877174270245371e-01,-2.071326035886741912e-02,-8.704319401901731978e-02
-3.976834220297161687e-02,1.047536848249630212e-02,9.991540149614488442e-01,7.896499925935516195e-01
0.000000000000000000e+00,0.000000000000000000e+00,0.000000000000000000e+00,1.000000000000000000e+00
9.622719674435882276e-01,2.697182882764031508e-01,3.584279064879088844e-02,1.493369426963505608e-01
-2.691084887616956300e-01,9.628817669582957484e-01,-2.096006048814278572e-02,-8.808662691939853073e-02
-4.016568122965579607e-02,1.052367941916382277e-02,9.991376132559720569e-01,7.904860846362422588e-01
0.000000000000000000e+00,0.000000000000000000e+00,0.000000000000000000e+00,1.000000000000000000e+00
9.615476641881074427e-01,2.722475751677232436e-01,3.615725804993467213e-02,1.506633873935780132e-01
-2.716260687140695795e-01,9.621691706417611067e-01,-2.120768401983852414e-02,-8.913367133763618055e-02
-4.056313953991009386e-02,1.057094517253128092e-02,9.991210571441406785e-01,7.913215250627424480e-01
0.000000000000000000e+00,0.000000000000000000e+00,0.000000000000000000e+00,1.000000000000000000e+00
9.608166110052489550e-01,2.747750010043985558e-01,3.647106852589831333e-02,1.519873893077304250e-01
-2.741416785124857203e-01,9.614499334971617905e-01,-2.145612920962042952e-02,-9.018432077745450193e-02
-4.096071433391932498e-02,1.061716540964458173e-02,9.991043467425808622e-01,7.921563142221872411e-01
0.000000000000000000e+00,0.000000000000000000e+00,0.000000000000000000e+00,1.000000000000000000e+00
9.600788130447703850e-01,2.773005479824857122e-01,3.678421986610694999e-02,1.533089387478753229e-01
-2.766553004362360957e-01,9.607240605910198905e-01,-2.170539430736627765e-02,-9.123856871718286077e-02
-4.135840281104772448e-02,1.066233980491454805e-02,9.990874821690058916e-01,7.929904524682995781e-01
0.000000000000000000e+00,0.000000000000000000e+00,0.000000000000000000e+00,1.000000000000000000e+00
9.593342755039407921e-01,2.798241983112763620e-01,3.709670986462887399e-02,1.546280260403562201e-01
-2.791669167786162697e-01,9.599915570366008843e-01,-2.195547755717816921e-02,-9.229640860980170558e-02
-4.175620216985870270e-02,1.070646804011922762e-02,9.990704635422146263e-01,7.938239401593880640e-01
0.000000000000000000e+00,0.000000000000000000e+00,0.000000000000000000e+00,1.000000000000000000e+00
9.585830036275055921e-01,2.823459342134229111e-01,3.740853632019111585e-02,1.559446415288607835e-01
-2.816765098470495055e-01,9.592524279938789977e-01,-2.220637719739489840e-02,-9.335783388298879437e-02
-4.215410960813464891e-02,1.074954980440612912e-02,9.990532909820917240e-01,7.946567776583430831e-01
0.000000000000000000e+00,0.000000000000000000e+00,0.000000000000000000e+00,1.000000000000000000e+00
9.578250027076484763e-01,2.848657379250634780e-01,3.771969703619484221e-02,1.572587755744888072e-01
-2.841840619632116094e-01,9.585066786695002339e-01,-2.245809146060437356e-02,-9.442283793916525503e-02
-4.255212232289654756e-02,1.079158479429443568e-02,9.990359646096054203e-01,7.954889653326359111e-01
0.000000000000000000e+00,0.000000000000000000e+00,0.000000000000000000e+00,1.000000000000000000e+00
9.570602780839545520e-01,2.873835916959472381e-01,3.803018982073092663e-02,1.585704185558201029e-01
-2.866895554631558318e-01,9.577543143167458473e-01,-2.271061857365604467e-02,-9.549141415554235346e-02
-4.295023751042379573e-02,1.083257271367709176e-02,9.990184845468080832e-01,7.963205035543156063e-01
0.000000000000000000e+00,0.000000000000000000e+00,0.000000000000000000e+00,1.000000000000000000e+00
9.562888351433727063e-01,2.898994777895589348e-01,3.834001248659530542e-02,1.598795608689821679e-01
-2.891929726974362680e-01,9.569953402354953731e-01,-2.296395675767338995e-02,-9.656355588416777602e-02
-4.334845236627394433e-02,1.087251327382294554e-02,9.990008509168344375e-01,7.971513927000049016e-01
0.000000000000000000e+00,0.000000000000000000e+00,0.000000000000000000e+00,1.000000000000000000e+00
9.555106793201779691e-01,2.924133784832447236e-01,3.864916285130449297e-02,1.611861929277181582e-01
-2.916942960312334798e-01,9.562297617721892129e-01,-2.321810422806648219e-02,-9.763925645197286951e-02
-4.374676408530247390e-02,1.091140619337873860e-02,9.989830638439011201e-01,7.979816331509004268e-01
0.000000000000000000e+00,0.000000000000000000e+00,0.000000000000000000e+00,1.000000000000000000e+00
9.547258160959325446e-01,2.949252760683362951e-01,3.895763873711086817e-02,1.624903051634541684e-01
-2.941935078444778418e-01,9.554575843197911089e-01,-2.347305919454455159e-02,-9.871850916081942318e-02
-4.414516986168252194e-02,1.094925119837112347e-02,9.989651234533056812e-01,7.988112252927677126e-01
0.000000000000000000e+00,0.000000000000000000e+00,0.000000000000000000e+00,1.000000000000000000e+00
9.539342509994476194e-01,2.974351528502757191e-01,3.926543797101800931e-02,1.637918880253664278e-01
-2.966905905319737191e-01,9.546788133177497304e-01,-2.372881986112853822e-02,-9.980130728754678382e-02
-4.454366688892460319e-02,1.098604802220855617e-02,9.989470298714252516e-01,7.996401695159383038e-01
0.000000000000000000e+00,0.000000000000000000e+00,0.000000000000000000e+00,1.000000000000000000e+00
9.531359896067447268e-01,2.999429911487405120e-01,3.957255838479608462e-02,1.650909319804492181e-01
-2.991855265035240907e-01,9.538934542519611481e-01,-2.398538442616384228e-02,-1.008876440840194011e-01
-4.494225235989653816e-02,1.102179640568321309e-02,9.989287832257167654e-01,8.004684662153090935e-01
0.000000000000000000e+00,0.000000000000000000e+00,0.000000000000000000e+00,1.000000000000000000e+00
9.523310375410154460e-01,3.024487732977675369e-01,3.987899781499702062e-02,1.663874275135813208e-01
-3.016782981840536726e-01,9.531015126547293104e-01,-2.424275108233290774e-02,-1.019775127771742340e-01
-4.534092346684302083e-02,1.105649609697277949e-02,9.989103836447148499e-01,8.012961157903381038e-01
0.000000000000000000e+00,0.000000000000000000e+00,0.000000000000000000e+00,1.000000000000000000e+00
9.515194004725833210e-01,3.049524816458779597e-01,4.018475410296985795e-02,1.676813651275935735e-01
-3.041688880137333184e-01,9.523029941047279623e-01,-2.450091801666806623e-02,-1.030709065690685322e-01
-4.573967740140556792e-02,1.109014685164226577e-02,9.988918312580318259e-01,8.021231186450413775e-01
0.000000000000000000e+00,0.000000000000000000e+00,0.000000000000000000e+00,1.000000000000000000e+00
9.507010841188622274e-01,3.074540985562013717e-01,4.048982509487583648e-02,1.689727353433354839e-01
-3.066572784481033653e-01,9.514979042269603449e-01,-2.475988341056421099e-02,-1.041678186369276865e-01
-4.613851135464221154e-02,1.112274843264568491e-02,9.988731261963561536e-01,8.029494751879915349e-01
0.000000000000000000e+00,0.000000000000000000e+00,0.000000000000000000e+00,1.000000000000000000e+00
9.498760942443175148e-01,3.099536064066001351e-01,4.079420864170366784e-02,1.702615286997419264e-01
-3.091434519581973128e-01,9.506862486927202260e-01,-2.501964543979165109e-02,-1.052682421331932461e-01
-4.653742251704728189e-02,1.115430061032774908e-02,9.988542685914518771e-01,8.037751858323124443e-01
0.000000000000000000e+00,0.000000000000000000e+00,0.000000000000000000e+00,1.000000000000000000e+00
9.490444366604244841e-01,3.124509875897933942e-01,4.109790259928460671e-02,1.715477357539002823e-01
-3.116273910306656125e-01,9.498680332195522658e-01,-2.528020227450897967e-02,-1.063721701855713242e-01
-4.693640807857126646e-02,1.118480316242548810e-02,9.988352585761576252e-01,8.046002509956798887e-01
0.000000000000000000e+00,0.000000000000000000e+00,0.000000000000000000e+00,1.000000000000000000e+00
9.482061172256279757e-01,3.149462245134813099e-01,4.140090482830759838e-02,1.728313470811163599e-01
-3.141090781678984589e-01,9.490432635712108267e-01,-2.554155207927592819e-02,-1.074795958970808096e-01
-4.733546522864055112e-02,1.121425587406979681e-02,9.988160962843856128e-01,8.054246711003149040e-01
0.000000000000000000e+00,0.000000000000000000e+00,0.000000000000000000e+00,1.000000000000000000e+00
9.473611418453006250e-01,3.174392996004686274e-01,4.170321319433430152e-02,1.741123532749810077e-01
-3.165884958881493572e-01,9.482119455576197842e-01,-2.580369301306629018e-02,-1.085905123461020083e-01
-4.773459115617720294e-02,1.124265853778696686e-02,9.987967818511207518e-01,8.062484465729835570e-01
0.000000000000000000e+00,0.000000000000000000e+00,0.000000000000000000e+00,1.000000000000000000e+00
9.465095164717018950e-01,3.199301952887889100e-01,4.200482556781422183e-02,1.753907449474367553e-01
-3.190656267256586909e-01,9.473740850348322251e-01,-2.606662322928095937e-02,-1.097049125864255764e-01
-4.813378304961886400e-02,1.127001095350014213e-02,9.987773154124197639e-01,8.070715778449926159e-01
0.000000000000000000e+00,0.000000000000000000e+00,0.000000000000000000e+00,1.000000000000000000e+00
9.456512471039355550e-01,3.224188940318278851e-01,4.230573982409954054e-02,1.766665127288430670e-01
-3.215404532307756247e-01,9.465296879049878154e-01,-2.633034087576083954e-02,-1.108227896473010649e-01
-4.853303809693839538e-02,1.129631292853072733e-02,9.987576971054099584e-01,8.078940653521863302e-01
0.000000000000000000e+00,0.000000000000000000e+00,0.000000000000000000e+00,1.000000000000000000e+00
9.447863397879076031e-01,3.249053782984474559e-01,4.260595384346029663e-02,1.779396472680434271e-01
-3.240129579700823381e-01,9.456787601162727208e-01,-2.659484409479996592e-02,-1.119441365334864769e-01
-4.893235348566388893e-02,1.132156427759974104e-02,9.987379270682885668e-01,8.087159095349445437e-01
0.000000000000000000e+00,0.000000000000000000e+00,0.000000000000000000e+00,1.000000000000000000e+00
9.439148006162840776e-01,3.273896305731086587e-01,4.290546551109911122e-02,1.792101392324302878e-01
-3.264831235265159837e-01,9.448213076628767526e-01,-2.686013102315855383e-02,-1.130689462252972288e-01
-4.933172640289830435e-02,1.134576482282913072e-02,9.987180054403218543e-01,8.095371108381784753e-01
0.000000000000000000e+00,0.000000000000000000e+00,0.000000000000000000e+00,1.000000000000000000e+00
9.430366357284473144e-01,3.298716333559956748e-01,4.320427271716624495e-02,1.804779793080114325e-01
-3.289509324994915884e-01,9.439573365849514008e-01,-2.712619979207615134e-02,-1.141972116786556801e-01
-4.973115403533935608e-02,1.136891439374302336e-02,9.986979323618433435e-01,8.103576697113280547e-01
0.000000000000000000e+00,0.000000000000000000e+00,0.000000000000000000e+00,1.000000000000000000e+00
9.421518513104535364e-01,3.323513691631386768e-01,4.350237335677438477e-02,1.817431581994751744e-01
-3.314163675050249003e-01,9.430868529685673129e-01,-2.739304852728477804e-02,-1.153289258251408989e-01
-5.013063356929939318e-02,1.139101282726890860e-02,9.986777079742541474e-01,8.111775866083587028e-01
0.000000000000000000e+00,0.000000000000000000e+00,0.000000000000000000e+00,1.000000000000000000e+00
9.412604535949887774e-01,3.348288205265366746e-01,4.379976533001343070e-02,1.830056666302559421e-01
-3.338794111758540128e-01,9.422098629456714391e-01,-2.766067534902211938e-02,-1.164640815720381084e-01
-5.053016219072505727e-02,1.141205996773881487e-02,9.986573324200206381e-01,8.119968619877577787e-01
0.000000000000000000e+00,0.000000000000000000e+00,0.000000000000000000e+00,1.000000000000000000e+00
9.403624488613250287e-01,3.373039699942817493e-01,4.409644654196542835e-02,1.842654953425999498e-01
-3.363400461615630443e-01,9.413263726940437337e-01,-2.792907837204482158e-02,-1.176026718023891054e-01
-5.092973708521728038e-02,1.143205566689039360e-02,9.986368058426745575e-01,8.128154963125325816e-01
0.000000000000000000e+00,0.000000000000000000e+00,0.000000000000000000e+00,1.000000000000000000e+00
9.394578434352764962e-01,3.397768001306804564e-01,4.439241490271916141e-02,1.855226350976300065e-01
-3.387982551287030963e-01,9.404363884372539673e-01,-2.819825570564171019e-02,-1.187446893750419702e-01
-5.132935543805098449e-02,1.145099978386795309e-02,9.986161283868111305e-01,8.136334900502047995e-01
0.000000000000000000e+00,0.000000000000000000e+00,0.000000000000000000e+00,1.000000000000000000e+00
9.385466436891540809e-01,3.422472935163779484e-01,4.468766832738500783e-02,1.867770766754106304e-01
-3.412540207609149334e-01,9.395399164446170959e-01,-2.846820545364714405e-02,-1.198901271247016509e-01
-5.172901443419498924e-02,1.146889218522347507e-02,9.985953001980886201e-01,8.144508436728099543e-01
0.000000000000000000e+00,0.000000000000000000e+00,0.000000000000000000e+00,1.000000000000000000e+00
9.376288560417213036e-01,3.447154327484800995e-01,4.498220473610953229e-02,1.880288108750133302e-01
-3.437073257590513298e-01,9.386369630311500734e-01,-2.873892571445438304e-02,-1.210389778619803680e-01
-5.212871125833182240e-02,1.148573274491753414e-02,9.985743214232267739e-01,8.152675576568920723e-01
0.000000000000000000e+00,0.000000000000000000e+00,0.000000000000000000e+00,1.000000000000000000e+00
9.367044869581488964e-01,3.471812004406757413e-01,4.527602205409017588e-02,1.892778285145809702e-01
-3.461581528412978614e-01,9.377275345575266652e-01,-2.901041458102892115e-02,-1.221912343734481987e-01
-5.252844309487748886e-02,1.150152134432018067e-02,9.985531922100066016e-01,8.160836324835012423e-01
0.000000000000000000e+00,0.000000000000000000e+00,0.000000000000000000e+00,1.000000000000000000e+00
9.357735429499690616e-01,3.496445792233599525e-01,4.556911821158988324e-02,1.905241204313929126e-01
-3.486064847432957525e-01,9.368116374300333726e-01,-2.928267014092200693e-02,-1.233468894216839112e-01
-5.292820712800139910e-02,1.151625787221181169e-02,9.985319127072684875e-01,8.168990686381893962e-01
0.000000000000000000e+00,0.000000000000000000e+00,0.000000000000000000e+00,1.000000000000000000e+00
9.348360305750300636e-01,3.521055517437559623e-01,4.586149114395167425e-02,1.917676774819290775e-01
-3.510523042182627784e-01,9.358892781005231365e-01,-2.955569047628404250e-02,-1.245059357453259935e-01
-5.332800054164613113e-02,1.152994222478390639e-02,9.985104830649117469e-01,8.177138666110083109e-01
0.000000000000000000e+00,0.000000000000000000e+00,0.000000000000000000e+00,1.000000000000000000e+00
9.338919564374491555e-01,3.545641006660371630e-01,4.615313879161316718e-02,1.930084905419348351e-01
-3.534955940371151684e-01,9.349604630663711502e-01,-2.982947366387813520e-02,-1.256683660591237373e-01
-5.372782051954733823e-02,1.154257430563979635e-02,9.984889034338930713e-01,8.185280268965046124e-01
0.000000000000000000e+00,0.000000000000000000e+00,0.000000000000000000e+00,1.000000000000000000e+00
9.329413271875669489e-01,3.570202086714497902e-01,4.644405910012111560e-02,1.942465505064847886e-01
-3.559363369885887307e-01,9.340251988704280084e-01,-3.010401777509364579e-02,-1.268341730539886414e-01
-5.412766424525350395e-02,1.155415402579532992e-02,9.984671739662257517e-01,8.193415499937175550e-01
0.000000000000000000e+00,0.000000000000000000e+00,0.000000000000000000e+00,1.000000000000000000e+00
9.319841495219003402e-01,3.594738584584345475e-01,4.673425002014586910e-02,1.954818482900475274e-01
-3.583745158793601449e-01,9.330834921009746319e-01,-3.037932087595973663e-02,-1.280033493970458847e-01
-5.452752890214587062e-02,1.156468130367949675e-02,9.984452948149787899e-01,8.201544364061743586e-01
0.000000000000000000e+00,0.000000000000000000e+00,0.000000000000000000e+00,1.000000000000000000e+00
9.310204301830948825e-01,3.619250327427483982e-01,4.702370950749577144e-02,1.967143748265488545e-01
-3.608101135341680865e-01,9.321353493916751942e-01,-3.065538102715902741e-02,-1.291758877316858123e-01
-5.492741167345816661e-02,1.157415606513499673e-02,9.984232661342754556e-01,8.209666866418873221e-01
0.000000000000000000e+00,0.000000000000000000e+00,0.000000000000000000e+00,1.000000000000000000e+00
9.300501759598780449e-01,3.643737142575866339e-01,4.731243552313164208e-02,1.979441210694363740e-01
-3.632431127959342976e-01,9.311807774215303812e-01,-3.093219628404125093e-02,-1.303517806776160470e-01
-5.532730974229658344e-02,1.158257824341877434e-02,9.984010880792923981e-01,8.217783012133507148e-01
0.000000000000000000e+00,0.000000000000000000e+00,0.000000000000000000e+00,1.000000000000000000e+00
9.290733936870105847e-01,3.668198857537044444e-01,4.760042603318109800e-02,1.991710779917427454e-01
-3.656734965258843784e-01,9.302197829148306507e-01,-3.120976469663696781e-02,-1.315310208309132256e-01
-5.572722029165953772e-02,1.158994777920250088e-02,9.983787608062584251e-01,8.225892806375363353e-01
0.000000000000000000e+00,0.000000000000000000e+00,0.000000000000000000e+00,1.000000000000000000e+00
9.280900902452389190e-01,3.692635299995380982e-01,4.788767900895281315e-02,2.003952365861495499e-01
-3.681012476036684133e-01,9.292523726411087148e-01,-3.148808430967124650e-02,-1.327136007640752902e-01
-5.612714050445748171e-02,1.159626462057294569e-02,9.983562844724535035e-01,8.233996254358896261e-01
0.000000000000000000e+00,0.000000000000000000e+00,0.000000000000000000e+00,1.000000000000000000e+00
9.271002725612466078e-01,3.717046297813269007e-01,4.817419242695096526e-02,2.016165878650506282e-01
-3.705263489274818189e-01,9.282785534150916895e-01,-3.176715316257750638e-02,-1.338995130260738353e-01
-5.652706756353288731e-02,1.160152872303239595e-02,9.983336592362076489e-01,8.242093361343277858e-01
0.000000000000000000e+00,0.000000000000000000e+00,0.000000000000000000e+00,1.000000000000000000e+00
9.261039476076055044e-01,3.741431679032338753e-01,4.845996426888931480e-02,2.028351228606151690e-01
-3.729487834141855807e-01,9.272983320966537990e-01,-3.204696928951129842e-02,-1.350887501424064274e-01
-5.692699865167990397e-02,1.160574004949894295e-02,9.983108852568998159e-01,8.250184132632329970e-01
0.000000000000000000e+00,0.000000000000000000e+00,0.000000000000000000e+00,1.000000000000000000e+00
9.251011224027265722e-01,3.765791271874668888e-01,4.874499252170554076e-02,2.040508326248512971e-01
-3.753685339994264902e-01,9.263117155907669709e-01,-3.232753071936410316e-02,-1.362813046151493679e-01
-5.732693095166432884e-02,1.160889857030673877e-02,9.982879626949567875e-01,8.258268573574518712e-01
0.000000000000000000e+00,0.000000000000000000e+00,0.000000000000000000e+00,1.000000000000000000e+00
9.240918040108103693e-01,3.790124904744006096e-01,4.902927517757542375e-02,2.052637082296690785e-01
-3.777855836377581045e-01,9.253187108474528744e-01,-3.260883547577734382e-02,-1.374771689230106231e-01
-5.772686164624346583e-02,1.161100426320622186e-02,9.982648917118518428e-01,8.266346689562902306e-01
0.000000000000000000e+00,0.000000000000000000e+00,0.000000000000000000e+00,1.000000000000000000e+00
9.230759995417974206e-01,3.814432406226963002e-01,4.931281023392689034e-02,2.064737407669428315e-01
-3.801999153027597611e-01,9.243193248617340707e-01,-3.289088157715616689e-02,-1.386763355213826432e-01
-5.812678791818590152e-02,1.161205711336425576e-02,9.982416724701038691e-01,8.274418486035086673e-01
0.000000000000000000e+00,0.000000000000000000e+00,0.000000000000000000e+00,1.000000000000000000e+00
9.220537161513185920e-01,3.838713605094227210e-01,4.959559569345420998e-02,2.076809213485746319e-01
-3.826115119871571491e-01,9.233135646735841640e-01,-3.317366703668349348e-02,-1.398787968423954586e-01
-5.852670695029135034e-02,1.161205711336425750e-02,9.982183051332763624e-01,8.282483968473202118e-01
0.000000000000000000e+00,0.000000000000000000e+00,0.000000000000000000e+00,1.000000000000000000e+00
9.210249610406432419e-01,3.862968330301774222e-01,4.987762956413205329e-02,2.088852411065564574e-01
-3.850203567029420459e-01,9.223014373678786182e-01,-3.345718986233396641e-02,-1.410845452949702206e-01
-5.892661592541055537e-02,1.161100426320621840e-02,9.981947898659754292e-01,8.290543142403851151e-01
0.000000000000000000e+00,0.000000000000000000e+00,0.000000000000000000e+00,1.000000000000000000e+00
9.199897414566304832e-01,3.887196410992064810e-01,5.015890985922945300e-02,2.100866911930326930e-01
-3.874264324814917226e-01,9.212829500743452416e-01,-3.374144805688800847e-02,-1.422935732648724916e-01
-5.932651202646509192e-02,1.160889857030673704e-02,9.981711268338501197e-01,8.298596013398076288e-01
0.000000000000000000e+00,0.000000000000000000e+00,0.000000000000000000e+00,1.000000000000000000e+00
9.189480646916765583e-01,3.911397676495252385e-01,5.043943459732391082e-02,2.112852627803628036e-01
-3.898297223736890138e-01,9.202581099675127829e-01,-3.402643961794588751e-02,-1.435058731147658695e-01
-5.972639243646723356e-02,1.160574004949894295e-02,9.981473162035895408e-01,8.306642587071322303e-01
0.000000000000000000e+00,0.000000000000000000e+00,0.000000000000000000e+00,1.000000000000000000e+00
9.178999380836641020e-01,3.935571956330385923e-01,5.071920180231526132e-02,2.124809470611829509e-01
-3.922302094500409453e-01,9.192269242666616380e-01,-3.431216253794180937e-02,-1.447214371842659164e-01
-6.012625433853975576e-02,1.160152872303239595e-02,9.981233581429230783e-01,8.314682869083391825e-01
0.000000000000000000e+00,0.000000000000000000e+00,0.000000000000000000e+00,1.000000000000000000e+00
9.168453690159101832e-01,3.959719080206608455e-01,5.099820950343966763e-02,2.136737352484686381e-01
-3.946278768007989157e-01,9.181894002357721130e-01,-3.459861480415809404e-02,-1.459402577899940878e-01
-6.052609491593588520e-02,1.159626462057294742e-02,9.980992528206183989e-01,8.322716865138410913e-01
0.000000000000000000e+00,0.000000000000000000e+00,0.000000000000000000e+00,1.000000000000000000e+00
9.157843649171151235e-01,3.983838878024356656e-01,5.127645573528340911e-02,2.148636185755960493e-01
-3.970227075360767688e-01,9.171455451834740202e-01,-3.488579439873928240e-02,-1.471623272256317727e-01
-6.092591135205895764e-02,1.158994777920249741e-02,9.980750004064806724e-01,8.330744580984779102e-01
0.000000000000000000e+00,0.000000000000000000e+00,0.000000000000000000e+00,1.000000000000000000e+00
9.147169332613088732e-01,4.007931179876561556e-01,5.155393853779684232e-02,2.160505882964042779e-01
-3.994146847859707528e-01,9.160953664629942761e-01,-3.517369929870644424e-02,-1.483876377619746390e-01
-6.132570083048247134e-02,1.158257824341877608e-02,9.980506010713511289e-01,8.338766022415143864e-01
0.000000000000000000e+00,0.000000000000000000e+00,0.000000000000000000e+00,1.000000000000000000e+00
9.136430815677992756e-01,4.031995816049844805e-01,5.183065595630809846e-02,2.172346356852566385e-01
-4.018037917006777038e-01,9.150388714721060524e-01,-3.546232747597135443e-02,-1.496161816469870620e-01
-6.172546053496975188e-02,1.157415606513499673e-02,9.980260549871059483e-01,8.346781195266348430e-01
0.000000000000000000e+00,0.000000000000000000e+00,0.000000000000000000e+00,1.000000000000000000e+00
9.125628174011187754e-01,4.056032617025711051e-01,5.210660604153694031e-02,2.184157520371023120e-01
-4.041900114506140618e-01,9.139760676530758188e-01,-3.575167689735081478e-02,-1.508479511058567757e-01
-6.212518764949388761e-02,1.156468130367949848e-02,9.980013623266550393e-01,8.354790105419388491e-01
0.000000000000000000e+00,0.000000000000000000e+00,0.000000000000000000e+00,1.000000000000000000e+00
9.114761483709713508e-01,4.080041413481746426e-01,5.238178684960842491e-02,2.195939286675374358e-01
-4.065733272265341647e-01,9.129069624926118287e-01,-3.604174552458096203e-02,-1.520829383410495506e-01
-6.252487935825754017e-02,1.155415402579533513e-02,9.979765232639411510e-01,8.362792758799383330e-01
0.000000000000000000e+00,0.000000000000000000e+00,0.000000000000000000e+00,1.000000000000000000e+00
9.103830821321784450e-01,4.104022036292808706e-01,5.265619644206667727e-02,2.207691569128664433e-01
-4.089537222396490423e-01,9.118315635218102733e-01,-3.633253131433164529e-02,-1.533211355323642611e-01
-6.292453284571279670e-02,1.154257430563979982e-02,9.979515379739376524e-01,8.370789161375528087e-01
0.000000000000000000e+00,0.000000000000000000e+00,0.000000000000000000e+00,1.000000000000000000e+00
9.092836263846257872e-01,4.127974316532216914e-01,5.292983288588841428e-02,2.219414281301633207e-01
-4.113311797217441557e-01,9.107498783161032119e-01,-3.662403221822077559e-02,-1.545625348369877861e-01
-6.332414529658093871e-02,1.152994222478391159e-02,9.979264066326487548e-01,8.378779319161038242e-01
0.000000000000000000e+00,0.000000000000000000e+00,0.000000000000000000e+00,1.000000000000000000e+00
9.081777888732082138e-01,4.151898085472948141e-01,5.320269425349671150e-02,2.231107336973318367e-01
-4.137056829252981904e-01,9.096619144952048375e-01,-3.691624618282882825e-02,-1.558071283895504922e-01
-6.372371389587234980e-02,1.151625787221181169e-02,9.979011294171069579e-01,8.386763238213136296e-01
0.000000000000000000e+00,0.000000000000000000e+00,0.000000000000000000e+00,1.000000000000000000e+00
9.070655773877762673e-01,4.175793174588817158e-01,5.347477862277448535e-02,2.242770650131670207e-01
-4.160772151236002414e-01,9.085676797230577417e-01,-3.720917114971323408e-02,-1.570549083021813286e-01
-6.412323582890634699e-02,1.150152134432018240e-02,9.978757065053727171e-01,8.394740924632976276e-01
0.000000000000000000e+00,0.000000000000000000e+00,0.000000000000000000e+00,1.000000000000000000e+00
9.059469997630796856e-01,4.199659415555672126e-01,5.374608407707809343e-02,2.254404134974153651e-01
-4.184457596108684951e-01,9.074671817077785141e-01,-3.750280505542294418e-02,-1.583058666645638657e-01
-6.452270828133094271e-02,1.148573274491753067e-02,9.978501380765323336e-01,8.402712384565628190e-01
0.000000000000000000e+00,0.000000000000000000e+00,0.000000000000000000e+00,1.000000000000000000e+00
9.048220638787144443e-01,4.223496640252571432e-01,5.401660870525073349e-02,2.266007705908351100e-01
-4.208112997023668034e-01,9.063604282016046731e-01,-3.779714583151286278e-02,-1.595599955439912787e-01
-6.492212843914269005e-02,1.146889218522347507e-02,9.978244243106976219e-01,8.410677624200018077e-01
0.000000000000000000e+00,0.000000000000000000e+00,0.000000000000000000e+00,1.000000000000000000e+00
9.036907776590648034e-01,4.247304680762977180e-01,5.428635060163605058e-02,2.277581277552569727e-01
-4.231738187345238100e-01,9.052474270008387114e-01,-3.809219140455858549e-02,-1.608172869854231357e-01
-6.532149348870655570e-02,1.145099978386795309e-02,9.977985653890041329e-01,8.418636649768890257e-01
0.000000000000000000e+00,0.000000000000000000e+00,0.000000000000000000e+00,1.000000000000000000e+00
9.025531490732494611e-01,4.271083369375930916e-01,5.455530786609143895e-02,2.289124764736439333e-01
-4.255333000650485253e-01,9.041281859457941383e-01,-3.838793969617082524e-02,-1.620777330115406589e-01
-6.572080061677570972e-02,1.143205566689039360e-02,9.977725614936097109e-01,8.426589467548765144e-01
0.000000000000000000e+00,0.000000000000000000e+00,0.000000000000000000e+00,1.000000000000000000e+00
9.014091861350644885e-01,4.294832538587240456e-01,5.482347860400150347e-02,2.300638082501516024e-01
-4.278897270730490088e-01,9.030027129207395253e-01,-3.868438862301018522e-02,-1.633413256228034016e-01
-6.612004701051130140e-02,1.141205996773881487e-02,9.977464128076936056e-01,8.434536083859891509e-01
0.000000000000000000e+00,0.000000000000000000e+00,0.000000000000000000e+00,1.000000000000000000e+00
9.002588969029269306e-01,4.318552021100652283e-01,5.509086092629136150e-02,2.312121146101874247e-01
-4.302430831591486093e-01,9.018710158538435495e-01,-3.898153609680175130e-02,-1.646080567975052589e-01
-6.651922985750233219e-02,1.139101282726890513e-02,9.977201195154550284e-01,8.442476505066198733e-01
0.000000000000000000e+00,0.000000000000000000e+00,0.000000000000000000e+00,1.000000000000000000e+00
8.991022894798179621e-01,4.342241649829041150e-01,5.535745294943996558e-02,2.323573871004711577e-01
-4.325933517456033717e-01,9.007331027171187054e-01,-3.927938002434986503e-02,-1.658779184918313665e-01
-6.691834634578545937e-02,1.136891439374302336e-02,9.976936818021117093e-01,8.450410737575261289e-01
0.000000000000000000e+00,0.000000000000000000e+00,0.000000000000000000e+00,1.000000000000000000e+00
8.979393720132261558e-01,4.365901257895574150e-01,5.562325279549337753e-02,2.334996172890938526e-01
-4.349405162764182209e-01,8.995889815263654610e-01,-3.957791830755282014e-02,-1.671509026399144449e-01
-6.731739366386475798e-02,1.134576482282913766e-02,9.976670998538987867e-01,8.458338787838247663e-01
0.000000000000000000e+00,0.000000000000000000e+00,0.000000000000000000e+00,1.000000000000000000e+00
8.967701526950903057e-01,4.389530678634898098e-01,5.588825859207798702e-02,2.346387967655774454e-01
-4.372845602174643687e-01,8.984386603411157468e-01,-3.987714884341765631e-02,-1.684270011538915868e-01
-6.771636900073159382e-02,1.132156427759974451e-02,9.976403738580676972e-01,8.466260662349877064e-01
0.000000000000000000e+00,0.000000000000000000e+00,0.000000000000000000e+00,1.000000000000000000e+00
8.955946397617404742e-01,4.413129745594308040e-01,5.615246847241372324e-02,2.357749171409341538e-01
-4.396254670565954981e-01,8.972821472645757801e-01,-4.017706952407500837e-02,-1.697062059239616283e-01
-6.811526954588437155e-02,1.129631292853072733e-02,9.976135040028839551e-01,8.474176367648370567e-01
0.000000000000000000e+00,0.000000000000000000e+00,0.000000000000000000e+00,1.000000000000000000e+00
8.944128414938418148e-01,4.436698292534913546e-01,5.641588057532714168e-02,2.369079700477250139e-01
-4.419632203037632823e-01,8.961194504435698871e-01,-4.047767823679387922e-02,-1.709885088184416591e-01
-6.851409248934833829e-02,1.127001095350014387e-02,9.975864904776271525e-01,8.482085910315404487e-01
0.000000000000000000e+00,0.000000000000000000e+00,0.000000000000000000e+00,1.000000000000000000e+00
8.932247662163343982e-01,4.460236153432827200e-01,5.667849304526463572e-02,2.380379471401199432e-01
-4.442978034911351237e-01,8.949505780684819944e-01,-4.077897286399661397e-02,-1.722739016838250037e-01
-6.891283502169541497e-02,1.124265853778696513e-02,9.975593334725886274e-01,8.489989296976077071e-01
0.000000000000000000e+00,0.000000000000000000e+00,0.000000000000000000e+00,1.000000000000000000e+00
8.920304222983759246e-01,4.483743162480314237e-01,5.694030403230542631e-02,2.391648400939551111e-01
-4.466292001732086736e-01,8.937755383731987857e-01,-4.108095128327375611e-02,-1.735623763448381762e-01
-6.931149433406395832e-02,1.121425587406979854e-02,9.975320331790703543e-01,8.497886534298836336e-01
0.000000000000000000e+00,0.000000000000000000e+00,0.000000000000000000e+00,1.000000000000000000e+00
8.908298181532822158e-01,4.507219154086972157e-01,5.720131169217460010e-02,2.402886406067926417e-01
-4.489573939269283498e-01,8.925943396350510817e-01,-4.138361136739898000e-02,-1.748539246044984452e-01
-6.971006761817852282e-02,1.118480316242548983e-02,9.975045897893838331e-01,8.505777628995457862e-01
0.000000000000000000e+00,0.000000000000000000e+00,0.000000000000000000e+00,1.000000000000000000e+00
8.896229622384678182e-01,4.530663962880897011e-01,5.746151418625617541e-02,2.414093403979786501e-01
-4.512823683518011886e-01,8.914069901747562197e-01,-4.168695098434416213e-02,-1.761485382441719261e-01
-7.010855206636971981e-02,1.115430061032775255e-02,9.974770034968483134e-01,8.513662587820989280e-01
0.000000000000000000e+00,0.000000000000000000e+00,0.000000000000000000e+00,1.000000000000000000e+00
8.884098630553867171e-01,4.554077423709845807e-01,5.772090968160598773e-02,2.425269312087018903e-01
-4.536041070700123079e-01,8.902134983563589898e-01,-4.199096799729434143e-02,-1.774462090236313960e-01
-7.050694487159396562e-02,1.112274843264568491e-02,9.974492744957901280e-01,8.521541417573693655e-01
0.000000000000000000e+00,0.000000000000000000e+00,0.000000000000000000e+00,1.000000000000000000e+00
8.871905291494723844e-01,4.577459371642392805e-01,5.797949635096449894e-02,2.436414048020510148e-01
-4.559225937265392048e-01,8.890138725871724601e-01,-4.229566026466270029e-02,-1.787469286811137481e-01
-7.090524322745309083e-02,1.109014685164226750e-02,9.974214029815405835e-01,8.529414125095015065e-01
0.000000000000000000e+00,0.000000000000000000e+00,0.000000000000000000e+00,1.000000000000000000e+00
8.859649691100776048e-01,4.600809641969106911e-01,5.823727237276993263e-02,2.447527529630740550e-01
-4.582378119892688284e-01,8.878081213177195785e-01,-4.260102564010580239e-02,-1.800506889333790828e-01
-7.130344432821439371e-02,1.105649609697278296e-02,9.973933891504348503e-01,8.537280717269515318e-01
0.000000000000000000e+00,0.000000000000000000e+00,0.000000000000000000e+00,1.000000000000000000e+00
8.847331915704137462e-01,4.624128070203701868e-01,5.849423593117091674e-02,2.458609674988352090e-01
-4.605497455491112668e-01,8.865962530416725551e-01,-4.290706197253865706e-02,-1.813574814757686338e-01
-7.170154536883029117e-02,1.102179640568320962e-02,9.973652331998109632e-01,8.545141201024850641e-01
0.000000000000000000e+00,0.000000000000000000e+00,0.000000000000000000e+00,1.000000000000000000e+00
8.834952052074901419e-01,4.647414492084193660e-01,5.875038521603924424e-02,2.469660402384730447e-01
-4.628583781201152658e-01,8.853782762957942420e-01,-4.321376710614976968e-02,-1.826672979822630549e-01
-7.209954354495791418e-02,1.098604802220855617e-02,9.973369353280076011e-01,8.552995583331696183e-01
0.000000000000000000e+00,0.000000000000000000e+00,0.000000000000000000e+00,1.000000000000000000e+00
8.822510187420530281e-01,4.670668743574064030e-01,5.900571842298280717e-02,2.480679630332573993e-01
-4.651636934395823597e-01,8.841541996598770714e-01,-4.352113888041647671e-02,-1.839801301055414562e-01
-7.249743605297914728e-02,1.094925119837112520e-02,9.973084957343636425e-01,8.560843871203703825e-01
0.000000000000000000e+00,0.000000000000000000e+00,0.000000000000000000e+00,1.000000000000000000e+00
8.810006409385240378e-01,4.693890660863409003e-01,5.926023375335808668e-02,2.491667277566477212e-01
-4.674656752681820571e-01,8.829240317566828811e-01,-4.382917513012006550e-02,-1.852959694770399401e-01
-7.289522009002011305e-02,1.091140619337873860e-02,9.972799146192159458e-01,8.568686071697464435e-01
0.000000000000000000e+00,0.000000000000000000e+00,0.000000000000000000e+00,1.000000000000000000e+00
8.797440806049382500e-01,4.717080080370097961e-01,5.951392941428300387e-02,2.502623263043497470e-01
-4.697643073900658606e-01,8.816877812518821855e-01,-4.413787368536106065e-02,-1.866148077070107214e-01
-7.329289285397112830e-02,1.087251327382294380e-02,9.972511921838985716e-01,8.576522191912447912e-01
0.000000000000000000e+00,0.000000000000000000e+00,0.000000000000000000e+00,1.000000000000000000e+00
8.784813465928824616e-01,4.740236838740926051e-01,5.976680361864942365e-02,2.513547505943726779e-01
-4.720595736129816200e-01,8.804454568539934467e-01,-4.444723237157452433e-02,-1.879366363845812182e-01
-7.369045154350628568e-02,1.083257271367709176e-02,9.972223286307406731e-01,8.584352238990955453e-01
0.000000000000000000e+00,0.000000000000000000e+00,0.000000000000000000e+00,1.000000000000000000e+00
8.772124477974326817e-01,4.763360772852762159e-01,6.001885458513585292e-02,2.524439925670862173e-01
-4.743514577683878852e-01,8.791970673143211235e-01,-4.475724900954536345e-02,-1.892614470778131164e-01
-7.408789335810329890e-02,1.079158479429443221e-02,9.971933241630661637e-01,8.592176220118067365e-01
0.000000000000000000e+00,0.000000000000000000e+00,0.000000000000000000e+00,1.000000000000000000e+00
8.759373931570917371e-01,4.786451719813698547e-01,6.027008053821988204e-02,2.535300441852770814e-01
-4.766399437115669824e-01,8.779426214268946094e-01,-4.506792141542366459e-02,-1.905892313337619326e-01
-7.448521549806313979e-02,1.074954980440613606e-02,9.971641789851908300e-01,8.599994142521593110e-01
0.000000000000000000e+00,0.000000000000000000e+00,0.000000000000000000e+00,1.000000000000000000e+00
8.746561916537255454e-01,4.809509516964198261e-01,6.052047970819077888e-02,2.546128974342058982e-01
-4.789250153217395334e-01,8.766821280284057272e-01,-4.537924740074006369e-02,-1.919199806785365503e-01
-7.488241516452985580e-02,1.070646804011922762e-02,9.971348933024222205e-01,8.607806013472026896e-01
0.000000000000000000e+00,0.000000000000000000e+00,0.000000000000000000e+00,1.000000000000000000e+00
8.733688523125006098e-01,4.832534001878243113e-01,6.077005033116193722e-02,2.556925443216636062e-01
-4.812066565021779208e-01,8.754155959981470003e-01,-4.569122477242125446e-02,-1.932536866173588108e-01
-7.527948955951023480e-02,1.066233980491454111e-02,9.971054673210573149e-01,8.615611840282491052e-01
0.000000000000000000e+00,0.000000000000000000e+00,0.000000000000000000e+00,1.000000000000000000e+00
8.720753842018205138e-01,4.855525012364474979e-01,6.101879064908317940e-02,2.567689768780275772e-01
-4.834848511803190863e-01,8.741430342579490365e-01,-4.600385133280528172e-02,-1.945903406346234932e-01
-7.567643588589341441e-02,1.061716540964457653e-02,9.970759012483816353e-01,8.623411630308678300e-01
0.000000000000000000e+00,0.000000000000000000e+00,0.000000000000000000e+00,1.000000000000000000e+00
8.707757964332615286e-01,4.878482386467339338e-01,6.126669890975333654e-02,2.578421871563181811e-01
-4.857595833078783287e-01,8.728644517721171336e-01,-4.631712487965716774e-02,-1.959299341939582106e-01
-7.607325134747078277e-02,1.057094517253128266e-02,9.970461952926673588e-01,8.631205390948808454e-01
0.000000000000000000e+00,0.000000000000000000e+00,0.000000000000000000e+00,1.000000000000000000e+00
8.694700981615083313e-01,4.901405962468228794e-01,6.151377336683249569e-02,2.589121672322540757e-01
-4.880308368609624359e-01,8.715798575473687748e-01,-4.663104320618438603e-02,-1.972724587382835848e-01
-7.646993314895556004e-02,1.052367941916382624e-02,9.970163496631722078e-01,8.638993129643578461e-01
0.000000000000000000e+00,0.000000000000000000e+00,0.000000000000000000e+00,1.000000000000000000e+00
8.681582985842900557e-01,4.924295578886618840e-01,6.176001227985430941e-02,2.599789092043088279e-01
-4.902985958401822608e-01,8.702892606327696789e-01,-4.694560410105234199e-02,-1.986179056898734752e-01
-7.686647849600253268e-02,1.047536848249629865e-02,9.969863645701376731e-01,8.646774853876105782e-01
0.000000000000000000e+00,0.000000000000000000e+00,0.000000000000000000e+00,1.000000000000000000e+00
8.668404069423152336e-01,4.947151074481203059e-01,6.200541391423818049e-02,2.610424051937657586e-01
-4.925628442707649102e-01,8.689926701196707404e-01,-4.726080534840002012e-02,-1.999662664504153198e-01
-7.726288459522763497e-02,1.042601270284540874e-02,9.969562402247876820e-01,8.654550571171868434e-01
0.000000000000000000e+00,0.000000000000000000e+00,0.000000000000000000e+00,1.000000000000000000e+00
8.655164325192070685e-01,4.969972288251036097e-01,6.224997654130162705e-02,2.621026473447742866e-01
-4.948235662026673753e-01,8.676900951416433028e-01,-4.757664472785554099e-02,-2.013175324010710310e-01
-7.765914865422773872e-02,1.037561242788801255e-02,9.969259768393272658e-01,8.662320289098658366e-01
0.000000000000000000e+00,0.000000000000000000e+00,0.000000000000000000e+00,1.000000000000000000e+00
8.641863846414368222e-01,4.992759059436665536e-01,6.249369843827239784e-02,2.631596278244046627e-01
-4.970807457106886096e-01,8.663815448744147663e-01,-4.789312001455191953e-02,-2.026716949025374470e-01
-7.805526788160038754e-02,1.032416801265872291e-02,9.968955746269405616e-01,8.670084015266545929e-01
0.000000000000000000e+00,0.000000000000000000e+00,0.000000000000000000e+00,1.000000000000000000e+00
8.628502726782598664e-01,5.015511227521256554e-01,6.273657788830050430e-02,2.642133388227030921e-01
-4.993343668945807168e-01,8.650670285358048606e-01,-4.821022897914253175e-02,-2.040287452951070057e-01
-7.845123948696319793e-02,1.027167981954739406e-02,9.968650338017899237e-01,8.677841757327785510e-01
0.000000000000000000e+00,0.000000000000000000e+00,0.000000000000000000e+00,1.000000000000000000e+00
8.615081060416482917e-01,5.038228632231736004e-01,6.297861318047050239e-02,2.652637725527474122e-01
-5.015844138791623052e-01,8.637465553856595868e-01,-4.852796938781701874e-02,-2.053886748987293065e-01
-7.884706068097378784e-02,1.021814821829654732e-02,9.968343545790141480e-01,8.685593522976804426e-01
0.000000000000000000e+00,0.000000000000000000e+00,0.000000000000000000e+00,1.000000000000000000e+00
8.601598941862254044e-01,5.060911113539909856e-01,6.321980260981341360e-02,2.663109212507012713e-01
-5.038308708144296766e-01,8.624201347257867134e-01,-4.884633900231692694e-02,-2.067514750130716727e-01
-7.924272867534928877e-02,1.016357358599879329e-02,9.968035371747268059e-01,8.693339319950118549e-01
0.000000000000000000e+00,0.000000000000000000e+00,0.000000000000000000e+00,1.000000000000000000e+00
8.588056466091987806e-01,5.083558511663595070e-01,6.346014447731870844e-02,2.673547771758691405e-01
-5.060737218756676814e-01,8.610877758998904952e-01,-4.916533557995143855e-02,-2.081171369175808528e-01
-7.963824068288599678e-02,1.010795630709417081e-02,9.967725818060148013e-01,8.701079156026295669e-01
0.000000000000000000e+00,0.000000000000000000e+00,0.000000000000000000e+00,1.000000000000000000e+00
8.574453728502930971e-01,5.106170667067747582e-01,6.369963708994644258e-02,2.683953326107504922e-01
-5.083129512635634617e-01,8.597494882935046157e-01,-4.948495687361330331e-02,-2.094856518715442206e-01
-8.003359391747907892e-02,1.005129677336741301e-02,9.967414886909372607e-01,8.708813039025886660e-01
0.000000000000000000e+00,0.000000000000000000e+00,0.000000000000000000e+00,1.000000000000000000e+00
8.560790824916838515e-01,5.128747420465581408e-01,6.393827876063902516e-02,2.694325798610949230e-01
-5.105485432043149752e-01,8.584052813339271282e-01,-4.980520063179450646e-02,-2.108570111141512826e-01
-8.042878559414208539e-02,9.993595383945230726e-03,9.967102580485230900e-01,8.716540976811383290e-01
0.000000000000000000e+00,0.000000000000000000e+00,0.000000000000000000e+00,1.000000000000000000e+00
8.547067851579286391e-01,5.151288612819694412e-01,6.417606780833316760e-02,2.704665112559554996e-01
-5.127804819497442379e-01,8.570551644901538424e-01,-5.012606459860226293e-02,-2.122312058645558219e-01
-8.082381292902666992e-02,9.934852545293457182e-03,9.966788900987704203e-01,8.724262977287154941e-01
0.000000000000000000e+00,0.000000000000000000e+00,0.000000000000000000e+00,1.000000000000000000e+00
8.533284905159006506e-01,5.173794085343184079e-01,6.441300255797167973e-02,2.714971191477434931e-01
-5.150087517774071255e-01,8.556991472728120440e-01,-5.044754651377482413e-02,-2.136082273219372663e-01
-8.121867313944215738e-02,9.875068671214227295e-03,9.966473850626446085e-01,8.731979048399397536e-01
0.000000000000000000e+00,0.000000000000000000e+00,0.000000000000000000e+00,1.000000000000000000e+00
8.519442082747191725e-01,5.196263679500775501e-01,6.464908134051532140e-02,2.725243959122815030e-01
-5.172333369907046174e-01,8.543372392340919941e-01,-5.076964411269742350e-02,-2.149880666655628603e-01
-8.161336344387511155e-02,9.814244182843032127e-03,9.966157431620762397e-01,8.739689198136073589e-01
0.000000000000000000e+00,0.000000000000000000e+00,0.000000000000000000e+00,1.000000000000000000e+00
8.505539481856824180e-01,5.218697237009926049e-01,6.488430249295458474e-02,2.735483339488579690e-01
-5.194542219189934862e-01,8.529694499676815367e-01,-5.109235512641828458e-02,-2.163707150548500047e-01
-8.200788106200902761e-02,9.752379508645738632e-03,9.965839646199605717e-01,8.747393434526855582e-01
0.000000000000000000e+00,0.000000000000000000e+00,0.000000000000000000e+00,1.000000000000000000e+00
8.491577200421983607e-01,5.241094599841942259e-01,6.511866435832124045e-02,2.745689256802798517e-01
-5.216713909176953212e-01,8.515957891086972653e-01,-5.141567728166443474e-02,-2.177561636294278458e-01
-8.240222321474373335e-02,9.689475084415633682e-03,9.965520496601549816e-01,8.755091765643070456e-01
0.000000000000000000e+00,0.000000000000000000e+00,0.000000000000000000e+00,1.000000000000000000e+00
8.477555336797155672e-01,5.263455610223108927e-01,6.535216528570031436e-02,2.755861635529271436e-01
-5.238848283684094387e-01,8.502162663336170212e-01,-5.173960830085799767e-02,-2.191444035092008913e-01
-8.279638712421524827e-02,9.625531353270284224e-03,9.965199985074781885e-01,8.762784199597650758e-01
0.000000000000000000e+00,0.000000000000000000e+00,0.000000000000000000e+00,1.000000000000000000e+00
8.463473989756540306e-01,5.285780110635777129e-01,6.558480363024138393e-02,2.766000400368049394e-01
-5.260945186790199068e-01,8.488308913602119476e-01,-5.206414590213196553e-02,-2.205354257944103225e-01
-8.319037001381510144e-02,9.560548765648463343e-03,9.964878113877079224e-01,8.770470744545069142e-01
0.000000000000000000e+00,0.000000000000000000e+00,0.000000000000000000e+00,1.000000000000000000e+00
8.449333258493357812e-01,5.308067943819494428e-01,6.581657775317041603e-02,2.776105476255971705e-01
-5.283004462838076787e-01,8.474396739474775453e-01,-5.238928779934641511e-02,-2.219292215656975542e-01
-8.358416910820996859e-02,9.494527779306941029e-03,9.964554885275800356e-01,8.778151408681271750e-01
0.000000000000000000e+00,0.000000000000000000e+00,0.000000000000000000e+00,1.000000000000000000e+00
8.435133242619149430e-01,5.330318952772090668e-01,6.604748602180113282e-02,2.786176788367190071e-01
-5.305025956435587275e-01,8.460426238955652822e-01,-5.271503170210457140e-02,-2.233257818841664077e-01
-8.397778163336125368e-02,9.427468859317299221e-03,9.964230301547862823e-01,8.785826200243643802e-01
0.000000000000000000e+00,0.000000000000000000e+00,0.000000000000000000e+00,1.000000000000000000e+00
8.420874042163072337e-01,5.352532980750808189e-01,6.627752680954664133e-02,2.796214262113702054e-01
-5.327009512456741813e-01,8.446397510457138713e-01,-5.304137531576896131e-02,-2.247250977914465875e-01
-8.437120481654462878e-02,9.359372478062628897e-03,9.963904364979732087e-01,8.793495127510928544e-01
0.000000000000000000e+00,0.000000000000000000e+00,0.000000000000000000e+00,1.000000000000000000e+00
8.406555757571199106e-01,5.374709871273393169e-01,6.650669849593085492e-02,2.806217823145871204e-01
-5.348954976042803455e-01,8.432310652801788819e-01,-5.336831634147760905e-02,-2.261271603097568528e-01
-8.476443588636953241e-02,9.290239115234192463e-03,9.963577077867402654e-01,8.801158198803187283e-01
0.000000000000000000e+00,0.000000000000000000e+00,0.000000000000000000e+00,1.000000000000000000e+00
8.392178489705809374e-01,5.396849468119193638e-01,6.673499946659985915e-02,2.816187397352951649e-01
-5.370862192603360619e-01,8.418165765221642394e-01,-5.369585247616012746e-02,-2.275319604419676067e-01
-8.515747207279869557e-02,9.220069257828079207e-03,9.963248442516383641e-01,8.808815422481727220e-01
0.000000000000000000e+00,0.000000000000000000e+00,0.000000000000000000e+00,1.000000000000000000e+00
8.377742339844677089e-01,5.418951615330267479e-01,6.696242811333334710e-02,2.826122910863611004e-01
-5.392731007817426203e-01,8.403962947357517255e-01,-5.402398141255403130e-02,-2.289394891716647895e-01
-8.555031060716768165e-02,9.148863400141756669e-03,9.962918461241679902e-01,8.816466806949051493e-01
0.000000000000000000e+00,0.000000000000000000e+00,0.000000000000000000e+00,1.000000000000000000e+00
8.363247409680357736e-01,5.441016157212482662e-01,6.718898283405594363e-02,2.836024290046452179e-01
-5.414561267634531161e-01,8.389702299258309237e-01,-5.435270083922097428e-02,-2.303497374632135775e-01
-8.594294872220439863e-02,9.076622043770566500e-03,9.962587136367777596e-01,8.824112360648795894e-01
0.000000000000000000e+00,0.000000000000000000e+00,0.000000000000000000e+00,1.000000000000000000e+00
8.348693801319475583e-01,5.463042938336605259e-01,6.741466203284839087e-02,2.845891461510529075e-01
-5.436352818275790311e-01,8.375383921380290531e-01,-5.468200844056298610e-02,-2.317626962618212771e-01
-8.633538365204850018e-02,9.003345697604241138e-03,9.962254470228628644e-01,8.831752092065663362e-01
0.000000000000000000e+00,0.000000000000000000e+00,0.000000000000000000e+00,1.000000000000000000e+00
8.334081617282004251e-01,5.485031803539397455e-01,6.763946411995890029e-02,2.855724352105862285e-01
-5.458105506235002569e-01,8.361007914586399137e-01,-5.501190189683881349e-02,-2.331783564936017183e-01
-8.672761263227092565e-02,8.929034877823278232e-03,9.961920465167635186e-01,8.839386009725378468e-01
0.000000000000000000e+00,0.000000000000000000e+00,0.000000000000000000e+00,1.000000000000000000e+00
8.319410960500532859e-01,5.506982597924722223e-01,6.786338751181439366e-02,2.865522888923963118e-01
-5.479819178279733416e-01,8.346574380145521665e-01,-5.534237888418031687e-02,-2.345967090656392584e-01
-8.711963289989352321e-02,8.853690107895308137e-03,9.961585123537624042e-01,8.847014122194616359e-01
0.000000000000000000e+00,0.000000000000000000e+00,0.000000000000000000e+00,1.000000000000000000e+00
8.304681934319557701e-01,5.528895166864620236e-01,6.808643063103153592e-02,2.875286999298338753e-01
-5.501493681452382933e-01,8.332083419731793894e-01,-5.567343707460878366e-02,-2.360177448660525645e-01
-8.751144169340827061e-02,8.777311918571426702e-03,9.961248447700846720e-01,8.854636438080949468e-01
0.000000000000000000e+00,0.000000000000000000e+00,0.000000000000000000e+00,1.000000000000000000e+00
8.289894642494743948e-01,5.550769356000397892e-01,6.830859190642785128e-02,2.885016610805003490e-01
-5.523128863071267158e-01,8.317535135423872461e-01,-5.600507413605128326e-02,-2.374414547640584794e-01
-8.790303625279682898e-02,8.699900847882441335e-03,9.960910440028946100e-01,8.862252966032776458e-01
0.000000000000000000e+00,0.000000000000000000e+00,0.000000000000000000e+00,1.000000000000000000e+00
8.275049189192195120e-01,5.572605011243727535e-01,6.852986977303288096e-02,2.894711651262995566e-01
-5.544724570731696112e-01,8.302929629704226544e-01,-5.633728773235717469e-02,-2.388678296100371634e-01
-8.829441381955002721e-02,8.621457441135085831e-03,9.960571102902948670e-01,8.869863714739274485e-01
0.000000000000000000e+00,0.000000000000000000e+00,0.000000000000000000e+00,1.000000000000000000e+00
8.260145678987728113e-01,5.594401978777722162e-01,6.875026267209918829e-02,2.904372048734880640e-01
-5.566280652307046273e-01,8.288267005458404002e-01,-5.667007552331454479e-02,-2.402968602355957384e-01
-8.868557163668719379e-02,8.541982250908186636e-03,9.960230438713248979e-01,8.877468692930325922e-01
0.000000000000000000e+00,0.000000000000000000e+00,0.000000000000000000e+00,1.000000000000000000e+00
8.245184216866123794e-01,5.616160105058025653e-01,6.896976905111323886e-02,2.913997731527260271e-01
-5.587796955949835276e-01,8.273547365974315282e-01,-5.700343516466666732e-02,-2.417285374536334019e-01
-8.907650694877575215e-02,8.461475837048738902e-03,9.959888449859585213e-01,8.885067909376463957e-01
0.000000000000000000e+00,0.000000000000000000e+00,0.000000000000000000e+00,1.000000000000000000e+00
8.230164908220396480e-01,5.637879236813885253e-01,6.918838736380647503e-02,2.923588628191277072e-01
-5.609273330092778842e-01,8.258770814941505112e-01,-5.733736430812849671e-02,-2.431628520584059316e-01
-8.946721700195037208e-02,8.379938766667996419e-03,9.959545138751030313e-01,8.892661372888814864e-01
0.000000000000000000e+00,0.000000000000000000e+00,0.000000000000000000e+00,1.000000000000000000e+00
8.215087858851047864e-01,5.659559221049247357e-01,6.940611607016611284e-02,2.933144667523114868e-01
-5.630709623449882129e-01,8.243937456450414203e-01,-5.767186060140333526e-02,-2.445997948255905774e-01
-8.985769904393264840e-02,8.297371614137478285e-03,9.959200507805970881e-01,8.900249092319024724e-01
0.000000000000000000e+00,0.000000000000000000e+00,0.000000000000000000e+00,1.000000000000000000e+00
8.199953174965322056e-01,5.681199905043816667e-01,6.962295363644606383e-02,2.942665778564508838e-01
-5.652105685017481118e-01,8.229047394991657605e-01,-5.800692168819922279e-02,-2.460393565123510373e-01
-9.024795032405029394e-02,8.213774961084895770e-03,9.958854559452087196e-01,8.907831076559200589e-01
0.000000000000000000e+00,0.000000000000000000e+00,0.000000000000000000e+00,1.000000000000000000e+00
8.184760963176458404e-01,5.702801136354141986e-01,6.983889853517760704e-02,2.952151890603230688e-01
-5.673461364075317315e-01,8.214100735455284186e-01,-5.834254520824567330e-02,-2.474815278574022948e-01
-9.063796809325655457e-02,8.129149396390068782e-03,9.958507296126347663e-01,8.915407334541851636e-01
0.000000000000000000e+00,0.000000000000000000e+00,0.000000000000000000e+00,1.000000000000000000e+00
8.169511330502942092e-01,5.724362762814687589e-01,7.005394924518029698e-02,2.961602933173604346e-01
-5.694776510187600227e-01,8.199097583130030564e-01,-5.867872879731021035e-02,-2.489262995810766488e-01
-9.102774960414961036e-02,8.043495516180797222e-03,9.958158720274975506e-01,8.922977875239831436e-01
0.000000000000000000e+00,0.000000000000000000e+00,0.000000000000000000e+00,1.000000000000000000e+00
8.154204384367748082e-01,5.745884632538911241e-01,7.026810425157264950e-02,2.971018836056987800e-01
-5.716050973204067631e-01,8.184038043702591692e-01,-5.901547008721508975e-02,-2.503736623853879406e-01
-9.141729211099192121e-02,7.956813923828624791e-03,9.957808834353445437e-01,8.930542707666254687e-01
0.000000000000000000e+00,0.000000000000000000e+00,0.000000000000000000e+00,1.000000000000000000e+00
8.138840232597577273e-01,5.767366593920326689e-01,7.048136204578273056e-02,2.980399529282275473e-01
-5.737284603261039173e-01,8.168922223256863679e-01,-5.935276670585397374e-02,-2.518236069540981115e-01
-9.180659286972961408e-02,7.869105229944609731e-03,9.957457640826455902e-01,8.938101840874461690e-01
0.000000000000000000e+00,0.000000000000000000e+00,0.000000000000000000e+00,1.000000000000000000e+00
8.123418983422112660e-01,5.788808495633572804e-01,7.069372112555886989e-02,2.989744943126391163e-01
-5.758477250782476631e-01,8.153750228273207723e-01,-5.969061627720861213e-02,-2.532761239527823727e-01
-9.219564913801168993e-02,7.780370052375008838e-03,9.957105142167922418e-01,8.945655283957929527e-01
0.000000000000000000e+00,0.000000000000000000e+00,0.000000000000000000e+00,1.000000000000000000e+00
8.107940745473245503e-01,5.810210186635479390e-01,7.090517999498019419e-02,2.999055008114773213e-01
-5.779628766481029745e-01,8.138522165627695149e-01,-6.002901642136558580e-02,-2.547312040288947088e-01
-9.258445817520946641e-02,7.690609016196985753e-03,9.956751340860947597e-01,8.953203046050219882e-01
0.000000000000000000e+00,0.000000000000000000e+00,0.000000000000000000e+00,1.000000000000000000e+00
8.092405627784311495e-01,5.831571516166138558e-01,7.111573716446720206e-02,3.008329655021870219e-01
-5.800739001359100921e-01,8.123238142591351352e-01,-6.036796475453308497e-02,-2.561888378118342136e-01
-9.297301724243578480e-02,7.599822753714086804e-03,9.956396239397816705e-01,8.960745136324915761e-01
0.000000000000000000e+00,0.000000000000000000e+00,0.000000000000000000e+00,1.000000000000000000e+00
8.076813739789330260e-01,5.852892333749951659e-01,7.132539115079221392e-02,3.017568814871626204e-01
-5.821807806709874411e-01,8.107898266829407508e-01,-6.070745888905762500e-02,-2.576490159130107038e-01
-9.336132360256434171e-02,7.508011904451911134e-03,9.956039840279968800e-01,8.968281563995549321e-01
0.000000000000000000e+00,0.000000000000000000e+00,0.000000000000000000e+00,1.000000000000000000e+00
8.061165191322217094e-01,5.874172489196707314e-01,7.153414047708983592e-02,3.026772418937965226e-01
-5.842835034118389892e-01,8.092502646400534516e-01,-6.104749643344106053e-02,-2.591117289259113887e-01
-9.374937452024906248e-02,7.415177115153541443e-03,9.955682146017985623e-01,8.975812338315549699e-01
0.000000000000000000e+00,0.000000000000000000e+00,0.000000000000000000e+00,1.000000000000000000e+00
8.045460092616031345e-01,5.895411832602626134e-01,7.174198367286740985e-02,3.035940398745281543e-01
-5.863820535462569428e-01,8.077051389756086941e-01,-6.138807499235721110e-02,-2.605769674261666502e-01
-9.413716726194321094e-02,7.321319039774999010e-03,9.955323159131573840e-01,8.983337468578165286e-01
0.000000000000000000e+00,0.000000000000000000e+00,0.000000000000000000e+00,1.000000000000000000e+00
8.029698554302185931e-01,5.916610214351416541e-01,7.194891927401526888e-02,3.045072686068908685e-01
-5.884764162914262187e-01,8.061544605739340286e-01,-6.172919216666881981e-02,-2.620447219716162124e-01
-9.452469909591872110e-02,7.226438339480625861e-03,9.954962882149545056e-01,8.990856964116397121e-01
0.000000000000000000e+00,0.000000000000000000e+00,0.000000000000000000e+00,1.000000000000000000e+00
8.013880687409669079e-01,5.937767485115341692e-01,7.215494582281714586e-02,3.054169212935616828e-01
-5.905665768940293603e-01,8.045982403584717169e-01,-6.207084555344451193e-02,-2.635149831023766431e-01
-9.491196729228543183e-02,7.130535682638466932e-03,9.954601317609794719e-01,8.998370834302950039e-01
0.000000000000000000e+00,0.000000000000000000e+00,0.000000000000000000e+00,1.000000000000000000e+00
7.998006603364264944e-01,5.958883495856257539e-01,7.236006186796047068e-02,3.063229911624081314e-01
-5.926525206303501214e-01,8.030364892917021269e-01,-6.241303274597567730e-02,-2.649877413409069682e-01
-9.529896912301040468e-02,7.033611744815499583e-03,9.954238468059295464e-01,9.005879088550147182e-01
0.000000000000000000e+00,0.000000000000000000e+00,0.000000000000000000e+00,1.000000000000000000e+00
7.982076413987770902e-01,5.979958097826671981e-01,7.256426596454643163e-02,3.072254714665359487e-01
-5.947342328063769390e-01,8.014692183750673493e-01,-6.275575133379335258e-02,-2.664629871920760062e-01
-9.568570186193697813e-02,6.935667208772935965e-03,9.953874336054066019e-01,9.013381736309878933e-01
0.000000000000000000e+00,0.000000000000000000e+00,0.000000000000000000e+00,1.000000000000000000e+00
7.966090231497203744e-01,6.000991142570782921e-01,7.276755667410034212e-02,3.081243554843370869e-01
-5.968116987579067390e-01,7.998964386488919276e-01,-6.309899890268536038e-02,-2.679407111432290933e-01
-9.607216278480409932e-02,6.836702764461393550e-03,9.953508924159160109e-01,9.020878787073522975e-01
0.000000000000000000e+00,0.000000000000000000e+00,0.000000000000000000e+00,1.000000000000000000e+00
7.950048168504013635e-01,6.021982481925534092e-01,7.296993256458159105e-02,3.090196365195367889e-01
-5.988849038506478539e-01,7.983181611923069187e-01,-6.344277303471312912e-02,-2.694209036642549737e-01
-9.645834916926543379e-02,6.736719109015999740e-03,9.953142234948650913e-01,9.028370250371887673e-01
0.000000000000000000e+00,0.000000000000000000e+00,0.000000000000000000e+00,1.000000000000000000e+00
7.933950338013292525e-01,6.042931968021653111e-01,7.317139221039391239e-02,3.099113079012404404e-01
-6.009538334803238291e-01,7.967343971231706234e-01,-6.378707130822888760e-02,-2.709035552076529685e-01
-9.684425829490857229e-02,6.635716946751524237e-03,9.952774271005605522e-01,9.035856135775135467e-01
0.000000000000000000e+00,0.000000000000000000e+00,0.000000000000000000e+00,1.000000000000000000e+00
7.917796853422969239e-01,6.063839453284692871e-01,7.337193419239532166e-02,3.107993629839814753e-01
-6.030184730727753406e-01,7.951451575979908704e-01,-6.413189129789260978e-02,-2.723886562086007546e-01
-9.722988744327423771e-02,6.533696989157417728e-03,9.952405034922071625e-01,9.043336452892734023e-01
0.000000000000000000e+00,0.000000000000000000e+00,0.000000000000000000e+00,1.000000000000000000e+00
7.901587828523022328e-01,6.084704790436077371e-01,7.357155709790809406e-02,3.116837951477672286e-01
-6.050788080840638905e-01,7.935504538118461904e-01,-6.447723057468915386e-02,-2.738761970850207561e-01
-9.761523389787539473e-02,6.430659954892760377e-03,9.952034529299059740e-01,9.050811211373361864e-01
0.000000000000000000e+00,0.000000000000000000e+00,0.000000000000000000e+00,1.000000000000000000e+00
7.885323377494669606e-01,6.105527832494132001e-01,7.377025952072882586e-02,3.125645977981260648e-01
-6.071348240005732810e-01,7.919502969983067686e-01,-6.482308670594544298e-02,-2.753661682376485342e-01
-9.800029494421638732e-02,6.326606569781241529e-03,9.951662756746521010e-01,9.058280420904858410e-01
0.000000000000000000e+00,0.000000000000000000e+00,0.000000000000000000e+00,1.000000000000000000e+00
7.869003614909569899e-01,6.126308432775116053e-01,7.396804006113817664e-02,3.134417643661538411e-01
-6.091865063391126434e-01,7.903446984293560629e-01,-6.516945725534735445e-02,-2.768585600500999000e-01
-9.838506786981197905e-02,6.221537566806017994e-03,9.951289719883334994e-01,9.065744091214154032e-01
0.000000000000000000e+00,0.000000000000000000e+00,0.000000000000000000e+00,1.000000000000000000e+00
7.852628655729010365e-01,6.147046444894271877e-01,7.416489732591088901e-02,3.143152883085598148e-01
-6.112338406470178009e-01,7.887336694153104233e-01,-6.551633978295723360e-02,-2.783533628889388045e-01
-9.876954996420667099e-02,6.115453686104589670e-03,9.950915421337281908e-01,9.073202232067202333e-01
0.000000000000000000e+00,0.000000000000000000e+00,0.000000000000000000e+00,1.000000000000000000e+00
7.836198615303100468e-01,6.167741722766837409e-01,7.436082992832551697e-02,3.151851631077130511e-01
-6.132768125022538541e-01,7.871172213047398225e-01,-6.586373184523074131e-02,-2.798505671037453402e-01
-9.915373851899356161e-02,6.008355674963508641e-03,9.950539863745032632e-01,9.080654853268899096e-01
0.000000000000000000e+00,0.000000000000000000e+00,0.000000000000000000e+00,1.000000000000000000e+00
7.819713609369960405e-01,6.188394120609085336e-01,7.455583648817420972e-02,3.160513822716883858e-01
-6.153154075135159884e-01,7.854953654843885857e-01,-6.621163099503434013e-02,-2.813501630271834641e-01
-9.953763082783359528e-02,5.900244287813227045e-03,9.950163049752129840e-01,9.088101964663027887e-01
0.000000000000000000e+00,0.000000000000000000e+00,0.000000000000000000e+00,1.000000000000000000e+00
7.803173754054901767e-01,6.209003492939348945e-01,7.474991563177244003e-02,3.169139393343122224e-01
-6.173496113203309488e-01,7.838681133790940114e-01,-6.656003478166236387e-02,-2.828521409750691662e-01
-9.992122418647453319e-02,5.791120286222663921e-03,9.949784982012962464e-01,9.095543576132182340e-01
0.000000000000000000e+00,0.000000000000000000e+00,0.000000000000000000e+00,1.000000000000000000e+00
7.786579165869609298e-01,6.229569694579049077e-01,7.494306599196870478e-02,3.177728278552075514e-01
-6.193794095931592913e-01,7.822354764517063241e-01,-6.690894075085437875e-02,-2.843564912464392469e-01
-1.003045158927700631e-01,5.680984438893924710e-03,9.949405663190752369e-01,9.102979697597703979e-01
0.000000000000000000e+00,0.000000000000000000e+00,0.000000000000000000e+00,1.000000000000000000e+00
7.769929961711327104e-01,6.250092580653705543e-01,7.513528620815404513e-02,3.186280414198395805e-01
-6.214047880334945262e-01,7.805974662030087385e-01,-6.725834644481232250e-02,-2.858632041236182642e-01
-1.006875032466987285e-01,5.569837521656864632e-03,9.949025095957535481e-01,9.110410339019600068e-01
0.000000000000000000e+00,0.000000000000000000e+00,0.000000000000000000e+00,1.000000000000000000e+00
7.753226258862027098e-01,6.270572006593976289e-01,7.532657492627181650e-02,3.194795736395615315e-01
-6.234257323739654799e-01,7.789540941716348588e-01,-6.760824940221805968e-02,-2.873722698722885882e-01
-1.010701835503831081e-01,5.457680317463603492e-03,9.948643282994140691e-01,9.117835510396488097e-01
0.000000000000000000e+00,0.000000000000000000e+00,0.000000000000000000e+00,1.000000000000000000e+00
7.736468174987589652e-01,6.291007828136657709e-01,7.551693079882708382e-02,3.203274181516587715e-01
-6.254422283784356607e-01,7.773053719339891865e-01,-6.795864715825047919e-02,-2.888836787415581253e-01
-1.014525541081086751e-01,5.344513616383043952e-03,9.948260226990172095e-01,9.125255221765519176e-01
0.000000000000000000e+00,0.000000000000000000e+00,0.000000000000000000e+00,1.000000000000000000e+00
7.719655828136969822e-01,6.311399901325709383e-01,7.570635248489610003e-02,3.211715686193937769e-01
-6.274542618421039553e-01,7.756513111041640762e-01,-6.830953724460296639e-02,-2.903974209640287074e-01
-1.018346122263428521e-01,5.230338215595264906e-03,9.947875930643993447e-01,9.132669483202290328e-01
0.000000000000000000e+00,0.000000000000000000e+00,0.000000000000000000e+00,1.000000000000000000e+00
7.702789336741363568e-01,6.331748082513274367e-01,7.589483865013592345e-02,3.220120187320515415e-01
-6.294618185916053266e-01,7.739919233338584670e-01,-6.866091718950088907e-02,-2.919134867558661472e-01
-1.022163552137540649e-01,5.115154919385911381e-03,9.947490396662699297e-01,9.140078304820812294e-01
0.000000000000000000e+00,0.000000000000000000e+00,0.000000000000000000e+00,1.000000000000000000e+00
7.685868819613386194e-01,6.352052228360671737e-01,7.608238796679357707e-02,3.228487622049828198e-01
-6.314648844851091791e-01,7.723272203122966140e-01,-6.901278451771872269e-02,-2.934318663168673513e-01
-1.025977803812304218e-01,4.998964539140608732e-03,9.947103627762110545e-01,9.147481696773398507e-01
0.000000000000000000e+00,0.000000000000000000e+00,0.000000000000000000e+00,1.000000000000000000e+00
7.668894395946215248e-01,6.372312195839431315e-01,7.626899911371562424e-02,3.236817927796497019e-01
-6.334634454124206115e-01,7.706572137661438227e-01,-6.936513675059788331e-02,-2.949525498305310967e-01
-1.029788850418990598e-01,4.881767893339127029e-03,9.946715626666738919e-01,9.154879669250624019e-01
0.000000000000000000e+00,0.000000000000000000e+00,0.000000000000000000e+00,1.000000000000000000e+00
7.651866185312767854e-01,6.392527842232281765e-01,7.645467077635732800e-02,3.245111042236685783e-01
-6.354574872950787823e-01,7.689819154594261796e-01,-6.971797140606378340e-02,-2.964755274641263094e-01
-1.033596665111447682e-01,4.763565807549684228e-03,9.946326396109781420e-01,9.162272232481225576e-01
0.000000000000000000e+00,0.000000000000000000e+00,0.000000000000000000e+00,1.000000000000000000e+00
7.634784307664854719e-01,6.412699025134163122e-01,7.663940164679194922e-02,3.253366903308545499e-01
-6.374469960864561635e-01,7.673013371934456206e-01,-7.007128599864363705e-02,-2.980007893687610099e-01
-1.037401221066289458e-01,4.644359114423124435e-03,9.945935938833097012e-01,9.169659396732053880e-01
0.000000000000000000e+00,0.000000000000000000e+00,0.000000000000000000e+00,1.000000000000000000e+00
7.617648883332330811e-01,6.432825602453231539e-01,7.682319042372001694e-02,3.261585449212653365e-01
-6.394319577718579062e-01,7.656154908066983289e-01,-7.042507803948377942e-02,-2.995283256794527560e-01
-1.041202491483086690e-01,4.524148653687047605e-03,9.945544257587179970e-01,9.177041172307992545e-01
0.000000000000000000e+00,0.000000000000000000e+00,0.000000000000000000e+00,1.000000000000000000e+00
7.600460033022248263e-01,6.452907432411856270e-01,7.700603581247840446e-02,3.269766618412444648e-01
-6.414123583686202057e-01,7.639243881747902476e-01,-7.077934503636726382e-02,-3.010581265151970332e-01
-1.045000449584553154e-01,4.402935272139897604e-03,9.945151355131154336e-01,9.184417569551878158e-01
0.000000000000000000e+00,0.000000000000000000e+00,0.000000000000000000e+00,1.000000000000000000e+00
7.583217877818009267e-01,6.472944373547622199e-01,7.718793652504953029e-02,3.277910349634646225e-01
-6.433881839262090008e-01,7.622280412103541458e-01,-7.113408449373141706e-02,-3.025901819790374203e-01
-1.048795068616736464e-01,4.280719823644973943e-03,9.944757234232737275e-01,9.191788598844442548e-01
0.000000000000000000e+00,0.000000000000000000e+00,0.000000000000000000e+00,1.000000000000000000e+00
7.565922539178513428e-01,6.492936284714323492e-01,7.736889128007035099e-02,3.286016581869709574e-01
-6.453594205263182282e-01,7.605264618629652418e-01,-7.148929391268539491e-02,-3.041244821581355895e-01
-1.052586321849205142e-01,4.157503169124443509e-03,9.944361897668237971e-01,9.199154270604221750e-01
0.000000000000000000e+00,0.000000000000000000e+00,0.000000000000000000e+00,1.000000000000000000e+00
7.548574138937296230e-01,6.512883025082957245e-01,7.754889880284145109e-02,3.294085254372242644e-01
-6.473260542829676334e-01,7.588196621190576030e-01,-7.184497079102783457e-02,-3.056610171238400842e-01
-1.056374182575237491e-01,4.033286176553289859e-03,9.943965348222524314e-01,9.206514595287493830e-01
0.000000000000000000e+00,0.000000000000000000e+00,0.000000000000000000e+00,1.000000000000000000e+00
7.531172799301678600e-01,6.532784454142721575e-01,7.772795782533603592e-02,3.302116306661432299e-01
-6.492880713426010253e-01,7.571076540018388812e-01,-7.220111262326443791e-02,-3.071997769317576510e-01
-1.060158624112010062e-01,3.908069720953144532e-03,9.943567588689009584e-01,9.213869583388211160e-01
0.000000000000000000e+00,0.000000000000000000e+00,0.000000000000000000e+00,1.000000000000000000e+00
7.513718642851898721e-01,6.552640431701997059e-01,7.790606708620879950e-02,3.310109678521475085e-01
-6.512454578841835318e-01,7.553904495712060463e-01,-7.255771690062563783e-02,-3.087407516218222403e-01
-1.063939619800784858e-01,3.781854684386160015e-03,9.943168621869629131e-01,9.221219245437907164e-01
0.000000000000000000e+00,0.000000000000000000e+00,0.000000000000000000e+00,1.000000000000000000e+00
7.496211792540259378e-01,6.572450817889339270e-01,7.808322533080477856e-02,3.318065310001998558e-01
-6.531982001192986331e-01,7.536680609236612316e-01,-7.291478111108420923e-02,-3.102839312183653386e-01
-1.067717143007096969e-01,3.654641955948813303e-03,9.942768450574825945e-01,9.228563592005643024e-01
0.000000000000000000e+00,0.000000000000000000e+00,0.000000000000000000e+00,1.000000000000000000e+00
7.478652371690247547e-01,6.592215473154460215e-01,7.825943131116835927e-02,3.325983141418486499e-01
-6.551462842922458618e-01,7.519405001922249143e-01,-7.327230273937307414e-02,-3.118293057301866344e-01
-1.071491167120943167e-01,3.526432431765626208e-03,9.942367077623528449e-01,9.235902633697922193e-01
0.000000000000000000e+00,0.000000000000000000e+00,0.000000000000000000e+00,1.000000000000000000e+00
7.461040503995675088e-01,6.611934258269223097e-01,7.843468378605195079e-02,3.333863113352697471e-01
-6.570896966801385020e-01,7.502077795463513166e-01,-7.363027926700299597e-02,-3.133768651506244063e-01
-1.075261665556969670e-01,3.397227014982788507e-03,9.941964505843124966e-01,9.243236381158610460e-01
0.000000000000000000e+00,0.000000000000000000e+00,0.000000000000000000e+00,1.000000000000000000e+00
7.443376313519804999e-01,6.631607034328602657e-01,7.860898152092464508e-02,3.341705166653080594e-01
-6.590284235929974033e-01,7.484699111918433623e-01,-7.398870817228023200e-02,-3.149265994576251337e-01
-1.079028611754657002e-01,3.267026615761940700e-03,9.941560738069451508e-01,9.250564845068869335e-01
0.000000000000000000e+00,0.000000000000000000e+00,0.000000000000000000e+00,1.000000000000000000e+00
7.425659924694478775e-01,6.651233662751685483e-01,7.878232328798115414e-02,3.349509242435199652e-01
-6.609624513738514562e-01,7.467269073707649696e-01,-7.434758693032439414e-02,-3.164784986138154954e-01
-1.082791979178510389e-01,3.135832151273602875e-03,9.941155777146769568e-01,9.257888036147091659e-01
0.000000000000000000e+00,0.000000000000000000e+00,0.000000000000000000e+00,1.000000000000000000e+00
7.407891462319233788e-01,6.670814005282631465e-01,7.895470786615013670e-02,3.357275282082139434e-01
-6.628917663988299624e-01,7.449787803613565629e-01,-7.470691301308617083e-02,-3.180325525665718134e-01
-1.086551741318243780e-01,3.003644545690825618e-03,9.940749625927745026e-01,9.265205965148795020e-01
0.000000000000000000e+00,0.000000000000000000e+00,0.000000000000000000e+00,1.000000000000000000e+00
7.390071051560438420e-01,6.690347923991645240e-01,7.912613404110312165e-02,3.365003227244925954e-01
-6.648163550772608898e-01,7.432255424779474762e-01,-7.506668388936516001e-02,-3.195887512480916071e-01
-1.090307871688967895e-01,2.870464730182639701e-03,9.940342287273429278e-01,9.272518642866584004e-01
0.000000000000000000e+00,0.000000000000000000e+00,0.000000000000000000e+00,1.000000000000000000e+00
7.372198817950392780e-01,6.709835281275970953e-01,7.929660060526286247e-02,3.372693019842932238e-01
-6.667362038517663514e-01,7.414672060708700219e-01,-7.542689702482775760e-02,-3.211470845754642034e-01
-1.094060343831377846e-01,2.736293642907491885e-03,9.939933764053237031e-01,9.279826080130035848e-01
0.000000000000000000e+00,0.000000000000000000e+00,0.000000000000000000e+00,1.000000000000000000e+00
7.354274887386454962e-01,6.729275939860829281e-01,7.946610635781187204e-02,3.380344602064289106e-01
-6.686512991983569743e-01,7.397037835263713390e-01,-7.578754988202485166e-02,-3.227075424507417356e-01
-1.097809131311937025e-01,2.601132229006646035e-03,9.939524059144927426e-01,9.287128287805652693e-01
0.000000000000000000e+00,0.000000000000000000e+00,0.000000000000000000e+00,1.000000000000000000e+00
7.336299386130151756e-01,6.748669762800408867e-01,7.963465010470097138e-02,3.387957916366293176e-01
-6.705616276265288223e-01,7.379352872665272400e-01,-7.614863992040991902e-02,-3.242701147610105861e-01
-1.101554207723065559e-01,2.464981440597535656e-03,9.939113175434584058e-01,9.294425276796782764e-01
0.000000000000000000e+00,0.000000000000000000e+00,0.000000000000000000e+00,1.000000000000000000e+00
7.318272440806292689e-01,6.768016613478823329e-01,7.980223065865758858e-02,3.395532905475813212e-01
-6.724671756793570987e-01,7.361617297491545031e-01,-7.651016459635670564e-02,-3.258347913784623295e-01
-1.105295546683325164e-01,2.327842236767019291e-03,9.938701115816597209e-01,9.301717058043517117e-01
0.000000000000000000e+00,0.000000000000000000e+00,0.000000000000000000e+00,1.000000000000000000e+00
7.300194178402072964e-01,6.787316355611062724e-01,7.996884683919416870e-02,3.403069512389689799e-01
-6.743679299335906263e-01,7.343831234677229425e-01,-7.687212136317722599e-02,-3.274015621604651205e-01
-1.109033121837604829e-01,2.189715583564684487e-03,9.938287883193636096e-01,9.309003642522652999e-01
0.000000000000000000e+00,0.000000000000000000e+00,0.000000000000000000e+00,1.000000000000000000e+00
7.282064726266175292e-01,6.806568853243979422e-01,8.013449747261650047e-02,3.410567680375140021e-01
-6.762638769997488808e-01,7.325994809512664796e-01,-7.723450767113981819e-02,-3.289704169496354691e-01
-1.112766906857307614e-01,2.050602453995950536e-03,9.937873480476634436e-01,9.316285041247576171e-01
0.000000000000000000e+00,0.000000000000000000e+00,0.000000000000000000e+00,1.000000000000000000e+00
7.263884212107885041e-01,6.825773970757218478e-01,8.029918139203200134e-02,3.418027352970157140e-01
-6.781550035222134731e-01,7.308108147642968788e-01,-7.759732096748694907e-02,-3.305413455739090178e-01
-1.116496875440535635e-01,1.910503828015344685e-03,9.937457910584770460e-01,9.323561265268216491e-01
0.000000000000000000e+00,0.000000000000000000e+00,0.000000000000000000e+00,1.000000000000000000e+00
7.245652763996178747e-01,6.844931572864192404e-01,8.046289743735790534e-02,3.425448473983906950e-01
-6.800412961793236288e-01,7.290171375067133752e-01,-7.796055869645326930e-02,-3.321143378466132612e-01
-1.120223001312274369e-01,1.769420692519459160e-03,9.937041176445441382e-01,9.330832325670952443e-01
0.000000000000000000e+00,0.000000000000000000e+00,0.000000000000000000e+00,1.000000000000000000e+00
7.227370510358832600e-01,6.864041524613017087e-01,8.062564445532940938e-02,3.432830987497121344e-01
-6.819227416834695576e-01,7.272184618137154111e-01,-7.832421829928354340e-02,-3.336893835665382113e-01
-1.123945258224578470e-01,1.627354041340095536e-03,9.936623280994247853e-01,9.338098233578528973e-01
0.000000000000000000e+00,0.000000000000000000e+00,0.000000000000000000e+00,1.000000000000000000e+00
7.209037579981505406e-01,6.883103691387482126e-01,8.078742129950784723e-02,3.440174837862500778e-01
-6.837993267811868225e-01,7.254148003557121527e-01,-7.868829721425080193e-02,-3.352664725180092287e-01
-1.127663619956757873e-01,1.484304875237249521e-03,9.936204227174970649e-01,9.345359000149998652e-01
0.000000000000000000e+00,0.000000000000000000e+00,0.000000000000000000e+00,1.000000000000000000e+00
7.190654102006845960e-01,6.902117938907980088e-01,8.094822683028875254e-02,3.447479969705097291e-01
-6.856710382532481551e-01,7.236061658382343387e-01,-7.905279287667425769e-02,-3.368455944709581873e-01
-1.131378060315559736e-01,1.340274201892005523e-03,9.935784017939549573e-01,9.352614636580620644e-01
0.000000000000000000e+00,0.000000000000000000e+00,0.000000000000000000e+00,1.000000000000000000e+00
7.172220205933567128e-01,6.921084133232467961e-01,8.110805991490985245e-02,3.454746327922705307e-01
-6.875378629147587128e-01,7.217925710018446850e-01,-7.941770271893747180e-02,-3.384267391809960834e-01
-1.135088553135355505e-01,1.195263035899521431e-03,9.935362656248064583e-01,9.359865154101800755e-01
0.000000000000000000e+00,0.000000000000000000e+00,0.000000000000000000e+00,1.000000000000000000e+00
7.153736021615546559e-01,6.940002140757396409e-01,8.126691942745911668e-02,3.461973857686256317e-01
-6.893997876152470061e-01,7.199740286220475127e-01,-7.978302417050636697e-02,-3.400098963894849224e-01
-1.138795072278324105e-01,1.049272398761819103e-03,9.934940145068712480e-01,9.367110563980997062e-01
0.000000000000000000e+00,0.000000000000000000e+00,0.000000000000000000e+00,1.000000000000000000e+00
7.135201679260907426e-01,6.958871828218669009e-01,8.142480424888264012e-02,3.469162504440199690e-01
-6.912567992387588234e-01,7.181505515091988201e-01,-8.014875465794742138e-02,-3.415950558236103274e-01
-1.142497591634636239e-01,9.023033188805956728e-04,9.934516487377789140e-01,9.374350877521653302e-01
0.000000000000000000e+00,0.000000000000000000e+00,0.000000000000000000e+00,1.000000000000000000e+00
7.116617309431102489e-01,6.977693062692555959e-01,8.158171326699248382e-02,3.476312213902886250e-01
-6.931088847039486023e-01,7.163221525084173535e-01,-8.051489160494562647e-02,-3.431822071964530929e-01
-1.146196085122637986e-01,7.543568315500140398e-04,9.934091686159666201e-01,9.381586106063105612e-01
0.000000000000000000e+00,0.000000000000000000e+00,0.000000000000000000e+00,1.000000000000000000e+00
7.097983043039985951e-01,6.996465711596661086e-01,8.173764537647464079e-02,3.483422932066956856e-01
-6.949560309641727995e-01,7.144888444994921262e-01,-8.088143243232291668e-02,-3.447713402070629041e-01
-1.149890526689035658e-01,6.054339789493684565e-04,9.933665744406771081e-01,9.388816260980520356e-01
0.000000000000000000e+00,0.000000000000000000e+00,0.000000000000000000e+00,1.000000000000000000e+00
7.079299011352906401e-01,7.015189642690826677e-01,8.189259947889668267e-02,3.490494605199715439e-01
-6.967982250075803741e-01,7.126506403967929337e-01,-8.124837455805603015e-02,-3.463624445405295571e-01
-1.153580890309077456e-01,4.555358101357570577e-04,9.933238665119563660e-01,9.396041353684797537e-01
0.000000000000000000e+00,0.000000000000000000e+00,0.000000000000000000e+00,1.000000000000000000e+00
7.060565345985772012e-01,7.033864724078083830e-01,8.204657448271554521e-02,3.497527179843511469e-01
-6.986354538572058237e-01,7.108075531491795385e-01,-8.161571539729489677e-02,-3.479555098680566783e-01
-1.157267149986738741e-01,3.046633810367474493e-04,9.932810451306518518e-01,9.403261395622497520e-01
0.000000000000000000e+00,0.000000000000000000e+00,0.000000000000000000e+00,1.000000000000000000e+00
7.041782178904119061e-01,7.052490824205571718e-01,8.219956930328529976e-02,3.504520602816116881e-01
-7.004677045710595573e-01,7.089595957399096315e-01,-8.198345236238080425e-02,-3.495505258470338328e-01
-1.160949279754903557e-01,1.528177544428202528e-04,9.932381105984101621e-01,9.410476398275761101e-01
0.000000000000000000e+00,0.000000000000000000e+00,0.000000000000000000e+00,1.000000000000000000e+00
7.022949642422199323e-01,7.071067811865474617e-01,8.235158286286461959e-02,3.511474821211099107e-01
-7.022949642422195993e-01,7.071067811865476838e-01,-8.235158286286459184e-02,-3.511474821211097996e-01
-1.164627253675548924e-01,6.938893903907228378e-18,9.931950632176750338e-01,9.417686373162225122e-01
0.000000000000000000e+00,0.000000000000000000e+00,0.000000000000000000e+00,1.000000000000000000e+00
7.022949642422199323e-01,7.071067811865474617e-01,8.235158286286461959e-02,3.511474821211099662e-01
-7.022949642422195993e-01,7.071067811865476838e-01,-8.235158286286459184e-02,-3.511474821211097996e-01
-1.164627253675548924e-01,6.938893903907228378e-18,9.931950632176750338e-01,9.417686373162225122e-01
0.000000000000000000e+00,0.000000000000000000e+00,0.000000000000000000e+00,1.000000000000000000e+00
7.022949642422199323e-01,7.071067811865474617e-01,8.235158286286461959e-02,3.499730758263904784e-01
-7.022949642422195993e-01,7.071067811865476838e-01,-8.235158286286459184e-02,-3.499730758263903674e-01
-1.164627253675548924e-01,6.938893903907228378e-18,9.931950632176750338e-01,9.419633910375729835e-01
0.000000000000000000e+00,0.000000000000000000e+00,0.000000000000000000e+00,1.000000000000000000e+00
7.022949642422199323e-01,7.071067811865474617e-01,8.235158286286461959e-02,3.487986695316711017e-01
-7.022949642422195993e-01,7.071067811865476838e-01,-8.235158286286459184e-02,-3.487986695316709906e-01
-1.164627253675548924e-01,6.938893903907228378e-18,9.931950632176750338e-01,9.421581447589233438e-01
0.000000000000000000e+00,0.000000000000000000e+00,0.000000000000000000e+00,1.000000000000000000e+00
7.022949642422199323e-01,7.071067811865474617e-01,8.235158286286461959e-02,3.476242632369516139e-01
-7.022949642422195993e-01,7.071067811865476838e-01,-8.235158286286459184e-02,-3.476242632369515584e-01
-1.164627253675548924e-01,6.938893903907228378e-18,9.931950632176750338e-01,9.423528984802738151e-01
0.000000000000000000e+00,0.000000000000000000e+00,0.000000000000000000e+00,1.000000000000000000e+00
7.022949642422199323e-01,7.071067811865474617e-01,8.235158286286461959e-02,3.464498569422321816e-01
-7.022949642422195993e-01,7.071067811865476838e-01,-8.235158286286459184e-02,-3.464498569422321816e-01
-1.164627253675548924e-01,6.938893903907228378e-18,9.931950632176750338e-01,9.425476522016241754e-01
0.000000000000000000e+00,0.000000000000000000e+00,0.000000000000000000e+00,1.000000000000000000e+00
7.022949642422199323e-01,7.071067811865474617e-01,8.235158286286461959e-02,3.452754506475127494e-01
-7.022949642422195993e-01,7.071067811865476838e-01,-8.235158286286459184e-02,-3.452754506475126384e-01
-1.164627253675548924e-01,6.938893903907228378e-18,9.931950632176750338e-01,9.427424059229746467e-01
0.000000000000000000e+00,0.000000000000000000e+00,0.000000000000000000e+00,1.000000000000000000e+00
7.022949642422199323e-01,7.071067811865474617e-01,8.235158286286461959e-02,3.441010443527933171e-01
-7.022949642422195993e-01,7.071067811865476838e-01,-8.235158286286459184e-02,-3.441010443527932616e-01
-1.164627253675548924e-01,6.938893903907228378e-18,9.931950632176750338e-01,9.429371596443251180e-01
0.000000000000000000e+00,0.000000000000000000e+00,0.000000000000000000e+00,1.000000000000000000e+00
7.022949642422199323e-01,7.071067811865474617e-01,8.235158286286461959e-02,3.429266380580738849e-01
-7.022949642422195993e-01,7.071067811865476838e-01,-8.235158286286459184e-02,-3.429266380580738294e-01
-1.164627253675548924e-01,6.938893903907228378e-18,9.931950632176750338e-01,9.431319133656755893e-01
0.000000000000000000e+00,0.000000000000000000e+00,0.000000000000000000e+00,1.000000000000000000e+00
7.022949642422199323e-01,7.071067811865474617e-01,8.235158286286461959e-02,3.417522317633544526e-01
-7.022949642422195993e-01,7.071067811865476838e-01,-8.235158286286459184e-02,-3.417522317633544526e-01
-1.164627253675548924e-01,6.938893903907228378e-18,9.931950632176750338e-01,9.433266670870260606e-01
0.000000000000000000e+00,0.000000000000000000e+00,0.000000000000000000e+00,1.000000000000000000e+00
7.022949642422199323e-01,7.071067811865474617e-01,8.235158286286461959e-02,3.405778254686350204e-01
-7.022949642422195993e-01,7.071067811865476838e-01,-8.235158286286459184e-02,-3.405778254686349649e-01
-1.164627253675548924e-01,6.938893903907228378e-18,9.931950632176750338e-01,9.435214208083763099e-01
0.000000000000000000e+00,0.000000000000000000e+00,0.000000000000000000e+00,1.000000000000000000e+00
7.022949642422199323e-01,7.071067811865474617e-01,8.235158286286461959e-02,3.394034191739155881e-01
-7.022949642422195993e-01,7.071067811865476838e-01,-8.235158286286459184e-02,-3.394034191739155326e-01
-1.164627253675548924e-01,6.938893903907228378e-18,9.931950632176750338e-01,9.437161745297267812e-01
0.000000000000000000e+00,0.000000000000000000e+00,0.000000000000000000e+00,1.000000000000000000e+00
7.022949642422199323e-01,7.071067811865474617e-01,8.235158286286461959e-02,3.382290128791962114e-01
-7.022949642422195993e-01,7.071067811865476838e-01,-8.235158286286459184e-02,-3.382290128791960448e-01
-1.164627253675548924e-01,6.938893903907228378e-18,9.931950632176750338e-01,9.439109282510772525e-01
0.000000000000000000e+00,0.000000000000000000e+00,0.000000000000000000e+00,1.000000000000000000e+00
7.022949642422199323e-01,7.071067811865474617e-01,8.235158286286461959e-02,3.370546065844767236e-01
-7.022949642422195993e-01,7.071067811865476838e-01,-8.235158286286459184e-02,-3.370546065844767236e-01
-1.164627253675548924e-01,6.938893903907228378e-18,9.931950632176750338e-01,9.441056819724276128e-01
0.000000000000000000e+00,0.000000000000000000e+00,0.000000000000000000e+00,1.000000000000000000e+00
7.022949642422199323e-01,7.071067811865474617e-01,8.235158286286461959e-02,3.358802002897572914e-01
-7.022949642422195993e-01,7.071067811865476838e-01,-8.235158286286459184e-02,-3.358802002897572359e-01
-1.164627253675548924e-01,6.938893903907228378e-18,9.931950632176750338e-01,9.443004356937780841e-01
0.000000000000000000e+00,0.000000000000000000e+00,0.000000000000000000e+00,1.000000000000000000e+00
7.022949642422199323e-01,7.071067811865474617e-01,8.235158286286461959e-02,3.347057939950378591e-01
-7.022949642422195993e-01,7.071067811865476838e-01,-8.235158286286459184e-02,-3.347057939950378591e-01
-1.164627253675548924e-01,6.938893903907228378e-18,9.931950632176750338e-01,9.444951894151284444e-01
0.000000000000000000e+00,0.000000000000000000e+00,0.000000000000000000e+00,1.000000000000000000e+00
7.022949642422199323e-01,7.071067811865474617e-01,8.235158286286461959e-02,3.335313877003184269e-01
-7.022949642422195993e-01,7.071067811865476838e-01,-8.235158286286459184e-02,-3.335313877003183713e-01
-1.164627253675548924e-01,6.938893903907228378e-18,9.931950632176750338e-01,9.446899431364789157e-01
0.000000000000000000e+00,0.000000000000000000e+00,0.000000000000000000e+00,1.000000000000000000e+00
7.022949642422199323e-01,7.071067811865474617e-01,8.235158286286461959e-02,3.323569814055989946e-01
-7.022949642422195993e-01,7.071067811865476838e-01,-8.235158286286459184e-02,-3.323569814055989946e-01
-1.164627253675548924e-01,6.938893903907228378e-18,9.931950632176750338e-01,9.448846968578293870e-01
0.000000000000000000e+00,0.000000000000000000e+00,0.000000000000000000e+00,1.000000000000000000e+00
7.022949642422199323e-01,7.071067811865474617e-01,8.235158286286461959e-02,3.311825751108795624e-01
-7.022949642422195993e-01,7.071067811865476838e-01,-8.235158286286459184e-02,-3.311825751108795624e-01
-1.164627253675548924e-01,6.938893903907228378e-18,9.931950632176750338e-01,9.450794505791797473e-01
0.000000000000000000e+00,0.000000000000000000e+00,0.000000000000000000e+00,1.000000000000000000e+00
7.022949642422199323e-01,7.071067811865474617e-01,8.235158286286461959e-02,3.300081688161601856e-01
-7.022949642422195993e-01,7.071067811865476838e-01,-8.235158286286459184e-02,-3.300081688161601301e-01
-1.164627253675548924e-01,6.938893903907228378e-18,9.931950632176750338e-01,9.452742043005303296e-01
0.000000000000000000e+00,0.000000000000000000e+00,0.000000000000000000e+00,1.000000000000000000e+00
7.022949642422199323e-01,7.071067811865474617e-01,8.235158286286461959e-02,3.288337625214407534e-01
-7.022949642422195993e-01,7.071067811865476838e-01,-8.235158286286459184e-02,-3.288337625214405868e-01
-1.164627253675548924e-01,6.938893903907228378e-18,9.931950632176750338e-01,9.454689580218805789e-01
0.000000000000000000e+00,0.000000000000000000e+00,0.000000000000000000e+00,1.000000000000000000e+00
7.022949642422199323e-01,7.071067811865474617e-01,8.235158286286461959e-02,3.276593562267213211e-01
-7.022949642422195993e-01,7.071067811865476838e-01,-8.235158286286459184e-02,-3.276593562267212656e-01
-1.164627253675548924e-01,6.938893903907228378e-18,9.931950632176750338e-01,9.456637117432311612e-01
0.000000000000000000e+00,0.000000000000000000e+00,0.000000000000000000e+00,1.000000000000000000e+00
7.022949642422199323e-01,7.071067811865474617e-01,8.235158286286461959e-02,3.264849499320018889e-01
-7.022949642422195993e-01,7.071067811865476838e-01,-8.235158286286459184e-02,-3.264849499320017778e-01
-1.164627253675548924e-01,6.938893903907228378e-18,9.931950632176750338e-01,9.458584654645815215e-01
0.000000000000000000e+00,0.000000000000000000e+00,0.000000000000000000e+00,1.000000000000000000e+00
7.022949642422199323e-01,7.071067811865474617e-01,8.235158286286461959e-02,3.253105436372824566e-01
-7.022949642422195993e-01,7.071067811865476838e-01,-8.235158286286459184e-02,-3.253105436372824011e-01
-1.164627253675548924e-01,6.938893903907228378e-18,9.931950632176750338e-01,9.460532191859321038e-01
0.000000000000000000e+00,0.000000000000000000e+00,0.000000000000000000e+00,1.000000000000000000e+00
7.022949642422199323e-01,7.071067811865474617e-01,8.235158286286461959e-02,3.241361373425630243e-01
-7.022949642422195993e-01,7.071067811865476838e-01,-8.235158286286459184e-02,-3.241361373425629688e-01
-1.164627253675548924e-01,6.938893903907228378e-18,9.931950632176750338e-01,9.462479729072824641e-01
0.000000000000000000e+00,0.000000000000000000e+00,0.000000000000000000e+00,1.000000000000000000e+00
7.022949642422199323e-01,7.071067811865474617e-01,8.235158286286461959e-02,3.229617310478435921e-01
-7.022949642422195993e-01,7.071067811865476838e-01,-8.235158286286459184e-02,-3.229617310478434811e-01
-1.164627253675548924e-01,6.938893903907228378e-18,9.931950632176750338e-01,9.464427266286327134e-01
0.000000000000000000e+00,0.000000000000000000e+00,0.000000000000000000e+00,1.000000000000000000e+00
7.022949642422199323e-01,7.071067811865474617e-01,8.235158286286461959e-02,3.217873247531241043e-01
-7.022949642422195993e-01,7.071067811865476838e-01,-8.235158286286459184e-02,-3.217873247531240488e-01
-1.164627253675548924e-01,6.938893903907228378e-18,9.931950632176750338e-01,9.466374803499832957e-01
0.000000000000000000e+00,0.000000000000000000e+00,0.000000000000000000e+00,1.000000000000000000e+00
7.022949642422199323e-01,7.071067811865474617e-01,8.235158286286461959e-02,3.206129184584047276e-01
-7.022949642422195993e-01,7.071067811865476838e-01,-8.235158286286459184e-02,-3.206129184584046166e-01
-1.164627253675548924e-01,6.938893903907228378e-18,9.931950632176750338e-01,9.468322340713336560e-01
0.000000000000000000e+00,0.000000000000000000e+00,0.000000000000000000e+00,1.000000000000000000e+00
7.022949642422199323e-01,7.071067811865474617e-01,8.235158286286461959e-02,3.194385121636852953e-01
-7.022949642422195993e-01,7.071067811865476838e-01,-8.235158286286459184e-02,-3.194385121636852398e-01
-1.164627253675548924e-01,6.938893903907228378e-18,9.931950632176750338e-01,9.470269877926840163e-01
0.000000000000000000e+00,0.000000000000000000e+00,0.000000000000000000e+00,1.000000000000000000e+00
7.022949642422199323e-01,7.071067811865474617e-01,8.235158286286461959e-02,3.182641058689658631e-01
-7.022949642422195993e-01,7.071067811865476838e-01,-8.235158286286459184e-02,-3.182641058689658076e-01
-1.164627253675548924e-01,6.938893903907228378e-18,9.931950632176750338e-01,9.472217415140345986e-01
0.000000000000000000e+00,0.000000000000000000e+00,0.000000000000000000e+00,1.000000000000000000e+00
7.022949642422199323e-01,7.071067811865474617e-01,8.235158286286461959e-02,3.170896995742464308e-01
-7.022949642422195993e-01,7.071067811865476838e-01,-8.235158286286459184e-02,-3.170896995742463198e-01
-1.164627253675548924e-01,6.938893903907228378e-18,9.931950632176750338e-01,9.474164952353848479e-01
0.000000000000000000e+00,0.000000000000000000e+00,0.000000000000000000e+00,1.000000000000000000e+00
7.022949642422199323e-01,7.071067811865474617e-01,8.235158286286461959e-02,3.159152932795269986e-01
-7.022949642422195993e-01,7.071067811865476838e-01,-8.235158286286459184e-02,-3.159152932795268875e-01
-1.164627253675548924e-01,6.938893903907228378e-18,9.931950632176750338e-01,9.476112489567354302e-01
0.000000000000000000e+00,0.000000000000000000e+00,0.000000000000000000e+00,1.000000000000000000e+00
7.022949642422199323e-01,7.071067811865474617e-01,8.235158286286461959e-02,3.147408869848075663e-01
-7.022949642422195993e-01,7.071067811865476838e-01,-8.235158286286459184e-02,-3.147408869848075108e-01
-1.164627253675548924e-01,6.938893903907228378e-18,9.931950632176750338e-01,9.478060026780857905e-01
0.000000000000000000e+00,0.000000000000000000e+00,0.000000000000000000e+00,1.000000000000000000e+00
7.022949642422199323e-01,7.071067811865474617e-01,8.235158286286461959e-02,3.135664806900881341e-01
-7.022949642422195993e-01,7.071067811865476838e-01,-8.235158286286459184e-02,-3.135664806900880786e-01
-1.164627253675548924e-01,6.938893903907228378e-18,9.931950632176750338e-01,9.480007563994363728e-01
0.000000000000000000e+00,0.000000000000000000e+00,0.000000000000000000e+00,1.000000000000000000e+00
7.022949642422199323e-01,7.071067811865474617e-01,8.235158286286461959e-02,3.123920743953687018e-01
-7.022949642422195993e-01,7.071067811865476838e-01,-8.235158286286459184e-02,-3.123920743953685908e-01
-1.164627253675548924e-01,6.938893903907228378e-18,9.931950632176750338e-01,9.481955101207867331e-01
0.000000000000000000e+00,0.000000000000000000e+00,0.000000000000000000e+00,1.000000000000000000e+00
7.022949642422199323e-01,7.071067811865474617e-01,8.235158286286461959e-02,3.112176681006492696e-01
-7.022949642422195993e-01,7.071067811865476838e-01,-8.235158286286459184e-02,-3.112176681006491585e-01
-1.164627253675548924e-01,6.938893903907228378e-18,9.931950632176750338e-01,9.483902638421369824e-01
0.000000000000000000e+00,0.000000000000000000e+00,0.000000000000000000e+00,1.000000000000000000e+00
7.022949642422199323e-01,7.071067811865474617e-01,8.235158286286461959e-02,3.100432618059298373e-01
-7.022949642422195993e-01,7.071067811865476838e-01,-8.235158286286459184e-02,-3.100432618059297818e-01
-1.164627253675548924e-01,6.938893903907228378e-18,9.931950632176750338e-01,9.485850175634875647e-01
0.000000000000000000e+00,0.000000000000000000e+00,0.000000000000000000e+00,1.000000000000000000e+00
7.022949642422199323e-01,7.071067811865474617e-01,8.235158286286461959e-02,3.088688555112104051e-01
-7.022949642422195993e-01,7.071067811865476838e-01,-8.235158286286459184e-02,-3.088688555112103495e-01
-1.164627253675548924e-01,6.938893903907228378e-18,9.931950632176750338e-01,9.487797712848379250e-01
0.000000000000000000e+00,0.000000000000000000e+00,0.000000000000000000e+00,1.000000000000000000e+00
7.022949642422199323e-01,7.071067811865474617e-01,8.235158286286461959e-02,3.076944492164909728e-01
-7.022949642422195993e-01,7.071067811865476838e-01,-8.235158286286459184e-02,-3.076944492164909173e-01
-1.164627253675548924e-01,6.938893903907228378e-18,9.931950632176750338e-01,9.489745250061883963e-01
0.000000000000000000e+00,0.000000000000000000e+00,0.000000000000000000e+00,1.000000000000000000e+00
7.022949642422199323e-01,7.071067811865474617e-01,8.235158286286461959e-02,3.065200429217715405e-01
-7.022949642422195993e-01,7.071067811865476838e-01,-8.235158286286459184e-02,-3.065200429217714850e-01
-1.164627253675548924e-01,6.938893903907228378e-18,9.931950632176750338e-01,9.491692787275388676e-01
0.000000000000000000e+00,0.000000000000000000e+00,0.000000000000000000e+00,1.000000000000000000e+00
7.022949642422199323e-01,7.071067811865474617e-01,8.235158286286461959e-02,3.053456366270521083e-01
-7.022949642422195993e-01,7.071067811865476838e-01,-8.235158286286459184e-02,-3.053456366270520528e-01
-1.164627253675548924e-01,6.938893903907228378e-18,9.931950632176750338e-01,9.493640324488891169e-01
0.000000000000000000e+00,0.000000000000000000e+00,0.000000000000000000e+00,1.000000000000000000e+00
7.022949642422199323e-01,7.071067811865474617e-01,8.235158286286461959e-02,3.041712303323326760e-01
-7.022949642422195993e-01,7.071067811865476838e-01,-8.235158286286459184e-02,-3.041712303323326205e-01
-1.164627253675548924e-01,6.938893903907228378e-18,9.931950632176750338e-01,9.495587861702395882e-01
0.000000000000000000e+00,0.000000000000000000e+00,0.000000000000000000e+00,1.000000000000000000e+00
7.022949642422199323e-01,7.071067811865474617e-01,8.235158286286461959e-02,3.029968240376132438e-01
-7.022949642422195993e-01,7.071067811865476838e-01,-8.235158286286459184e-02,-3.029968240376131883e-01
-1.164627253675548924e-01,6.938893903907228378e-18,9.931950632176750338e-01,9.497535398915900595e-01
0.000000000000000000e+00,0.000000000000000000e+00,0.000000000000000000e+00,1.000000000000000000e+00
7.022949642422199323e-01,7.071067811865474617e-01,8.235158286286461959e-02,3.018224177428938115e-01
-7.022949642422195993e-01,7.071067811865476838e-01,-8.235158286286459184e-02,-3.018224177428937560e-01
-1.164627253675548924e-01,6.938893903907228378e-18,9.931950632176750338e-01,9.499482936129405308e-01
0.000000000000000000e+00,0.000000000000000000e+00,0.000000000000000000e+00,1.000000000000000000e+00
7.022949642422199323e-01,7.071067811865474617e-01,8.235158286286461959e-02,3.006480114481743238e-01
-7.022949642422195993e-01,7.071067811865476838e-01,-8.235158286286459184e-02,-3.006480114481742683e-01
-1.164627253675548924e-01,6.938893903907228378e-18,9.931950632176750338e-01,9.501430473342910021e-01
0.000000000000000000e+00,0.000000000000000000e+00,0.000000000000000000e+00,1.000000000000000000e+00
7.022949642422199323e-01,7.071067811865474617e-01,8.235158286286461959e-02,2.994736051534549470e-01
-7.022949642422195993e-01,7.071067811865476838e-01,-8.235158286286459184e-02,-2.994736051534548915e-01
-1.164627253675548924e-01,6.938893903907228378e-18,9.931950632176750338e-01,9.503378010556413624e-01
0.000000000000000000e+00,0.000000000000000000e+00,0.000000000000000000e+00,1.000000000000000000e+00
7.022949642422199323e-01,7.071067811865474617e-01,8.235158286286461959e-02,2.982991988587354593e-01
-7.022949642422195993e-01,7.071067811865476838e-01,-8.235158286286459184e-02,-2.982991988587354593e-01
-1.164627253675548924e-01,6.938893903907228378e-18,9.931950632176750338e-01,9.505325547769918337e-01
0.000000000000000000e+00,0.000000000000000000e+00,0.000000000000000000e+00,1.000000000000000000e+00
7.022949642422199323e-01,7.071067811865474617e-01,8.235158286286461959e-02,2.971247925640160825e-01
-7.022949642422195993e-01,7.071067811865476838e-01,-8.235158286286459184e-02,-2.971247925640160270e-01
-1.164627253675548924e-01,6.938893903907228378e-18,9.931950632176750338e-01,9.507273084983421940e-01
0.000000000000000000e+00,0.000000000000000000e+00,0.000000000000000000e+00,1.000000000000000000e+00
7.022949642422199323e-01,7.071067811865474617e-01,8.235158286286461959e-02,2.959503862692965948e-01
-7.022949642422195993e-01,7.071067811865476838e-01,-8.235158286286459184e-02,-2.959503862692965948e-01
-1.164627253675548924e-01,6.938893903907228378e-18,9.931950632176750338e-01,9.509220622196926653e-01
0.000000000000000000e+00,0.000000000000000000e+00,0.000000000000000000e+00,1.000000000000000000e+00
7.022949642422199323e-01,7.071067811865474617e-01,8.235158286286461959e-02,2.947759799745771625e-01
-7.022949642422195993e-01,7.071067811865476838e-01,-8.235158286286459184e-02,-2.947759799745771625e-01
-1.164627253675548924e-01,6.938893903907228378e-18,9.931950632176750338e-01,9.511168159410430256e-01
0.000000000000000000e+00,0.000000000000000000e+00,0.000000000000000000e+00,1.000000000000000000e+00
7.022949642422199323e-01,7.071067811865474617e-01,8.235158286286461959e-02,2.936015736798577302e-01
-7.022949642422195993e-01,7.071067811865476838e-01,-8.235158286286459184e-02,-2.936015736798577302e-01
-1.164627253675548924e-01,6.938893903907228378e-18,9.931950632176750338e-01,9.513115696623934969e-01
0.000000000000000000e+00,0.000000000000000000e+00,0.000000000000000000e+00,1.000000000000000000e+00
7.022949642422199323e-01,7.071067811865474617e-01,8.235158286286461959e-02,2.924271673851382980e-01
-7.022949642422195993e-01,7.071067811865476838e-01,-8.235158286286459184e-02,-2.924271673851382980e-01
-1.164627253675548924e-01,6.938893903907228378e-18,9.931950632176750338e-01,9.515063233837438572e-01
0.000000000000000000e+00,0.000000000000000000e+00,0.000000000000000000e+00,1.000000000000000000e+00
7.022949642422199323e-01,7.071067811865474617e-01,8.235158286286461959e-02,2.912527610904189213e-01
-7.022949642422195993e-01,7.071067811865476838e-01,-8.235158286286459184e-02,-2.912527610904188657e-01
-1.164627253675548924e-01,6.938893903907228378e-18,9.931950632176750338e-01,9.517010771050943285e-01
0.000000000000000000e+00,0.000000000000000000e+00,0.000000000000000000e+00,1.000000000000000000e+00
7.022949642422199323e-01,7.071067811865474617e-01,8.235158286286461959e-02,2.900783547956994890e-01
-7.022949642422195993e-01,7.071067811865476838e-01,-8.235158286286459184e-02,-2.900783547956994335e-01
-1.164627253675548924e-01,6.938893903907228378e-18,9.931950632176750338e-01,9.518958308264447998e-01
0.000000000000000000e+00,0.000000000000000000e+00,0.000000000000000000e+00,1.000000000000000000e+00
7.022949642422199323e-01,7.071067811865474617e-01,8.235158286286461959e-02,2.889039485009800567e-01
-7.022949642422195993e-01,7.071067811865476838e-01,-8.235158286286459184e-02,-2.889039485009800012e-01
-1.164627253675548924e-01,6.938893903907228378e-18,9.931950632176750338e-01,9.520905845477951601e-01
0.000000000000000000e+00,0.000000000000000000e+00,0.000000000000000000e+00,1.000000000000000000e+00
7.022949642422199323e-01,7.071067811865474617e-01,8.235158286286461959e-02,2.877295422062606245e-01
-7.022949642422195993e-01,7.071067811865476838e-01,-8.235158286286459184e-02,-2.877295422062605690e-01
-1.164627253675548924e-01,6.938893903907228378e-18,9.931950632176750338e-01,9.522853382691455204e-01
0.000000000000000000e+00,0.000000000000000000e+00,0.000000000000000000e+00,1.000000000000000000e+00
7.022949642422199323e-01,7.071067811865474617e-01,8.235158286286461959e-02,2.865551359115411922e-01
-7.022949642422195993e-01,7.071067811865476838e-01,-8.235158286286459184e-02,-2.865551359115411367e-01
-1.164627253675548924e-01,6.938893903907228378e-18,9.931950632176750338e-01,9.524800919904961027e-01
0.000000000000000000e+00,0.000000000000000000e+00,0.000000000000000000e+00,1.000000000000000000e+00
7.022949642422199323e-01,7.071067811865474617e-01,8.235158286286461959e-02,2.853807296168217600e-01
-7.022949642422195993e-01,7.071067811865476838e-01,-8.235158286286459184e-02,-2.853807296168217045e-01
-1.164627253675548924e-01,6.938893903907228378e-18,9.931950632176750338e-01,9.526748457118464630e-01
0.000000000000000000e+00,0.000000000000000000e+00,0.000000000000000000e+00,1.000000000000000000e+00
7.022949642422199323e-01,7.071067811865474617e-01,8.235158286286461959e-02,2.842063233221023277e-01
-7.022949642422195993e-01,7.071067811865476838e-01,-8.235158286286459184e-02,-2.842063233221022722e-01
-1.164627253675548924e-01,6.938893903907228378e-18,9.931950632176750338e-01,9.528695994331969343e-01
0.000000000000000000e+00,0.000000000000000000e+00,0.000000000000000000e+00,1.000000000000000000e+00
7.022949642422199323e-01,7.071067811865474617e-01,8.235158286286461959e-02,2.830319170273828955e-01
-7.022949642422195993e-01,7.071067811865476838e-01,-8.235158286286459184e-02,-2.830319170273828400e-01
-1.164627253675548924e-01,6.938893903907228378e-18,9.931950632176750338e-01,9.530643531545474056e-01
0.000000000000000000e+00,0.000000000000000000e+00,0.000000000000000000e+00,1.000000000000000000e+00
7.022949642422199323e-01,7.071067811865474617e-01,8.235158286286461959e-02,2.818575107326635187e-01
-7.022949642422195993e-01,7.071067811865476838e-01,-8.235158286286459184e-02,-2.818575107326634077e-01
-1.164627253675548924e-01,6.938893903907228378e-18,9.931950632176750338e-01,9.532591068758977659e-01
0.000000000000000000e+00,0.000000000000000000e+00,0.000000000000000000e+00,1.000000000000000000e+00
7.022949642422199323e-01,7.071067811865474617e-01,8.235158286286461959e-02,2.806831044379440310e-01
-7.022949642422195993e-01,7.071067811865476838e-01,-8.235158286286459184e-02,-2.806831044379439755e-01
-1.164627253675548924e-01,6.938893903907228378e-18,9.931950632176750338e-01,9.534538605972481262e-01
0.000000000000000000e+00,0.000000000000000000e+00,0.000000000000000000e+00,1.000000000000000000e+00
7.022949642422199323e-01,7.071067811865474617e-01,8.235158286286461959e-02,2.795086981432246542e-01
-7.022949642422195993e-01,7.071067811865476838e-01,-8.235158286286459184e-02,-2.795086981432245432e-01
-1.164627253675548924e-01,6.938893903907228378e-18,9.931950632176750338e-01,9.536486143185985975e-01
0.000000000000000000e+00,0.000000000000000000e+00,0.000000000000000000e+00,1.000000000000000000e+00
7.022949642422199323e-01,7.071067811865474617e-01,8.235158286286461959e-02,2.783342918485051110e-01
-7.022949642422195993e-01,7.071067811865476838e-01,-8.235158286286459184e-02,-2.783342918485051110e-01
-1.164627253675548924e-01,6.938893903907228378e-18,9.931950632176750338e-01,9.538433680399490688e-01
0.000000000000000000e+00,0.000000000000000000e+00,0.000000000000000000e+00,1.000000000000000000e+00
7.022949642422199323e-01,7.071067811865474617e-01,8.235158286286461959e-02,2.771598855537857897e-01
-7.022949642422195993e-01,7.071067811865476838e-01,-8.235158286286459184e-02,-2.771598855537856787e-01
-1.164627253675548924e-01,6.938893903907228378e-18,9.931950632176750338e-01,9.540381217612993181e-01
0.000000000000000000e+00,0.000000000000000000e+00,0.000000000000000000e+00,1.000000000000000000e+00
7.022949642422199323e-01,7.071067811865474617e-01,8.235158286286461959e-02,2.759854792590663020e-01
-7.022949642422195993e-01,7.071067811865476838e-01,-8.235158286286459184e-02,-2.759854792590662464e-01
-1.164627253675548924e-01,6.938893903907228378e-18,9.931950632176750338e-01,9.542328754826497894e-01
0.000000000000000000e+00,0.000000000000000000e+00,0.000000000000000000e+00,1.000000000000000000e+00
7.022949642422199323e-01,7.071067811865474617e-01,8.235158286286461959e-02,2.748110729643469252e-01
-7.022949642422195993e-01,7.071067811865476838e-01,-8.235158286286459184e-02,-2.748110729643468142e-01
-1.164627253675548924e-01,6.938893903907228378e-18,9.931950632176750338e-01,9.544276292040002607e-01
0.000000000000000000e+00,0.000000000000000000e+00,0.000000000000000000e+00,1.000000000000000000e+00
7.022949642422199323e-01,7.071067811865474617e-01,8.235158286286461959e-02,2.736366666696274375e-01
-7.022949642422195993e-01,7.071067811865476838e-01,-8.235158286286459184e-02,-2.736366666696273819e-01
-1.164627253675548924e-01,6.938893903907228378e-18,9.931950632176750338e-01,9.546223829253507320e-01
0.000000000000000000e+00,0.000000000000000000e+00,0.000000000000000000e+00,1.000000000000000000e+00
7.022949642422199323e-01,7.071067811865474617e-01,8.235158286286461959e-02,2.724622603749080052e-01
-7.022949642422195993e-01,7.071067811865476838e-01,-8.235158286286459184e-02,-2.724622603749079497e-01
-1.164627253675548924e-01,6.938893903907228378e-18,9.931950632176750338e-01,9.548171366467012033e-01
0.000000000000000000e+00,0.000000000000000000e+00,0.000000000000000000e+00,1.000000000000000000e+00
7.022949642422199323e-01,7.071067811865474617e-01,8.235158286286461959e-02,2.712878540801886285e-01
-7.022949642422195993e-01,7.071067811865476838e-01,-8.235158286286459184e-02,-2.712878540801885174e-01
-1.164627253675548924e-01,6.938893903907228378e-18,9.931950632176750338e-01,9.550118903680515636e-01
0.000000000000000000e+00,0.000000000000000000e+00,0.000000000000000000e+00,1.000000000000000000e+00
7.022949642422199323e-01,7.071067811865474617e-01,8.235158286286461959e-02,2.701134477854691407e-01
-7.022949642422195993e-01,7.071067811865476838e-01,-8.235158286286459184e-02,-2.701134477854690852e-01
-1.164627253675548924e-01,6.938893903907228378e-18,9.931950632176750338e-01,9.552066440894020349e-01
0.000000000000000000e+00,0.000000000000000000e+00,0.000000000000000000e+00,1.000000000000000000e+00
7.022949642422199323e-01,7.071067811865474617e-01,8.235158286286461959e-02,2.689390414907496529e-01
-7.022949642422195993e-01,7.071067811865476838e-01,-8.235158286286459184e-02,-2.689390414907496529e-01
-1.164627253675548924e-01,6.938893903907228378e-18,9.931950632176750338e-01,9.554013978107523952e-01
0.000000000000000000e+00,0.000000000000000000e+00,0.000000000000000000e+00,1.000000000000000000e+00
7.022949642422199323e-01,7.071067811865474617e-01,8.235158286286461959e-02,2.677646351960302762e-01
-7.022949642422195993e-01,7.071067811865476838e-01,-8.235158286286459184e-02,-2.677646351960302207e-01
-1.164627253675548924e-01,6.938893903907228378e-18,9.931950632176750338e-01,9.555961515321028665e-01
0.000000000000000000e+00,0.000000000000000000e+00,0.000000000000000000e+00,1.000000000000000000e+00
7.022949642422199323e-01,7.071067811865474617e-01,8.235158286286461959e-02,2.665902289013108439e-01
-7.022949642422195993e-01,7.071067811865476838e-01,-8.235158286286459184e-02,-2.665902289013107884e-01
-1.164627253675548924e-01,6.938893903907228378e-18,9.931950632176750338e-01,9.557909052534533378e-01
0.000000000000000000e+00,0.000000000000000000e+00,0.000000000000000000e+00,1.000000000000000000e+00
7.022949642422199323e-01,7.071067811865474617e-01,8.235158286286461959e-02,2.654158226065914117e-01
-7.022949642422195993e-01,7.071067811865476838e-01,-8.235158286286459184e-02,-2.654158226065913562e-01
-1.164627253675548924e-01,6.938893903907228378e-18,9.931950632176750338e-01,9.559856589748035871e-01
0.000000000000000000e+00,0.000000000000000000e+00,0.000000000000000000e+00,1.000000000000000000e+00
7.022949642422199323e-01,7.071067811865474617e-01,8.235158286286461959e-02,2.642414163118719794e-01
-7.022949642422195993e-01,7.071067811865476838e-01,-8.235158286286459184e-02,-2.642414163118719239e-01
-1.164627253675548924e-01,6.938893903907228378e-18,9.931950632176750338e-01,9.561804126961540584e-01
0.000000000000000000e+00,0.000000000000000000e+00,0.000000000000000000e+00,1.000000000000000000e+00
7.022949642422199323e-01,7.071067811865474617e-01,8.235158286286461959e-02,2.630670100171525472e-01
-7.022949642422195993e-01,7.071067811865476838e-01,-8.235158286286459184e-02,-2.630670100171524917e-01
-1.164627253675548924e-01,6.938893903907228378e-18,9.931950632176750338e-01,9.563751664175045297e-01
0.000000000000000000e+00,0.000000000000000000e+00,0.000000000000000000e+00,1.000000000000000000e+00
7.022949642422199323e-01,7.071067811865474617e-01,8.235158286286461959e-02,2.618926037224331704e-01
-7.022949642422195993e-01,7.071067811865476838e-01,-8.235158286286459184e-02,-2.618926037224330594e-01
-1.164627253675548924e-01,6.938893903907228378e-18,9.931950632176750338e-01,9.565699201388550010e-01
0.000000000000000000e+00,0.000000000000000000e+00,0.000000000000000000e+00,1.000000000000000000e+00
7.022949642422199323e-01,7.071067811865474617e-01,8.235158286286461959e-02,2.607181974277137382e-01
-7.022949642422195993e-01,7.071067811865476838e-01,-8.235158286286459184e-02,-2.607181974277136272e-01
-1.164627253675548924e-01,6.938893903907228378e-18,9.931950632176750338e-01,9.567646738602053613e-01
0.000000000000000000e+00,0.000000000000000000e+00,0.000000000000000000e+00,1.000000000000000000e+00
7.022949642422199323e-01,7.071067811865474617e-01,8.235158286286461959e-02,2.595437911329943059e-01
-7.022949642422195993e-01,7.071067811865476838e-01,-8.235158286286459184e-02,-2.595437911329941949e-01
-1.164627253675548924e-01,6.938893903907228378e-18,9.931950632176750338e-01,9.569594275815557216e-01
0.000000000000000000e+00,0.000000000000000000e+00,0.000000000000000000e+00,1.000000000000000000e+00
7.022949642422199323e-01,7.071067811865474617e-01,8.235158286286461959e-02,2.583693848382748737e-01
-7.022949642422195993e-01,7.071067811865476838e-01,-8.235158286286459184e-02,-2.583693848382747627e-01
-1.164627253675548924e-01,6.938893903907228378e-18,9.931950632176750338e-01,9.571541813029061929e-01
0.000000000000000000e+00,0.000000000000000000e+00,0.000000000000000000e+00,1.000000000000000000e+00
7.022949642422199323e-01,7.071067811865474617e-01,8.235158286286461959e-02,2.571949785435554414e-01
-7.022949642422195993e-01,7.071067811865476838e-01,-8.235158286286459184e-02,-2.571949785435553859e-01
-1.164627253675548924e-01,6.938893903907228378e-18,9.931950632176750338e-01,9.573489350242566642e-01
0.000000000000000000e+00,0.000000000000000000e+00,0.000000000000000000e+00,1.000000000000000000e+00
7.022949642422199323e-01,7.071067811865474617e-01,8.235158286286461959e-02,2.560205722488360092e-01
-7.022949642422195993e-01,7.071067811865476838e-01,-8.235158286286459184e-02,-2.560205722488358981e-01
-1.164627253675548924e-01,6.938893903907228378e-18,9.931950632176750338e-01,9.575436887456071355e-01
0.000000000000000000e+00,0.000000000000000000e+00,0.000000000000000000e+00,1.000000000000000000e+00
7.022949642422199323e-01,7.071067811865474617e-01,8.235158286286461959e-02,2.548461659541165769e-01
-7.022949642422195993e-01,7.071067811865476838e-01,-8.235158286286459184e-02,-2.548461659541164659e-01
-1.164627253675548924e-01,6.938893903907228378e-18,9.931950632176750338e-01,9.577384424669576068e-01
0.000000000000000000e+00,0.000000000000000000e+00,0.000000000000000000e+00,1.000000000000000000e+00
7.022949642422199323e-01,7.071067811865474617e-01,8.235158286286461959e-02,2.536717596593971447e-01
-7.022949642422195993e-01,7.071067811865476838e-01,-8.235158286286459184e-02,-2.536717596593970336e-01
-1.164627253675548924e-01,6.938893903907228378e-18,9.931950632176750338e-01,9.579331961883079671e-01
0.000000000000000000e+00,0.000000000000000000e+00,0.000000000000000000e+00,1.000000000000000000e+00
7.022949642422199323e-01,7.071067811865474617e-01,8.235158286286461959e-02,2.524973533646776569e-01
-7.022949642422195993e-01,7.071067811865476838e-01,-8.235158286286459184e-02,-2.524973533646776569e-01
-1.164627253675548924e-01,6.938893903907228378e-18,9.931950632176750338e-01,9.581279499096583274e-01
0.000000000000000000e+00,0.000000000000000000e+00,0.000000000000000000e+00,1.000000000000000000e+00
7.022949642422199323e-01,7.071067811865474617e-01,8.235158286286461959e-02,2.513229470699582246e-01
-7.022949642422195993e-01,7.071067811865476838e-01,-8.235158286286459184e-02,-2.513229470699581691e-01
-1.164627253675548924e-01,6.938893903907228378e-18,9.931950632176750338e-01,9.583227036310087987e-01
0.000000000000000000e+00,0.000000000000000000e+00,0.000000000000000000e+00,1.000000000000000000e+00
7.022949642422199323e-01,7.071067811865474617e-01,8.235158286286461959e-02,2.501485407752388479e-01
-7.022949642422195993e-01,7.071067811865476838e-01,-8.235158286286459184e-02,-2.501485407752387924e-01
-1.164627253675548924e-01,6.938893903907228378e-18,9.931950632176750338e-01,9.585174573523592700e-01
0.000000000000000000e+00,0.000000000000000000e+00,0.000000000000000000e+00,1.000000000000000000e+00
7.022949642422199323e-01,7.071067811865474617e-01,8.235158286286461959e-02,2.489741344805194156e-01
-7.022949642422195993e-01,7.071067811865476838e-01,-8.235158286286459184e-02,-2.489741344805193601e-01
-1.164627253675548924e-01,6.938893903907228378e-18,9.931950632176750338e-01,9.587122110737096303e-01
0.000000000000000000e+00,0.000000000000000000e+00,0.000000000000000000e+00,1.000000000000000000e+00
7.022949642422199323e-01,7.071067811865474617e-01,8.235158286286461959e-02,2.477997281857999556e-01
-7.022949642422195993e-01,7.071067811865476838e-01,-8.235158286286459184e-02,-2.477997281857999279e-01
-1.164627253675548924e-01,6.938893903907228378e-18,9.931950632176750338e-01,9.589069647950599906e-01
0.000000000000000000e+00,0.000000000000000000e+00,0.000000000000000000e+00,1.000000000000000000e+00
7.022949642422199323e-01,7.071067811865474617e-01,8.235158286286461959e-02,2.466253218910804956e-01
-7.022949642422195993e-01,7.071067811865476838e-01,-8.235158286286459184e-02,-2.466253218910804679e-01
-1.164627253675548924e-01,6.938893903907228378e-18,9.931950632176750338e-01,9.591017185164104619e-01
0.000000000000000000e+00,0.000000000000000000e+00,0.000000000000000000e+00,1.000000000000000000e+00
7.022949642422199323e-01,7.071067811865474617e-01,8.235158286286461959e-02,2.454509155963610911e-01
-7.022949642422195993e-01,7.071067811865476838e-01,-8.235158286286459184e-02,-2.454509155963610356e-01
-1.164627253675548924e-01,6.938893903907228378e-18,9.931950632176750338e-01,9.592964722377608222e-01
0.000000000000000000e+00,0.000000000000000000e+00,0.000000000000000000e+00,1.000000000000000000e+00
7.022949642422199323e-01,7.071067811865474617e-01,8.235158286286461959e-02,2.442765093016416311e-01
-7.022949642422195993e-01,7.071067811865476838e-01,-8.235158286286459184e-02,-2.442765093016416311e-01
-1.164627253675548924e-01,6.938893903907228378e-18,9.931950632176750338e-01,9.594912259591112935e-01
0.000000000000000000e+00,0.000000000000000000e+00,0.000000000000000000e+00,1.000000000000000000e+00
7.022949642422199323e-01,7.071067811865474617e-01,8.235158286286461959e-02,2.431021030069221711e-01
-7.022949642422195993e-01,7.071067811865476838e-01,-8.235158286286459184e-02,-2.431021030069221989e-01
-1.164627253675548924e-01,6.938893903907228378e-18,9.931950632176750338e-01,9.596859796804618759e-01
0.000000000000000000e+00,0.000000000000000000e+00,0.000000000000000000e+00,1.000000000000000000e+00
7.022949642422199323e-01,7.071067811865474617e-01,8.235158286286461959e-02,2.419276967122027666e-01
-7.022949642422195993e-01,7.071067811865476838e-01,-8.235158286286459184e-02,-2.419276967122027666e-01
-1.164627253675548924e-01,6.938893903907228378e-18,9.931950632176750338e-01,9.598807334018122361e-01
0.000000000000000000e+00,0.000000000000000000e+00,0.000000000000000000e+00,1.000000000000000000e+00
7.022949642422199323e-01,7.071067811865474617e-01,8.235158286286461959e-02,2.407532904174833621e-01
-7.022949642422195993e-01,7.071067811865476838e-01,-8.235158286286459184e-02,-2.407532904174833344e-01
-1.164627253675548924e-01,6.938893903907228378e-18,9.931950632176750338e-01,9.600754871231625964e-01
0.000000000000000000e+00,0.000000000000000000e+00,0.000000000000000000e+00,1.000000000000000000e+00
7.022949642422199323e-01,7.071067811865474617e-01,8.235158286286461959e-02,2.395788841227639576e-01
-7.022949642422195993e-01,7.071067811865476838e-01,-8.235158286286459184e-02,-2.395788841227638744e-01
-1.164627253675548924e-01,6.938893903907228378e-18,9.931950632176750338e-01,9.602702408445130677e-01
0.000000000000000000e+00,0.000000000000000000e+00,0.000000000000000000e+00,1.000000000000000000e+00
7.022949642422199323e-01,7.071067811865474617e-01,8.235158286286461959e-02,2.384044778280444699e-01
-7.022949642422195993e-01,7.071067811865476838e-01,-8.235158286286459184e-02,-2.384044778280444699e-01
-1.164627253675548924e-01,6.938893903907228378e-18,9.931950632176750338e-01,9.604649945658635390e-01
0.000000000000000000e+00,0.000000000000000000e+00,0.000000000000000000e+00,1.000000000000000000e+00
7.022949642422199323e-01,7.071067811865474617e-01,8.235158286286461959e-02,2.372300715333250654e-01
-7.022949642422195993e-01,7.071067811865476838e-01,-8.235158286286459184e-02,-2.372300715333250376e-01
-1.164627253675548924e-01,6.938893903907228378e-18,9.931950632176750338e-01,9.606597482872138993e-01
0.000000000000000000e+00,0.000000000000000000e+00,0.000000000000000000e+00,1.000000000000000000e+00
7.022949642422199323e-01,7.071067811865474617e-01,8.235158286286461959e-02,2.360556652386056609e-01
-7.022949642422195993e-01,7.071067811865476838e-01,-8.235158286286459184e-02,-2.360556652386055776e-01
-1.164627253675548924e-01,6.938893903907228378e-18,9.931950632176750338e-01,9.608545020085642596e-01
0.000000000000000000e+00,0.000000000000000000e+00,0.000000000000000000e+00,1.000000000000000000e+00
7.022949642422199323e-01,7.071067811865474617e-01,8.235158286286461959e-02,2.348812589438861731e-01
-7.022949642422195993e-01,7.071067811865476838e-01,-8.235158286286459184e-02,-2.348812589438861731e-01
-1.164627253675548924e-01,6.938893903907228378e-18,9.931950632176750338e-01,9.610492557299147309e-01
0.000000000000000000e+00,0.000000000000000000e+00,0.000000000000000000e+00,1.000000000000000000e+00
7.022949642422199323e-01,7.071067811865474617e-01,8.235158286286461959e-02,2.337068526491667408e-01
-7.022949642422195993e-01,7.071067811865476838e-01,-8.235158286286459184e-02,-2.337068526491667408e-01
-1.164627253675548924e-01,6.938893903907228378e-18,9.931950632176750338e-01,9.612440094512652022e-01
0.000000000000000000e+00,0.000000000000000000e+00,0.000000000000000000e+00,1.000000000000000000e+00
7.022949642422199323e-01,7.071067811865474617e-01,8.235158286286461959e-02,2.325324463544473086e-01
-7.022949642422195993e-01,7.071067811865476838e-01,-8.235158286286459184e-02,-2.325324463544473086e-01
-1.164627253675548924e-01,6.938893903907228378e-18,9.931950632176750338e-01,9.614387631726155625e-01
0.000000000000000000e+00,0.000000000000000000e+00,0.000000000000000000e+00,1.000000000000000000e+00
7.022949642422199323e-01,7.071067811865474617e-01,8.235158286286461959e-02,2.313580400597279041e-01
-7.022949642422195993e-01,7.071067811865476838e-01,-8.235158286286459184e-02,-2.313580400597278763e-01
-1.164627253675548924e-01,6.938893903907228378e-18,9.931950632176750338e-01,9.616335168939660338e-01
0.000000000000000000e+00,0.000000000000000000e+00,0.000000000000000000e+00,1.000000000000000000e+00
7.022949642422199323e-01,7.071067811865474617e-01,8.235158286286461959e-02,2.301836337650084718e-01
-7.022949642422195993e-01,7.071067811865476838e-01,-8.235158286286459184e-02,-2.301836337650084441e-01
-1.164627253675548924e-01,6.938893903907228378e-18,9.931950632176750338e-01,9.618282706153163941e-01
0.000000000000000000e+00,0.000000000000000000e+00,0.000000000000000000e+00,1.000000000000000000e+00
7.022949642422199323e-01,7.071067811865474617e-01,8.235158286286461959e-02,2.290092274702890118e-01
-7.022949642422195993e-01,7.071067811865476838e-01,-8.235158286286459184e-02,-2.290092274702890118e-01
-1.164627253675548924e-01,6.938893903907228378e-18,9.931950632176750338e-01,9.620230243366668654e-01
0.000000000000000000e+00,0.000000000000000000e+00,0.000000000000000000e+00,1.000000000000000000e+00
7.022949642422199323e-01,7.071067811865474617e-01,8.235158286286461959e-02,2.278348211755695796e-01
-7.022949642422195993e-01,7.071067811865476838e-01,-8.235158286286459184e-02,-2.278348211755695796e-01
-1.164627253675548924e-01,6.938893903907228378e-18,9.931950632176750338e-01,9.622177780580173367e-01
0.000000000000000000e+00,0.000000000000000000e+00,0.000000000000000000e+00,1.000000000000000000e+00
7.022949642422199323e-01,7.071067811865474617e-01,8.235158286286461959e-02,2.266604148808501751e-01
-7.022949642422195993e-01,7.071067811865476838e-01,-8.235158286286459184e-02,-2.266604148808501473e-01
-1.164627253675548924e-01,6.938893903907228378e-18,9.931950632176750338e-01,9.624125317793678080e-01
0.000000000000000000e+00,0.000000000000000000e+00,0.000000000000000000e+00,1.000000000000000000e+00
7.022949642422199323e-01,7.071067811865474617e-01,8.235158286286461959e-02,2.254860085861307706e-01
-7.022949642422195993e-01,7.071067811865476838e-01,-8.235158286286459184e-02,-2.254860085861307151e-01
-1.164627253675548924e-01,6.938893903907228378e-18,9.931950632176750338e-01,9.626072855007181683e-01
0.000000000000000000e+00,0.000000000000000000e+00,0.000000000000000000e+00,1.000000000000000000e+00
7.022949642422199323e-01,7.071067811865474617e-01,8.235158286286461959e-02,2.243116022914113383e-01
-7.022949642422195993e-01,7.071067811865476838e-01,-8.235158286286459184e-02,-2.243116022914112828e-01
-1.164627253675548924e-01,6.938893903907228378e-18,9.931950632176750338e-01,9.628020392220685286e-01
0.000000000000000000e+00,0.000000000000000000e+00,0.000000000000000000e+00,1.000000000000000000e+00
7.022949642422199323e-01,7.071067811865474617e-01,8.235158286286461959e-02,2.231371959966919061e-01
-7.022949642422195993e-01,7.071067811865476838e-01,-8.235158286286459184e-02,-2.231371959966918506e-01
-1.164627253675548924e-01,6.938893903907228378e-18,9.931950632176750338e-01,9.629967929434189999e-01
0.000000000000000000e+00,0.000000000000000000e+00,0.000000000000000000e+00,1.000000000000000000e+00
7.022949642422199323e-01,7.071067811865474617e-01,8.235158286286461959e-02,2.219627897019724738e-01
-7.022949642422195993e-01,7.071067811865476838e-01,-8.235158286286459184e-02,-2.219627897019724183e-01
-1.164627253675548924e-01,6.938893903907228378e-18,9.931950632176750338e-01,9.631915466647695823e-01
0.000000000000000000e+00,0.000000000000000000e+00,0.000000000000000000e+00,1.000000000000000000e+00
7.022949642422199323e-01,7.071067811865474617e-01,8.235158286286461959e-02,2.207883834072530416e-01
-7.022949642422195993e-01,7.071067811865476838e-01,-8.235158286286459184e-02,-2.207883834072529861e-01
-1.164627253675548924e-01,6.938893903907228378e-18,9.931950632176750338e-01,9.633863003861199426e-01
0.000000000000000000e+00,0.000000000000000000e+00,0.000000000000000000e+00,1.000000000000000000e+00
7.022949642422199323e-01,7.071067811865474617e-01,8.235158286286461959e-02,2.196139771125336093e-01
-7.022949642422195993e-01,7.071067811865476838e-01,-8.235158286286459184e-02,-2.196139771125335816e-01
-1.164627253675548924e-01,6.938893903907228378e-18,9.931950632176750338e-01,9.635810541074703028e-01
0.000000000000000000e+00,0.000000000000000000e+00,0.000000000000000000e+00,1.000000000000000000e+00
7.022949642422199323e-01,7.071067811865474617e-01,8.235158286286461959e-02,2.184395708178141493e-01
-7.022949642422195993e-01,7.071067811865476838e-01,-8.235158286286459184e-02,-2.184395708178141216e-01
-1.164627253675548924e-01,6.938893903907228378e-18,9.931950632176750338e-01,9.637758078288207741e-01
0.000000000000000000e+00,0.000000000000000000e+00,0.000000000000000000e+00,1.000000000000000000e+00
7.022949642422199323e-01,7.071067811865474617e-01,8.235158286286461959e-02,2.172651645230947171e-01
-7.022949642422195993e-01,7.071067811865476838e-01,-8.235158286286459184e-02,-2.172651645230946893e-01
-1.164627253675548924e-01,6.938893903907228378e-18,9.931950632176750338e-01,9.639705615501711344e-01
0.000000000000000000e+00,0.000000000000000000e+00,0.000000000000000000e+00,1.000000000000000000e+00
7.022949642422199323e-01,7.071067811865474617e-01,8.235158286286461959e-02,2.160907582283752848e-01
-7.022949642422195993e-01,7.071067811865476838e-01,-8.235158286286459184e-02,-2.160907582283752570e-01
-1.164627253675548924e-01,6.938893903907228378e-18,9.931950632176750338e-01,9.641653152715214947e-01
0.000000000000000000e+00,0.000000000000000000e+00,0.000000000000000000e+00,1.000000000000000000e+00
7.022949642422199323e-01,7.071067811865474617e-01,8.235158286286461959e-02,2.149163519336558803e-01
-7.022949642422195993e-01,7.071067811865476838e-01,-8.235158286286459184e-02,-2.149163519336558248e-01
-1.164627253675548924e-01,6.938893903907228378e-18,9.931950632176750338e-01,9.643600689928720771e-01
0.000000000000000000e+00,0.000000000000000000e+00,0.000000000000000000e+00,1.000000000000000000e+00
7.022949642422199323e-01,7.071067811865474617e-01,8.235158286286461959e-02,2.137419456389364480e-01
-7.022949642422195993e-01,7.071067811865476838e-01,-8.235158286286459184e-02,-2.137419456389363925e-01
-1.164627253675548924e-01,6.938893903907228378e-18,9.931950632176750338e-01,9.645548227142226594e-01
0.000000000000000000e+00,0.000000000000000000e+00,0.000000000000000000e+00,1.000000000000000000e+00
7.022949642422199323e-01,7.071067811865474617e-01,8.235158286286461959e-02,2.125675393442170158e-01
-7.022949642422195993e-01,7.071067811865476838e-01,-8.235158286286459184e-02,-2.125675393442169603e-01
-1.164627253675548924e-01,6.938893903907228378e-18,9.931950632176750338e-01,9.647495764355729087e-01
0.000000000000000000e+00,0.000000000000000000e+00,0.000000000000000000e+00,1.000000000000000000e+00
7.022949642422199323e-01,7.071067811865474617e-01,8.235158286286461959e-02,2.113931330494975558e-01
-7.022949642422195993e-01,7.071067811865476838e-01,-8.235158286286459184e-02,-2.113931330494975280e-01
-1.164627253675548924e-01,6.938893903907228378e-18,9.931950632176750338e-01,9.649443301569232689e-01
0.000000000000000000e+00,0.000000000000000000e+00,0.000000000000000000e+00,1.000000000000000000e+00
7.022949642422199323e-01,7.071067811865474617e-01,8.235158286286461959e-02,2.102187267547781513e-01
-7.022949642422195993e-01,7.071067811865476838e-01,-8.235158286286459184e-02,-2.102187267547780958e-01
-1.164627253675548924e-01,6.938893903907228378e-18,9.931950632176750338e-01,9.651390838782738513e-01
0.000000000000000000e+00,0.000000000000000000e+00,0.000000000000000000e+00,1.000000000000000000e+00
7.022949642422199323e-01,7.071067811865474617e-01,8.235158286286461959e-02,2.090443204600587190e-01
-7.022949642422195993e-01,7.071067811865476838e-01,-8.235158286286459184e-02,-2.090443204600586635e-01
-1.164627253675548924e-01,6.938893903907228378e-18,9.931950632176750338e-01,9.653338375996242116e-01
0.000000000000000000e+00,0.000000000000000000e+00,0.000000000000000000e+00,1.000000000000000000e+00
7.022949642422199323e-01,7.071067811865474617e-01,8.235158286286461959e-02,2.078699141653392868e-01
-7.022949642422195993e-01,7.071067811865476838e-01,-8.235158286286459184e-02,-2.078699141653392313e-01
-1.164627253675548924e-01,6.938893903907228378e-18,9.931950632176750338e-01,9.655285913209745718e-01
0.000000000000000000e+00,0.000000000000000000e+00,0.000000000000000000e+00,1.000000000000000000e+00
7.022949642422199323e-01,7.071067811865474617e-01,8.235158286286461959e-02,2.066955078706198545e-01
-7.022949642422195993e-01,7.071067811865476838e-01,-8.235158286286459184e-02,-2.066955078706197990e-01
-1.164627253675548924e-01,6.938893903907228378e-18,9.931950632176750338e-01,9.657233450423250432e-01
0.000000000000000000e+00,0.000000000000000000e+00,0.000000000000000000e+00,1.000000000000000000e+00
7.022949642422199323e-01,7.071067811865474617e-01,8.235158286286461959e-02,2.055211015759004223e-01
-7.022949642422195993e-01,7.071067811865476838e-01,-8.235158286286459184e-02,-2.055211015759003668e-01
-1.164627253675548924e-01,6.938893903907228378e-18,9.931950632176750338e-01,9.659180987636754034e-01
0.000000000000000000e+00,0.000000000000000000e+00,0.000000000000000000e+00,1.000000000000000000e+00
7.022949642422199323e-01,7.071067811865474617e-01,8.235158286286461959e-02,2.043466952811809900e-01
-7.022949642422195993e-01,7.071067811865476838e-01,-8.235158286286459184e-02,-2.043466952811809345e-01
-1.164627253675548924e-01,6.938893903907228378e-18,9.931950632176750338e-01,9.661128524850258747e-01
0.000000000000000000e+00,0.000000000000000000e+00,0.000000000000000000e+00,1.000000000000000000e+00
7.022949642422199323e-01,7.071067811865474617e-01,8.235158286286461959e-02,2.031722889864615578e-01
-7.022949642422195993e-01,7.071067811865476838e-01,-8.235158286286459184e-02,-2.031722889864615023e-01
-1.164627253675548924e-01,6.938893903907228378e-18,9.931950632176750338e-01,9.663076062063763461e-01
0.000000000000000000e+00,0.000000000000000000e+00,0.000000000000000000e+00,1.000000000000000000e+00
7.022949642422199323e-01,7.071067811865474617e-01,8.235158286286461959e-02,2.019978826917421255e-01
-7.022949642422195993e-01,7.071067811865476838e-01,-8.235158286286459184e-02,-2.019978826917420700e-01
-1.164627253675548924e-01,6.938893903907228378e-18,9.931950632176750338e-01,9.665023599277265953e-01
0.000000000000000000e+00,0.000000000000000000e+00,0.000000000000000000e+00,1.000000000000000000e+00
7.022949642422199323e-01,7.071067811865474617e-01,8.235158286286461959e-02,2.008234763970226933e-01
-7.022949642422195993e-01,7.071067811865476838e-01,-8.235158286286459184e-02,-2.008234763970226655e-01
-1.164627253675548924e-01,6.938893903907228378e-18,9.931950632176750338e-01,9.666971136490770666e-01
0.000000000000000000e+00,0.000000000000000000e+00,0.000000000000000000e+00,1.000000000000000000e+00
7.022949642422199323e-01,7.071067811865474617e-01,8.235158286286461959e-02,1.996490701023032610e-01
-7.022949642422195993e-01,7.071067811865476838e-01,-8.235158286286459184e-02,-1.996490701023032055e-01
-1.164627253675548924e-01,6.938893903907228378e-18,9.931950632176750338e-01,9.668918673704275379e-01
0.000000000000000000e+00,0.000000000000000000e+00,0.000000000000000000e+00,1.000000000000000000e+00
7.022949642422199323e-01,7.071067811865474617e-01,8.235158286286461959e-02,1.984746638075838288e-01
-7.022949642422195993e-01,7.071067811865476838e-01,-8.235158286286459184e-02,-1.984746638075838010e-01
-1.164627253675548924e-01,6.938893903907228378e-18,9.931950632176750338e-01,9.670866210917781203e-01
0.000000000000000000e+00,0.000000000000000000e+00,0.000000000000000000e+00,1.000000000000000000e+00
7.022949642422199323e-01,7.071067811865474617e-01,8.235158286286461959e-02,1.973002575128643965e-01
-7.022949642422195993e-01,7.071067811865476838e-01,-8.235158286286459184e-02,-1.973002575128643687e-01
-1.164627253675548924e-01,6.938893903907228378e-18,9.931950632176750338e-01,9.672813748131284806e-01
0.000000000000000000e+00,0.000000000000000000e+00,0.000000000000000000e+00,1.000000000000000000e+00
7.022949642422199323e-01,7.071067811865474617e-01,8.235158286286461959e-02,1.961258512181449642e-01
-7.022949642422195993e-01,7.071067811865476838e-01,-8.235158286286459184e-02,-1.961258512181449365e-01
-1.164627253675548924e-01,6.938893903907228378e-18,9.931950632176750338e-01,9.674761285344787298e-01
0.000000000000000000e+00,0.000000000000000000e+00,0.000000000000000000e+00,1.000000000000000000e+00
7.022949642422199323e-01,7.071067811865474617e-01,8.235158286286461959e-02,1.949514449234255598e-01
-7.022949642422195993e-01,7.071067811865476838e-01,-8.235158286286459184e-02,-1.949514449234255042e-01
-1.164627253675548924e-01,6.938893903907228378e-18,9.931950632176750338e-01,9.676708822558293122e-01
0.000000000000000000e+00,0.000000000000000000e+00,0.000000000000000000e+00,1.000000000000000000e+00
7.022949642422199323e-01,7.071067811865474617e-01,8.235158286286461959e-02,1.937770386287061275e-01
-7.022949642422195993e-01,7.071067811865476838e-01,-8.235158286286459184e-02,-1.937770386287060720e-01
-1.164627253675548924e-01,6.938893903907228378e-18,9.931950632176750338e-01,9.678656359771797835e-01
0.000000000000000000e+00,0.000000000000000000e+00,0.000000000000000000e+00,1.000000000000000000e+00
7.022949642422199323e-01,7.071067811865474617e-01,8.235158286286461959e-02,1.926026323339866952e-01
-7.022949642422195993e-01,7.071067811865476838e-01,-8.235158286286459184e-02,-1.926026323339866397e-01
-1.164627253675548924e-01,6.938893903907228378e-18,9.931950632176750338e-01,9.680603896985301438e-01
0.000000000000000000e+00,0.000000000000000000e+00,0.000000000000000000e+00,1.000000000000000000e+00
7.022949642422199323e-01,7.071067811865474617e-01,8.235158286286461959e-02,1.914282260392672630e-01
-7.022949642422195993e-01,7.071067811865476838e-01,-8.235158286286459184e-02,-1.914282260392672352e-01
-1.164627253675548924e-01,6.938893903907228378e-18,9.931950632176750338e-01,9.682551434198806151e-01
0.000000000000000000e+00,0.000000000000000000e+00,0.000000000000000000e+00,1.000000000000000000e+00
7.022949642422199323e-01,7.071067811865474617e-01,8.235158286286461959e-02,1.902538197445478307e-01
-7.022949642422195993e-01,7.071067811865476838e-01,-8.235158286286459184e-02,-1.902538197445478030e-01
-1.164627253675548924e-01,6.938893903907228378e-18,9.931950632176750338e-01,9.684498971412309754e-01
0.000000000000000000e+00,0.000000000000000000e+00,0.000000000000000000e+00,1.000000000000000000e+00
7.022949642422199323e-01,7.071067811865474617e-01,8.235158286286461959e-02,1.890794134498283985e-01
-7.022949642422195993e-01,7.071067811865476838e-01,-8.235158286286459184e-02,-1.890794134498283430e-01
-1.164627253675548924e-01,6.938893903907228378e-18,9.931950632176750338e-01,9.686446508625813356e-01
0.000000000000000000e+00,0.000000000000000000e+00,0.000000000000000000e+00,1.000000000000000000e+00
7.022949642422199323e-01,7.071067811865474617e-01,8.235158286286461959e-02,1.879050071551089662e-01
-7.022949642422195993e-01,7.071067811865476838e-01,-8.235158286286459184e-02,-1.879050071551089385e-01
-1.164627253675548924e-01,6.938893903907228378e-18,9.931950632176750338e-01,9.688394045839318069e-01
0.000000000000000000e+00,0.000000000000000000e+00,0.000000000000000000e+00,1.000000000000000000e+00
7.022949642422199323e-01,7.071067811865474617e-01,8.235158286286461959e-02,1.867306008603895340e-01
-7.022949642422195993e-01,7.071067811865476838e-01,-8.235158286286459184e-02,-1.867306008603895062e-01
-1.164627253675548924e-01,6.938893903907228378e-18,9.931950632176750338e-01,9.690341583052822783e-01
0.000000000000000000e+00,0.000000000000000000e+00,0.000000000000000000e+00,1.000000000000000000e+00
7.022949642422199323e-01,7.071067811865474617e-01,8.235158286286461959e-02,1.855561945656700740e-01
-7.022949642422195993e-01,7.071067811865476838e-01,-8.235158286286459184e-02,-1.855561945656700740e-01
-1.164627253675548924e-01,6.938893903907228378e-18,9.931950632176750338e-01,9.692289120266327496e-01
0.000000000000000000e+00,0.000000000000000000e+00,0.000000000000000000e+00,1.000000000000000000e+00
7.022949642422199323e-01,7.071067811865474617e-01,8.235158286286461959e-02,1.843817882709506140e-01
-7.022949642422195993e-01,7.071067811865476838e-01,-8.235158286286459184e-02,-1.843817882709506140e-01
-1.164627253675548924e-01,6.938893903907228378e-18,9.931950632176750338e-01,9.694236657479831099e-01
0.000000000000000000e+00,0.000000000000000000e+00,0.000000000000000000e+00,1.000000000000000000e+00
7.022949642422199323e-01,7.071067811865474617e-01,8.235158286286461959e-02,1.832073819762311817e-01
-7.022949642422195993e-01,7.071067811865476838e-01,-8.235158286286459184e-02,-1.832073819762311817e-01
-1.164627253675548924e-01,6.938893903907228378e-18,9.931950632176750338e-01,9.696184194693335812e-01
0.000000000000000000e+00,0.000000000000000000e+00,0.000000000000000000e+00,1.000000000000000000e+00
7.022949642422199323e-01,7.071067811865474617e-01,8.235158286286461959e-02,1.820329756815117495e-01
-7.022949642422195993e-01,7.071067811865476838e-01,-8.235158286286459184e-02,-1.820329756815117772e-01
-1.164627253675548924e-01,6.938893903907228378e-18,9.931950632176750338e-01,9.698131731906840525e-01
0.000000000000000000e+00,0.000000000000000000e+00,0.000000000000000000e+00,1.000000000000000000e+00
7.022949642422199323e-01,7.071067811865474617e-01,8.235158286286461959e-02,1.808585693867923450e-01
-7.022949642422195993e-01,7.071067811865476838e-01,-8.235158286286459184e-02,-1.808585693867923450e-01
-1.164627253675548924e-01,6.938893903907228378e-18,9.931950632176750338e-01,9.700079269120344128e-01
0.000000000000000000e+00,0.000000000000000000e+00,0.000000000000000000e+00,1.000000000000000000e+00
7.022949642422199323e-01,7.071067811865474617e-01,8.235158286286461959e-02,1.796841630920729405e-01
-7.022949642422195993e-01,7.071067811865476838e-01,-8.235158286286459184e-02,-1.796841630920728849e-01
-1.164627253675548924e-01,6.938893903907228378e-18,9.931950632176750338e-01,9.702026806333848841e-01
0.000000000000000000e+00,0.000000000000000000e+00,0.000000000000000000e+00,1.000000000000000000e+00
7.022949642422199323e-01,7.071067811865474617e-01,8.235158286286461959e-02,1.785097567973534805e-01
-7.022949642422195993e-01,7.071067811865476838e-01,-8.235158286286459184e-02,-1.785097567973534805e-01
-1.164627253675548924e-01,6.938893903907228378e-18,9.931950632176750338e-01,9.703974343547352444e-01
0.000000000000000000e+00,0.000000000000000000e+00,0.000000000000000000e+00,1.000000000000000000e+00
7.022949642422199323e-01,7.071067811865474617e-01,8.235158286286461959e-02,1.773353505026340482e-01
-7.022949642422195993e-01,7.071067811865476838e-01,-8.235158286286459184e-02,-1.773353505026340482e-01
-1.164627253675548924e-01,6.938893903907228378e-18,9.931950632176750338e-01,9.705921880760856046e-01
0.000000000000000000e+00,0.000000000000000000e+00,0.000000000000000000e+00,1.000000000000000000e+00
7.022949642422199323e-01,7.071067811865474617e-01,8.235158286286461959e-02,1.761609442079146159e-01
-7.022949642422195993e-01,7.071067811865476838e-01,-8.235158286286459184e-02,-1.761609442079146159e-01
-1.164627253675548924e-01,6.938893903907228378e-18,9.931950632176750338e-01,9.707869417974360760e-01
0.000000000000000000e+00,0.000000000000000000e+00,0.000000000000000000e+00,1.000000000000000000e+00
7.022949642422199323e-01,7.071067811865474617e-01,8.235158286286461959e-02,1.749865379131952114e-01
-7.022949642422195993e-01,7.071067811865476838e-01,-8.235158286286459184e-02,-1.749865379131951559e-01
-1.164627253675548924e-01,6.938893903907228378e-18,9.931950632176750338e-01,9.709816955187865473e-01
0.000000000000000000e+00,0.000000000000000000e+00,0.000000000000000000e+00,1.000000000000000000e+00
7.022949642422199323e-01,7.071067811865474617e-01,8.235158286286461959e-02,1.738121316184757792e-01
-7.022949642422195993e-01,7.071067811865476838e-01,-8.235158286286459184e-02,-1.738121316184757514e-01
-1.164627253675548924e-01,6.938893903907228378e-18,9.931950632176750338e-01,9.711764492401369075e-01
0.000000000000000000e+00,0.000000000000000000e+00,0.000000000000000000e+00,1.000000000000000000e+00
7.022949642422199323e-01,7.071067811865474617e-01,8.235158286286461959e-02,1.726377253237563192e-01
-7.022949642422195993e-01,7.071067811865476838e-01,-8.235158286286459184e-02,-1.726377253237563192e-01
-1.164627253675548924e-01,6.938893903907228378e-18,9.931950632176750338e-01,9.713712029614872678e-01
0.000000000000000000e+00,0.000000000000000000e+00,0.000000000000000000e+00,1.000000000000000000e+00
7.022949642422199323e-01,7.071067811865474617e-01,8.235158286286461959e-02,1.714633190290368869e-01
-7.022949642422195993e-01,7.071067811865476838e-01,-8.235158286286459184e-02,-1.714633190290368869e-01
-1.164627253675548924e-01,6.938893903907228378e-18,9.931950632176750338e-01,9.715659566828377391e-01
0.000000000000000000e+00,0.000000000000000000e+00,0.000000000000000000e+00,1.000000000000000000e+00
7.022949642422199323e-01,7.071067811865474617e-01,8.235158286286461959e-02,1.702889127343174824e-01
-7.022949642422195993e-01,7.071067811865476838e-01,-8.235158286286459184e-02,-1.702889127343174547e-01
-1.164627253675548924e-01,6.938893903907228378e-18,9.931950632176750338e-01,9.717607104041883215e-01
0.000000000000000000e+00,0.000000000000000000e+00,0.000000000000000000e+00,1.000000000000000000e+00
7.022949642422199323e-01,7.071067811865474617e-01,8.235158286286461959e-02,1.691145064395980502e-01
-7.022949642422195993e-01,7.071067811865476838e-01,-8.235158286286459184e-02,-1.691145064395980224e-01
-1.164627253675548924e-01,6.938893903907228378e-18,9.931950632176750338e-01,9.719554641255386818e-01
0.000000000000000000e+00,0.000000000000000000e+00,0.000000000000000000e+00,1.000000000000000000e+00
7.022949642422199323e-01,7.071067811865474617e-01,8.235158286286461959e-02,1.679401001448786179e-01
-7.022949642422195993e-01,7.071067811865476838e-01,-8.235158286286459184e-02,-1.679401001448785902e-01
-1.164627253675548924e-01,6.938893903907228378e-18,9.931950632176750338e-01,9.721502178468891531e-01
0.000000000000000000e+00,0.000000000000000000e+00,0.000000000000000000e+00,1.000000000000000000e+00
7.022949642422199323e-01,7.071067811865474617e-01,8.235158286286461959e-02,1.667656938501591857e-01
-7.022949642422195993e-01,7.071067811865476838e-01,-8.235158286286459184e-02,-1.667656938501591857e-01
-1.164627253675548924e-01,6.938893903907228378e-18,9.931950632176750338e-01,9.723449715682395134e-01
0.000000000000000000e+00,0.000000000000000000e+00,0.000000000000000000e+00,1.000000000000000000e+00
7.022949642422199323e-01,7.071067811865474617e-01,8.235158286286461959e-02,1.655912875554397812e-01
-7.022949642422195993e-01,7.071067811865476838e-01,-8.235158286286459184e-02,-1.655912875554397257e-01
-1.164627253675548924e-01,6.938893903907228378e-18,9.931950632176750338e-01,9.725397252895898736e-01
0.000000000000000000e+00,0.000000000000000000e+00,0.000000000000000000e+00,1.000000000000000000e+00
7.022949642422199323e-01,7.071067811865474617e-01,8.235158286286461959e-02,1.644168812607203489e-01
-7.022949642422195993e-01,7.071067811865476838e-01,-8.235158286286459184e-02,-1.644168812607202934e-01
-1.164627253675548924e-01,6.938893903907228378e-18,9.931950632176750338e-01,9.727344790109403450e-01
0.000000000000000000e+00,0.000000000000000000e+00,0.000000000000000000e+00,1.000000000000000000e+00
7.022949642422199323e-01,7.071067811865474617e-01,8.235158286286461959e-02,1.632424749660009167e-01
-7.022949642422195993e-01,7.071067811865476838e-01,-8.235158286286459184e-02,-1.632424749660008612e-01
-1.164627253675548924e-01,6.938893903907228378e-18,9.931950632176750338e-01,9.729292327322908163e-01
0.000000000000000000e+00,0.000000000000000000e+00,0.000000000000000000e+00,1.000000000000000000e+00
7.022949642422199323e-01,7.071067811865474617e-01,8.235158286286461959e-02,1.620680686712814844e-01
-7.022949642422195993e-01,7.071067811865476838e-01,-8.235158286286459184e-02,-1.620680686712814289e-01
-1.164627253675548924e-01,6.938893903907228378e-18,9.931950632176750338e-01,9.731239864536412876e-01
0.000000000000000000e+00,0.000000000000000000e+00,0.000000000000000000e+00,1.000000000000000000e+00
7.022949642422199323e-01,7.071067811865474617e-01,8.235158286286461959e-02,1.608936623765620522e-01
-7.022949642422195993e-01,7.071067811865476838e-01,-8.235158286286459184e-02,-1.608936623765619967e-01
-1.164627253675548924e-01,6.938893903907228378e-18,9.931950632176750338e-01,9.733187401749915368e-01
0.000000000000000000e+00,0.000000000000000000e+00,0.000000000000000000e+00,1.000000000000000000e+00
7.022949642422199323e-01,7.071067811865474617e-01,8.235158286286461959e-02,1.597192560818425922e-01
-7.022949642422195993e-01,7.071067811865476838e-01,-8.235158286286459184e-02,-1.597192560818425922e-01
-1.164627253675548924e-01,6.938893903907228378e-18,9.931950632176750338e-01,9.735134938963420081e-01
0.000000000000000000e+00,0.000000000000000000e+00,0.000000000000000000e+00,1.000000000000000000e+00
7.022949642422199323e-01,7.071067811865474617e-01,8.235158286286461959e-02,1.585448497871231321e-01
-7.022949642422195993e-01,7.071067811865476838e-01,-8.235158286286459184e-02,-1.585448497871231321e-01
-1.164627253675548924e-01,6.938893903907228378e-18,9.931950632176750338e-01,9.737082476176924795e-01
0.000000000000000000e+00,0.000000000000000000e+00,0.000000000000000000e+00,1.000000000000000000e+00
7.022949642422199323e-01,7.071067811865474617e-01,8.235158286286461959e-02,1.573704434924037276e-01
-7.022949642422195993e-01,7.071067811865476838e-01,-8.235158286286459184e-02,-1.573704434924037276e-01
-1.164627253675548924e-01,6.938893903907228378e-18,9.931950632176750338e-01,9.739030013390428397e-01
0.000000000000000000e+00,0.000000000000000000e+00,0.000000000000000000e+00,1.000000000000000000e+00
7.022949642422199323e-01,7.071067811865474617e-01,8.235158286286461959e-02,1.561960371976842676e-01
-7.022949642422195993e-01,7.071067811865476838e-01,-8.235158286286459184e-02,-1.561960371976842676e-01
-1.164627253675548924e-01,6.938893903907228378e-18,9.931950632176750338e-01,9.740977550603934221e-01
0.000000000000000000e+00,0.000000000000000000e+00,0.000000000000000000e+00,1.000000000000000000e+00
7.022949642422199323e-01,7.071067811865474617e-01,8.235158286286461959e-02,1.550216309029648631e-01
-7.022949642422195993e-01,7.071067811865476838e-01,-8.235158286286459184e-02,-1.550216309029648631e-01
-1.164627253675548924e-01,6.938893903907228378e-18,9.931950632176750338e-01,9.742925087817437824e-01
0.000000000000000000e+00,0.000000000000000000e+00,0.000000000000000000e+00,1.000000000000000000e+00
7.022949642422199323e-01,7.071067811865474617e-01,8.235158286286461959e-02,1.538472246082454031e-01
-7.022949642422195993e-01,7.071067811865476838e-01,-8.235158286286459184e-02,-1.538472246082454031e-01
-1.164627253675548924e-01,6.938893903907228378e-18,9.931950632176750338e-01,9.744872625030941427e-01
0.000000000000000000e+00,0.000000000000000000e+00,0.000000000000000000e+00,1.000000000000000000e+00
7.022949642422199323e-01,7.071067811865474617e-01,8.235158286286461959e-02,1.526728183135259986e-01
-7.022949642422195993e-01,7.071067811865476838e-01,-8.235158286286459184e-02,-1.526728183135259986e-01
-1.164627253675548924e-01,6.938893903907228378e-18,9.931950632176750338e-01,9.746820162244446140e-01
0.000000000000000000e+00,0.000000000000000000e+00,0.000000000000000000e+00,1.000000000000000000e+00
7.022949642422199323e-01,7.071067811865474617e-01,8.235158286286461959e-02,1.514984120188065386e-01
-7.022949642422195993e-01,7.071067811865476838e-01,-8.235158286286459184e-02,-1.514984120188065664e-01
-1.164627253675548924e-01,6.938893903907228378e-18,9.931950632176750338e-01,9.748767699457950853e-01
0.000000000000000000e+00,0.000000000000000000e+00,0.000000000000000000e+00,1.000000000000000000e+00
7.022949642422199323e-01,7.071067811865474617e-01,8.235158286286461959e-02,1.503240057240871341e-01
-7.022949642422195993e-01,7.071067811865476838e-01,-8.235158286286459184e-02,-1.503240057240871341e-01
-1.164627253675548924e-01,6.938893903907228378e-18,9.931950632176750338e-01,9.750715236671455566e-01
0.000000000000000000e+00,0.000000000000000000e+00,0.000000000000000000e+00,1.000000000000000000e+00
7.022949642422199323e-01,7.071067811865474617e-01,8.235158286286461959e-02,1.491495994293677019e-01
-7.022949642422195993e-01,7.071067811865476838e-01,-8.235158286286459184e-02,-1.491495994293677296e-01
-1.164627253675548924e-01,6.938893903907228378e-18,9.931950632176750338e-01,9.752662773884958058e-01
0.000000000000000000e+00,0.000000000000000000e+00,0.000000000000000000e+00,1.000000000000000000e+00
7.022949642422199323e-01,7.071067811865474617e-01,8.235158286286461959e-02,1.479751931346482974e-01
-7.022949642422195993e-01,7.071067811865476838e-01,-8.235158286286459184e-02,-1.479751931346482974e-01
-1.164627253675548924e-01,6.938893903907228378e-18,9.931950632176750338e-01,9.754610311098462772e-01
0.000000000000000000e+00,0.000000000000000000e+00,0.000000000000000000e+00,1.000000000000000000e+00
7.022949642422199323e-01,7.071067811865474617e-01,8.235158286286461959e-02,1.468007868399288374e-01
-7.022949642422195993e-01,7.071067811865476838e-01,-8.235158286286459184e-02,-1.468007868399288651e-01
-1.164627253675548924e-01,6.938893903907228378e-18,9.931950632176750338e-01,9.756557848311967485e-01
0.000000000000000000e+00,0.000000000000000000e+00,0.000000000000000000e+00,1.000000000000000000e+00
7.022949642422199323e-01,7.071067811865474617e-01,8.235158286286461959e-02,1.456263805452094329e-01
-7.022949642422195993e-01,7.071067811865476838e-01,-8.235158286286459184e-02,-1.456263805452094329e-01
-1.164627253675548924e-01,6.938893903907228378e-18,9.931950632176750338e-01,9.758505385525471088e-01
0.000000000000000000e+00,0.000000000000000000e+00,0.000000000000000000e+00,1.000000000000000000e+00
7.022949642422199323e-01,7.071067811865474617e-01,8.235158286286461959e-02,1.444519742504899729e-01
-7.022949642422195993e-01,7.071067811865476838e-01,-8.235158286286459184e-02,-1.444519742504900006e-01
-1.164627253675548924e-01,6.938893903907228378e-18,9.931950632176750338e-01,9.760452922738975801e-01
0.000000000000000000e+00,0.000000000000000000e+00,0.000000000000000000e+00,1.000000000000000000e+00
7.022949642422199323e-01,7.071067811865474617e-01,8.235158286286461959e-02,1.432775679557705684e-01
-7.022949642422195993e-01,7.071067811865476838e-01,-8.235158286286459184e-02,-1.432775679557705684e-01
-1.164627253675548924e-01,6.938893903907228378e-18,9.931950632176750338e-01,9.762400459952479403e-01
0.000000000000000000e+00,0.000000000000000000e+00,0.000000000000000000e+00,1.000000000000000000e+00
7.022949642422199323e-01,7.071067811865474617e-01,8.235158286286461959e-02,1.421031616610511361e-01
-7.022949642422195993e-01,7.071067811865476838e-01,-8.235158286286459184e-02,-1.421031616610511361e-01
-1.164627253675548924e-01,6.938893903907228378e-18,9.931950632176750338e-01,9.764347997165984117e-01
0.000000000000000000e+00,0.000000000000000000e+00,0.000000000000000000e+00,1.000000000000000000e+00
7.022949642422199323e-01,7.071067811865474617e-01,8.235158286286461959e-02,1.409287553663317316e-01
-7.022949642422195993e-01,7.071067811865476838e-01,-8.235158286286459184e-02,-1.409287553663317039e-01
-1.164627253675548924e-01,6.938893903907228378e-18,9.931950632176750338e-01,9.766295534379488830e-01
0.000000000000000000e+00,0.000000000000000000e+00,0.000000000000000000e+00,1.000000000000000000e+00
7.022949642422199323e-01,7.071067811865474617e-01,8.235158286286461959e-02,1.397543490716122161e-01
-7.022949642422195993e-01,7.071067811865476838e-01,-8.235158286286459184e-02,-1.397543490716122161e-01
-1.164627253675548924e-01,6.938893903907228378e-18,9.931950632176750338e-01,9.768243071592993543e-01
0.000000000000000000e+00,0.000000000000000000e+00,0.000000000000000000e+00,1.000000000000000000e+00
7.022949642422199323e-01,7.071067811865474617e-01,8.235158286286461959e-02,1.385799427768928116e-01
-7.022949642422195993e-01,7.071067811865476838e-01,-8.235158286286459184e-02,-1.385799427768928116e-01
-1.164627253675548924e-01,6.938893903907228378e-18,9.931950632176750338e-01,9.770190608806498256e-01
0.000000000000000000e+00,0.000000000000000000e+00,0.000000000000000000e+00,1.000000000000000000e+00
7.022949642422199323e-01,7.071067811865474617e-01,8.235158286286461959e-02,1.374055364821733516e-01
-7.022949642422195993e-01,7.071067811865476838e-01,-8.235158286286459184e-02,-1.374055364821733516e-01
-1.164627253675548924e-01,6.938893903907228378e-18,9.931950632176750338e-01,9.772138146020000748e-01
0.000000000000000000e+00,0.000000000000000000e+00,0.000000000000000000e+00,1.000000000000000000e+00
7.022949642422199323e-01,7.071067811865474617e-01,8.235158286286461959e-02,1.362311301874539471e-01
-7.022949642422195993e-01,7.071067811865476838e-01,-8.235158286286459184e-02,-1.362311301874539471e-01
-1.164627253675548924e-01,6.938893903907228378e-18,9.931950632176750338e-01,9.774085683233505462e-01
0.000000000000000000e+00,0.000000000000000000e+00,0.000000000000000000e+00,1.000000000000000000e+00
7.022949642422199323e-01,7.071067811865474617e-01,8.235158286286461959e-02,1.350567238927344871e-01
-7.022949642422195993e-01,7.071067811865476838e-01,-8.235158286286459184e-02,-1.350567238927344871e-01
-1.164627253675548924e-01,6.938893903907228378e-18,9.931950632176750338e-01,9.776033220447010175e-01
0.000000000000000000e+00,0.000000000000000000e+00,0.000000000000000000e+00,1.000000000000000000e+00
7.022949642422199323e-01,7.071067811865474617e-01,8.235158286286461959e-02,1.338823175980150826e-01
-7.022949642422195993e-01,7.071067811865476838e-01,-8.235158286286459184e-02,-1.338823175980150826e-01
-1.164627253675548924e-01,6.938893903907228378e-18,9.931950632176750338e-01,9.777980757660513778e-01
0.000000000000000000e+00,0.000000000000000000e+00,0.000000000000000000e+00,1.000000000000000000e+00
7.022949642422199323e-01,7.071067811865474617e-01,8.235158286286461959e-02,1.327079113032956226e-01
-7.022949642422195993e-01,7.071067811865476838e-01,-8.235158286286459184e-02,-1.327079113032956226e-01
-1.164627253675548924e-01,6.938893903907228378e-18,9.931950632176750338e-01,9.779928294874018491e-01
0.000000000000000000e+00,0.000000000000000000e+00,0.000000000000000000e+00,1.000000000000000000e+00
7.022949642422199323e-01,7.071067811865474617e-01,8.235158286286461959e-02,1.315335050085762458e-01
-7.022949642422195993e-01,7.071067811865476838e-01,-8.235158286286459184e-02,-1.315335050085762181e-01
-1.164627253675548924e-01,6.938893903907228378e-18,9.931950632176750338e-01,9.781875832087522094e-01
0.000000000000000000e+00,0.000000000000000000e+00,0.000000000000000000e+00,1.000000000000000000e+00
7.022949642422199323e-01,7.071067811865474617e-01,8.235158286286461959e-02,1.303590987138567581e-01
-7.022949642422195993e-01,7.071067811865476838e-01,-8.235158286286459184e-02,-1.303590987138567858e-01
-1.164627253675548924e-01,6.938893903907228378e-18,9.931950632176750338e-01,9.783823369301026807e-01
0.000000000000000000e+00,0.000000000000000000e+00,0.000000000000000000e+00,1.000000000000000000e+00
7.022949642422199323e-01,7.071067811865474617e-01,8.235158286286461959e-02,1.291846924191373813e-01
-7.022949642422195993e-01,7.071067811865476838e-01,-8.235158286286459184e-02,-1.291846924191373536e-01
-1.164627253675548924e-01,6.938893903907228378e-18,9.931950632176750338e-01,9.785770906514530409e-01
0.000000000000000000e+00,0.000000000000000000e+00,0.000000000000000000e+00,1.000000000000000000e+00
7.022949642422199323e-01,7.071067811865474617e-01,8.235158286286461959e-02,1.280102861244178936e-01
-7.022949642422195993e-01,7.071067811865476838e-01,-8.235158286286459184e-02,-1.280102861244179491e-01
-1.164627253675548924e-01,6.938893903907228378e-18,9.931950632176750338e-01,9.787718443728035123e-01
0.000000000000000000e+00,0.000000000000000000e+00,0.000000000000000000e+00,1.000000000000000000e+00
7.022949642422199323e-01,7.071067811865474617e-01,8.235158286286461959e-02,1.268358798296984891e-01
-7.022949642422195993e-01,7.071067811865476838e-01,-8.235158286286459184e-02,-1.268358798296984891e-01
-1.164627253675548924e-01,6.938893903907228378e-18,9.931950632176750338e-01,9.789665980941540946e-01
0.000000000000000000e+00,0.000000000000000000e+00,0.000000000000000000e+00,1.000000000000000000e+00
7.022949642422199323e-01,7.071067811865474617e-01,8.235158286286461959e-02,1.256614735349790291e-01
-7.022949642422195993e-01,7.071067811865476838e-01,-8.235158286286459184e-02,-1.256614735349790846e-01
-1.164627253675548924e-01,6.938893903907228378e-18,9.931950632176750338e-01,9.791613518155043439e-01
0.000000000000000000e+00,0.000000000000000000e+00,0.000000000000000000e+00,1.000000000000000000e+00
7.022949642422199323e-01,7.071067811865474617e-01,8.235158286286461959e-02,1.244870672402596384e-01
-7.022949642422195993e-01,7.071067811865476838e-01,-8.235158286286459184e-02,-1.244870672402596384e-01
-1.164627253675548924e-01,6.938893903907228378e-18,9.931950632176750338e-01,9.793561055368548152e-01
0.000000000000000000e+00,0.000000000000000000e+00,0.000000000000000000e+00,1.000000000000000000e+00
7.022949642422199323e-01,7.071067811865474617e-01,8.235158286286461959e-02,1.233126609455401923e-01
-7.022949642422195993e-01,7.071067811865476838e-01,-8.235158286286459184e-02,-1.233126609455402062e-01
-1.164627253675548924e-01,6.938893903907228378e-18,9.931950632176750338e-01,9.795508592582052865e-01
0.000000000000000000e+00,0.000000000000000000e+00,0.000000000000000000e+00,1.000000000000000000e+00
7.022949642422199323e-01,7.071067811865474617e-01,8.235158286286461959e-02,1.221382546508207878e-01
-7.022949642422195993e-01,7.071067811865476838e-01,-8.235158286286459184e-02,-1.221382546508207739e-01
-1.164627253675548924e-01,6.938893903907228378e-18,9.931950632176750338e-01,9.797456129795558688e-01
0.000000000000000000e+00,0.000000000000000000e+00,0.000000000000000000e+00,1.000000000000000000e+00
7.022949642422199323e-01,7.071067811865474617e-01,8.235158286286461959e-02,1.209638483561013278e-01
-7.022949642422195993e-01,7.071067811865476838e-01,-8.235158286286459184e-02,-1.209638483561013278e-01
-1.164627253675548924e-01,6.938893903907228378e-18,9.931950632176750338e-01,9.799403667009061181e-01
0.000000000000000000e+00,0.000000000000000000e+00,0.000000000000000000e+00,1.000000000000000000e+00
7.022949642422199323e-01,7.071067811865474617e-01,8.235158286286461959e-02,1.197894420613819233e-01
-7.022949642422195993e-01,7.071067811865476838e-01,-8.235158286286459184e-02,-1.197894420613819094e-01
-1.164627253675548924e-01,6.938893903907228378e-18,9.931950632176750338e-01,9.801351204222564784e-01
0.000000000000000000e+00,0.000000000000000000e+00,0.000000000000000000e+00,1.000000000000000000e+00
7.022949642422199323e-01,7.071067811865474617e-01,8.235158286286461959e-02,1.186150357666624772e-01
-7.022949642422195993e-01,7.071067811865476838e-01,-8.235158286286459184e-02,-1.186150357666624633e-01
-1.164627253675548924e-01,6.938893903907228378e-18,9.931950632176750338e-01,9.803298741436069497e-01
0.000000000000000000e+00,0.000000000000000000e+00,0.000000000000000000e+00,1.000000000000000000e+00
7.022949642422199323e-01,7.071067811865474617e-01,8.235158286286461959e-02,1.174406294719430727e-01
-7.022949642422195993e-01,7.071067811865476838e-01,-8.235158286286459184e-02,-1.174406294719430449e-01
-1.164627253675548924e-01,6.938893903907228378e-18,9.931950632176750338e-01,9.805246278649574210e-01
0.000000000000000000e+00,0.000000000000000000e+00,0.000000000000000000e+00,1.000000000000000000e+00
7.022949642422199323e-01,7.071067811865474617e-01,8.235158286286461959e-02,1.162662231772236127e-01
-7.022949642422195993e-01,7.071067811865476838e-01,-8.235158286286459184e-02,-1.162662231772236127e-01
-1.164627253675548924e-01,6.938893903907228378e-18,9.931950632176750338e-01,9.807193815863077813e-01
0.000000000000000000e+00,0.000000000000000000e+00,0.000000000000000000e+00,1.000000000000000000e+00
7.022949642422199323e-01,7.071067811865474617e-01,8.235158286286461959e-02,1.150918168825042082e-01
-7.022949642422195993e-01,7.071067811865476838e-01,-8.235158286286459184e-02,-1.150918168825041943e-01
-1.164627253675548924e-01,6.938893903907228378e-18,9.931950632176750338e-01,9.809141353076581415e-01
0.000000000000000000e+00,0.000000000000000000e+00,0.000000000000000000e+00,1.000000000000000000e+00
7.022949642422199323e-01,7.071067811865474617e-01,8.235158286286461959e-02,1.139174105877847343e-01
-7.022949642422195993e-01,7.071067811865476838e-01,-8.235158286286459184e-02,-1.139174105877847620e-01
-1.164627253675548924e-01,6.938893903907228378e-18,9.931950632176750338e-01,9.811088890290086129e-01
0.000000000000000000e+00,0.000000000000000000e+00,0.000000000000000000e+00,1.000000000000000000e+00
7.022949642422199323e-01,7.071067811865474617e-01,8.235158286286461959e-02,1.127430042930653298e-01
-7.022949642422195993e-01,7.071067811865476838e-01,-8.235158286286459184e-02,-1.127430042930653159e-01
-1.164627253675548924e-01,6.938893903907228378e-18,9.931950632176750338e-01,9.813036427503591952e-01
0.000000000000000000e+00,0.000000000000000000e+00,0.000000000000000000e+00,1.000000000000000000e+00
7.022949642422199323e-01,7.071067811865474617e-01,8.235158286286461959e-02,1.115685979983458836e-01
-7.022949642422195993e-01,7.071067811865476838e-01,-8.235158286286459184e-02,-1.115685979983458698e-01
-1.164627253675548924e-01,6.938893903907228378e-18,9.931950632176750338e-01,9.814983964717095555e-01
0.000000000000000000e+00,0.000000000000000000e+00,0.000000000000000000e+00,1.000000000000000000e+00
7.022949642422199323e-01,7.071067811865474617e-01,8.235158286286461959e-02,1.103941917036264792e-01
-7.022949642422195993e-01,7.071067811865476838e-01,-8.235158286286459184e-02,-1.103941917036264653e-01
-1.164627253675548924e-01,6.938893903907228378e-18,9.931950632176750338e-01,9.816931501930601378e-01
0.000000000000000000e+00,0.000000000000000000e+00,0.000000000000000000e+00,1.000000000000000000e+00
7.022949642422199323e-01,7.071067811865474617e-01,8.235158286286461959e-02,1.092197854089070330e-01
-7.022949642422195993e-01,7.071067811865476838e-01,-8.235158286286459184e-02,-1.092197854089070330e-01
-1.164627253675548924e-01,6.938893903907228378e-18,9.931950632176750338e-01,9.818879039144103871e-01
0.000000000000000000e+00,0.000000000000000000e+00,0.000000000000000000e+00,1.000000000000000000e+00
7.022949642422199323e-01,7.071067811865474617e-01,8.235158286286461959e-02,1.080453791141876285e-01
-7.022949642422195993e-01,7.071067811865476838e-01,-8.235158286286459184e-02,-1.080453791141876146e-01
-1.164627253675548924e-01,6.938893903907228378e-18,9.931950632176750338e-01,9.820826576357607474e-01
0.000000000000000000e+00,0.000000000000000000e+00,0.000000000000000000e+00,1.000000000000000000e+00
7.022949642422199323e-01,7.071067811865474617e-01,8.235158286286461959e-02,1.068709728194681685e-01
-7.022949642422195993e-01,7.071067811865476838e-01,-8.235158286286459184e-02,-1.068709728194681685e-01
-1.164627253675548924e-01,6.938893903907228378e-18,9.931950632176750338e-01,9.822774113571113297e-01
0.000000000000000000e+00,0.000000000000000000e+00,0.000000000000000000e+00,1.000000000000000000e+00
7.022949642422199323e-01,7.071067811865474617e-01,8.235158286286461959e-02,1.056965665247487640e-01
-7.022949642422195993e-01,7.071067811865476838e-01,-8.235158286286459184e-02,-1.056965665247487640e-01
-1.164627253675548924e-01,6.938893903907228378e-18,9.931950632176750338e-01,9.824721650784616900e-01
0.000000000000000000e+00,0.000000000000000000e+00,0.000000000000000000e+00,1.000000000000000000e+00
7.022949642422199323e-01,7.071067811865474617e-01,8.235158286286461959e-02,1.045221602300293040e-01
-7.022949642422195993e-01,7.071067811865476838e-01,-8.235158286286459184e-02,-1.045221602300293179e-01
-1.164627253675548924e-01,6.938893903907228378e-18,9.931950632176750338e-01,9.826669187998120503e-01
0.000000000000000000e+00,0.000000000000000000e+00,0.000000000000000000e+00,1.000000000000000000e+00
7.022949642422199323e-01,7.071067811865474617e-01,8.235158286286461959e-02,1.033477539353098995e-01
-7.022949642422195993e-01,7.071067811865476838e-01,-8.235158286286459184e-02,-1.033477539353098718e-01
-1.164627253675548924e-01,6.938893903907228378e-18,9.931950632176750338e-01,9.828616725211625216e-01
0.000000000000000000e+00,0.000000000000000000e+00,0.000000000000000000e+00,1.000000000000000000e+00
7.022949642422199323e-01,7.071067811865474617e-01,8.235158286286461959e-02,1.021733476405904395e-01
-7.022949642422195993e-01,7.071067811865476838e-01,-8.235158286286459184e-02,-1.021733476405904395e-01
-1.164627253675548924e-01,6.938893903907228378e-18,9.931950632176750338e-01,9.830564262425128819e-01
0.000000000000000000e+00,0.000000000000000000e+00,0.000000000000000000e+00,1.000000000000000000e+00
7.022949642422199323e-01,7.071067811865474617e-01,8.235158286286461959e-02,1.009989413458710350e-01
-7.022949642422195993e-01,7.071067811865476838e-01,-8.235158286286459184e-02,-1.009989413458710211e-01
-1.164627253675548924e-01,6.938893903907228378e-18,9.931950632176750338e-01,9.832511799638633532e-01
0.000000000000000000e+00,0.000000000000000000e+00,0.000000000000000000e+00,1.000000000000000000e+00
7.022949642422199323e-01,7.071067811865474617e-01,8.235158286286461959e-02,9.982453505115157499e-02
-7.022949642422195993e-01,7.071067811865476838e-01,-8.235158286286459184e-02,-9.982453505115157499e-02
-1.164627253675548924e-01,6.938893903907228378e-18,9.931950632176750338e-01,9.834459336852138245e-01
0.000000000000000000e+00,0.000000000000000000e+00,0.000000000000000000e+00,1.000000000000000000e+00
7.022949642422199323e-01,7.071067811865474617e-01,8.235158286286461959e-02,9.865012875643217050e-02
-7.022949642422195993e-01,7.071067811865476838e-01,-8.235158286286459184e-02,-9.865012875643217050e-02
-1.164627253675548924e-01,6.938893903907228378e-18,9.931950632176750338e-01,9.836406874065641848e-01
0.000000000000000000e+00,0.000000000000000000e+00,0.000000000000000000e+00,1.000000000000000000e+00
7.022949642422199323e-01,7.071067811865474617e-01,8.235158286286461959e-02,9.747572246171271049e-02
-7.022949642422195993e-01,7.071067811865476838e-01,-8.235158286286459184e-02,-9.747572246171273824e-02
-1.164627253675548924e-01,6.938893903907228378e-18,9.931950632176750338e-01,9.838354411279146561e-01
0.000000000000000000e+00,0.000000000000000000e+00,0.000000000000000000e+00,1.000000000000000000e+00
7.022949642422199323e-01,7.071067811865474617e-01,8.235158286286461959e-02,9.630131616699330599e-02
-7.022949642422195993e-01,7.071067811865476838e-01,-8.235158286286459184e-02,-9.630131616699330599e-02
-1.164627253675548924e-01,6.938893903907228378e-18,9.931950632176750338e-01,9.840301948492650164e-01
0.000000000000000000e+00,0.000000000000000000e+00,0.000000000000000000e+00,1.000000000000000000e+00
7.022949642422199323e-01,7.071067811865474617e-01,8.235158286286461959e-02,9.512690987227385986e-02
-7.022949642422195993e-01,7.071067811865476838e-01,-8.235158286286459184e-02,-9.512690987227387374e-02
-1.164627253675548924e-01,6.938893903907228378e-18,9.931950632176750338e-01,9.842249485706155987e-01
0.000000000000000000e+00,0.000000000000000000e+00,0.000000000000000000e+00,1.000000000000000000e+00
7.022949642422199323e-01,7.071067811865474617e-01,8.235158286286461959e-02,9.395250357755445536e-02
-7.022949642422195993e-01,7.071067811865476838e-01,-8.235158286286459184e-02,-9.395250357755446924e-02
-1.164627253675548924e-01,6.938893903907228378e-18,9.931950632176750338e-01,9.844197022919659590e-01
0.000000000000000000e+00,0.000000000000000000e+00,0.000000000000000000e+00,1.000000000000000000e+00
7.022949642422199323e-01,7.071067811865474617e-01,8.235158286286461959e-02,9.277809728283500923e-02
-7.022949642422195993e-01,7.071067811865476838e-01,-8.235158286286459184e-02,-9.277809728283499535e-02
-1.164627253675548924e-01,6.938893903907228378e-18,9.931950632176750338e-01,9.846144560133163193e-01
0.000000000000000000e+00,0.000000000000000000e+00,0.000000000000000000e+00,1.000000000000000000e+00
7.022949642422199323e-01,7.071067811865474617e-01,8.235158286286461959e-02,9.160369098811559085e-02
-7.022949642422195993e-01,7.071067811865476838e-01,-8.235158286286459184e-02,-9.160369098811557698e-02
-1.164627253675548924e-01,6.938893903907228378e-18,9.931950632176750338e-01,9.848092097346667906e-01
0.000000000000000000e+00,0.000000000000000000e+00,0.000000000000000000e+00,1.000000000000000000e+00
7.022949642422199323e-01,7.071067811865474617e-01,8.235158286286461959e-02,9.042928469339614472e-02
-7.022949642422195993e-01,7.071067811865476838e-01,-8.235158286286459184e-02,-9.042928469339614472e-02
-1.164627253675548924e-01,6.938893903907228378e-18,9.931950632176750338e-01,9.850039634560171509e-01
0.000000000000000000e+00,0.000000000000000000e+00,0.000000000000000000e+00,1.000000000000000000e+00
7.022949642422199323e-01,7.071067811865474617e-01,8.235158286286461959e-02,8.925487839867672635e-02
-7.022949642422195993e-01,7.071067811865476838e-01,-8.235158286286459184e-02,-8.925487839867672635e-02
-1.164627253675548924e-01,6.938893903907228378e-18,9.931950632176750338e-01,9.851987171773676222e-01
0.000000000000000000e+00,0.000000000000000000e+00,0.000000000000000000e+00,1.000000000000000000e+00
7.022949642422199323e-01,7.071067811865474617e-01,8.235158286286461959e-02,8.808047210395728022e-02
-7.022949642422195993e-01,7.071067811865476838e-01,-8.235158286286459184e-02,-8.808047210395728022e-02
-1.164627253675548924e-01,6.938893903907228378e-18,9.931950632176750338e-01,9.853934708987180935e-01
0.000000000000000000e+00,0.000000000000000000e+00,0.000000000000000000e+00,1.000000000000000000e+00
7.022949642422199323e-01,7.071067811865474617e-01,8.235158286286461959e-02,8.690606580923782021e-02
-7.022949642422195993e-01,7.071067811865476838e-01,-8.235158286286459184e-02,-8.690606580923783409e-02
-1.164627253675548924e-01,6.938893903907228378e-18,9.931950632176750338e-01,9.855882246200685648e-01
0.000000000000000000e+00,0.000000000000000000e+00,0.000000000000000000e+00,1.000000000000000000e+00
7.022949642422199323e-01,7.071067811865474617e-01,8.235158286286461959e-02,8.573165951451836020e-02
-7.022949642422195993e-01,7.071067811865476838e-01,-8.235158286286459184e-02,-8.573165951451838795e-02
-1.164627253675548924e-01,6.938893903907228378e-18,9.931950632176750338e-01,9.857829783414188141e-01
0.000000000000000000e+00,0.000000000000000000e+00,0.000000000000000000e+00,1.000000000000000000e+00
7.022949642422199323e-01,7.071067811865474617e-01,8.235158286286461959e-02,8.455725321979895570e-02
-7.022949642422195993e-01,7.071067811865476838e-01,-8.235158286286459184e-02,-8.455725321979898346e-02
-1.164627253675548924e-01,6.938893903907228378e-18,9.931950632176750338e-01,9.859777320627692854e-01
0.000000000000000000e+00,0.000000000000000000e+00,0.000000000000000000e+00,1.000000000000000000e+00
7.022949642422199323e-01,7.071067811865474617e-01,8.235158286286461959e-02,8.338284692507950957e-02
-7.022949642422195993e-01,7.071067811865476838e-01,-8.235158286286459184e-02,-8.338284692507953733e-02
-1.164627253675548924e-01,6.938893903907228378e-18,9.931950632176750338e-01,9.861724857841198677e-01
0.000000000000000000e+00,0.000000000000000000e+00,0.000000000000000000e+00,1.000000000000000000e+00
7.022949642422199323e-01,7.071067811865474617e-01,8.235158286286461959e-02,8.220844063036010507e-02
-7.022949642422195993e-01,7.071067811865476838e-01,-8.235158286286459184e-02,-8.220844063036011895e-02
-1.164627253675548924e-01,6.938893903907228378e-18,9.931950632176750338e-01,9.863672395054703390e-01
0.000000000000000000e+00,0.000000000000000000e+00,0.000000000000000000e+00,1.000000000000000000e+00
7.022949642422199323e-01,7.071067811865474617e-01,8.235158286286461959e-02,8.103403433564063119e-02
-7.022949642422195993e-01,7.071067811865476838e-01,-8.235158286286459184e-02,-8.103403433564065894e-02
-1.164627253675548924e-01,6.938893903907228378e-18,9.931950632176750338e-01,9.865619932268206993e-01
0.000000000000000000e+00,0.000000000000000000e+00,0.000000000000000000e+00,1.000000000000000000e+00
7.022949642422199323e-01,7.071067811865474617e-01,8.235158286286461959e-02,7.985962804092119893e-02
-7.022949642422195993e-01,7.071067811865476838e-01,-8.235158286286459184e-02,-7.985962804092122669e-02
-1.164627253675548924e-01,6.938893903907228378e-18,9.931950632176750338e-01,9.867567469481710596e-01
0.000000000000000000e+00,0.000000000000000000e+00,0.000000000000000000e+00,1.000000000000000000e+00
7.022949642422199323e-01,7.071067811865474617e-01,8.235158286286461959e-02,7.868522174620179443e-02
-7.022949642422195993e-01,7.071067811865476838e-01,-8.235158286286459184e-02,-7.868522174620176668e-02
-1.164627253675548924e-01,6.938893903907228378e-18,9.931950632176750338e-01,9.869515006695215309e-01
0.000000000000000000e+00,0.000000000000000000e+00,0.000000000000000000e+00,1.000000000000000000e+00
7.022949642422199323e-01,7.071067811865474617e-01,8.235158286286461959e-02,7.751081545148233443e-02
-7.022949642422195993e-01,7.071067811865476838e-01,-8.235158286286459184e-02,-7.751081545148233443e-02
-1.164627253675548924e-01,6.938893903907228378e-18,9.931950632176750338e-01,9.871462543908718912e-01
0.000000000000000000e+00,0.000000000000000000e+00,0.000000000000000000e+00,1.000000000000000000e+00
7.022949642422199323e-01,7.071067811865474617e-01,8.235158286286461959e-02,7.633640915676294381e-02
-7.022949642422195993e-01,7.071067811865476838e-01,-8.235158286286459184e-02,-7.633640915676292993e-02
-1.164627253675548924e-01,6.938893903907228378e-18,9.931950632176750338e-01,9.873410081122223625e-01
0.000000000000000000e+00,0.000000000000000000e+00,0.000000000000000000e+00,1.000000000000000000e+00
7.022949642422199323e-01,7.071067811865474617e-01,8.235158286286461959e-02,7.516200286204346992e-02
-7.022949642422195993e-01,7.071067811865476838e-01,-8.235158286286459184e-02,-7.516200286204348380e-02
-1.164627253675548924e-01,6.938893903907228378e-18,9.931950632176750338e-01,9.875357618335728338e-01
0.000000000000000000e+00,0.000000000000000000e+00,0.000000000000000000e+00,1.000000000000000000e+00
7.022949642422199323e-01,7.071067811865474617e-01,8.235158286286461959e-02,7.398759656732406542e-02
-7.022949642422195993e-01,7.071067811865476838e-01,-8.235158286286459184e-02,-7.398759656732406542e-02
-1.164627253675548924e-01,6.938893903907228378e-18,9.931950632176750338e-01,9.877305155549230831e-01
0.000000000000000000e+00,0.000000000000000000e+00,0.000000000000000000e+00,1.000000000000000000e+00
7.022949642422199323e-01,7.071067811865474617e-01,8.235158286286461959e-02,7.281319027260460541e-02
-7.022949642422195993e-01,7.071067811865476838e-01,-8.235158286286459184e-02,-7.281319027260463317e-02
-1.164627253675548924e-01,6.938893903907228378e-18,9.931950632176750338e-01,9.879252692762735544e-01
0.000000000000000000e+00,0.000000000000000000e+00,0.000000000000000000e+00,1.000000000000000000e+00
7.022949642422199323e-01,7.071067811865474617e-01,8.235158286286461959e-02,7.163878397788520092e-02
-7.022949642422195993e-01,7.071067811865476838e-01,-8.235158286286459184e-02,-7.163878397788520092e-02
-1.164627253675548924e-01,6.938893903907228378e-18,9.931950632176750338e-01,9.881200229976240257e-01
0.000000000000000000e+00,0.000000000000000000e+00,0.000000000000000000e+00,1.000000000000000000e+00
7.022949642422199323e-01,7.071067811865474617e-01,8.235158286286461959e-02,7.046437768316574091e-02
-7.022949642422195993e-01,7.071067811865476838e-01,-8.235158286286459184e-02,-7.046437768316576866e-02
-1.164627253675548924e-01,6.938893903907228378e-18,9.931950632176750338e-01,9.883147767189744970e-01
0.000000000000000000e+00,0.000000000000000000e+00,0.000000000000000000e+00,1.000000000000000000e+00
7.022949642422199323e-01,7.071067811865474617e-01,8.235158286286461959e-02,6.928997138844635029e-02
-7.022949642422195993e-01,7.071067811865476838e-01,-8.235158286286459184e-02,-6.928997138844633641e-02
-1.164627253675548924e-01,6.938893903907228378e-18,9.931950632176750338e-01,9.885095304403249683e-01
0.000000000000000000e+00,0.000000000000000000e+00,0.000000000000000000e+00,1.000000000000000000e+00
7.022949642422199323e-01,7.071067811865474617e-01,8.235158286286461959e-02,6.811556509372689028e-02
-7.022949642422195993e-01,7.071067811865476838e-01,-8.235158286286459184e-02,-6.811556509372689028e-02
-1.164627253675548924e-01,6.938893903907228378e-18,9.931950632176750338e-01,9.887042841616753286e-01
0.000000000000000000e+00,0.000000000000000000e+00,0.000000000000000000e+00,1.000000000000000000e+00
7.022949642422199323e-01,7.071067811865474617e-01,8.235158286286461959e-02,6.694115879900749966e-02
-7.022949642422195993e-01,7.071067811865476838e-01,-8.235158286286459184e-02,-6.694115879900747190e-02
-1.164627253675548924e-01,6.938893903907228378e-18,9.931950632176750338e-01,9.888990378830257999e-01
0.000000000000000000e+00,0.000000000000000000e+00,0.000000000000000000e+00,1.000000000000000000e+00
7.022949642422199323e-01,7.071067811865474617e-01,8.235158286286461959e-02,6.576675250428802577e-02
-7.022949642422195993e-01,7.071067811865476838e-01,-8.235158286286459184e-02,-6.576675250428803965e-02
-1.164627253675548924e-01,6.938893903907228378e-18,9.931950632176750338e-01,9.890937916043761602e-01
0.000000000000000000e+00,0.000000000000000000e+00,0.000000000000000000e+00,1.000000000000000000e+00
7.022949642422199323e-01,7.071067811865474617e-01,8.235158286286461959e-02,6.459234620956862127e-02
-7.022949642422195993e-01,7.071067811865476838e-01,-8.235158286286459184e-02,-6.459234620956862127e-02
-1.164627253675548924e-01,6.938893903907228378e-18,9.931950632176750338e-01,9.892885453257266315e-01
0.000000000000000000e+00,0.000000000000000000e+00,0.000000000000000000e+00,1.000000000000000000e+00
7.022949642422199323e-01,7.071067811865474617e-01,8.235158286286461959e-02,6.341793991484916126e-02
-7.022949642422195993e-01,7.071067811865476838e-01,-8.235158286286459184e-02,-6.341793991484918902e-02
-1.164627253675548924e-01,6.938893903907228378e-18,9.931950632176750338e-01,9.894832990470771028e-01
0.000000000000000000e+00,0.000000000000000000e+00,0.000000000000000000e+00,1.000000000000000000e+00
7.022949642422199323e-01,7.071067811865474617e-01,8.235158286286461959e-02,6.224353362012975677e-02
-7.022949642422195993e-01,7.071067811865476838e-01,-8.235158286286459184e-02,-6.224353362012977064e-02
-1.164627253675548924e-01,6.938893903907228378e-18,9.931950632176750338e-01,9.896780527684274631e-01
0.000000000000000000e+00,0.000000000000000000e+00,0.000000000000000000e+00,1.000000000000000000e+00
7.022949642422199323e-01,7.071067811865474617e-01,8.235158286286461959e-02,6.106912732541030370e-02
-7.022949642422195993e-01,7.071067811865476838e-01,-8.235158286286459184e-02,-6.106912732541033839e-02
-1.164627253675548924e-01,6.938893903907228378e-18,9.931950632176750338e-01,9.898728064897778234e-01
0.000000000000000000e+00,0.000000000000000000e+00,0.000000000000000000e+00,1.000000000000000000e+00
7.022949642422199323e-01,7.071067811865474617e-01,8.235158286286461959e-02,5.989472103069091308e-02
-7.022949642422195993e-01,7.071067811865476838e-01,-8.235158286286459184e-02,-5.989472103069089226e-02
-1.164627253675548924e-01,6.938893903907228378e-18,9.931950632176750338e-01,9.900675602111282947e-01
0.000000000000000000e+00,0.000000000000000000e+00,0.000000000000000000e+00,1.000000000000000000e+00
7.022949642422199323e-01,7.071067811865474617e-01,8.235158286286461959e-02,5.872031473597144613e-02
-7.022949642422195993e-01,7.071067811865476838e-01,-8.235158286286459184e-02,-5.872031473597146001e-02
-1.164627253675548924e-01,6.938893903907228378e-18,9.931950632176750338e-01,9.902623139324787660e-01
0.000000000000000000e+00,0.000000000000000000e+00,0.000000000000000000e+00,1.000000000000000000e+00
7.022949642422199323e-01,7.071067811865474617e-01,8.235158286286461959e-02,5.754590844125204163e-02
-7.022949642422195993e-01,7.071067811865476838e-01,-8.235158286286459184e-02,-5.754590844125204163e-02
-1.164627253675548924e-01,6.938893903907228378e-18,9.931950632176750338e-01,9.904570676538291263e-01
0.000000000000000000e+00,0.000000000000000000e+00,0.000000000000000000e+00,1.000000000000000000e+00
7.022949642422199323e-01,7.071067811865474617e-01,8.235158286286461959e-02,5.637150214653258162e-02
-7.022949642422195993e-01,7.071067811865476838e-01,-8.235158286286459184e-02,-5.637150214653260244e-02
-1.164627253675548924e-01,6.938893903907228378e-18,9.931950632176750338e-01,9.906518213751794866e-01
0.000000000000000000e+00,0.000000000000000000e+00,0.000000000000000000e+00,1.000000000000000000e+00
7.022949642422199323e-01,7.071067811865474617e-01,8.235158286286461959e-02,5.519709585181318406e-02
-7.022949642422195993e-01,7.071067811865476838e-01,-8.235158286286459184e-02,-5.519709585181319100e-02
-1.164627253675548924e-01,6.938893903907228378e-18,9.931950632176750338e-01,9.908465750965299579e-01
0.000000000000000000e+00,0.000000000000000000e+00,0.000000000000000000e+00,1.000000000000000000e+00
7.022949642422199323e-01,7.071067811865474617e-01,8.235158286286461959e-02,5.402268955709372406e-02
-7.022949642422195993e-01,7.071067811865476838e-01,-8.235158286286459184e-02,-5.402268955709374487e-02
-1.164627253675548924e-01,6.938893903907228378e-18,9.931950632176750338e-01,9.910413288178804292e-01
0.000000000000000000e+00,0.000000000000000000e+00,0.000000000000000000e+00,1.000000000000000000e+00
7.022949642422199323e-01,7.071067811865474617e-01,8.235158286286461959e-02,5.284828326237431262e-02
-7.022949642422195993e-01,7.071067811865476838e-01,-8.235158286286459184e-02,-5.284828326237433344e-02
-1.164627253675548924e-01,6.938893903907228378e-18,9.931950632176750338e-01,9.912360825392309005e-01
0.000000000000000000e+00,0.000000000000000000e+00,0.000000000000000000e+00,1.000000000000000000e+00
7.022949642422199323e-01,7.071067811865474617e-01,8.235158286286461959e-02,5.167387696765485955e-02
-7.022949642422195993e-01,7.071067811865476838e-01,-8.235158286286459184e-02,-5.167387696765489424e-02
-1.164627253675548924e-01,6.938893903907228378e-18,9.931950632176750338e-01,9.914308362605813718e-01
0.000000000000000000e+00,0.000000000000000000e+00,0.000000000000000000e+00,1.000000000000000000e+00
7.022949642422199323e-01,7.071067811865474617e-01,8.235158286286461959e-02,5.049947067293546893e-02
-7.022949642422195993e-01,7.071067811865476838e-01,-8.235158286286459184e-02,-5.049947067293545505e-02
-1.164627253675548924e-01,6.938893903907228378e-18,9.931950632176750338e-01,9.916255899819317321e-01
0.000000000000000000e+00,0.000000000000000000e+00,0.000000000000000000e+00,1.000000000000000000e+00
7.022949642422199323e-01,7.071067811865474617e-01,8.235158286286461959e-02,4.932506437821600892e-02
-7.022949642422195993e-01,7.071067811865476838e-01,-8.235158286286459184e-02,-4.932506437821601586e-02
-1.164627253675548924e-01,6.938893903907228378e-18,9.931950632176750338e-01,9.918203437032820924e-01
0.000000000000000000e+00,0.000000000000000000e+00,0.000000000000000000e+00,1.000000000000000000e+00
7.022949642422199323e-01,7.071067811865474617e-01,8.235158286286461959e-02,4.815065808349659748e-02
-7.022949642422195993e-01,7.071067811865476838e-01,-8.235158286286459184e-02,-4.815065808349659748e-02
-1.164627253675548924e-01,6.938893903907228378e-18,9.931950632176750338e-01,9.920150974246325637e-01
0.000000000000000000e+00,0.000000000000000000e+00,0.000000000000000000e+00,1.000000000000000000e+00
7.022949642422199323e-01,7.071067811865474617e-01,8.235158286286461959e-02,4.697625178877713747e-02
-7.022949642422195993e-01,7.071067811865476838e-01,-8.235158286286459184e-02,-4.697625178877716523e-02
-1.164627253675548924e-01,6.938893903907228378e-18,9.931950632176750338e-01,9.922098511459830350e-01
0.000000000000000000e+00,0.000000000000000000e+00,0.000000000000000000e+00,1.000000000000000000e+00
7.022949642422199323e-01,7.071067811865474617e-01,8.235158286286461959e-02,4.580184549405773298e-02
-7.022949642422195993e-01,7.071067811865476838e-01,-8.235158286286459184e-02,-4.580184549405774685e-02
-1.164627253675548924e-01,6.938893903907228378e-18,9.931950632176750338e-01,9.924046048673333953e-01
0.000000000000000000e+00,0.000000000000000000e+00,0.000000000000000000e+00,1.000000000000000000e+00
7.022949642422199323e-01,7.071067811865474617e-01,8.235158286286461959e-02,4.462743919933827297e-02
-7.022949642422195993e-01,7.071067811865476838e-01,-8.235158286286459184e-02,-4.462743919933830766e-02
-1.164627253675548924e-01,6.938893903907228378e-18,9.931950632176750338e-01,9.925993585886837556e-01
0.000000000000000000e+00,0.000000000000000000e+00,0.000000000000000000e+00,1.000000000000000000e+00
7.022949642422199323e-01,7.071067811865474617e-01,8.235158286286461959e-02,4.345303290461886847e-02
-7.022949642422195993e-01,7.071067811865476838e-01,-8.235158286286459184e-02,-4.345303290461889623e-02
-1.164627253675548924e-01,6.938893903907228378e-18,9.931950632176750338e-01,9.927941123100342269e-01
0.000000000000000000e+00,0.000000000000000000e+00,0.000000000000000000e+00,1.000000000000000000e+00
7.022949642422199323e-01,7.071067811865474617e-01,8.235158286286461959e-02,4.227862660989941540e-02
-7.022949642422195993e-01,7.071067811865476838e-01,-8.235158286286459184e-02,-4.227862660989945703e-02
-1.164627253675548924e-01,6.938893903907228378e-18,9.931950632176750338e-01,9.929888660313846982e-01
0.000000000000000000e+00,0.000000000000000000e+00,0.000000000000000000e+00,1.000000000000000000e+00
7.022949642422199323e-01,7.071067811865474617e-01,8.235158286286461959e-02,4.110422031518001784e-02
-7.022949642422195993e-01,7.071067811865476838e-01,-8.235158286286459184e-02,-4.110422031518001090e-02
-1.164627253675548924e-01,6.938893903907228378e-18,9.931950632176750338e-01,9.931836197527350585e-01
0.000000000000000000e+00,0.000000000000000000e+00,0.000000000000000000e+00,1.000000000000000000e+00
7.022949642422199323e-01,7.071067811865474617e-01,8.235158286286461959e-02,3.992981402046056477e-02
-7.022949642422195993e-01,7.071067811865476838e-01,-8.235158286286459184e-02,-3.992981402046057171e-02
-1.164627253675548924e-01,6.938893903907228378e-18,9.931950632176750338e-01,9.933783734740856408e-01
0.000000000000000000e+00,0.000000000000000000e+00,0.000000000000000000e+00,1.000000000000000000e+00
7.022949642422199323e-01,7.071067811865474617e-01,8.235158286286461959e-02,3.875540772574116027e-02
-7.022949642422195993e-01,7.071067811865476838e-01,-8.235158286286459184e-02,-3.875540772574115334e-02
-1.164627253675548924e-01,6.938893903907228378e-18,9.931950632176750338e-01,9.935731271954360011e-01
0.000000000000000000e+00,0.000000000000000000e+00,0.000000000000000000e+00,1.000000000000000000e+00
7.022949642422199323e-01,7.071067811865474617e-01,8.235158286286461959e-02,3.758100143102169333e-02
-7.022949642422195993e-01,7.071067811865476838e-01,-8.235158286286459184e-02,-3.758100143102172108e-02
-1.164627253675548924e-01,6.938893903907228378e-18,9.931950632176750338e-01,9.937678809167863614e-01
0.000000000000000000e+00,0.000000000000000000e+00,0.000000000000000000e+00,1.000000000000000000e+00
7.022949642422199323e-01,7.071067811865474617e-01,8.235158286286461959e-02,3.640659513630228883e-02
-7.022949642422195993e-01,7.071067811865476838e-01,-8.235158286286459184e-02,-3.640659513630230271e-02
-1.164627253675548924e-01,6.938893903907228378e-18,9.931950632176750338e-01,9.939626346381368327e-01
0.000000000000000000e+00,0.000000000000000000e+00,0.000000000000000000e+00,1.000000000000000000e+00
7.022949642422199323e-01,7.071067811865474617e-01,8.235158286286461959e-02,3.523218884158284270e-02
-7.022949642422195993e-01,7.071067811865476838e-01,-8.235158286286459184e-02,-3.523218884158287045e-02
-1.164627253675548924e-01,6.938893903907228378e-18,9.931950632176750338e-01,9.941573883594873040e-01
0.000000000000000000e+00,0.000000000000000000e+00,0.000000000000000000e+00,1.000000000000000000e+00
7.022949642422199323e-01,7.071067811865474617e-01,8.235158286286461959e-02,3.405778254686342432e-02
-7.022949642422195993e-01,7.071067811865476838e-01,-8.235158286286459184e-02,-3.405778254686345208e-02
-1.164627253675548924e-01,6.938893903907228378e-18,9.931950632176750338e-01,9.943521420808375533e-01
0.000000000000000000e+00,0.000000000000000000e+00,0.000000000000000000e+00,1.000000000000000000e+00
7.022949642422199323e-01,7.071067811865474617e-01,8.235158286286461959e-02,3.288337625214397125e-02
-7.022949642422195993e-01,7.071067811865476838e-01,-8.235158286286459184e-02,-3.288337625214401289e-02
-1.164627253675548924e-01,6.938893903907228378e-18,9.931950632176750338e-01,9.945468958021880246e-01
0.000000000000000000e+00,0.000000000000000000e+00,0.000000000000000000e+00,1.000000000000000000e+00
7.022949642422199323e-01,7.071067811865474617e-01,8.235158286286461959e-02,3.170896995742455982e-02
-7.022949642422195993e-01,7.071067811865476838e-01,-8.235158286286459184e-02,-3.170896995742459451e-02
-1.164627253675548924e-01,6.938893903907228378e-18,9.931950632176750338e-01,9.947416495235384959e-01
0.000000000000000000e+00,0.000000000000000000e+00,0.000000000000000000e+00,1.000000000000000000e+00
7.022949642422199323e-01,7.071067811865474617e-01,8.235158286286461959e-02,3.053456366270512062e-02
-7.022949642422195993e-01,7.071067811865476838e-01,-8.235158286286459184e-02,-3.053456366270513450e-02
-1.164627253675548924e-01,6.938893903907228378e-18,9.931950632176750338e-01,9.949364032448889672e-01
0.000000000000000000e+00,0.000000000000000000e+00,0.000000000000000000e+00,1.000000000000000000e+00
7.022949642422199323e-01,7.071067811865474617e-01,8.235158286286461959e-02,2.936015736798570919e-02
-7.022949642422195993e-01,7.071067811865476838e-01,-8.235158286286459184e-02,-2.936015736798571613e-02
-1.164627253675548924e-01,6.938893903907228378e-18,9.931950632176750338e-01,9.951311569662393275e-01
0.000000000000000000e+00,0.000000000000000000e+00,0.000000000000000000e+00,1.000000000000000000e+00
7.022949642422199323e-01,7.071067811865474617e-01,8.235158286286461959e-02,2.818575107326625612e-02
-7.022949642422195993e-01,7.071067811865476838e-01,-8.235158286286459184e-02,-2.818575107326627693e-02
-1.164627253675548924e-01,6.938893903907228378e-18,9.931950632176750338e-01,9.953259106875896878e-01
0.000000000000000000e+00,0.000000000000000000e+00,0.000000000000000000e+00,1.000000000000000000e+00
7.022949642422199323e-01,7.071067811865474617e-01,8.235158286286461959e-02,2.701134477854684468e-02
-7.022949642422195993e-01,7.071067811865476838e-01,-8.235158286286459184e-02,-2.701134477854686203e-02
-1.164627253675548924e-01,6.938893903907228378e-18,9.931950632176750338e-01,9.955206644089401591e-01
0.000000000000000000e+00,0.000000000000000000e+00,0.000000000000000000e+00,1.000000000000000000e+00
7.022949642422199323e-01,7.071067811865474617e-01,8.235158286286461959e-02,2.583693848382739161e-02
-7.022949642422195993e-01,7.071067811865476838e-01,-8.235158286286459184e-02,-2.583693848382741937e-02
-1.164627253675548924e-01,6.938893903907228378e-18,9.931950632176750338e-01,9.957154181302906304e-01
0.000000000000000000e+00,0.000000000000000000e+00,0.000000000000000000e+00,1.000000000000000000e+00
7.022949642422199323e-01,7.071067811865474617e-01,8.235158286286461959e-02,2.466253218910798364e-02
-7.022949642422195993e-01,7.071067811865476838e-01,-8.235158286286459184e-02,-2.466253218910800793e-02
-1.164627253675548924e-01,6.938893903907228378e-18,9.931950632176750338e-01,9.959101718516411017e-01
0.000000000000000000e+00,0.000000000000000000e+00,0.000000000000000000e+00,1.000000000000000000e+00
7.022949642422199323e-01,7.071067811865474617e-01,8.235158286286461959e-02,2.348812589438853404e-02
-7.022949642422195993e-01,7.071067811865476838e-01,-8.235158286286459184e-02,-2.348812589438856874e-02
-1.164627253675548924e-01,6.938893903907228378e-18,9.931950632176750338e-01,9.961049255729915730e-01
0.000000000000000000e+00,0.000000000000000000e+00,0.000000000000000000e+00,1.000000000000000000e+00
7.022949642422199323e-01,7.071067811865474617e-01,8.235158286286461959e-02,2.231371959966911914e-02
-7.022949642422195993e-01,7.071067811865476838e-01,-8.235158286286459184e-02,-2.231371959966915730e-02
-1.164627253675548924e-01,6.938893903907228378e-18,9.931950632176750338e-01,9.962996792943418223e-01
0.000000000000000000e+00,0.000000000000000000e+00,0.000000000000000000e+00,1.000000000000000000e+00
7.022949642422199323e-01,7.071067811865474617e-01,8.235158286286461959e-02,2.113931330494966954e-02
-7.022949642422195993e-01,7.071067811865476838e-01,-8.235158286286459184e-02,-2.113931330494969035e-02
-1.164627253675548924e-01,6.938893903907228378e-18,9.931950632176750338e-01,9.964944330156922936e-01
0.000000000000000000e+00,0.000000000000000000e+00,0.000000000000000000e+00,1.000000000000000000e+00
7.022949642422199323e-01,7.071067811865474617e-01,8.235158286286461959e-02,1.996490701023020953e-02
-7.022949642422195993e-01,7.071067811865476838e-01,-8.235158286286459184e-02,-1.996490701023025810e-02
-1.164627253675548924e-01,6.938893903907228378e-18,9.931950632176750338e-01,9.966891867370427649e-01
0.000000000000000000e+00,0.000000000000000000e+00,0.000000000000000000e+00,1.000000000000000000e+00
7.022949642422199323e-01,7.071067811865474617e-01,8.235158286286461959e-02,1.879050071551077034e-02
-7.022949642422195993e-01,7.071067811865476838e-01,-8.235158286286459184e-02,-1.879050071551079115e-02
-1.164627253675548924e-01,6.938893903907228378e-18,9.931950632176750338e-01,9.968839404583932362e-01
0.000000000000000000e+00,0.000000000000000000e+00,0.000000000000000000e+00,1.000000000000000000e+00
7.022949642422199323e-01,7.071067811865474617e-01,8.235158286286461959e-02,1.761609442079136584e-02
-7.022949642422195993e-01,7.071067811865476838e-01,-8.235158286286459184e-02,-1.761609442079136931e-02
-1.164627253675548924e-01,6.938893903907228378e-18,9.931950632176750338e-01,9.970786941797435965e-01
0.000000000000000000e+00,0.000000000000000000e+00,0.000000000000000000e+00,1.000000000000000000e+00
7.022949642422199323e-01,7.071067811865474617e-01,8.235158286286461959e-02,1.644168812607190583e-02
-7.022949642422195993e-01,7.071067811865476838e-01,-8.235158286286459184e-02,-1.644168812607193358e-02
-1.164627253675548924e-01,6.938893903907228378e-18,9.931950632176750338e-01,9.972734479010939568e-01
0.000000000000000000e+00,0.000000000000000000e+00,0.000000000000000000e+00,1.000000000000000000e+00
7.022949642422199323e-01,7.071067811865474617e-01,8.235158286286461959e-02,1.526728183135250133e-02
-7.022949642422195993e-01,7.071067811865476838e-01,-8.235158286286459184e-02,-1.526728183135252041e-02
-1.164627253675548924e-01,6.938893903907228378e-18,9.931950632176750338e-01,9.974682016224444281e-01
0.000000000000000000e+00,0.000000000000000000e+00,0.000000000000000000e+00,1.000000000000000000e+00
7.022949642422199323e-01,7.071067811865474617e-01,8.235158286286461959e-02,1.409287553663303438e-02
-7.022949642422195993e-01,7.071067811865476838e-01,-8.235158286286459184e-02,-1.409287553663308296e-02
-1.164627253675548924e-01,6.938893903907228378e-18,9.931950632176750338e-01,9.976629553437948994e-01
0.000000000000000000e+00,0.000000000000000000e+00,0.000000000000000000e+00,1.000000000000000000e+00
7.022949642422199323e-01,7.071067811865474617e-01,8.235158286286461959e-02,1.291846924191363682e-02
-7.022949642422195993e-01,7.071067811865476838e-01,-8.235158286286459184e-02,-1.291846924191366631e-02
-1.164627253675548924e-01,6.938893903907228378e-18,9.931950632176750338e-01,9.978577090651452597e-01
0.000000000000000000e+00,0.000000000000000000e+00,0.000000000000000000e+00,1.000000000000000000e+00
7.022949642422199323e-01,7.071067811865474617e-01,8.235158286286461959e-02,1.174406294719417682e-02
-7.022949642422195993e-01,7.071067811865476838e-01,-8.235158286286459184e-02,-1.174406294719423059e-02
-1.164627253675548924e-01,6.938893903907228378e-18,9.931950632176750338e-01,9.980524627864957310e-01
0.000000000000000000e+00,0.000000000000000000e+00,0.000000000000000000e+00,1.000000000000000000e+00
7.022949642422199323e-01,7.071067811865474617e-01,8.235158286286461959e-02,1.056965665247477232e-02
-7.022949642422195993e-01,7.071067811865476838e-01,-8.235158286286459184e-02,-1.056965665247481395e-02
-1.164627253675548924e-01,6.938893903907228378e-18,9.931950632176750338e-01,9.982472165078463133e-01
0.000000000000000000e+00,0.000000000000000000e+00,0.000000000000000000e+00,1.000000000000000000e+00
7.022949642422199323e-01,7.071067811865474617e-01,8.235158286286461959e-02,9.395250357755326187e-03
-7.022949642422195993e-01,7.071067811865476838e-01,-8.235158286286459184e-02,-9.395250357755347004e-03
-1.164627253675548924e-01,6.938893903907228378e-18,9.931950632176750338e-01,9.984419702291965626e-01
0.000000000000000000e+00,0.000000000000000000e+00,0.000000000000000000e+00,1.000000000000000000e+00
7.022949642422199323e-01,7.071067811865474617e-01,8.235158286286461959e-02,8.220844063035921689e-03
-7.022949642422195993e-01,7.071067811865476838e-01,-8.235158286286459184e-02,-8.220844063035932098e-03
-1.164627253675548924e-01,6.938893903907228378e-18,9.931950632176750338e-01,9.986367239505470339e-01
0.000000000000000000e+00,0.000000000000000000e+00,0.000000000000000000e+00,1.000000000000000000e+00
7.022949642422199323e-01,7.071067811865474617e-01,8.235158286286461959e-02,7.046437768316454742e-03
-7.022949642422195993e-01,7.071067811865476838e-01,-8.235158286286459184e-02,-7.046437768316492906e-03
-1.164627253675548924e-01,6.938893903907228378e-18,9.931950632176750338e-01,9.988314776718976162e-01
0.000000000000000000e+00,0.000000000000000000e+00,0.000000000000000000e+00,1.000000000000000000e+00
7.022949642422199323e-01,7.071067811865474617e-01,8.235158286286461959e-02,5.872031473597050244e-03
-7.022949642422195993e-01,7.071067811865476838e-01,-8.235158286286459184e-02,-5.872031473597078000e-03
-1.164627253675548924e-01,6.938893903907228378e-18,9.931950632176750338e-01,9.990262313932479765e-01
0.000000000000000000e+00,0.000000000000000000e+00,0.000000000000000000e+00,1.000000000000000000e+00
7.022949642422199323e-01,7.071067811865474617e-01,8.235158286286461959e-02,4.697625178877590235e-03
-7.022949642422195993e-01,7.071067811865476838e-01,-8.235158286286459184e-02,-4.697625178877638807e-03
-1.164627253675548924e-01,6.938893903907228378e-18,9.931950632176750338e-01,9.992209851145982258e-01
0.000000000000000000e+00,0.000000000000000000e+00,0.000000000000000000e+00,1.000000000000000000e+00
7.022949642422199323e-01,7.071067811865474617e-01,8.235158286286461959e-02,3.523218884158192676e-03
-7.022949642422195993e-01,7.071067811865476838e-01,-8.235158286286459184e-02,-3.523218884158223901e-03
-1.164627253675548924e-01,6.938893903907228378e-18,9.931950632176750338e-01,9.994157388359488081e-01
0.000000000000000000e+00,0.000000000000000000e+00,0.000000000000000000e+00,1.000000000000000000e+00
7.022949642422199323e-01,7.071067811865474617e-01,8.235158286286461959e-02,2.348812589438739606e-03
-7.022949642422195993e-01,7.071067811865476838e-01,-8.235158286286459184e-02,-2.348812589438788179e-03
-1.164627253675548924e-01,6.938893903907228378e-18,9.931950632176750338e-01,9.996104925572991684e-01
0.000000000000000000e+00,0.000000000000000000e+00,0.000000000000000000e+00,1.000000000000000000e+00
7.022949642422199323e-01,7.071067811865474617e-01,8.235158286286461959e-02,1.174406294719335109e-03
-7.022949642422195993e-01,7.071067811865476838e-01,-8.235158286286459184e-02,-1.174406294719369803e-03
-1.164627253675548924e-01,6.938893903907228378e-18,9.931950632176750338e-01,9.998052462786495287e-01
0.000000000000000000e+00,0.000000000000000000e+00,0.000000000000000000e+00,1.000000000000000000e+00
7.022949642422199323e-01,7.071067811865474617e-01,8.235158286286461959e-02,-1.110223024625156540e-16
-7.022949642422195993e-01,7.071067811865476838e-01,-8.235158286286459184e-02,9.020562075079396891e-17
-1.164627253675548924e-01,6.938893903907228378e-18,9.931950632176750338e-01,1.000000000000000000e+00
0.000000000000000000e+00,0.000000000000000000e+00,0.000000000000000000e+00,1.000000000000000000e+00
7.022949642422199323e-01,7.071067811865474617e-01,8.235158286286461959e-02,0.000000000000000000e+00
-7.022949642422195993e-01,7.071067811865476838e-01,-8.235158286286459184e-02,0.000000000000000000e+00
-1.164627253675548924e-01,6.938893903907228378e-18,9.931950632176750338e-01,1.000000000000000000e+00
0.000000000000000000e+00,0.000000000000000000e+00,0.000000000000000000e+00,1.000000000000000000e+00
7.022949642422199323e-01,7.071067811865474617e-01,8.235158286286461959e-02,-5.167387696765404770e-04
-7.022949642422195993e-01,7.071067811865476838e-01,-8.235158286286459184e-02,5.167387696765474159e-04
-1.164627253675548924e-01,6.938893903907228378e-18,9.931950632176750338e-01,1.000085691637394358e+00
0.000000000000000000e+00,0.000000000000000000e+00,0.000000000000000000e+00,1.000000000000000000e+00
7.022949642422199323e-01,7.071067811865474617e-01,8.235158286286461959e-02,-1.033477539353094832e-03
-7.022949642422195993e-01,7.071067811865476838e-01,-8.235158286286459184e-02,1.033477539353098301e-03
-1.164627253675548924e-01,6.938893903907228378e-18,9.931950632176750338e-01,1.000171383274788273e+00
0.000000000000000000e+00,0.000000000000000000e+00,0.000000000000000000e+00,1.000000000000000000e+00
7.022949642422199323e-01,7.071067811865474617e-01,8.235158286286461959e-02,-1.550216309029642248e-03
-7.022949642422195993e-01,7.071067811865476838e-01,-8.235158286286459184e-02,1.550216309029649187e-03
-1.164627253675548924e-01,6.938893903907228378e-18,9.931950632176750338e-01,1.000257074912182631e+00
0.000000000000000000e+00,0.000000000000000000e+00,0.000000000000000000e+00,1.000000000000000000e+00
7.022949642422199323e-01,7.071067811865474617e-01,8.235158286286461959e-02,-2.066955078706196602e-03
-7.022949642422195993e-01,7.071067811865476838e-01,-8.235158286286459184e-02,2.066955078706196602e-03
-1.164627253675548924e-01,6.938893903907228378e-18,9.931950632176750338e-01,1.000342766549576767e+00
0.000000000000000000e+00,0.000000000000000000e+00,0.000000000000000000e+00,1.000000000000000000e+00
7.022949642422199323e-01,7.071067811865474617e-01,8.235158286286461959e-02,-2.583693848382744018e-03
-7.022949642422195993e-01,7.071067811865476838e-01,-8.235158286286459184e-02,2.583693848382747488e-03
-1.164627253675548924e-01,6.938893903907228378e-18,9.931950632176750338e-01,1.000428458186970904e+00
0.000000000000000000e+00,0.000000000000000000e+00,0.000000000000000000e+00,1.000000000000000000e+00
7.022949642422199323e-01,7.071067811865474617e-01,8.235158286286461959e-02,-3.100432618059298373e-03
-7.022949642422195993e-01,7.071067811865476838e-01,-8.235158286286459184e-02,3.100432618059301842e-03
-1.164627253675548924e-01,6.938893903907228378e-18,9.931950632176750338e-01,1.000514149824365040e+00
0.000000000000000000e+00,0.000000000000000000e+00,0.000000000000000000e+00,1.000000000000000000e+00
7.022949642422199323e-01,7.071067811865474617e-01,8.235158286286461959e-02,-3.617171387735845789e-03
-7.022949642422195993e-01,7.071067811865476838e-01,-8.235158286286459184e-02,3.617171387735845789e-03
-1.164627253675548924e-01,6.938893903907228378e-18,9.931950632176750338e-01,1.000599841461759398e+00
0.000000000000000000e+00,0.000000000000000000e+00,0.000000000000000000e+00,1.000000000000000000e+00
7.022949642422199323e-01,7.071067811865474617e-01,8.235158286286461959e-02,-4.133910157412400144e-03
-7.022949642422195993e-01,7.071067811865476838e-01,-8.235158286286459184e-02,4.133910157412403613e-03
-1.164627253675548924e-01,6.938893903907228378e-18,9.931950632176750338e-01,1.000685533099153535e+00
0.000000000000000000e+00,0.000000000000000000e+00,0.000000000000000000e+00,1.000000000000000000e+00
7.022949642422199323e-01,7.071067811865474617e-01,8.235158286286461959e-02,-4.650648927088947560e-03
-7.022949642422195993e-01,7.071067811865476838e-01,-8.235158286286459184e-02,4.650648927088944090e-03
-1.164627253675548924e-01,6.938893903907228378e-18,9.931950632176750338e-01,1.000771224736547671e+00
0.000000000000000000e+00,0.000000000000000000e+00,0.000000000000000000e+00,1.000000000000000000e+00
7.022949642422199323e-01,7.071067811865474617e-01,8.235158286286461959e-02,-5.167387696765501914e-03
-7.022949642422195993e-01,7.071067811865476838e-01,-8.235158286286459184e-02,5.167387696765498445e-03
-1.164627253675548924e-01,6.938893903907228378e-18,9.931950632176750338e-01,1.000856916373941807e+00
0.000000000000000000e+00,0.000000000000000000e+00,0.000000000000000000e+00,1.000000000000000000e+00
7.022949642422199323e-01,7.071067811865474617e-01,8.235158286286461959e-02,-5.684126466442049330e-03
-7.022949642422195993e-01,7.071067811865476838e-01,-8.235158286286459184e-02,5.684126466442045861e-03
-1.164627253675548924e-01,6.938893903907228378e-18,9.931950632176750338e-01,1.000942608011336166e+00
0.000000000000000000e+00,0.000000000000000000e+00,0.000000000000000000e+00,1.000000000000000000e+00
7.022949642422199323e-01,7.071067811865474617e-01,8.235158286286461959e-02,-6.200865236118603685e-03
-7.022949642422195993e-01,7.071067811865476838e-01,-8.235158286286459184e-02,6.200865236118596746e-03
-1.164627253675548924e-01,6.938893903907228378e-18,9.931950632176750338e-01,1.001028299648730302e+00
0.000000000000000000e+00,0.000000000000000000e+00,0.000000000000000000e+00,1.000000000000000000e+00
7.022949642422199323e-01,7.071067811865474617e-01,8.235158286286461959e-02,-6.717604005795151101e-03
-7.022949642422195993e-01,7.071067811865476838e-01,-8.235158286286459184e-02,6.717604005795144162e-03
-1.164627253675548924e-01,6.938893903907228378e-18,9.931950632176750338e-01,1.001113991286124438e+00
0.000000000000000000e+00,0.000000000000000000e+00,0.000000000000000000e+00,1.000000000000000000e+00
7.022949642422199323e-01,7.071067811865474617e-01,8.235158286286461959e-02,-7.234342775471705456e-03
-7.022949642422195993e-01,7.071067811865476838e-01,-8.235158286286459184e-02,7.234342775471695047e-03
-1.164627253675548924e-01,6.938893903907228378e-18,9.931950632176750338e-01,1.001199682923518575e+00
0.000000000000000000e+00,0.000000000000000000e+00,0.000000000000000000e+00,1.000000000000000000e+00
7.022949642422199323e-01,7.071067811865474617e-01,8.235158286286461959e-02,-7.751081545148252872e-03
-7.022949642422195993e-01,7.071067811865476838e-01,-8.235158286286459184e-02,7.751081545148245933e-03
-1.164627253675548924e-01,6.938893903907228378e-18,9.931950632176750338e-01,1.001285374560912933e+00
0.000000000000000000e+00,0.000000000000000000e+00,0.000000000000000000e+00,1.000000000000000000e+00
7.022949642422199323e-01,7.071067811865474617e-01,8.235158286286461959e-02,-8.267820314824786410e-03
-7.022949642422195993e-01,7.071067811865476838e-01,-8.235158286286459184e-02,8.267820314824793348e-03
-1.164627253675548924e-01,6.938893903907228378e-18,9.931950632176750338e-01,1.001371066198307069e+00
0.000000000000000000e+00,0.000000000000000000e+00,0.000000000000000000e+00,1.000000000000000000e+00
7.022949642422199323e-01,7.071067811865474617e-01,8.235158286286461959e-02,-8.784559084501340764e-03
-7.022949642422195993e-01,7.071067811865476838e-01,-8.235158286286459184e-02,8.784559084501344234e-03
-1.164627253675548924e-01,6.938893903907228378e-18,9.931950632176750338e-01,1.001456757835701428e+00
0.000000000000000000e+00,0.000000000000000000e+00,0.000000000000000000e+00,1.000000000000000000e+00
7.022949642422199323e-01,7.071067811865474617e-01,8.235158286286461959e-02,-9.301297854177895119e-03
-7.022949642422195993e-01,7.071067811865476838e-01,-8.235158286286459184e-02,9.301297854177895119e-03
-1.164627253675548924e-01,6.938893903907228378e-18,9.931950632176750338e-01,1.001542449473095342e+00
0.000000000000000000e+00,0.000000000000000000e+00,0.000000000000000000e+00,1.000000000000000000e+00
7.022949642422199323e-01,7.071067811865474617e-01,8.235158286286461959e-02,-9.818036623854449474e-03
-7.022949642422195993e-01,7.071067811865476838e-01,-8.235158286286459184e-02,9.818036623854446004e-03
-1.164627253675548924e-01,6.938893903907228378e-18,9.931950632176750338e-01,1.001628141110489700e+00
0.000000000000000000e+00,0.000000000000000000e+00,0.000000000000000000e+00,1.000000000000000000e+00
7.022949642422199323e-01,7.071067811865474617e-01,8.235158286286461959e-02,-1.033477539353099689e-02
-7.022949642422195993e-01,7.071067811865476838e-01,-8.235158286286459184e-02,1.033477539353099342e-02
-1.164627253675548924e-01,6.938893903907228378e-18,9.931950632176750338e-01,1.001713832747883837e+00
0.000000000000000000e+00,0.000000000000000000e+00,0.000000000000000000e+00,1.000000000000000000e+00
7.022949642422199323e-01,7.071067811865474617e-01,8.235158286286461959e-02,-1.085151416320755124e-02
-7.022949642422195993e-01,7.071067811865476838e-01,-8.235158286286459184e-02,1.085151416320754084e-02
-1.164627253675548924e-01,6.938893903907228378e-18,9.931950632176750338e-01,1.001799524385277973e+00
0.000000000000000000e+00,0.000000000000000000e+00,0.000000000000000000e+00,1.000000000000000000e+00
7.022949642422199323e-01,7.071067811865474617e-01,8.235158286286461959e-02,-1.136825293288408478e-02
-7.022949642422195993e-01,7.071067811865476838e-01,-8.235158286286459184e-02,1.136825293288409172e-02
-1.164627253675548924e-01,6.938893903907228378e-18,9.931950632176750338e-01,1.001885216022672109e+00
0.000000000000000000e+00,0.000000000000000000e+00,0.000000000000000000e+00,1.000000000000000000e+00
7.022949642422199323e-01,7.071067811865474617e-01,8.235158286286461959e-02,-1.188499170256064608e-02
-7.022949642422195993e-01,7.071067811865476838e-01,-8.235158286286459184e-02,1.188499170256064261e-02
-1.164627253675548924e-01,6.938893903907228378e-18,9.931950632176750338e-01,1.001970907660066246e+00
0.000000000000000000e+00,0.000000000000000000e+00,0.000000000000000000e+00,1.000000000000000000e+00
7.022949642422199323e-01,7.071067811865474617e-01,8.235158286286461959e-02,-1.240173047223717961e-02
-7.022949642422195993e-01,7.071067811865476838e-01,-8.235158286286459184e-02,1.240173047223718655e-02
-1.164627253675548924e-01,6.938893903907228378e-18,9.931950632176750338e-01,1.002056599297460604e+00
0.000000000000000000e+00,0.000000000000000000e+00,0.000000000000000000e+00,1.000000000000000000e+00
7.022949642422199323e-01,7.071067811865474617e-01,8.235158286286461959e-02,-1.291846924191374785e-02
-7.022949642422195993e-01,7.071067811865476838e-01,-8.235158286286459184e-02,1.291846924191374091e-02
-1.164627253675548924e-01,6.938893903907228378e-18,9.931950632176750338e-01,1.002142290934854740e+00
0.000000000000000000e+00,0.000000000000000000e+00,0.000000000000000000e+00,1.000000000000000000e+00
7.022949642422199323e-01,7.071067811865474617e-01,8.235158286286461959e-02,-1.343520801159028139e-02
-7.022949642422195993e-01,7.071067811865476838e-01,-8.235158286286459184e-02,1.343520801159028832e-02
-1.164627253675548924e-01,6.938893903907228378e-18,9.931950632176750338e-01,1.002227982572248877e+00
0.000000000000000000e+00,0.000000000000000000e+00,0.000000000000000000e+00,1.000000000000000000e+00
7.022949642422199323e-01,7.071067811865474617e-01,8.235158286286461959e-02,-1.395194678126683574e-02
-7.022949642422195993e-01,7.071067811865476838e-01,-8.235158286286459184e-02,1.395194678126683921e-02
-1.164627253675548924e-01,6.938893903907228378e-18,9.931950632176750338e-01,1.002313674209643235e+00
0.000000000000000000e+00,0.000000000000000000e+00,0.000000000000000000e+00,1.000000000000000000e+00
7.022949642422199323e-01,7.071067811865474617e-01,8.235158286286461959e-02,-1.446868555094338316e-02
-7.022949642422195993e-01,7.071067811865476838e-01,-8.235158286286459184e-02,1.446868555094338663e-02
-1.164627253675548924e-01,6.938893903907228378e-18,9.931950632176750338e-01,1.002399365847037149e+00
0.000000000000000000e+00,0.000000000000000000e+00,0.000000000000000000e+00,1.000000000000000000e+00
7.022949642422199323e-01,7.071067811865474617e-01,8.235158286286461959e-02,-1.498542432061993751e-02
-7.022949642422195993e-01,7.071067811865476838e-01,-8.235158286286459184e-02,1.498542432061994098e-02
-1.164627253675548924e-01,6.938893903907228378e-18,9.931950632176750338e-01,1.002485057484431508e+00
0.000000000000000000e+00,0.000000000000000000e+00,0.000000000000000000e+00,1.000000000000000000e+00
7.022949642422199323e-01,7.071067811865474617e-01,8.235158286286461959e-02,-1.550216309029649187e-02
-7.022949642422195993e-01,7.071067811865476838e-01,-8.235158286286459184e-02,1.550216309029648840e-02
-1.164627253675548924e-01,6.938893903907228378e-18,9.931950632176750338e-01,1.002570749121825644e+00
0.000000000000000000e+00,0.000000000000000000e+00,0.000000000000000000e+00,1.000000000000000000e+00
7.022949642422199323e-01,7.071067811865474617e-01,8.235158286286461959e-02,-1.601890185997303928e-02
-7.022949642422195993e-01,7.071067811865476838e-01,-8.235158286286459184e-02,1.601890185997303928e-02
-1.164627253675548924e-01,6.938893903907228378e-18,9.931950632176750338e-01,1.002656440759219780e+00
0.000000000000000000e+00,0.000000000000000000e+00,0.000000000000000000e+00,1.000000000000000000e+00
7.022949642422199323e-01,7.071067811865474617e-01,8.235158286286461959e-02,-1.653564062964959364e-02
-7.022949642422195993e-01,7.071067811865476838e-01,-8.235158286286459184e-02,1.653564062964959017e-02
-1.164627253675548924e-01,6.938893903907228378e-18,9.931950632176750338e-01,1.002742132396613917e+00
0.000000000000000000e+00,0.000000000000000000e+00,0.000000000000000000e+00,1.000000000000000000e+00
7.022949642422199323e-01,7.071067811865474617e-01,8.235158286286461959e-02,-1.705237939932612717e-02
-7.022949642422195993e-01,7.071067811865476838e-01,-8.235158286286459184e-02,1.705237939932613411e-02
-1.164627253675548924e-01,6.938893903907228378e-18,9.931950632176750338e-01,1.002827824034008275e+00
0.000000000000000000e+00,0.000000000000000000e+00,0.000000000000000000e+00,1.000000000000000000e+00
7.022949642422199323e-01,7.071067811865474617e-01,8.235158286286461959e-02,-1.756911816900269541e-02
-7.022949642422195993e-01,7.071067811865476838e-01,-8.235158286286459184e-02,1.756911816900268847e-02
-1.164627253675548924e-01,6.938893903907228378e-18,9.931950632176750338e-01,1.002913515671402411e+00
0.000000000000000000e+00,0.000000000000000000e+00,0.000000000000000000e+00,1.000000000000000000e+00
7.022949642422199323e-01,7.071067811865474617e-01,8.235158286286461959e-02,-1.808585693867922894e-02
-7.022949642422195993e-01,7.071067811865476838e-01,-8.235158286286459184e-02,1.808585693867923241e-02
-1.164627253675548924e-01,6.938893903907228378e-18,9.931950632176750338e-01,1.002999207308796770e+00
0.000000000000000000e+00,0.000000000000000000e+00,0.000000000000000000e+00,1.000000000000000000e+00
7.022949642422199323e-01,7.071067811865474617e-01,8.235158286286461959e-02,-1.860259570835579024e-02
-7.022949642422195993e-01,7.071067811865476838e-01,-8.235158286286459184e-02,1.860259570835577983e-02
-1.164627253675548924e-01,6.938893903907228378e-18,9.931950632176750338e-01,1.003084898946190684e+00
0.000000000000000000e+00,0.000000000000000000e+00,0.000000000000000000e+00,1.000000000000000000e+00
7.022949642422199323e-01,7.071067811865474617e-01,8.235158286286461959e-02,-1.911933447803232378e-02
-7.022949642422195993e-01,7.071067811865476838e-01,-8.235158286286459184e-02,1.911933447803233418e-02
-1.164627253675548924e-01,6.938893903907228378e-18,9.931950632176750338e-01,1.003170590583585042e+00
0.000000000000000000e+00,0.000000000000000000e+00,0.000000000000000000e+00,1.000000000000000000e+00
7.022949642422199323e-01,7.071067811865474617e-01,8.235158286286461959e-02,-1.963607324770886425e-02
-7.022949642422195993e-01,7.071067811865476838e-01,-8.235158286286459184e-02,1.963607324770888507e-02
-1.164627253675548924e-01,6.938893903907228378e-18,9.931950632176750338e-01,1.003256282220979179e+00
0.000000000000000000e+00,0.000000000000000000e+00,0.000000000000000000e+00,1.000000000000000000e+00
7.022949642422199323e-01,7.071067811865474617e-01,8.235158286286461959e-02,-2.015281201738543249e-02
-7.022949642422195993e-01,7.071067811865476838e-01,-8.235158286286459184e-02,2.015281201738543249e-02
-1.164627253675548924e-01,6.938893903907228378e-18,9.931950632176750338e-01,1.003341973858373315e+00
0.000000000000000000e+00,0.000000000000000000e+00,0.000000000000000000e+00,1.000000000000000000e+00
7.022949642422199323e-01,7.071067811865474617e-01,8.235158286286461959e-02,-2.066955078706196602e-02
-7.022949642422195993e-01,7.071067811865476838e-01,-8.235158286286459184e-02,2.066955078706197990e-02
-1.164627253675548924e-01,6.938893903907228378e-18,9.931950632176750338e-01,1.003427665495767673e+00
0.000000000000000000e+00,0.000000000000000000e+00,0.000000000000000000e+00,1.000000000000000000e+00
7.022949642422199323e-01,7.071067811865474617e-01,8.235158286286461959e-02,-2.118628955673852732e-02
-7.022949642422195993e-01,7.071067811865476838e-01,-8.235158286286459184e-02,2.118628955673853426e-02
-1.164627253675548924e-01,6.938893903907228378e-18,9.931950632176750338e-01,1.003513357133161588e+00
0.000000000000000000e+00,0.000000000000000000e+00,0.000000000000000000e+00,1.000000000000000000e+00
7.022949642422199323e-01,7.071067811865474617e-01,8.235158286286461959e-02,-2.170302832641507473e-02
-7.022949642422195993e-01,7.071067811865476838e-01,-8.235158286286459184e-02,2.170302832641508514e-02
-1.164627253675548924e-01,6.938893903907228378e-18,9.931950632176750338e-01,1.003599048770555946e+00
0.000000000000000000e+00,0.000000000000000000e+00,0.000000000000000000e+00,1.000000000000000000e+00
7.022949642422199323e-01,7.071067811865474617e-01,8.235158286286461959e-02,-2.221976709609163603e-02
-7.022949642422195993e-01,7.071067811865476838e-01,-8.235158286286459184e-02,2.221976709609163256e-02
-1.164627253675548924e-01,6.938893903907228378e-18,9.931950632176750338e-01,1.003684740407950082e+00
0.000000000000000000e+00,0.000000000000000000e+00,0.000000000000000000e+00,1.000000000000000000e+00
7.022949642422199323e-01,7.071067811865474617e-01,8.235158286286461959e-02,-2.273650586576816957e-02
-7.022949642422195993e-01,7.071067811865476838e-01,-8.235158286286459184e-02,2.273650586576817997e-02
-1.164627253675548924e-01,6.938893903907228378e-18,9.931950632176750338e-01,1.003770432045344219e+00
0.000000000000000000e+00,0.000000000000000000e+00,0.000000000000000000e+00,1.000000000000000000e+00
7.022949642422199323e-01,7.071067811865474617e-01,8.235158286286461959e-02,-2.325324463544475861e-02
-7.022949642422195993e-01,7.071067811865476838e-01,-8.235158286286459184e-02,2.325324463544473433e-02
-1.164627253675548924e-01,6.938893903907228378e-18,9.931950632176750338e-01,1.003856123682738577e+00
0.000000000000000000e+00,0.000000000000000000e+00,0.000000000000000000e+00,1.000000000000000000e+00
7.022949642422199323e-01,7.071067811865474617e-01,8.235158286286461959e-02,-2.376998340512127827e-02
-7.022949642422195993e-01,7.071067811865476838e-01,-8.235158286286459184e-02,2.376998340512128868e-02
-1.164627253675548924e-01,6.938893903907228378e-18,9.931950632176750338e-01,1.003941815320132713e+00
0.000000000000000000e+00,0.000000000000000000e+00,0.000000000000000000e+00,1.000000000000000000e+00
7.022949642422199323e-01,7.071067811865474617e-01,8.235158286286461959e-02,-2.428672217479785345e-02
-7.022949642422195993e-01,7.071067811865476838e-01,-8.235158286286459184e-02,2.428672217479784304e-02
-1.164627253675548924e-01,6.938893903907228378e-18,9.931950632176750338e-01,1.004027506957526850e+00
0.000000000000000000e+00,0.000000000000000000e+00,0.000000000000000000e+00,1.000000000000000000e+00
7.022949642422199323e-01,7.071067811865474617e-01,8.235158286286461959e-02,-2.480346094447438698e-02
-7.022949642422195993e-01,7.071067811865476838e-01,-8.235158286286459184e-02,2.480346094447438005e-02
-1.164627253675548924e-01,6.938893903907228378e-18,9.931950632176750338e-01,1.004113198594920986e+00
0.000000000000000000e+00,0.000000000000000000e+00,0.000000000000000000e+00,1.000000000000000000e+00
7.022949642422199323e-01,7.071067811865474617e-01,8.235158286286461959e-02,-2.532019971415092052e-02
-7.022949642422195993e-01,7.071067811865476838e-01,-8.235158286286459184e-02,2.532019971415093093e-02
-1.164627253675548924e-01,6.938893903907228378e-18,9.931950632176750338e-01,1.004198890232315344e+00
0.000000000000000000e+00,0.000000000000000000e+00,0.000000000000000000e+00,1.000000000000000000e+00
7.022949642422199323e-01,7.071067811865474617e-01,8.235158286286461959e-02,-2.583693848382749569e-02
-7.022949642422195993e-01,7.071067811865476838e-01,-8.235158286286459184e-02,2.583693848382749569e-02
-1.164627253675548924e-01,6.938893903907228378e-18,9.931950632176750338e-01,1.004284581869709481e+00
0.000000000000000000e+00,0.000000000000000000e+00,0.000000000000000000e+00,1.000000000000000000e+00
7.022949642422199323e-01,7.071067811865474617e-01,8.235158286286461959e-02,-2.635367725350402923e-02
-7.022949642422195993e-01,7.071067811865476838e-01,-8.235158286286459184e-02,2.635367725350403270e-02
-1.164627253675548924e-01,6.938893903907228378e-18,9.931950632176750338e-01,1.004370273507103617e+00
0.000000000000000000e+00,0.000000000000000000e+00,0.000000000000000000e+00,1.000000000000000000e+00
7.022949642422199323e-01,7.071067811865474617e-01,8.235158286286461959e-02,-2.687041602318059053e-02
-7.022949642422195993e-01,7.071067811865476838e-01,-8.235158286286459184e-02,2.687041602318058012e-02
-1.164627253675548924e-01,6.938893903907228378e-18,9.931950632176750338e-01,1.004455965144497753e+00
0.000000000000000000e+00,0.000000000000000000e+00,0.000000000000000000e+00,1.000000000000000000e+00
7.022949642422199323e-01,7.071067811865474617e-01,8.235158286286461959e-02,-2.738715479285713794e-02
-7.022949642422195993e-01,7.071067811865476838e-01,-8.235158286286459184e-02,2.738715479285712753e-02
-1.164627253675548924e-01,6.938893903907228378e-18,9.931950632176750338e-01,1.004541656781891890e+00
0.000000000000000000e+00,0.000000000000000000e+00,0.000000000000000000e+00,1.000000000000000000e+00
7.022949642422199323e-01,7.071067811865474617e-01,8.235158286286461959e-02,-2.790389356253368536e-02
-7.022949642422195993e-01,7.071067811865476838e-01,-8.235158286286459184e-02,2.790389356253368189e-02
-1.164627253675548924e-01,6.938893903907228378e-18,9.931950632176750338e-01,1.004627348419286026e+00
0.000000000000000000e+00,0.000000000000000000e+00,0.000000000000000000e+00,1.000000000000000000e+00
7.022949642422199323e-01,7.071067811865474617e-01,8.235158286286461959e-02,-2.842063233221021890e-02
-7.022949642422195993e-01,7.071067811865476838e-01,-8.235158286286459184e-02,2.842063233221021543e-02
-1.164627253675548924e-01,6.938893903907228378e-18,9.931950632176750338e-01,1.004713040056680384e+00
0.000000000000000000e+00,0.000000000000000000e+00,0.000000000000000000e+00,1.000000000000000000e+00
7.022949642422199323e-01,7.071067811865474617e-01,8.235158286286461959e-02,-2.893737110188678019e-02
-7.022949642422195993e-01,7.071067811865476838e-01,-8.235158286286459184e-02,2.893737110188676978e-02
-1.164627253675548924e-01,6.938893903907228378e-18,9.931950632176750338e-01,1.004798731694074521e+00
0.000000000000000000e+00,0.000000000000000000e+00,0.000000000000000000e+00,1.000000000000000000e+00
7.022949642422199323e-01,7.071067811865474617e-01,8.235158286286461959e-02,-2.945410987156332761e-02
-7.022949642422195993e-01,7.071067811865476838e-01,-8.235158286286459184e-02,2.945410987156333107e-02
-1.164627253675548924e-01,6.938893903907228378e-18,9.931950632176750338e-01,1.004884423331468657e+00
0.000000000000000000e+00,0.000000000000000000e+00,0.000000000000000000e+00,1.000000000000000000e+00
7.022949642422199323e-01,7.071067811865474617e-01,8.235158286286461959e-02,-2.997084864123987502e-02
-7.022949642422195993e-01,7.071067811865476838e-01,-8.235158286286459184e-02,2.997084864123988543e-02
-1.164627253675548924e-01,6.938893903907228378e-18,9.931950632176750338e-01,1.004970114968863015e+00
0.000000000000000000e+00,0.000000000000000000e+00,0.000000000000000000e+00,1.000000000000000000e+00
7.022949642422199323e-01,7.071067811865474617e-01,8.235158286286461959e-02,-3.048758741091642244e-02
-7.022949642422195993e-01,7.071067811865476838e-01,-8.235158286286459184e-02,3.048758741091643285e-02
-1.164627253675548924e-01,6.938893903907228378e-18,9.931950632176750338e-01,1.005055806606257152e+00
0.000000000000000000e+00,0.000000000000000000e+00,0.000000000000000000e+00,1.000000000000000000e+00
7.022949642422199323e-01,7.071067811865474617e-01,8.235158286286461959e-02,-3.100432618059296985e-02
-7.022949642422195993e-01,7.071067811865476838e-01,-8.235158286286459184e-02,3.100432618059297679e-02
-1.164627253675548924e-01,6.938893903907228378e-18,9.931950632176750338e-01,1.005141498243651288e+00
0.000000000000000000e+00,0.000000000000000000e+00,0.000000000000000000e+00,1.000000000000000000e+00
7.022949642422199323e-01,7.071067811865474617e-01,8.235158286286461959e-02,-3.152106495026954502e-02
-7.022949642422195993e-01,7.071067811865476838e-01,-8.235158286286459184e-02,3.152106495026953115e-02
-1.164627253675548924e-01,6.938893903907228378e-18,9.931950632176750338e-01,1.005227189881045646e+00
0.000000000000000000e+00,0.000000000000000000e+00,0.000000000000000000e+00,1.000000000000000000e+00
7.022949642422199323e-01,7.071067811865474617e-01,8.235158286286461959e-02,-3.203780371994606468e-02
-7.022949642422195993e-01,7.071067811865476838e-01,-8.235158286286459184e-02,3.203780371994607856e-02
-1.164627253675548924e-01,6.938893903907228378e-18,9.931950632176750338e-01,1.005312881518439561e+00
0.000000000000000000e+00,0.000000000000000000e+00,0.000000000000000000e+00,1.000000000000000000e+00
7.022949642422199323e-01,7.071067811865474617e-01,8.235158286286461959e-02,-3.255454248962262598e-02
-7.022949642422195993e-01,7.071067811865476838e-01,-8.235158286286459184e-02,3.255454248962262598e-02
-1.164627253675548924e-01,6.938893903907228378e-18,9.931950632176750338e-01,1.005398573155833919e+00
0.000000000000000000e+00,0.000000000000000000e+00,0.000000000000000000e+00,1.000000000000000000e+00
7.022949642422199323e-01,7.071067811865474617e-01,8.235158286286461959e-02,-3.307128125929918727e-02
-7.022949642422195993e-01,7.071067811865476838e-01,-8.235158286286459184e-02,3.307128125929917339e-02
-1.164627253675548924e-01,6.938893903907228378e-18,9.931950632176750338e-01,1.005484264793228055e+00
0.000000000000000000e+00,0.000000000000000000e+00,0.000000000000000000e+00,1.000000000000000000e+00
7.022949642422199323e-01,7.071067811865474617e-01,8.235158286286461959e-02,-3.358802002897573469e-02
-7.022949642422195993e-01,7.071067811865476838e-01,-8.235158286286459184e-02,3.358802002897573469e-02
-1.164627253675548924e-01,6.938893903907228378e-18,9.931950632176750338e-01,1.005569956430622192e+00
0.000000000000000000e+00,0.000000000000000000e+00,0.000000000000000000e+00,1.000000000000000000e+00
7.022949642422199323e-01,7.071067811865474617e-01,8.235158286286461959e-02,-3.410475879865228210e-02
-7.022949642422195993e-01,7.071067811865476838e-01,-8.235158286286459184e-02,3.410475879865228210e-02
-1.164627253675548924e-01,6.938893903907228378e-18,9.931950632176750338e-01,1.005655648068016328e+00
0.000000000000000000e+00,0.000000000000000000e+00,0.000000000000000000e+00,1.000000000000000000e+00
7.022949642422199323e-01,7.071067811865474617e-01,8.235158286286461959e-02,-3.462149756832882952e-02
-7.022949642422195993e-01,7.071067811865476838e-01,-8.235158286286459184e-02,3.462149756832881564e-02
-1.164627253675548924e-01,6.938893903907228378e-18,9.931950632176750338e-01,1.005741339705410464e+00
0.000000000000000000e+00,0.000000000000000000e+00,0.000000000000000000e+00,1.000000000000000000e+00
7.022949642422199323e-01,7.071067811865474617e-01,8.235158286286461959e-02,-3.513823633800537694e-02
-7.022949642422195993e-01,7.071067811865476838e-01,-8.235158286286459184e-02,3.513823633800537694e-02
-1.164627253675548924e-01,6.938893903907228378e-18,9.931950632176750338e-01,1.005827031342804823e+00
0.000000000000000000e+00,0.000000000000000000e+00,0.000000000000000000e+00,1.000000000000000000e+00
7.022949642422199323e-01,7.071067811865474617e-01,8.235158286286461959e-02,-3.565497510768191047e-02
-7.022949642422195993e-01,7.071067811865476838e-01,-8.235158286286459184e-02,3.565497510768192435e-02
-1.164627253675548924e-01,6.938893903907228378e-18,9.931950632176750338e-01,1.005912722980198959e+00
0.000000000000000000e+00,0.000000000000000000e+00,0.000000000000000000e+00,1.000000000000000000e+00
7.022949642422199323e-01,7.071067811865474617e-01,8.235158286286461959e-02,-3.617171387735847177e-02
-7.022949642422195993e-01,7.071067811865476838e-01,-8.235158286286459184e-02,3.617171387735846483e-02
-1.164627253675548924e-01,6.938893903907228378e-18,9.931950632176750338e-01,1.005998414617593095e+00
0.000000000000000000e+00,0.000000000000000000e+00,0.000000000000000000e+00,1.000000000000000000e+00
7.022949642422199323e-01,7.071067811865474617e-01,8.235158286286461959e-02,-3.668845264703503306e-02
-7.022949642422195993e-01,7.071067811865476838e-01,-8.235158286286459184e-02,3.668845264703501918e-02
-1.164627253675548924e-01,6.938893903907228378e-18,9.931950632176750338e-01,1.006084106254987454e+00
0.000000000000000000e+00,0.000000000000000000e+00,0.000000000000000000e+00,1.000000000000000000e+00
7.022949642422199323e-01,7.071067811865474617e-01,8.235158286286461959e-02,-3.720519141671158048e-02
-7.022949642422195993e-01,7.071067811865476838e-01,-8.235158286286459184e-02,3.720519141671156660e-02
-1.164627253675548924e-01,6.938893903907228378e-18,9.931950632176750338e-01,1.006169797892381812e+00
0.000000000000000000e+00,0.000000000000000000e+00,0.000000000000000000e+00,1.000000000000000000e+00
7.022949642422199323e-01,7.071067811865474617e-01,8.235158286286461959e-02,-3.772193018638812789e-02
-7.022949642422195993e-01,7.071067811865476838e-01,-8.235158286286459184e-02,3.772193018638812789e-02
-1.164627253675548924e-01,6.938893903907228378e-18,9.931950632176750338e-01,1.006255489529775726e+00
0.000000000000000000e+00,0.000000000000000000e+00,0.000000000000000000e+00,1.000000000000000000e+00
7.022949642422199323e-01,7.071067811865474617e-01,8.235158286286461959e-02,-3.823866895606468919e-02
-7.022949642422195993e-01,7.071067811865476838e-01,-8.235158286286459184e-02,3.823866895606467531e-02
-1.164627253675548924e-01,6.938893903907228378e-18,9.931950632176750338e-01,1.006341181167169863e+00
0.000000000000000000e+00,0.000000000000000000e+00,0.000000000000000000e+00,1.000000000000000000e+00
7.022949642422199323e-01,7.071067811865474617e-01,8.235158286286461959e-02,-3.875540772574123660e-02
-7.022949642422195993e-01,7.071067811865476838e-01,-8.235158286286459184e-02,3.875540772574122272e-02
-1.164627253675548924e-01,6.938893903907228378e-18,9.931950632176750338e-01,1.006426872804563999e+00
0.000000000000000000e+00,0.000000000000000000e+00,0.000000000000000000e+00,1.000000000000000000e+00
7.022949642422199323e-01,7.071067811865474617e-01,8.235158286286461959e-02,-3.927214649541778402e-02
-7.022949642422195993e-01,7.071067811865476838e-01,-8.235158286286459184e-02,3.927214649541777014e-02
-1.164627253675548924e-01,6.938893903907228378e-18,9.931950632176750338e-01,1.006512564441958357e+00
0.000000000000000000e+00,0.000000000000000000e+00,0.000000000000000000e+00,1.000000000000000000e+00
7.022949642422199323e-01,7.071067811865474617e-01,8.235158286286461959e-02,-3.978888526509434531e-02
-7.022949642422195993e-01,7.071067811865476838e-01,-8.235158286286459184e-02,3.978888526509431756e-02
-1.164627253675548924e-01,6.938893903907228378e-18,9.931950632176750338e-01,1.006598256079352494e+00
0.000000000000000000e+00,0.000000000000000000e+00,0.000000000000000000e+00,1.000000000000000000e+00
7.022949642422199323e-01,7.071067811865474617e-01,8.235158286286461959e-02,-4.030562403477086497e-02
-7.022949642422195993e-01,7.071067811865476838e-01,-8.235158286286459184e-02,4.030562403477087191e-02
-1.164627253675548924e-01,6.938893903907228378e-18,9.931950632176750338e-01,1.006683947716746630e+00
0.000000000000000000e+00,0.000000000000000000e+00,0.000000000000000000e+00,1.000000000000000000e+00
7.022949642422199323e-01,7.071067811865474617e-01,8.235158286286461959e-02,-4.082236280444742627e-02
-7.022949642422195993e-01,7.071067811865476838e-01,-8.235158286286459184e-02,4.082236280444741239e-02
-1.164627253675548924e-01,6.938893903907228378e-18,9.931950632176750338e-01,1.006769639354140988e+00
0.000000000000000000e+00,0.000000000000000000e+00,0.000000000000000000e+00,1.000000000000000000e+00
7.022949642422199323e-01,7.071067811865474617e-01,8.235158286286461959e-02,-4.133910157412397368e-02
-7.022949642422195993e-01,7.071067811865476838e-01,-8.235158286286459184e-02,4.133910157412397368e-02
-1.164627253675548924e-01,6.938893903907228378e-18,9.931950632176750338e-01,1.006855330991534903e+00
0.000000000000000000e+00,0.000000000000000000e+00,0.000000000000000000e+00,1.000000000000000000e+00
7.022949642422199323e-01,7.071067811865474617e-01,8.235158286286461959e-02,-4.185584034380052110e-02
-7.022949642422195993e-01,7.071067811865476838e-01,-8.235158286286459184e-02,4.185584034380052110e-02
-1.164627253675548924e-01,6.938893903907228378e-18,9.931950632176750338e-01,1.006941022628929261e+00
0.000000000000000000e+00,0.000000000000000000e+00,0.000000000000000000e+00,1.000000000000000000e+00
7.022949642422199323e-01,7.071067811865474617e-01,8.235158286286461959e-02,-4.237257911347706851e-02
-7.022949642422195993e-01,7.071067811865476838e-01,-8.235158286286459184e-02,4.237257911347706851e-02
-1.164627253675548924e-01,6.938893903907228378e-18,9.931950632176750338e-01,1.007026714266323619e+00
0.000000000000000000e+00,0.000000000000000000e+00,0.000000000000000000e+00,1.000000000000000000e+00
7.022949642422199323e-01,7.071067811865474617e-01,8.235158286286461959e-02,-4.288931788315361593e-02
-7.022949642422195993e-01,7.071067811865476838e-01,-8.235158286286459184e-02,4.288931788315361593e-02
-1.164627253675548924e-01,6.938893903907228378e-18,9.931950632176750338e-01,1.007112405903717534e+00
0.000000000000000000e+00,0.000000000000000000e+00,0.000000000000000000e+00,1.000000000000000000e+00
7.022949642422199323e-01,7.071067811865474617e-01,8.235158286286461959e-02,-4.340605665283017722e-02
-7.022949642422195993e-01,7.071067811865476838e-01,-8.235158286286459184e-02,4.340605665283017722e-02
-1.164627253675548924e-01,6.938893903907228378e-18,9.931950632176750338e-01,1.007198097541111892e+00
0.000000000000000000e+00,0.000000000000000000e+00,0.000000000000000000e+00,1.000000000000000000e+00
7.022949642422199323e-01,7.071067811865474617e-01,8.235158286286461959e-02,-4.392279542250672464e-02
-7.022949642422195993e-01,7.071067811865476838e-01,-8.235158286286459184e-02,4.392279542250671770e-02
-1.164627253675548924e-01,6.938893903907228378e-18,9.931950632176750338e-01,1.007283789178506028e+00
0.000000000000000000e+00,0.000000000000000000e+00,0.000000000000000000e+00,1.000000000000000000e+00
7.022949642422199323e-01,7.071067811865474617e-01,8.235158286286461959e-02,-4.443953419218327205e-02
-7.022949642422195993e-01,7.071067811865476838e-01,-8.235158286286459184e-02,4.443953419218326512e-02
-1.164627253675548924e-01,6.938893903907228378e-18,9.931950632176750338e-01,1.007369480815900165e+00
0.000000000000000000e+00,0.000000000000000000e+00,0.000000000000000000e+00,1.000000000000000000e+00
7.022949642422199323e-01,7.071067811865474617e-01,8.235158286286461959e-02,-4.495627296185981947e-02
-7.022949642422195993e-01,7.071067811865476838e-01,-8.235158286286459184e-02,4.495627296185980559e-02
-1.164627253675548924e-01,6.938893903907228378e-18,9.931950632176750338e-01,1.007455172453294301e+00
0.000000000000000000e+00,0.000000000000000000e+00,0.000000000000000000e+00,1.000000000000000000e+00
7.022949642422199323e-01,7.071067811865474617e-01,8.235158286286461959e-02,-4.547301173153638076e-02
-7.022949642422195993e-01,7.071067811865476838e-01,-8.235158286286459184e-02,4.547301173153636689e-02
-1.164627253675548924e-01,6.938893903907228378e-18,9.931950632176750338e-01,1.007540864090688437e+00
0.000000000000000000e+00,0.000000000000000000e+00,0.000000000000000000e+00,1.000000000000000000e+00
7.022949642422199323e-01,7.071067811865474617e-01,8.235158286286461959e-02,-4.598975050121291430e-02
-7.022949642422195993e-01,7.071067811865476838e-01,-8.235158286286459184e-02,4.598975050121292124e-02
-1.164627253675548924e-01,6.938893903907228378e-18,9.931950632176750338e-01,1.007626555728082796e+00
0.000000000000000000e+00,0.000000000000000000e+00,0.000000000000000000e+00,1.000000000000000000e+00
7.022949642422199323e-01,7.071067811865474617e-01,8.235158286286461959e-02,-4.650648927088948947e-02
-7.022949642422195993e-01,7.071067811865476838e-01,-8.235158286286459184e-02,4.650648927088947560e-02
-1.164627253675548924e-01,6.938893903907228378e-18,9.931950632176750338e-01,1.007712247365476932e+00
0.000000000000000000e+00,0.000000000000000000e+00,0.000000000000000000e+00,1.000000000000000000e+00
7.022949642422199323e-01,7.071067811865474617e-01,8.235158286286461959e-02,-4.702322804056600913e-02
-7.022949642422195993e-01,7.071067811865476838e-01,-8.235158286286459184e-02,4.702322804056601607e-02
-1.164627253675548924e-01,6.938893903907228378e-18,9.931950632176750338e-01,1.007797939002871068e+00
0.000000000000000000e+00,0.000000000000000000e+00,0.000000000000000000e+00,1.000000000000000000e+00
7.022949642422199323e-01,7.071067811865474617e-01,8.235158286286461959e-02,-4.753996681024258431e-02
-7.022949642422195993e-01,7.071067811865476838e-01,-8.235158286286459184e-02,4.753996681024257043e-02
-1.164627253675548924e-01,6.938893903907228378e-18,9.931950632176750338e-01,1.007883630640265427e+00
0.000000000000000000e+00,0.000000000000000000e+00,0.000000000000000000e+00,1.000000000000000000e+00
7.022949642422199323e-01,7.071067811865474617e-01,8.235158286286461959e-02,-4.805670557991911784e-02
-7.022949642422195993e-01,7.071067811865476838e-01,-8.235158286286459184e-02,4.805670557991911784e-02
-1.164627253675548924e-01,6.938893903907228378e-18,9.931950632176750338e-01,1.007969322277659341e+00
0.000000000000000000e+00,0.000000000000000000e+00,0.000000000000000000e+00,1.000000000000000000e+00
7.022949642422199323e-01,7.071067811865474617e-01,8.235158286286461959e-02,-4.857344434959569301e-02
-7.022949642422195993e-01,7.071067811865476838e-01,-8.235158286286459184e-02,4.857344434959567914e-02
-1.164627253675548924e-01,6.938893903907228378e-18,9.931950632176750338e-01,1.008055013915053699e+00
0.000000000000000000e+00,0.000000000000000000e+00,0.000000000000000000e+00,1.000000000000000000e+00
7.022949642422199323e-01,7.071067811865474617e-01,8.235158286286461959e-02,-4.909018311927221268e-02
-7.022949642422195993e-01,7.071067811865476838e-01,-8.235158286286459184e-02,4.909018311927221268e-02
-1.164627253675548924e-01,6.938893903907228378e-18,9.931950632176750338e-01,1.008140705552448058e+00
0.000000000000000000e+00,0.000000000000000000e+00,0.000000000000000000e+00,1.000000000000000000e+00
7.022949642422199323e-01,7.071067811865474617e-01,8.235158286286461959e-02,-4.960692188894876009e-02
-7.022949642422195993e-01,7.071067811865476838e-01,-8.235158286286459184e-02,4.960692188894877397e-02
-1.164627253675548924e-01,6.938893903907228378e-18,9.931950632176750338e-01,1.008226397189841972e+00
0.000000000000000000e+00,0.000000000000000000e+00,0.000000000000000000e+00,1.000000000000000000e+00
7.022949642422199323e-01,7.071067811865474617e-01,8.235158286286461959e-02,-5.012366065862534914e-02
-7.022949642422195993e-01,7.071067811865476838e-01,-8.235158286286459184e-02,5.012366065862532138e-02
-1.164627253675548924e-01,6.938893903907228378e-18,9.931950632176750338e-01,1.008312088827236330e+00
0.000000000000000000e+00,0.000000000000000000e+00,0.000000000000000000e+00,1.000000000000000000e+00
7.022949642422199323e-01,7.071067811865474617e-01,8.235158286286461959e-02,-5.064039942830186880e-02
-7.022949642422195993e-01,7.071067811865476838e-01,-8.235158286286459184e-02,5.064039942830185492e-02
-1.164627253675548924e-01,6.938893903907228378e-18,9.931950632176750338e-01,1.008397780464630689e+00
0.000000000000000000e+00,0.000000000000000000e+00,0.000000000000000000e+00,1.000000000000000000e+00
7.022949642422199323e-01,7.071067811865474617e-01,8.235158286286461959e-02,-5.115713819797840234e-02
-7.022949642422195993e-01,7.071067811865476838e-01,-8.235158286286459184e-02,5.115713819797841622e-02
-1.164627253675548924e-01,6.938893903907228378e-18,9.931950632176750338e-01,1.008483472102024603e+00
0.000000000000000000e+00,0.000000000000000000e+00,0.000000000000000000e+00,1.000000000000000000e+00
7.022949642422199323e-01,7.071067811865474617e-01,8.235158286286461959e-02,-5.167387696765499139e-02
-7.022949642422195993e-01,7.071067811865476838e-01,-8.235158286286459184e-02,5.167387696765497751e-02
-1.164627253675548924e-01,6.938893903907228378e-18,9.931950632176750338e-01,1.008569163739418961e+00
0.000000000000000000e+00,0.000000000000000000e+00,0.000000000000000000e+00,1.000000000000000000e+00
7.022949642422199323e-01,7.071067811865474617e-01,8.235158286286461959e-02,-5.219061573733152493e-02
-7.022949642422195993e-01,7.071067811865476838e-01,-8.235158286286459184e-02,5.219061573733151105e-02
-1.164627253675548924e-01,6.938893903907228378e-18,9.931950632176750338e-01,1.008654855376812876e+00
0.000000000000000000e+00,0.000000000000000000e+00,0.000000000000000000e+00,1.000000000000000000e+00
7.022949642422199323e-01,7.071067811865474617e-01,8.235158286286461959e-02,-5.270735450700805846e-02
-7.022949642422195993e-01,7.071067811865476838e-01,-8.235158286286459184e-02,5.270735450700805846e-02
-1.164627253675548924e-01,6.938893903907228378e-18,9.931950632176750338e-01,1.008740547014207234e+00
0.000000000000000000e+00,0.000000000000000000e+00,0.000000000000000000e+00,1.000000000000000000e+00
7.022949642422199323e-01,7.071067811865474617e-01,8.235158286286461959e-02,-5.322409327668461976e-02
-7.022949642422195993e-01,7.071067811865476838e-01,-8.235158286286459184e-02,5.322409327668461282e-02
-1.164627253675548924e-01,6.938893903907228378e-18,9.931950632176750338e-01,1.008826238651601370e+00
0.000000000000000000e+00,0.000000000000000000e+00,0.000000000000000000e+00,1.000000000000000000e+00
7.022949642422199323e-01,7.071067811865474617e-01,8.235158286286461959e-02,-5.374083204636116717e-02
-7.022949642422195993e-01,7.071067811865476838e-01,-8.235158286286459184e-02,5.374083204636115330e-02
-1.164627253675548924e-01,6.938893903907228378e-18,9.931950632176750338e-01,1.008911930288995507e+00
0.000000000000000000e+00,0.000000000000000000e+00,0.000000000000000000e+00,1.000000000000000000e+00
7.022949642422199323e-01,7.071067811865474617e-01,8.235158286286461959e-02,-5.425757081603771459e-02
-7.022949642422195993e-01,7.071067811865476838e-01,-8.235158286286459184e-02,5.425757081603771459e-02
-1.164627253675548924e-01,6.938893903907228378e-18,9.931950632176750338e-01,1.008997621926389865e+00
0.000000000000000000e+00,0.000000000000000000e+00,0.000000000000000000e+00,1.000000000000000000e+00
7.022949642422199323e-01,7.071067811865474617e-01,8.235158286286461959e-02,-5.477430958571426201e-02
-7.022949642422195993e-01,7.071067811865476838e-01,-8.235158286286459184e-02,5.477430958571426201e-02
-1.164627253675548924e-01,6.938893903907228378e-18,9.931950632176750338e-01,1.009083313563783779e+00
0.000000000000000000e+00,0.000000000000000000e+00,0.000000000000000000e+00,1.000000000000000000e+00
7.022949642422199323e-01,7.071067811865474617e-01,8.235158286286461959e-02,-5.529104835539080942e-02
-7.022949642422195993e-01,7.071067811865476838e-01,-8.235158286286459184e-02,5.529104835539080942e-02
-1.164627253675548924e-01,6.938893903907228378e-18,9.931950632176750338e-01,1.009169005201178138e+00
0.000000000000000000e+00,0.000000000000000000e+00,0.000000000000000000e+00,1.000000000000000000e+00
7.022949642422199323e-01,7.071067811865474617e-01,8.235158286286461959e-02,-5.580778712506735684e-02
-7.022949642422195993e-01,7.071067811865476838e-01,-8.235158286286459184e-02,5.580778712506735684e-02
-1.164627253675548924e-01,6.938893903907228378e-18,9.931950632176750338e-01,1.009254696838572496e+00
0.000000000000000000e+00,0.000000000000000000e+00,0.000000000000000000e+00,1.000000000000000000e+00
7.022949642422199323e-01,7.071067811865474617e-01,8.235158286286461959e-02,-5.632452589474389038e-02
-7.022949642422195993e-01,7.071067811865476838e-01,-8.235158286286459184e-02,5.632452589474390425e-02
-1.164627253675548924e-01,6.938893903907228378e-18,9.931950632176750338e-01,1.009340388475966410e+00
0.000000000000000000e+00,0.000000000000000000e+00,0.000000000000000000e+00,1.000000000000000000e+00
7.022949642422199323e-01,7.071067811865474617e-01,8.235158286286461959e-02,-5.684126466442046555e-02
-7.022949642422195993e-01,7.071067811865476838e-01,-8.235158286286459184e-02,5.684126466442045167e-02
-1.164627253675548924e-01,6.938893903907228378e-18,9.931950632176750338e-01,1.009426080113360547e+00
0.000000000000000000e+00,0.000000000000000000e+00,0.000000000000000000e+00,1.000000000000000000e+00
7.022949642422199323e-01,7.071067811865474617e-01,8.235158286286461959e-02,-5.735800343409699908e-02
-7.022949642422195993e-01,7.071067811865476838e-01,-8.235158286286459184e-02,5.735800343409701296e-02
-1.164627253675548924e-01,6.938893903907228378e-18,9.931950632176750338e-01,1.009511771750754905e+00
0.000000000000000000e+00,0.000000000000000000e+00,0.000000000000000000e+00,1.000000000000000000e+00
7.022949642422199323e-01,7.071067811865474617e-01,8.235158286286461959e-02,-5.787474220377356038e-02
-7.022949642422195993e-01,7.071067811865476838e-01,-8.235158286286459184e-02,5.787474220377356038e-02
-1.164627253675548924e-01,6.938893903907228378e-18,9.931950632176750338e-01,1.009597463388149041e+00
0.000000000000000000e+00,0.000000000000000000e+00,0.000000000000000000e+00,1.000000000000000000e+00
7.022949642422199323e-01,7.071067811865474617e-01,8.235158286286461959e-02,-5.839148097345009392e-02
-7.022949642422195993e-01,7.071067811865476838e-01,-8.235158286286459184e-02,5.839148097345010779e-02
-1.164627253675548924e-01,6.938893903907228378e-18,9.931950632176750338e-01,1.009683155025543178e+00
0.000000000000000000e+00,0.000000000000000000e+00,0.000000000000000000e+00,1.000000000000000000e+00
7.022949642422199323e-01,7.071067811865474617e-01,8.235158286286461959e-02,-5.890821974312666909e-02
-7.022949642422195993e-01,7.071067811865476838e-01,-8.235158286286459184e-02,5.890821974312665521e-02
-1.164627253675548924e-01,6.938893903907228378e-18,9.931950632176750338e-01,1.009768846662937314e+00
0.000000000000000000e+00,0.000000000000000000e+00,0.000000000000000000e+00,1.000000000000000000e+00
7.022949642422199323e-01,7.071067811865474617e-01,8.235158286286461959e-02,-5.942495851280318875e-02
-7.022949642422195993e-01,7.071067811865476838e-01,-8.235158286286459184e-02,5.942495851280320956e-02
-1.164627253675548924e-01,6.938893903907228378e-18,9.931950632176750338e-01,1.009854538300331672e+00
0.000000000000000000e+00,0.000000000000000000e+00,0.000000000000000000e+00,1.000000000000000000e+00
7.022949642422199323e-01,7.071067811865474617e-01,8.235158286286461959e-02,-5.994169728247977780e-02
-7.022949642422195993e-01,7.071067811865476838e-01,-8.235158286286459184e-02,5.994169728247976392e-02
-1.164627253675548924e-01,6.938893903907228378e-18,9.931950632176750338e-01,1.009940229937726031e+00
0.000000000000000000e+00,0.000000000000000000e+00,0.000000000000000000e+00,1.000000000000000000e+00
7.022949642422199323e-01,7.071067811865474617e-01,8.235158286286461959e-02,-6.045843605215628358e-02
-7.022949642422195993e-01,7.071067811865476838e-01,-8.235158286286459184e-02,6.045843605215630440e-02
-1.164627253675548924e-01,6.938893903907228378e-18,9.931950632176750338e-01,1.010025921575119945e+00
0.000000000000000000e+00,0.000000000000000000e+00,0.000000000000000000e+00,1.000000000000000000e+00
7.022949642422199323e-01,7.071067811865474617e-01,8.235158286286461959e-02,-6.097517482183284487e-02
-7.022949642422195993e-01,7.071067811865476838e-01,-8.235158286286459184e-02,6.097517482183284487e-02
-1.164627253675548924e-01,6.938893903907228378e-18,9.931950632176750338e-01,1.010111613212514303e+00
0.000000000000000000e+00,0.000000000000000000e+00,0.000000000000000000e+00,1.000000000000000000e+00
7.022949642422199323e-01,7.071067811865474617e-01,8.235158286286461959e-02,-6.149191359150939229e-02
-7.022949642422195993e-01,7.071067811865476838e-01,-8.235158286286459184e-02,6.149191359150941311e-02
-1.164627253675548924e-01,6.938893903907228378e-18,9.931950632176750338e-01,1.010197304849908218e+00
0.000000000000000000e+00,0.000000000000000000e+00,0.000000000000000000e+00,1.000000000000000000e+00
7.022949642422199323e-01,7.071067811865474617e-01,8.235158286286461959e-02,-6.200865236118593971e-02
-7.022949642422195993e-01,7.071067811865476838e-01,-8.235158286286459184e-02,6.200865236118595358e-02
-1.164627253675548924e-01,6.938893903907228378e-18,9.931950632176750338e-01,1.010282996487302576e+00
0.000000000000000000e+00,0.000000000000000000e+00,0.000000000000000000e+00,1.000000000000000000e+00
7.022949642422199323e-01,7.071067811865474617e-01,8.235158286286461959e-02,-6.252539113086250100e-02
-7.022949642422195993e-01,7.071067811865476838e-01,-8.235158286286459184e-02,6.252539113086250100e-02
-1.164627253675548924e-01,6.938893903907228378e-18,9.931950632176750338e-01,1.010368688124696934e+00
0.000000000000000000e+00,0.000000000000000000e+00,0.000000000000000000e+00,1.000000000000000000e+00
7.022949642422199323e-01,7.071067811865474617e-01,8.235158286286461959e-02,-6.304212990053907617e-02
-7.022949642422195993e-01,7.071067811865476838e-01,-8.235158286286459184e-02,6.304212990053906229e-02
-1.164627253675548924e-01,6.938893903907228378e-18,9.931950632176750338e-01,1.010454379762090849e+00
0.000000000000000000e+00,0.000000000000000000e+00,0.000000000000000000e+00,1.000000000000000000e+00
7.022949642422199323e-01,7.071067811865474617e-01,8.235158286286461959e-02,-6.355886867021559583e-02
-7.022949642422195993e-01,7.071067811865476838e-01,-8.235158286286459184e-02,6.355886867021562359e-02
-1.164627253675548924e-01,6.938893903907228378e-18,9.931950632176750338e-01,1.010540071399485207e+00
0.000000000000000000e+00,0.000000000000000000e+00,0.000000000000000000e+00,1.000000000000000000e+00
7.022949642422199323e-01,7.071067811865474617e-01,8.235158286286461959e-02,-6.407560743989215712e-02
-7.022949642422195993e-01,7.071067811865476838e-01,-8.235158286286459184e-02,6.407560743989215712e-02
-1.164627253675548924e-01,6.938893903907228378e-18,9.931950632176750338e-01,1.010625763036879343e+00
0.000000000000000000e+00,0.000000000000000000e+00,0.000000000000000000e+00,1.000000000000000000e+00
7.022949642422199323e-01,7.071067811865474617e-01,8.235158286286461959e-02,-6.459234620956870454e-02
-7.022949642422195993e-01,7.071067811865476838e-01,-8.235158286286459184e-02,6.459234620956869066e-02
-1.164627253675548924e-01,6.938893903907228378e-18,9.931950632176750338e-01,1.010711454674273480e+00
0.000000000000000000e+00,0.000000000000000000e+00,0.000000000000000000e+00,1.000000000000000000e+00
7.022949642422199323e-01,7.071067811865474617e-01,8.235158286286461959e-02,-6.510908497924525196e-02
-7.022949642422195993e-01,7.071067811865476838e-01,-8.235158286286459184e-02,6.510908497924525196e-02
-1.164627253675548924e-01,6.938893903907228378e-18,9.931950632176750338e-01,1.010797146311667616e+00
0.000000000000000000e+00,0.000000000000000000e+00,0.000000000000000000e+00,1.000000000000000000e+00
7.022949642422199323e-01,7.071067811865474617e-01,8.235158286286461959e-02,-6.562582374892179937e-02
-7.022949642422195993e-01,7.071067811865476838e-01,-8.235158286286459184e-02,6.562582374892179937e-02
-1.164627253675548924e-01,6.938893903907228378e-18,9.931950632176750338e-01,1.010882837949061974e+00
0.000000000000000000e+00,0.000000000000000000e+00,0.000000000000000000e+00,1.000000000000000000e+00
7.022949642422199323e-01,7.071067811865474617e-01,8.235158286286461959e-02,-6.614256251859834679e-02
-7.022949642422195993e-01,7.071067811865476838e-01,-8.235158286286459184e-02,6.614256251859834679e-02
-1.164627253675548924e-01,6.938893903907228378e-18,9.931950632176750338e-01,1.010968529586456111e+00
0.000000000000000000e+00,0.000000000000000000e+00,0.000000000000000000e+00,1.000000000000000000e+00
7.022949642422199323e-01,7.071067811865474617e-01,8.235158286286461959e-02,-6.665930128827488033e-02
-7.022949642422195993e-01,7.071067811865476838e-01,-8.235158286286459184e-02,6.665930128827490808e-02
-1.164627253675548924e-01,6.938893903907228378e-18,9.931950632176750338e-01,1.011054221223850247e+00
0.000000000000000000e+00,0.000000000000000000e+00,0.000000000000000000e+00,1.000000000000000000e+00
7.022949642422199323e-01,7.071067811865474617e-01,8.235158286286461959e-02,-6.717604005795145550e-02
-7.022949642422195993e-01,7.071067811865476838e-01,-8.235158286286459184e-02,6.717604005795144162e-02
-1.164627253675548924e-01,6.938893903907228378e-18,9.931950632176750338e-01,1.011139912861244383e+00
0.000000000000000000e+00,0.000000000000000000e+00,0.000000000000000000e+00,1.000000000000000000e+00
7.022949642422199323e-01,7.071067811865474617e-01,8.235158286286461959e-02,-6.769277882762800291e-02
-7.022949642422195993e-01,7.071067811865476838e-01,-8.235158286286459184e-02,6.769277882762800291e-02
-1.164627253675548924e-01,6.938893903907228378e-18,9.931950632176750338e-01,1.011225604498638742e+00
0.000000000000000000e+00,0.000000000000000000e+00,0.000000000000000000e+00,1.000000000000000000e+00
7.022949642422199323e-01,7.071067811865474617e-01,8.235158286286461959e-02,-6.820951759730452257e-02
-7.022949642422195993e-01,7.071067811865476838e-01,-8.235158286286459184e-02,6.820951759730455033e-02
-1.164627253675548924e-01,6.938893903907228378e-18,9.931950632176750338e-01,1.011311296136032878e+00
0.000000000000000000e+00,0.000000000000000000e+00,0.000000000000000000e+00,1.000000000000000000e+00
7.022949642422199323e-01,7.071067811865474617e-01,8.235158286286461959e-02,-6.872625636698108387e-02
-7.022949642422195993e-01,7.071067811865476838e-01,-8.235158286286459184e-02,6.872625636698109775e-02
-1.164627253675548924e-01,6.938893903907228378e-18,9.931950632176750338e-01,1.011396987773427014e+00
0.000000000000000000e+00,0.000000000000000000e+00,0.000000000000000000e+00,1.000000000000000000e+00
7.022949642422199323e-01,7.071067811865474617e-01,8.235158286286461959e-02,-6.924299513665763128e-02
-7.022949642422195993e-01,7.071067811865476838e-01,-8.235158286286459184e-02,6.924299513665763128e-02
-1.164627253675548924e-01,6.938893903907228378e-18,9.931950632176750338e-01,1.011482679410821373e+00
0.000000000000000000e+00,0.000000000000000000e+00,0.000000000000000000e+00,1.000000000000000000e+00
7.022949642422199323e-01,7.071067811865474617e-01,8.235158286286461959e-02,-6.975973390633422033e-02
-7.022949642422195993e-01,7.071067811865476838e-01,-8.235158286286459184e-02,6.975973390633419258e-02
-1.164627253675548924e-01,6.938893903907228378e-18,9.931950632176750338e-01,1.011568371048215287e+00
0.000000000000000000e+00,0.000000000000000000e+00,0.000000000000000000e+00,1.000000000000000000e+00
7.022949642422199323e-01,7.071067811865474617e-01,8.235158286286461959e-02,-7.027647267601072611e-02
-7.022949642422195993e-01,7.071067811865476838e-01,-8.235158286286459184e-02,7.027647267601075387e-02
-1.164627253675548924e-01,6.938893903907228378e-18,9.931950632176750338e-01,1.011654062685609645e+00
0.000000000000000000e+00,0.000000000000000000e+00,0.000000000000000000e+00,1.000000000000000000e+00
7.022949642422199323e-01,7.071067811865474617e-01,8.235158286286461959e-02,-7.079321144568728741e-02
-7.022949642422195993e-01,7.071067811865476838e-01,-8.235158286286459184e-02,7.079321144568728741e-02
-1.164627253675548924e-01,6.938893903907228378e-18,9.931950632176750338e-01,1.011739754323004004e+00
0.000000000000000000e+00,0.000000000000000000e+00,0.000000000000000000e+00,1.000000000000000000e+00
7.022949642422199323e-01,7.071067811865474617e-01,8.235158286286461959e-02,-7.130995021536383482e-02
-7.022949642422195993e-01,7.071067811865476838e-01,-8.235158286286459184e-02,7.130995021536384870e-02
-1.164627253675548924e-01,6.938893903907228378e-18,9.931950632176750338e-01,1.011825445960397918e+00
0.000000000000000000e+00,0.000000000000000000e+00,0.000000000000000000e+00,1.000000000000000000e+00
7.022949642422199323e-01,7.071067811865474617e-01,8.235158286286461959e-02,-7.182668898504041000e-02
-7.022949642422195993e-01,7.071067811865476838e-01,-8.235158286286459184e-02,7.182668898504038224e-02
-1.164627253675548924e-01,6.938893903907228378e-18,9.931950632176750338e-01,1.011911137597792276e+00
0.000000000000000000e+00,0.000000000000000000e+00,0.000000000000000000e+00,1.000000000000000000e+00
7.022949642422199323e-01,7.071067811865474617e-01,8.235158286286461959e-02,-7.234342775471692966e-02
-7.022949642422195993e-01,7.071067811865476838e-01,-8.235158286286459184e-02,7.234342775471694353e-02
-1.164627253675548924e-01,6.938893903907228378e-18,9.931950632176750338e-01,1.011996829235186190e+00
0.000000000000000000e+00,0.000000000000000000e+00,0.000000000000000000e+00,1.000000000000000000e+00
7.022949642422199323e-01,7.071067811865474617e-01,8.235158286286461959e-02,-7.286016652439350483e-02
-7.022949642422195993e-01,7.071067811865476838e-01,-8.235158286286459184e-02,7.286016652439350483e-02
-1.164627253675548924e-01,6.938893903907228378e-18,9.931950632176750338e-01,1.012082520872580549e+00
0.000000000000000000e+00,0.000000000000000000e+00,0.000000000000000000e+00,1.000000000000000000e+00
7.022949642422199323e-01,7.071067811865474617e-01,8.235158286286461959e-02,-7.337690529407006612e-02
-7.022949642422195993e-01,7.071067811865476838e-01,-8.235158286286459184e-02,7.337690529407006612e-02
-1.164627253675548924e-01,6.938893903907228378e-18,9.931950632176750338e-01,1.012168212509974907e+00
0.000000000000000000e+00,0.000000000000000000e+00,0.000000000000000000e+00,1.000000000000000000e+00
7.022949642422199323e-01,7.071067811865474617e-01,8.235158286286461959e-02,-7.389364406374661354e-02
-7.022949642422195993e-01,7.071067811865476838e-01,-8.235158286286459184e-02,7.389364406374659966e-02
-1.164627253675548924e-01,6.938893903907228378e-18,9.931950632176750338e-01,1.012253904147369044e+00
0.000000000000000000e+00,0.000000000000000000e+00,0.000000000000000000e+00,1.000000000000000000e+00
7.022949642422199323e-01,7.071067811865474617e-01,8.235158286286461959e-02,-7.441038283342313320e-02
-7.022949642422195993e-01,7.071067811865476838e-01,-8.235158286286459184e-02,7.441038283342313320e-02
-1.164627253675548924e-01,6.938893903907228378e-18,9.931950632176750338e-01,1.012339595784763180e+00
0.000000000000000000e+00,0.000000000000000000e+00,0.000000000000000000e+00,1.000000000000000000e+00
7.022949642422199323e-01,7.071067811865474617e-01,8.235158286286461959e-02,-7.492712160309972225e-02
-7.022949642422195993e-01,7.071067811865476838e-01,-8.235158286286459184e-02,7.492712160309969449e-02
-1.164627253675548924e-01,6.938893903907228378e-18,9.931950632176750338e-01,1.012425287422157094e+00
0.000000000000000000e+00,0.000000000000000000e+00,0.000000000000000000e+00,1.000000000000000000e+00
7.022949642422199323e-01,7.071067811865474617e-01,8.235158286286461959e-02,-7.544386037277626966e-02
-7.022949642422195993e-01,7.071067811865476838e-01,-8.235158286286459184e-02,7.544386037277625578e-02
-1.164627253675548924e-01,6.938893903907228378e-18,9.931950632176750338e-01,1.012510979059551453e+00
0.000000000000000000e+00,0.000000000000000000e+00,0.000000000000000000e+00,1.000000000000000000e+00
7.022949642422199323e-01,7.071067811865474617e-01,8.235158286286461959e-02,-7.596059914245278932e-02
-7.022949642422195993e-01,7.071067811865476838e-01,-8.235158286286459184e-02,7.596059914245278932e-02
-1.164627253675548924e-01,6.938893903907228378e-18,9.931950632176750338e-01,1.012596670696945589e+00
0.000000000000000000e+00,0.000000000000000000e+00,0.000000000000000000e+00,1.000000000000000000e+00
7.022949642422199323e-01,7.071067811865474617e-01,8.235158286286461959e-02,-7.647733791212937837e-02
-7.022949642422195993e-01,7.071067811865476838e-01,-8.235158286286459184e-02,7.647733791212935062e-02
-1.164627253675548924e-01,6.938893903907228378e-18,9.931950632176750338e-01,1.012682362334339725e+00
0.000000000000000000e+00,0.000000000000000000e+00,0.000000000000000000e+00,1.000000000000000000e+00
7.022949642422199323e-01,7.071067811865474617e-01,8.235158286286461959e-02,-7.699407668180591191e-02
-7.022949642422195993e-01,7.071067811865476838e-01,-8.235158286286459184e-02,7.699407668180589803e-02
-1.164627253675548924e-01,6.938893903907228378e-18,9.931950632176750338e-01,1.012768053971734084e+00
0.000000000000000000e+00,0.000000000000000000e+00,0.000000000000000000e+00,1.000000000000000000e+00
7.022949642422199323e-01,7.071067811865474617e-01,8.235158286286461959e-02,-7.751081545148244545e-02
-7.022949642422195993e-01,7.071067811865476838e-01,-8.235158286286459184e-02,7.751081545148244545e-02
-1.164627253675548924e-01,6.938893903907228378e-18,9.931950632176750338e-01,1.012853745609128442e+00
0.000000000000000000e+00,0.000000000000000000e+00,0.000000000000000000e+00,1.000000000000000000e+00
7.022949642422199323e-01,7.071067811865474617e-01,8.235158286286461959e-02,-7.802755422115899286e-02
-7.022949642422195993e-01,7.071067811865476838e-01,-8.235158286286459184e-02,7.802755422115900674e-02
-1.164627253675548924e-01,6.938893903907228378e-18,9.931950632176750338e-01,1.012939437246522356e+00
0.000000000000000000e+00,0.000000000000000000e+00,0.000000000000000000e+00,1.000000000000000000e+00
7.022949642422199323e-01,7.071067811865474617e-01,8.235158286286461959e-02,-7.854429299083554028e-02
-7.022949642422195993e-01,7.071067811865476838e-01,-8.235158286286459184e-02,7.854429299083554028e-02
-1.164627253675548924e-01,6.938893903907228378e-18,9.931950632176750338e-01,1.013025128883916492e+00
0.000000000000000000e+00,0.000000000000000000e+00,0.000000000000000000e+00,1.000000000000000000e+00
7.022949642422199323e-01,7.071067811865474617e-01,8.235158286286461959e-02,-7.906103176051212933e-02
-7.022949642422195993e-01,7.071067811865476838e-01,-8.235158286286459184e-02,7.906103176051207382e-02
-1.164627253675548924e-01,6.938893903907228378e-18,9.931950632176750338e-01,1.013110820521310851e+00
0.000000000000000000e+00,0.000000000000000000e+00,0.000000000000000000e+00,1.000000000000000000e+00
7.022949642422199323e-01,7.071067811865474617e-01,8.235158286286461959e-02,-7.957777053018863511e-02
-7.022949642422195993e-01,7.071067811865476838e-01,-8.235158286286459184e-02,7.957777053018863511e-02
-1.164627253675548924e-01,6.938893903907228378e-18,9.931950632176750338e-01,1.013196512158704987e+00
0.000000000000000000e+00,0.000000000000000000e+00,0.000000000000000000e+00,1.000000000000000000e+00
7.022949642422199323e-01,7.071067811865474617e-01,8.235158286286461959e-02,-8.009450929986519641e-02
-7.022949642422195993e-01,7.071067811865476838e-01,-8.235158286286459184e-02,8.009450929986519641e-02
-1.164627253675548924e-01,6.938893903907228378e-18,9.931950632176750338e-01,1.013282203796099346e+00
0.000000000000000000e+00,0.000000000000000000e+00,0.000000000000000000e+00,1.000000000000000000e+00
7.022949642422199323e-01,7.071067811865474617e-01,8.235158286286461959e-02,-8.061124806954175770e-02
-7.022949642422195993e-01,7.071067811865476838e-01,-8.235158286286459184e-02,8.061124806954172994e-02
-1.164627253675548924e-01,6.938893903907228378e-18,9.931950632176750338e-01,1.013367895433493260e+00
0.000000000000000000e+00,0.000000000000000000e+00,0.000000000000000000e+00,1.000000000000000000e+00
7.022949642422199323e-01,7.071067811865474617e-01,8.235158286286461959e-02,-8.112798683921833287e-02
-7.022949642422195993e-01,7.071067811865476838e-01,-8.235158286286459184e-02,8.112798683921829124e-02
-1.164627253675548924e-01,6.938893903907228378e-18,9.931950632176750338e-01,1.013453587070887618e+00
0.000000000000000000e+00,0.000000000000000000e+00,0.000000000000000000e+00,1.000000000000000000e+00
7.022949642422199323e-01,7.071067811865474617e-01,8.235158286286461959e-02,-8.164472560889482478e-02
-7.022949642422195993e-01,7.071067811865476838e-01,-8.235158286286459184e-02,8.164472560889482478e-02
-1.164627253675548924e-01,6.938893903907228378e-18,9.931950632176750338e-01,1.013539278708281532e+00
0.000000000000000000e+00,0.000000000000000000e+00,0.000000000000000000e+00,1.000000000000000000e+00
7.022949642422199323e-01,7.071067811865474617e-01,8.235158286286461959e-02,-8.216146437857141382e-02
-7.022949642422195993e-01,7.071067811865476838e-01,-8.235158286286459184e-02,8.216146437857138607e-02
-1.164627253675548924e-01,6.938893903907228378e-18,9.931950632176750338e-01,1.013624970345675891e+00
0.000000000000000000e+00,0.000000000000000000e+00,0.000000000000000000e+00,1.000000000000000000e+00
7.022949642422199323e-01,7.071067811865474617e-01,8.235158286286461959e-02,-8.267820314824794736e-02
-7.022949642422195993e-01,7.071067811865476838e-01,-8.235158286286459184e-02,8.267820314824794736e-02
-1.164627253675548924e-01,6.938893903907228378e-18,9.931950632176750338e-01,1.013710661983070249e+00
0.000000000000000000e+00,0.000000000000000000e+00,0.000000000000000000e+00,1.000000000000000000e+00
7.022949642422199323e-01,7.071067811865474617e-01,8.235158286286461959e-02,-8.319494191792448090e-02
-7.022949642422195993e-01,7.071067811865476838e-01,-8.235158286286459184e-02,8.319494191792448090e-02
-1.164627253675548924e-01,6.938893903907228378e-18,9.931950632176750338e-01,1.013796353620464163e+00
0.000000000000000000e+00,0.000000000000000000e+00,0.000000000000000000e+00,1.000000000000000000e+00
7.022949642422199323e-01,7.071067811865474617e-01,8.235158286286461959e-02,-8.371168068760105607e-02
-7.022949642422195993e-01,7.071067811865476838e-01,-8.235158286286459184e-02,8.371168068760104219e-02
-1.164627253675548924e-01,6.938893903907228378e-18,9.931950632176750338e-01,1.013882045257858522e+00
0.000000000000000000e+00,0.000000000000000000e+00,0.000000000000000000e+00,1.000000000000000000e+00
7.022949642422199323e-01,7.071067811865474617e-01,8.235158286286461959e-02,-8.422841945727760349e-02
-7.022949642422195993e-01,7.071067811865476838e-01,-8.235158286286459184e-02,8.422841945727760349e-02
-1.164627253675548924e-01,6.938893903907228378e-18,9.931950632176750338e-01,1.013967736895252880e+00
0.000000000000000000e+00,0.000000000000000000e+00,0.000000000000000000e+00,1.000000000000000000e+00
7.022949642422199323e-01,7.071067811865474617e-01,8.235158286286461959e-02,-8.474515822695415090e-02
-7.022949642422195993e-01,7.071067811865476838e-01,-8.235158286286459184e-02,8.474515822695413703e-02
-1.164627253675548924e-01,6.938893903907228378e-18,9.931950632176750338e-01,1.014053428532646794e+00
0.000000000000000000e+00,0.000000000000000000e+00,0.000000000000000000e+00,1.000000000000000000e+00
7.022949642422199323e-01,7.071067811865474617e-01,8.235158286286461959e-02,-8.526189699663067056e-02
-7.022949642422195993e-01,7.071067811865476838e-01,-8.235158286286459184e-02,8.526189699663067056e-02
-1.164627253675548924e-01,6.938893903907228378e-18,9.931950632176750338e-01,1.014139120170041153e+00
0.000000000000000000e+00,0.000000000000000000e+00,0.000000000000000000e+00,1.000000000000000000e+00
7.022949642422199323e-01,7.071067811865474617e-01,8.235158286286461959e-02,-8.577863576630724574e-02
-7.022949642422195993e-01,7.071067811865476838e-01,-8.235158286286459184e-02,8.577863576630723186e-02
-1.164627253675548924e-01,6.938893903907228378e-18,9.931950632176750338e-01,1.014224811807435289e+00
0.000000000000000000e+00,0.000000000000000000e+00,0.000000000000000000e+00,1.000000000000000000e+00
7.022949642422199323e-01,7.071067811865474617e-01,8.235158286286461959e-02,-8.629537453598380703e-02
-7.022949642422195993e-01,7.071067811865476838e-01,-8.235158286286459184e-02,8.629537453598377927e-02
-1.164627253675548924e-01,6.938893903907228378e-18,9.931950632176750338e-01,1.014310503444829425e+00
0.000000000000000000e+00,0.000000000000000000e+00,0.000000000000000000e+00,1.000000000000000000e+00
7.022949642422199323e-01,7.071067811865474617e-01,8.235158286286461959e-02,-8.681211330566035445e-02
-7.022949642422195993e-01,7.071067811865476838e-01,-8.235158286286459184e-02,8.681211330566032669e-02
-1.164627253675548924e-01,6.938893903907228378e-18,9.931950632176750338e-01,1.014396195082223562e+00
0.000000000000000000e+00,0.000000000000000000e+00,0.000000000000000000e+00,1.000000000000000000e+00
7.022949642422199323e-01,7.071067811865474617e-01,8.235158286286461959e-02,-8.732885207533686023e-02
-7.022949642422195993e-01,7.071067811865476838e-01,-8.235158286286459184e-02,8.732885207533687411e-02
-1.164627253675548924e-01,6.938893903907228378e-18,9.931950632176750338e-01,1.014481886719617698e+00
0.000000000000000000e+00,0.000000000000000000e+00,0.000000000000000000e+00,1.000000000000000000e+00
7.022949642422199323e-01,7.071067811865474617e-01,8.235158286286461959e-02,-8.784559084501343540e-02
-7.022949642422195993e-01,7.071067811865476838e-01,-8.235158286286459184e-02,8.784559084501343540e-02
-1.164627253675548924e-01,6.938893903907228378e-18,9.931950632176750338e-01,1.014567578357012057e+00
0.000000000000000000e+00,0.000000000000000000e+00,0.000000000000000000e+00,1.000000000000000000e+00
7.022949642422199323e-01,7.071067811865474617e-01,8.235158286286461959e-02,-8.836232961468998282e-02
-7.022949642422195993e-01,7.071067811865476838e-01,-8.235158286286459184e-02,8.836232961468996894e-02
-1.164627253675548924e-01,6.938893903907228378e-18,9.931950632176750338e-01,1.014653269994405971e+00
0.000000000000000000e+00,0.000000000000000000e+00,0.000000000000000000e+00,1.000000000000000000e+00
7.022949642422199323e-01,7.071067811865474617e-01,8.235158286286461959e-02,-8.887906838436653023e-02
-7.022949642422195993e-01,7.071067811865476838e-01,-8.235158286286459184e-02,8.887906838436654411e-02
-1.164627253675548924e-01,6.938893903907228378e-18,9.931950632176750338e-01,1.014738961631800329e+00
0.000000000000000000e+00,0.000000000000000000e+00,0.000000000000000000e+00,1.000000000000000000e+00
7.022949642422199323e-01,7.071067811865474617e-01,8.235158286286461959e-02,-8.939580715404307765e-02
-7.022949642422195993e-01,7.071067811865476838e-01,-8.235158286286459184e-02,8.939580715404307765e-02
-1.164627253675548924e-01,6.938893903907228378e-18,9.931950632176750338e-01,1.014824653269194688e+00
0.000000000000000000e+00,0.000000000000000000e+00,0.000000000000000000e+00,1.000000000000000000e+00
7.022949642422199323e-01,7.071067811865474617e-01,8.235158286286461959e-02,-8.991254592371961119e-02
-7.022949642422195993e-01,7.071067811865476838e-01,-8.235158286286459184e-02,8.991254592371961119e-02
-1.164627253675548924e-01,6.938893903907228378e-18,9.931950632176750338e-01,1.014910344906588602e+00
0.000000000000000000e+00,0.000000000000000000e+00,0.000000000000000000e+00,1.000000000000000000e+00
7.022949642422199323e-01,7.071067811865474617e-01,8.235158286286461959e-02,-9.042928469339621411e-02
-7.022949642422195993e-01,7.071067811865476838e-01,-8.235158286286459184e-02,9.042928469339620023e-02
-1.164627253675548924e-01,6.938893903907228378e-18,9.931950632176750338e-01,1.014996036543982960e+00
0.000000000000000000e+00,0.000000000000000000e+00,0.000000000000000000e+00,1.000000000000000000e+00
7.022949642422199323e-01,7.071067811865474617e-01,8.235158286286461959e-02,-9.094602346307273377e-02
-7.022949642422195993e-01,7.071067811865476838e-01,-8.235158286286459184e-02,9.094602346307273377e-02
-1.164627253675548924e-01,6.938893903907228378e-18,9.931950632176750338e-01,1.015081728181377319e+00
0.000000000000000000e+00,0.000000000000000000e+00,0.000000000000000000e+00,1.000000000000000000e+00
7.022949642422199323e-01,7.071067811865474617e-01,8.235158286286461959e-02,-9.146276223274925343e-02
-7.022949642422195993e-01,7.071067811865476838e-01,-8.235158286286459184e-02,9.146276223274926731e-02
-1.164627253675548924e-01,6.938893903907228378e-18,9.931950632176750338e-01,1.015167419818771233e+00
0.000000000000000000e+00,0.000000000000000000e+00,0.000000000000000000e+00,1.000000000000000000e+00
7.022949642422199323e-01,7.071067811865474617e-01,8.235158286286461959e-02,-9.197950100242582860e-02
-7.022949642422195993e-01,7.071067811865476838e-01,-8.235158286286459184e-02,9.197950100242584248e-02
-1.164627253675548924e-01,6.938893903907228378e-18,9.931950632176750338e-01,1.015253111456165591e+00
0.000000000000000000e+00,0.000000000000000000e+00,0.000000000000000000e+00,1.000000000000000000e+00
7.022949642422199323e-01,7.071067811865474617e-01,8.235158286286461959e-02,-9.249623977210238990e-02
-7.022949642422195993e-01,7.071067811865476838e-01,-8.235158286286459184e-02,9.249623977210238990e-02
-1.164627253675548924e-01,6.938893903907228378e-18,9.931950632176750338e-01,1.015338803093559505e+00
0.000000000000000000e+00,0.000000000000000000e+00,0.000000000000000000e+00,1.000000000000000000e+00
7.022949642422199323e-01,7.071067811865474617e-01,8.235158286286461959e-02,-9.301297854177893731e-02
-7.022949642422195993e-01,7.071067811865476838e-01,-8.235158286286459184e-02,9.301297854177895119e-02
-1.164627253675548924e-01,6.938893903907228378e-18,9.931950632176750338e-01,1.015424494730953864e+00
0.000000000000000000e+00,0.000000000000000000e+00,0.000000000000000000e+00,1.000000000000000000e+00
7.022949642422199323e-01,7.071067811865474617e-01,8.235158286286461959e-02,-9.352971731145548473e-02
-7.022949642422195993e-01,7.071067811865476838e-01,-8.235158286286459184e-02,9.352971731145548473e-02
-1.164627253675548924e-01,6.938893903907228378e-18,9.931950632176750338e-01,1.015510186368348000e+00
0.000000000000000000e+00,0.000000000000000000e+00,0.000000000000000000e+00,1.000000000000000000e+00
7.022949642422199323e-01,7.071067811865474617e-01,8.235158286286461959e-02,-9.404645608113207378e-02
-7.022949642422195993e-01,7.071067811865476838e-01,-8.235158286286459184e-02,9.404645608113204602e-02
-1.164627253675548924e-01,6.938893903907228378e-18,9.931950632176750338e-01,1.015595878005742136e+00
0.000000000000000000e+00,0.000000000000000000e+00,0.000000000000000000e+00,1.000000000000000000e+00
7.022949642422199323e-01,7.071067811865474617e-01,8.235158286286461959e-02,-9.456319485080855181e-02
-7.022949642422195993e-01,7.071067811865476838e-01,-8.235158286286459184e-02,9.456319485080857956e-02
-1.164627253675548924e-01,6.938893903907228378e-18,9.931950632176750338e-01,1.015681569643136495e+00
0.000000000000000000e+00,0.000000000000000000e+00,0.000000000000000000e+00,1.000000000000000000e+00
7.022949642422199323e-01,7.071067811865474617e-01,8.235158286286461959e-02,-9.507993362048511310e-02
-7.022949642422195993e-01,7.071067811865476838e-01,-8.235158286286459184e-02,9.507993362048514085e-02
-1.164627253675548924e-01,6.938893903907228378e-18,9.931950632176750338e-01,1.015767261280530409e+00
0.000000000000000000e+00,0.000000000000000000e+00,0.000000000000000000e+00,1.000000000000000000e+00
7.022949642422199323e-01,7.071067811865474617e-01,8.235158286286461959e-02,-9.559667239016172990e-02
-7.022949642422195993e-01,7.071067811865476838e-01,-8.235158286286459184e-02,9.559667239016168827e-02
-1.164627253675548924e-01,6.938893903907228378e-18,9.931950632176750338e-01,1.015852952917924767e+00
0.000000000000000000e+00,0.000000000000000000e+00,0.000000000000000000e+00,1.000000000000000000e+00
7.022949642422199323e-01,7.071067811865474617e-01,8.235158286286461959e-02,-9.611341115983826344e-02
-7.022949642422195993e-01,7.071067811865476838e-01,-8.235158286286459184e-02,9.611341115983824956e-02
-1.164627253675548924e-01,6.938893903907228378e-18,9.931950632176750338e-01,1.015938644555319126e+00
0.000000000000000000e+00,0.000000000000000000e+00,0.000000000000000000e+00,1.000000000000000000e+00
7.022949642422199323e-01,7.071067811865474617e-01,8.235158286286461959e-02,-9.663014992951479698e-02
-7.022949642422195993e-01,7.071067811865476838e-01,-8.235158286286459184e-02,9.663014992951479698e-02
-1.164627253675548924e-01,6.938893903907228378e-18,9.931950632176750338e-01,1.016024336192713262e+00
0.000000000000000000e+00,0.000000000000000000e+00,0.000000000000000000e+00,1.000000000000000000e+00
7.022949642422199323e-01,7.071067811865474617e-01,8.235158286286461959e-02,-9.714688869919137215e-02
-7.022949642422195993e-01,7.071067811865476838e-01,-8.235158286286459184e-02,9.714688869919135827e-02
-1.164627253675548924e-01,6.938893903907228378e-18,9.931950632176750338e-01,1.016110027830107398e+00
0.000000000000000000e+00,0.000000000000000000e+00,0.000000000000000000e+00,1.000000000000000000e+00
7.022949642422199323e-01,7.071067811865474617e-01,8.235158286286461959e-02,-9.766362746886791957e-02
-7.022949642422195993e-01,7.071067811865476838e-01,-8.235158286286459184e-02,9.766362746886789181e-02
-1.164627253675548924e-01,6.938893903907228378e-18,9.931950632176750338e-01,1.016195719467501757e+00
0.000000000000000000e+00,0.000000000000000000e+00,0.000000000000000000e+00,1.000000000000000000e+00
7.022949642422199323e-01,7.071067811865474617e-01,8.235158286286461959e-02,-9.818036623854443923e-02
-7.022949642422195993e-01,7.071067811865476838e-01,-8.235158286286459184e-02,9.818036623854445311e-02
-1.164627253675548924e-01,6.938893903907228378e-18,9.931950632176750338e-01,1.016281411104895671e+00
0.000000000000000000e+00,0.000000000000000000e+00,0.000000000000000000e+00,1.000000000000000000e+00
7.022949642422199323e-01,7.071067811865474617e-01,8.235158286286461959e-02,-9.869710500822102828e-02
-7.022949642422195993e-01,7.071067811865476838e-01,-8.235158286286459184e-02,9.869710500822098664e-02
-1.164627253675548924e-01,6.938893903907228378e-18,9.931950632176750338e-01,1.016367102742289807e+00
0.000000000000000000e+00,0.000000000000000000e+00,0.000000000000000000e+00,1.000000000000000000e+00
7.022949642422199323e-01,7.071067811865474617e-01,8.235158286286461959e-02,-9.921384377789754794e-02
-7.022949642422195993e-01,7.071067811865476838e-01,-8.235158286286459184e-02,9.921384377789754794e-02
-1.164627253675548924e-01,6.938893903907228378e-18,9.931950632176750338e-01,1.016452794379683944e+00
0.000000000000000000e+00,0.000000000000000000e+00,0.000000000000000000e+00,1.000000000000000000e+00
7.022949642422199323e-01,7.071067811865474617e-01,8.235158286286461959e-02,-9.973058254757410923e-02
-7.022949642422195993e-01,7.071067811865476838e-01,-8.235158286286459184e-02,9.973058254757408148e-02
-1.164627253675548924e-01,6.938893903907228378e-18,9.931950632176750338e-01,1.016538486017078302e+00
0.000000000000000000e+00,0.000000000000000000e+00,0.000000000000000000e+00,1.000000000000000000e+00
7.022949642422199323e-01,7.071067811865474617e-01,8.235158286286461959e-02,-1.002473213172506705e-01
-7.022949642422195993e-01,7.071067811865476838e-01,-8.235158286286459184e-02,1.002473213172506428e-01
-1.164627253675548924e-01,6.938893903907228378e-18,9.931950632176750338e-01,1.016624177654472660e+00
0.000000000000000000e+00,0.000000000000000000e+00,0.000000000000000000e+00,1.000000000000000000e+00
7.022949642422199323e-01,7.071067811865474617e-01,8.235158286286461959e-02,-1.007640600869272041e-01
-7.022949642422195993e-01,7.071067811865476838e-01,-8.235158286286459184e-02,1.007640600869271763e-01
-1.164627253675548924e-01,6.938893903907228378e-18,9.931950632176750338e-01,1.016709869291866575e+00
0.000000000000000000e+00,0.000000000000000000e+00,0.000000000000000000e+00,1.000000000000000000e+00
7.022949642422199323e-01,7.071067811865474617e-01,8.235158286286461959e-02,-1.012807988566037515e-01
-7.022949642422195993e-01,7.071067811865476838e-01,-8.235158286286459184e-02,1.012807988566037098e-01
-1.164627253675548924e-01,6.938893903907228378e-18,9.931950632176750338e-01,1.016795560929260933e+00
0.000000000000000000e+00,0.000000000000000000e+00,0.000000000000000000e+00,1.000000000000000000e+00
7.022949642422199323e-01,7.071067811865474617e-01,8.235158286286461959e-02,-1.017975376262802989e-01
-7.022949642422195993e-01,7.071067811865476838e-01,-8.235158286286459184e-02,1.017975376262802989e-01
-1.164627253675548924e-01,6.938893903907228378e-18,9.931950632176750338e-01,1.016881252566654847e+00
0.000000000000000000e+00,0.000000000000000000e+00,0.000000000000000000e+00,1.000000000000000000e+00
7.022949642422199323e-01,7.071067811865474617e-01,8.235158286286461959e-02,-1.023142763959568602e-01
-7.022949642422195993e-01,7.071067811865476838e-01,-8.235158286286459184e-02,1.023142763959568324e-01
-1.164627253675548924e-01,6.938893903907228378e-18,9.931950632176750338e-01,1.016966944204049206e+00
0.000000000000000000e+00,0.000000000000000000e+00,0.000000000000000000e+00,1.000000000000000000e+00
7.022949642422199323e-01,7.071067811865474617e-01,8.235158286286461959e-02,-1.028310151656334076e-01
-7.022949642422195993e-01,7.071067811865476838e-01,-8.235158286286459184e-02,1.028310151656333660e-01
-1.164627253675548924e-01,6.938893903907228378e-18,9.931950632176750338e-01,1.017052635841443564e+00
0.000000000000000000e+00,0.000000000000000000e+00,0.000000000000000000e+00,1.000000000000000000e+00
7.022949642422199323e-01,7.071067811865474617e-01,8.235158286286461959e-02,-1.033477539353099828e-01
-7.022949642422195993e-01,7.071067811865476838e-01,-8.235158286286459184e-02,1.033477539353099550e-01
-1.164627253675548924e-01,6.938893903907228378e-18,9.931950632176750338e-01,1.017138327478837478e+00
0.000000000000000000e+00,0.000000000000000000e+00,0.000000000000000000e+00,1.000000000000000000e+00
7.022949642422199323e-01,7.071067811865474617e-01,8.235158286286461959e-02,-1.038644927049864747e-01
-7.022949642422195993e-01,7.071067811865476838e-01,-8.235158286286459184e-02,1.038644927049864747e-01
-1.164627253675548924e-01,6.938893903907228378e-18,9.931950632176750338e-01,1.017224019116231837e+00
0.000000000000000000e+00,0.000000000000000000e+00,0.000000000000000000e+00,1.000000000000000000e+00
7.022949642422199323e-01,7.071067811865474617e-01,8.235158286286461959e-02,-1.043812314746630360e-01
-7.022949642422195993e-01,7.071067811865476838e-01,-8.235158286286459184e-02,1.043812314746630221e-01
-1.164627253675548924e-01,6.938893903907228378e-18,9.931950632176750338e-01,1.017309710753626195e+00
0.000000000000000000e+00,0.000000000000000000e+00,0.000000000000000000e+00,1.000000000000000000e+00
7.022949642422199323e-01,7.071067811865474617e-01,8.235158286286461959e-02,-1.048979702443396389e-01
-7.022949642422195993e-01,7.071067811865476838e-01,-8.235158286286459184e-02,1.048979702443395973e-01
-1.164627253675548924e-01,6.938893903907228378e-18,9.931950632176750338e-01,1.017395402391020109e+00
0.000000000000000000e+00,0.000000000000000000e+00,0.000000000000000000e+00,1.000000000000000000e+00
7.022949642422199323e-01,7.071067811865474617e-01,8.235158286286461959e-02,-1.054147090140161586e-01
-7.022949642422195993e-01,7.071067811865476838e-01,-8.235158286286459184e-02,1.054147090140161308e-01
-1.164627253675548924e-01,6.938893903907228378e-18,9.931950632176750338e-01,1.017481094028414468e+00
0.000000000000000000e+00,0.000000000000000000e+00,0.000000000000000000e+00,1.000000000000000000e+00
7.022949642422199323e-01,7.071067811865474617e-01,8.235158286286461959e-02,-1.059314477836926782e-01
-7.022949642422195993e-01,7.071067811865476838e-01,-8.235158286286459184e-02,1.059314477836926782e-01
-1.164627253675548924e-01,6.938893903907228378e-18,9.931950632176750338e-01,1.017566785665808604e+00
0.000000000000000000e+00,0.000000000000000000e+00,0.000000000000000000e+00,1.000000000000000000e+00
7.022949642422199323e-01,7.071067811865474617e-01,8.235158286286461959e-02,-1.064481865533692395e-01
-7.022949642422195993e-01,7.071067811865476838e-01,-8.235158286286459184e-02,1.064481865533692256e-01
-1.164627253675548924e-01,6.938893903907228378e-18,9.931950632176750338e-01,1.017652477303202740e+00
0.000000000000000000e+00,0.000000000000000000e+00,0.000000000000000000e+00,1.000000000000000000e+00
7.022949642422199323e-01,7.071067811865474617e-01,8.235158286286461959e-02,-1.069649253230458147e-01
-7.022949642422195993e-01,7.071067811865476838e-01,-8.235158286286459184e-02,1.069649253230457731e-01
-1.164627253675548924e-01,6.938893903907228378e-18,9.931950632176750338e-01,1.017738168940596877e+00
0.000000000000000000e+00,0.000000000000000000e+00,0.000000000000000000e+00,1.000000000000000000e+00
7.022949642422199323e-01,7.071067811865474617e-01,8.235158286286461959e-02,-1.074816640927223621e-01
-7.022949642422195993e-01,7.071067811865476838e-01,-8.235158286286459184e-02,1.074816640927223205e-01
-1.164627253675548924e-01,6.938893903907228378e-18,9.931950632176750338e-01,1.017823860577991013e+00
0.000000000000000000e+00,0.000000000000000000e+00,0.000000000000000000e+00,1.000000000000000000e+00
7.022949642422199323e-01,7.071067811865474617e-01,8.235158286286461959e-02,-1.079984028623988818e-01
-7.022949642422195993e-01,7.071067811865476838e-01,-8.235158286286459184e-02,1.079984028623988818e-01
-1.164627253675548924e-01,6.938893903907228378e-18,9.931950632176750338e-01,1.017909552215385371e+00
0.000000000000000000e+00,0.000000000000000000e+00,0.000000000000000000e+00,1.000000000000000000e+00
7.022949642422199323e-01,7.071067811865474617e-01,8.235158286286461959e-02,-1.085151416320754292e-01
-7.022949642422195993e-01,7.071067811865476838e-01,-8.235158286286459184e-02,1.085151416320754014e-01
-1.164627253675548924e-01,6.938893903907228378e-18,9.931950632176750338e-01,1.017995243852779508e+00
0.000000000000000000e+00,0.000000000000000000e+00,0.000000000000000000e+00,1.000000000000000000e+00
7.022949642422199323e-01,7.071067811865474617e-01,8.235158286286461959e-02,-1.090318804017520182e-01
-7.022949642422195993e-01,7.071067811865476838e-01,-8.235158286286459184e-02,1.090318804017519627e-01
-1.164627253675548924e-01,6.938893903907228378e-18,9.931950632176750338e-01,1.018080935490173644e+00
0.000000000000000000e+00,0.000000000000000000e+00,0.000000000000000000e+00,1.000000000000000000e+00
7.022949642422199323e-01,7.071067811865474617e-01,8.235158286286461959e-02,-1.095486191714285379e-01
-7.022949642422195993e-01,7.071067811865476838e-01,-8.235158286286459184e-02,1.095486191714284963e-01
-1.164627253675548924e-01,6.938893903907228378e-18,9.931950632176750338e-01,1.018166627127568002e+00
0.000000000000000000e+00,0.000000000000000000e+00,0.000000000000000000e+00,1.000000000000000000e+00
7.022949642422199323e-01,7.071067811865474617e-01,8.235158286286461959e-02,-1.100653579411051131e-01
-7.022949642422195993e-01,7.071067811865476838e-01,-8.235158286286459184e-02,1.100653579411050853e-01
-1.164627253675548924e-01,6.938893903907228378e-18,9.931950632176750338e-01,1.018252318764961917e+00
0.000000000000000000e+00,0.000000000000000000e+00,0.000000000000000000e+00,1.000000000000000000e+00
7.022949642422199323e-01,7.071067811865474617e-01,8.235158286286461959e-02,-1.105820967107816466e-01
-7.022949642422195993e-01,7.071067811865476838e-01,-8.235158286286459184e-02,1.105820967107816188e-01
-1.164627253675548924e-01,6.938893903907228378e-18,9.931950632176750338e-01,1.018338010402356053e+00
0.000000000000000000e+00,0.000000000000000000e+00,0.000000000000000000e+00,1.000000000000000000e+00
7.022949642422199323e-01,7.071067811865474617e-01,8.235158286286461959e-02,-1.110988354804582079e-01
-7.022949642422195993e-01,7.071067811865476838e-01,-8.235158286286459184e-02,1.110988354804581524e-01
-1.164627253675548924e-01,6.938893903907228378e-18,9.931950632176750338e-01,1.018423702039750411e+00
0.000000000000000000e+00,0.000000000000000000e+00,0.000000000000000000e+00,1.000000000000000000e+00
7.022949642422199323e-01,7.071067811865474617e-01,8.235158286286461959e-02,-1.116155742501347414e-01
-7.022949642422195993e-01,7.071067811865476838e-01,-8.235158286286459184e-02,1.116155742501347137e-01
-1.164627253675548924e-01,6.938893903907228378e-18,9.931950632176750338e-01,1.018509393677144548e+00
0.000000000000000000e+00,0.000000000000000000e+00,0.000000000000000000e+00,1.000000000000000000e+00
7.022949642422199323e-01,7.071067811865474617e-01,8.235158286286461959e-02,-1.121323130198112750e-01
-7.022949642422195993e-01,7.071067811865476838e-01,-8.235158286286459184e-02,1.121323130198112611e-01
-1.164627253675548924e-01,6.938893903907228378e-18,9.931950632176750338e-01,1.018595085314538906e+00
0.000000000000000000e+00,0.000000000000000000e+00,0.000000000000000000e+00,1.000000000000000000e+00
7.022949642422199323e-01,7.071067811865474617e-01,8.235158286286461959e-02,-1.126490517894878085e-01
-7.022949642422195993e-01,7.071067811865476838e-01,-8.235158286286459184e-02,1.126490517894877946e-01
-1.164627253675548924e-01,6.938893903907228378e-18,9.931950632176750338e-01,1.018680776951932820e+00
0.000000000000000000e+00,0.000000000000000000e+00,0.000000000000000000e+00,1.000000000000000000e+00
7.022949642422199323e-01,7.071067811865474617e-01,8.235158286286461959e-02,-1.131657905591643976e-01
-7.022949642422195993e-01,7.071067811865476838e-01,-8.235158286286459184e-02,1.131657905591643698e-01
-1.164627253675548924e-01,6.938893903907228378e-18,9.931950632176750338e-01,1.018766468589327179e+00
0.000000000000000000e+00,0.000000000000000000e+00,0.000000000000000000e+00,1.000000000000000000e+00
7.022949642422199323e-01,7.071067811865474617e-01,8.235158286286461959e-02,-1.136825293288408895e-01
-7.022949642422195993e-01,7.071067811865476838e-01,-8.235158286286459184e-02,1.136825293288409033e-01
-1.164627253675548924e-01,6.938893903907228378e-18,9.931950632176750338e-01,1.018852160226721537e+00
0.000000000000000000e+00,0.000000000000000000e+00,0.000000000000000000e+00,1.000000000000000000e+00
7.022949642422199323e-01,7.071067811865474617e-01,8.235158286286461959e-02,-1.141992680985174646e-01
-7.022949642422195993e-01,7.071067811865476838e-01,-8.235158286286459184e-02,1.141992680985174369e-01
-1.164627253675548924e-01,6.938893903907228378e-18,9.931950632176750338e-01,1.018937851864115451e+00
0.000000000000000000e+00,0.000000000000000000e+00,0.000000000000000000e+00,1.000000000000000000e+00
7.022949642422199323e-01,7.071067811865474617e-01,8.235158286286461959e-02,-1.147160068681940398e-01
-7.022949642422195993e-01,7.071067811865476838e-01,-8.235158286286459184e-02,1.147160068681940259e-01
-1.164627253675548924e-01,6.938893903907228378e-18,9.931950632176750338e-01,1.019023543501509810e+00
0.000000000000000000e+00,0.000000000000000000e+00,0.000000000000000000e+00,1.000000000000000000e+00
7.022949642422199323e-01,7.071067811865474617e-01,8.235158286286461959e-02,-1.152327456378705595e-01
-7.022949642422195993e-01,7.071067811865476838e-01,-8.235158286286459184e-02,1.152327456378705595e-01
-1.164627253675548924e-01,6.938893903907228378e-18,9.931950632176750338e-01,1.019109235138903724e+00
0.000000000000000000e+00,0.000000000000000000e+00,0.000000000000000000e+00,1.000000000000000000e+00
7.022949642422199323e-01,7.071067811865474617e-01,8.235158286286461959e-02,-1.157494844075470930e-01
-7.022949642422195993e-01,7.071067811865476838e-01,-8.235158286286459184e-02,1.157494844075470930e-01
-1.164627253675548924e-01,6.938893903907228378e-18,9.931950632176750338e-01,1.019194926776298304e+00
0.000000000000000000e+00,0.000000000000000000e+00,0.000000000000000000e+00,1.000000000000000000e+00
7.022949642422199323e-01,7.071067811865474617e-01,8.235158286286461959e-02,-1.162662231772236959e-01
-7.022949642422195993e-01,7.071067811865476838e-01,-8.235158286286459184e-02,1.162662231772236821e-01
-1.164627253675548924e-01,6.938893903907228378e-18,9.931950632176750338e-01,1.019280618413692441e+00
0.000000000000000000e+00,0.000000000000000000e+00,0.000000000000000000e+00,1.000000000000000000e+00
7.022949642422199323e-01,7.071067811865474617e-01,8.235158286286461959e-02,-1.167829619469002156e-01
-7.022949642422195993e-01,7.071067811865476838e-01,-8.235158286286459184e-02,1.167829619469002017e-01
-1.164627253675548924e-01,6.938893903907228378e-18,9.931950632176750338e-01,1.019366310051086355e+00
0.000000000000000000e+00,0.000000000000000000e+00,0.000000000000000000e+00,1.000000000000000000e+00
7.022949642422199323e-01,7.071067811865474617e-01,8.235158286286461959e-02,-1.172997007165767491e-01
-7.022949642422195993e-01,7.071067811865476838e-01,-8.235158286286459184e-02,1.172997007165767491e-01
-1.164627253675548924e-01,6.938893903907228378e-18,9.931950632176750338e-01,1.019452001688480713e+00
0.000000000000000000e+00,0.000000000000000000e+00,0.000000000000000000e+00,1.000000000000000000e+00
7.022949642422199323e-01,7.071067811865474617e-01,8.235158286286461959e-02,-1.178164394862533243e-01
-7.022949642422195993e-01,7.071067811865476838e-01,-8.235158286286459184e-02,1.178164394862533104e-01
-1.164627253675548924e-01,6.938893903907228378e-18,9.931950632176750338e-01,1.019537693325875072e+00
0.000000000000000000e+00,0.000000000000000000e+00,0.000000000000000000e+00,1.000000000000000000e+00
7.022949642422199323e-01,7.071067811865474617e-01,8.235158286286461959e-02,-1.183331782559298440e-01
-7.022949642422195993e-01,7.071067811865476838e-01,-8.235158286286459184e-02,1.183331782559298440e-01
-1.164627253675548924e-01,6.938893903907228378e-18,9.931950632176750338e-01,1.019623384963268986e+00
0.000000000000000000e+00,0.000000000000000000e+00,0.000000000000000000e+00,1.000000000000000000e+00
7.022949642422199323e-01,7.071067811865474617e-01,8.235158286286461959e-02,-1.188499170256064330e-01
-7.022949642422195993e-01,7.071067811865476838e-01,-8.235158286286459184e-02,1.188499170256063914e-01
-1.164627253675548924e-01,6.938893903907228378e-18,9.931950632176750338e-01,1.019709076600663344e+00
0.000000000000000000e+00,0.000000000000000000e+00,0.000000000000000000e+00,1.000000000000000000e+00
7.022949642422199323e-01,7.071067811865474617e-01,8.235158286286461959e-02,-1.193666557952829665e-01
-7.022949642422195993e-01,7.071067811865476838e-01,-8.235158286286459184e-02,1.193666557952829665e-01
-1.164627253675548924e-01,6.938893903907228378e-18,9.931950632176750338e-01,1.019794768238057481e+00
0.000000000000000000e+00,0.000000000000000000e+00,0.000000000000000000e+00,1.000000000000000000e+00
7.022949642422199323e-01,7.071067811865474617e-01,8.235158286286461959e-02,-1.198833945649595278e-01
-7.022949642422195993e-01,7.071067811865476838e-01,-8.235158286286459184e-02,1.198833945649595140e-01
-1.164627253675548924e-01,6.938893903907228378e-18,9.931950632176750338e-01,1.019880459875451617e+00
0.000000000000000000e+00,0.000000000000000000e+00,0.000000000000000000e+00,1.000000000000000000e+00
7.022949642422199323e-01,7.071067811865474617e-01,8.235158286286461959e-02,-1.204001333346360614e-01
-7.022949642422195993e-01,7.071067811865476838e-01,-8.235158286286459184e-02,1.204001333346360753e-01
-1.164627253675548924e-01,6.938893903907228378e-18,9.931950632176750338e-01,1.019966151512845975e+00
0.000000000000000000e+00,0.000000000000000000e+00,0.000000000000000000e+00,1.000000000000000000e+00
7.022949642422199323e-01,7.071067811865474617e-01,8.235158286286461959e-02,-1.209168721043126227e-01
-7.022949642422195993e-01,7.071067811865476838e-01,-8.235158286286459184e-02,1.209168721043125949e-01
-1.164627253675548924e-01,6.938893903907228378e-18,9.931950632176750338e-01,1.020051843150239890e+00
0.000000000000000000e+00,0.000000000000000000e+00,0.000000000000000000e+00,1.000000000000000000e+00
7.022949642422199323e-01,7.071067811865474617e-01,8.235158286286461959e-02,-1.214336108739891701e-01
-7.022949642422195993e-01,7.071067811865476838e-01,-8.235158286286459184e-02,1.214336108739891701e-01
-1.164627253675548924e-01,6.938893903907228378e-18,9.931950632176750338e-01,1.020137534787634248e+00
0.000000000000000000e+00,0.000000000000000000e+00,0.000000000000000000e+00,1.000000000000000000e+00
7.022949642422199323e-01,7.071067811865474617e-01,8.235158286286461959e-02,-1.219503496436657175e-01
-7.022949642422195993e-01,7.071067811865476838e-01,-8.235158286286459184e-02,1.219503496436657175e-01
-1.164627253675548924e-01,6.938893903907228378e-18,9.931950632176750338e-01,1.020223226425028384e+00
0.000000000000000000e+00,0.000000000000000000e+00,0.000000000000000000e+00,1.000000000000000000e+00
7.022949642422199323e-01,7.071067811865474617e-01,8.235158286286461959e-02,-1.224670884133422788e-01
-7.022949642422195993e-01,7.071067811865476838e-01,-8.235158286286459184e-02,1.224670884133422510e-01
-1.164627253675548924e-01,6.938893903907228378e-18,9.931950632176750338e-01,1.020308918062422521e+00
0.000000000000000000e+00,0.000000000000000000e+00,0.000000000000000000e+00,1.000000000000000000e+00
7.022949642422199323e-01,7.071067811865474617e-01,8.235158286286461959e-02,-1.229838271830187985e-01
-7.022949642422195993e-01,7.071067811865476838e-01,-8.235158286286459184e-02,1.229838271830188262e-01
-1.164627253675548924e-01,6.938893903907228378e-18,9.931950632176750338e-01,1.020394609699816879e+00
0.000000000000000000e+00,0.000000000000000000e+00,0.000000000000000000e+00,1.000000000000000000e+00
7.022949642422199323e-01,7.071067811865474617e-01,8.235158286286461959e-02,-1.235005659526953736e-01
-7.022949642422195993e-01,7.071067811865476838e-01,-8.235158286286459184e-02,1.235005659526953736e-01
-1.164627253675548924e-01,6.938893903907228378e-18,9.931950632176750338e-01,1.020480301337210793e+00
0.000000000000000000e+00,0.000000000000000000e+00,0.000000000000000000e+00,1.000000000000000000e+00
7.022949642422199323e-01,7.071067811865474617e-01,8.235158286286461959e-02,-1.240173047223719349e-01
-7.022949642422195993e-01,7.071067811865476838e-01,-8.235158286286459184e-02,1.240173047223719072e-01
-1.164627253675548924e-01,6.938893903907228378e-18,9.931950632176750338e-01,1.020565992974605152e+00
0.000000000000000000e+00,0.000000000000000000e+00,0.000000000000000000e+00,1.000000000000000000e+00
7.022949642422199323e-01,7.071067811865474617e-01,8.235158286286461959e-02,-1.245340434920484823e-01
-7.022949642422195993e-01,7.071067811865476838e-01,-8.235158286286459184e-02,1.245340434920484823e-01
-1.164627253675548924e-01,6.938893903907228378e-18,9.931950632176750338e-01,1.020651684611999288e+00
0.000000000000000000e+00,0.000000000000000000e+00,0.000000000000000000e+00,1.000000000000000000e+00
7.022949642422199323e-01,7.071067811865474617e-01,8.235158286286461959e-02,-1.250507822617250020e-01
-7.022949642422195993e-01,7.071067811865476838e-01,-8.235158286286459184e-02,1.250507822617250020e-01
-1.164627253675548924e-01,6.938893903907228378e-18,9.931950632176750338e-01,1.020737376249393424e+00
0.000000000000000000e+00,0.000000000000000000e+00,0.000000000000000000e+00,1.000000000000000000e+00
7.022949642422199323e-01,7.071067811865474617e-01,8.235158286286461959e-02,-1.255675210314015910e-01
-7.022949642422195993e-01,7.071067811865476838e-01,-8.235158286286459184e-02,1.255675210314015633e-01
-1.164627253675548924e-01,6.938893903907228378e-18,9.931950632176750338e-01,1.020823067886787783e+00
0.000000000000000000e+00,0.000000000000000000e+00,0.000000000000000000e+00,1.000000000000000000e+00
7.022949642422199323e-01,7.071067811865474617e-01,8.235158286286461959e-02,-1.260842598010781523e-01
-7.022949642422195993e-01,7.071067811865476838e-01,-8.235158286286459184e-02,1.260842598010781246e-01
-1.164627253675548924e-01,6.938893903907228378e-18,9.931950632176750338e-01,1.020908759524181919e+00
0.000000000000000000e+00,0.000000000000000000e+00,0.000000000000000000e+00,1.000000000000000000e+00
7.022949642422199323e-01,7.071067811865474617e-01,8.235158286286461959e-02,-1.266009985707546581e-01
-7.022949642422195993e-01,7.071067811865476838e-01,-8.235158286286459184e-02,1.266009985707546581e-01
-1.164627253675548924e-01,6.938893903907228378e-18,9.931950632176750338e-01,1.020994451161576055e+00
0.000000000000000000e+00,0.000000000000000000e+00,0.000000000000000000e+00,1.000000000000000000e+00
7.022949642422199323e-01,7.071067811865474617e-01,8.235158286286461959e-02,-1.271177373404311917e-01
-7.022949642422195993e-01,7.071067811865476838e-01,-8.235158286286459184e-02,1.271177373404311917e-01
-1.164627253675548924e-01,6.938893903907228378e-18,9.931950632176750338e-01,1.021080142798970414e+00
0.000000000000000000e+00,0.000000000000000000e+00,0.000000000000000000e+00,1.000000000000000000e+00
7.022949642422199323e-01,7.071067811865474617e-01,8.235158286286461959e-02,-1.276344761101077530e-01
-7.022949642422195993e-01,7.071067811865476838e-01,-8.235158286286459184e-02,1.276344761101077530e-01
-1.164627253675548924e-01,6.938893903907228378e-18,9.931950632176750338e-01,1.021165834436364550e+00
0.000000000000000000e+00,0.000000000000000000e+00,0.000000000000000000e+00,1.000000000000000000e+00
7.022949642422199323e-01,7.071067811865474617e-01,8.235158286286461959e-02,-1.281512148797843142e-01
-7.022949642422195993e-01,7.071067811865476838e-01,-8.235158286286459184e-02,1.281512148797843142e-01
-1.164627253675548924e-01,6.938893903907228378e-18,9.931950632176750338e-01,1.021251526073758686e+00
0.000000000000000000e+00,0.000000000000000000e+00,0.000000000000000000e+00,1.000000000000000000e+00
7.022949642422199323e-01,7.071067811865474617e-01,8.235158286286461959e-02,-1.286679536494608755e-01
-7.022949642422195993e-01,7.071067811865476838e-01,-8.235158286286459184e-02,1.286679536494608755e-01
-1.164627253675548924e-01,6.938893903907228378e-18,9.931950632176750338e-01,1.021337217711152601e+00
0.000000000000000000e+00,0.000000000000000000e+00,0.000000000000000000e+00,1.000000000000000000e+00
7.022949642422199323e-01,7.071067811865474617e-01,8.235158286286461959e-02,-1.291846924191374091e-01
-7.022949642422195993e-01,7.071067811865476838e-01,-8.235158286286459184e-02,1.291846924191374091e-01
-1.164627253675548924e-01,6.938893903907228378e-18,9.931950632176750338e-01,1.021422909348546959e+00
0.000000000000000000e+00,0.000000000000000000e+00,0.000000000000000000e+00,1.000000000000000000e+00
7.022949642422199323e-01,7.071067811865474617e-01,8.235158286286461959e-02,-1.297014311888139704e-01
-7.022949642422195993e-01,7.071067811865476838e-01,-8.235158286286459184e-02,1.297014311888139426e-01
-1.164627253675548924e-01,6.938893903907228378e-18,9.931950632176750338e-01,1.021508600985941317e+00
0.000000000000000000e+00,0.000000000000000000e+00,0.000000000000000000e+00,1.000000000000000000e+00
7.022949642422199323e-01,7.071067811865474617e-01,8.235158286286461959e-02,-1.302181699584905039e-01
-7.022949642422195993e-01,7.071067811865476838e-01,-8.235158286286459184e-02,1.302181699584905039e-01
-1.164627253675548924e-01,6.938893903907228378e-18,9.931950632176750338e-01,1.021594292623335232e+00
0.000000000000000000e+00,0.000000000000000000e+00,0.000000000000000000e+00,1.000000000000000000e+00
7.022949642422199323e-01,7.071067811865474617e-01,8.235158286286461959e-02,-1.307349087281670652e-01
-7.022949642422195993e-01,7.071067811865476838e-01,-8.235158286286459184e-02,1.307349087281670652e-01
-1.164627253675548924e-01,6.938893903907228378e-18,9.931950632176750338e-01,1.021679984260729590e+00
0.000000000000000000e+00,0.000000000000000000e+00,0.000000000000000000e+00,1.000000000000000000e+00
7.022949642422199323e-01,7.071067811865474617e-01,8.235158286286461959e-02,-1.312516474978436265e-01
-7.022949642422195993e-01,7.071067811865476838e-01,-8.235158286286459184e-02,1.312516474978436265e-01
-1.164627253675548924e-01,6.938893903907228378e-18,9.931950632176750338e-01,1.021765675898123948e+00
0.000000000000000000e+00,0.000000000000000000e+00,0.000000000000000000e+00,1.000000000000000000e+00
7.022949642422199323e-01,7.071067811865474617e-01,8.235158286286461959e-02,-1.317683862675201600e-01
-7.022949642422195993e-01,7.071067811865476838e-01,-8.235158286286459184e-02,1.317683862675201600e-01
-1.164627253675548924e-01,6.938893903907228378e-18,9.931950632176750338e-01,1.021851367535517863e+00
0.000000000000000000e+00,0.000000000000000000e+00,0.000000000000000000e+00,1.000000000000000000e+00
7.022949642422199323e-01,7.071067811865474617e-01,8.235158286286461959e-02,-1.322851250371966936e-01
-7.022949642422195993e-01,7.071067811865476838e-01,-8.235158286286459184e-02,1.322851250371966936e-01
-1.164627253675548924e-01,6.938893903907228378e-18,9.931950632176750338e-01,1.021937059172912221e+00
0.000000000000000000e+00,0.000000000000000000e+00,0.000000000000000000e+00,1.000000000000000000e+00
7.022949642422199323e-01,7.071067811865474617e-01,8.235158286286461959e-02,-1.328018638068732549e-01
-7.022949642422195993e-01,7.071067811865476838e-01,-8.235158286286459184e-02,1.328018638068732549e-01
-1.164627253675548924e-01,6.938893903907228378e-18,9.931950632176750338e-01,1.022022750810306357e+00
0.000000000000000000e+00,0.000000000000000000e+00,0.000000000000000000e+00,1.000000000000000000e+00
7.022949642422199323e-01,7.071067811865474617e-01,8.235158286286461959e-02,-1.333186025765498162e-01
-7.022949642422195993e-01,7.071067811865476838e-01,-8.235158286286459184e-02,1.333186025765497884e-01
-1.164627253675548924e-01,6.938893903907228378e-18,9.931950632176750338e-01,1.022108442447700494e+00
0.000000000000000000e+00,0.000000000000000000e+00,0.000000000000000000e+00,1.000000000000000000e+00
7.022949642422199323e-01,7.071067811865474617e-01,8.235158286286461959e-02,-1.338353413462263775e-01
-7.022949642422195993e-01,7.071067811865476838e-01,-8.235158286286459184e-02,1.338353413462263219e-01
-1.164627253675548924e-01,6.938893903907228378e-18,9.931950632176750338e-01,1.022194134085094852e+00
0.000000000000000000e+00,0.000000000000000000e+00,0.000000000000000000e+00,1.000000000000000000e+00
7.022949642422199323e-01,7.071067811865474617e-01,8.235158286286461959e-02,-1.343520801159028832e-01
-7.022949642422195993e-01,7.071067811865476838e-01,-8.235158286286459184e-02,1.343520801159029110e-01
-1.164627253675548924e-01,6.938893903907228378e-18,9.931950632176750338e-01,1.022279825722488766e+00
0.000000000000000000e+00,0.000000000000000000e+00,0.000000000000000000e+00,1.000000000000000000e+00
7.022949642422199323e-01,7.071067811865474617e-01,8.235158286286461959e-02,-1.348688188855794445e-01
-7.022949642422195993e-01,7.071067811865476838e-01,-8.235158286286459184e-02,1.348688188855794445e-01
-1.164627253675548924e-01,6.938893903907228378e-18,9.931950632176750338e-01,1.022365517359883125e+00
0.000000000000000000e+00,0.000000000000000000e+00,0.000000000000000000e+00,1.000000000000000000e+00
7.022949642422199323e-01,7.071067811865474617e-01,8.235158286286461959e-02,-1.353855576552560336e-01
-7.022949642422195993e-01,7.071067811865476838e-01,-8.235158286286459184e-02,1.353855576552560058e-01
-1.164627253675548924e-01,6.938893903907228378e-18,9.931950632176750338e-01,1.022451208997277039e+00
0.000000000000000000e+00,0.000000000000000000e+00,0.000000000000000000e+00,1.000000000000000000e+00
7.022949642422199323e-01,7.071067811865474617e-01,8.235158286286461959e-02,-1.359022964249325671e-01
-7.022949642422195993e-01,7.071067811865476838e-01,-8.235158286286459184e-02,1.359022964249325671e-01
-1.164627253675548924e-01,6.938893903907228378e-18,9.931950632176750338e-01,1.022536900634671397e+00
0.000000000000000000e+00,0.000000000000000000e+00,0.000000000000000000e+00,1.000000000000000000e+00
7.022949642422199323e-01,7.071067811865474617e-01,8.235158286286461959e-02,-1.364190351946091007e-01
-7.022949642422195993e-01,7.071067811865476838e-01,-8.235158286286459184e-02,1.364190351946090729e-01
-1.164627253675548924e-01,6.938893903907228378e-18,9.931950632176750338e-01,1.022622592272065756e+00
0.000000000000000000e+00,0.000000000000000000e+00,0.000000000000000000e+00,1.000000000000000000e+00
7.022949642422199323e-01,7.071067811865474617e-01,8.235158286286461959e-02,-1.369357739642856342e-01
-7.022949642422195993e-01,7.071067811865476838e-01,-8.235158286286459184e-02,1.369357739642856342e-01
-1.164627253675548924e-01,6.938893903907228378e-18,9.931950632176750338e-01,1.022708283909459670e+00
0.000000000000000000e+00,0.000000000000000000e+00,0.000000000000000000e+00,1.000000000000000000e+00
7.022949642422199323e-01,7.071067811865474617e-01,8.235158286286461959e-02,-1.374525127339622232e-01
-7.022949642422195993e-01,7.071067811865476838e-01,-8.235158286286459184e-02,1.374525127339621955e-01
-1.164627253675548924e-01,6.938893903907228378e-18,9.931950632176750338e-01,1.022793975546854028e+00
0.000000000000000000e+00,0.000000000000000000e+00,0.000000000000000000e+00,1.000000000000000000e+00
7.022949642422199323e-01,7.071067811865474617e-01,8.235158286286461959e-02,-1.379692515036387568e-01
-7.022949642422195993e-01,7.071067811865476838e-01,-8.235158286286459184e-02,1.379692515036387568e-01
-1.164627253675548924e-01,6.938893903907228378e-18,9.931950632176750338e-01,1.022879667184248387e+00
0.000000000000000000e+00,0.000000000000000000e+00,0.000000000000000000e+00,1.000000000000000000e+00
7.022949642422199323e-01,7.071067811865474617e-01,8.235158286286461959e-02,-1.384859902733152903e-01
-7.022949642422195993e-01,7.071067811865476838e-01,-8.235158286286459184e-02,1.384859902733153181e-01
-1.164627253675548924e-01,6.938893903907228378e-18,9.931950632176750338e-01,1.022965358821642301e+00
0.000000000000000000e+00,0.000000000000000000e+00,0.000000000000000000e+00,1.000000000000000000e+00
7.022949642422199323e-01,7.071067811865474617e-01,8.235158286286461959e-02,-1.390027290429918794e-01
-7.022949642422195993e-01,7.071067811865476838e-01,-8.235158286286459184e-02,1.390027290429918516e-01
-1.164627253675548924e-01,6.938893903907228378e-18,9.931950632176750338e-01,1.023051050459036659e+00
0.000000000000000000e+00,0.000000000000000000e+00,0.000000000000000000e+00,1.000000000000000000e+00
7.022949642422199323e-01,7.071067811865474617e-01,8.235158286286461959e-02,-1.395194678126684407e-01
-7.022949642422195993e-01,7.071067811865476838e-01,-8.235158286286459184e-02,1.395194678126683852e-01
-1.164627253675548924e-01,6.938893903907228378e-18,9.931950632176750338e-01,1.023136742096430796e+00
0.000000000000000000e+00,0.000000000000000000e+00,0.000000000000000000e+00,1.000000000000000000e+00
7.022949642422199323e-01,7.071067811865474617e-01,8.235158286286461959e-02,-1.400362065823449464e-01
-7.022949642422195993e-01,7.071067811865476838e-01,-8.235158286286459184e-02,1.400362065823449464e-01
-1.164627253675548924e-01,6.938893903907228378e-18,9.931950632176750338e-01,1.023222433733824932e+00
0.000000000000000000e+00,0.000000000000000000e+00,0.000000000000000000e+00,1.000000000000000000e+00
7.022949642422199323e-01,7.071067811865474617e-01,8.235158286286461959e-02,-1.405529453520215077e-01
-7.022949642422195993e-01,7.071067811865476838e-01,-8.235158286286459184e-02,1.405529453520214800e-01
-1.164627253675548924e-01,6.938893903907228378e-18,9.931950632176750338e-01,1.023308125371219290e+00
0.000000000000000000e+00,0.000000000000000000e+00,0.000000000000000000e+00,1.000000000000000000e+00
7.022949642422199323e-01,7.071067811865474617e-01,8.235158286286461959e-02,-1.410696841216980690e-01
-7.022949642422195993e-01,7.071067811865476838e-01,-8.235158286286459184e-02,1.410696841216980413e-01
-1.164627253675548924e-01,6.938893903907228378e-18,9.931950632176750338e-01,1.023393817008613205e+00
0.000000000000000000e+00,0.000000000000000000e+00,0.000000000000000000e+00,1.000000000000000000e+00
7.022949642422199323e-01,7.071067811865474617e-01,8.235158286286461959e-02,-1.415864228913746026e-01
-7.022949642422195993e-01,7.071067811865476838e-01,-8.235158286286459184e-02,1.415864228913746026e-01
-1.164627253675548924e-01,6.938893903907228378e-18,9.931950632176750338e-01,1.023479508646007563e+00
0.000000000000000000e+00,0.000000000000000000e+00,0.000000000000000000e+00,1.000000000000000000e+00
7.022949642422199323e-01,7.071067811865474617e-01,8.235158286286461959e-02,-1.421031616610511639e-01
-7.022949642422195993e-01,7.071067811865476838e-01,-8.235158286286459184e-02,1.421031616610511361e-01
-1.164627253675548924e-01,6.938893903907228378e-18,9.931950632176750338e-01,1.023565200283401477e+00
0.000000000000000000e+00,0.000000000000000000e+00,0.000000000000000000e+00,1.000000000000000000e+00
7.022949642422199323e-01,7.071067811865474617e-01,8.235158286286461959e-02,-1.426199004307276974e-01
-7.022949642422195993e-01,7.071067811865476838e-01,-8.235158286286459184e-02,1.426199004307276974e-01
-1.164627253675548924e-01,6.938893903907228378e-18,9.931950632176750338e-01,1.023650891920795836e+00
0.000000000000000000e+00,0.000000000000000000e+00,0.000000000000000000e+00,1.000000000000000000e+00
7.022949642422199323e-01,7.071067811865474617e-01,8.235158286286461959e-02,-1.431366392004042587e-01
-7.022949642422195993e-01,7.071067811865476838e-01,-8.235158286286459184e-02,1.431366392004042032e-01
-1.164627253675548924e-01,6.938893903907228378e-18,9.931950632176750338e-01,1.023736583558190194e+00
0.000000000000000000e+00,0.000000000000000000e+00,0.000000000000000000e+00,1.000000000000000000e+00
7.022949642422199323e-01,7.071067811865474617e-01,8.235158286286461959e-02,-1.436533779700807922e-01
-7.022949642422195993e-01,7.071067811865476838e-01,-8.235158286286459184e-02,1.436533779700807645e-01
-1.164627253675548924e-01,6.938893903907228378e-18,9.931950632176750338e-01,1.023822275195584108e+00
0.000000000000000000e+00,0.000000000000000000e+00,0.000000000000000000e+00,1.000000000000000000e+00
7.022949642422199323e-01,7.071067811865474617e-01,8.235158286286461959e-02,-1.441701167397573535e-01
-7.022949642422195993e-01,7.071067811865476838e-01,-8.235158286286459184e-02,1.441701167397573258e-01
-1.164627253675548924e-01,6.938893903907228378e-18,9.931950632176750338e-01,1.023907966832978467e+00
0.000000000000000000e+00,0.000000000000000000e+00,0.000000000000000000e+00,1.000000000000000000e+00
7.022949642422199323e-01,7.071067811865474617e-01,8.235158286286461959e-02,-1.446868555094339148e-01
-7.022949642422195993e-01,7.071067811865476838e-01,-8.235158286286459184e-02,1.446868555094338593e-01
-1.164627253675548924e-01,6.938893903907228378e-18,9.931950632176750338e-01,1.023993658470372825e+00
0.000000000000000000e+00,0.000000000000000000e+00,0.000000000000000000e+00,1.000000000000000000e+00
7.022949642422199323e-01,7.071067811865474617e-01,8.235158286286461959e-02,-1.452035942791104484e-01
-7.022949642422195993e-01,7.071067811865476838e-01,-8.235158286286459184e-02,1.452035942791104206e-01
-1.164627253675548924e-01,6.938893903907228378e-18,9.931950632176750338e-01,1.024079350107766961e+00
0.000000000000000000e+00,0.000000000000000000e+00,0.000000000000000000e+00,1.000000000000000000e+00
7.022949642422199323e-01,7.071067811865474617e-01,8.235158286286461959e-02,-1.457203330487870097e-01
-7.022949642422195993e-01,7.071067811865476838e-01,-8.235158286286459184e-02,1.457203330487870097e-01
-1.164627253675548924e-01,6.938893903907228378e-18,9.931950632176750338e-01,1.024165041745161098e+00
0.000000000000000000e+00,0.000000000000000000e+00,0.000000000000000000e+00,1.000000000000000000e+00
7.022949642422199323e-01,7.071067811865474617e-01,8.235158286286461959e-02,-1.462370718184635709e-01
-7.022949642422195993e-01,7.071067811865476838e-01,-8.235158286286459184e-02,1.462370718184635432e-01
-1.164627253675548924e-01,6.938893903907228378e-18,9.931950632176750338e-01,1.024250733382555234e+00
0.000000000000000000e+00,0.000000000000000000e+00,0.000000000000000000e+00,1.000000000000000000e+00
7.022949642422199323e-01,7.071067811865474617e-01,8.235158286286461959e-02,-1.467538105881401322e-01
-7.022949642422195993e-01,7.071067811865476838e-01,-8.235158286286459184e-02,1.467538105881401045e-01
-1.164627253675548924e-01,6.938893903907228378e-18,9.931950632176750338e-01,1.024336425019949370e+00
0.000000000000000000e+00,0.000000000000000000e+00,0.000000000000000000e+00,1.000000000000000000e+00
7.022949642422199323e-01,7.071067811865474617e-01,8.235158286286461959e-02,-1.472705493578166658e-01
-7.022949642422195993e-01,7.071067811865476838e-01,-8.235158286286459184e-02,1.472705493578166658e-01
-1.164627253675548924e-01,6.938893903907228378e-18,9.931950632176750338e-01,1.024422116657343507e+00
0.000000000000000000e+00,0.000000000000000000e+00,0.000000000000000000e+00,1.000000000000000000e+00
7.022949642422199323e-01,7.071067811865474617e-01,8.235158286286461959e-02,-1.477872881274931993e-01
-7.022949642422195993e-01,7.071067811865476838e-01,-8.235158286286459184e-02,1.477872881274931993e-01
-1.164627253675548924e-01,6.938893903907228378e-18,9.931950632176750338e-01,1.024507808294737643e+00
0.000000000000000000e+00,0.000000000000000000e+00,0.000000000000000000e+00,1.000000000000000000e+00
7.022949642422199323e-01,7.071067811865474617e-01,8.235158286286461959e-02,-1.483040268971697606e-01
-7.022949642422195993e-01,7.071067811865476838e-01,-8.235158286286459184e-02,1.483040268971697606e-01
-1.164627253675548924e-01,6.938893903907228378e-18,9.931950632176750338e-01,1.024593499932132001e+00
0.000000000000000000e+00,0.000000000000000000e+00,0.000000000000000000e+00,1.000000000000000000e+00
7.022949642422199323e-01,7.071067811865474617e-01,8.235158286286461959e-02,-1.488207656668462942e-01
-7.022949642422195993e-01,7.071067811865476838e-01,-8.235158286286459184e-02,1.488207656668462664e-01
-1.164627253675548924e-01,6.938893903907228378e-18,9.931950632176750338e-01,1.024679191569526138e+00
0.000000000000000000e+00,0.000000000000000000e+00,0.000000000000000000e+00,1.000000000000000000e+00
7.022949642422199323e-01,7.071067811865474617e-01,8.235158286286461959e-02,-1.493375044365228554e-01
-7.022949642422195993e-01,7.071067811865476838e-01,-8.235158286286459184e-02,1.493375044365228277e-01
-1.164627253675548924e-01,6.938893903907228378e-18,9.931950632176750338e-01,1.024764883206920274e+00
0.000000000000000000e+00,0.000000000000000000e+00,0.000000000000000000e+00,1.000000000000000000e+00
7.022949642422199323e-01,7.071067811865474617e-01,8.235158286286461959e-02,-1.498542432061993890e-01
-7.022949642422195993e-01,7.071067811865476838e-01,-8.235158286286459184e-02,1.498542432061993890e-01
-1.164627253675548924e-01,6.938893903907228378e-18,9.931950632176750338e-01,1.024850574844314632e+00
0.000000000000000000e+00,0.000000000000000000e+00,0.000000000000000000e+00,1.000000000000000000e+00
7.022949642422199323e-01,7.071067811865474617e-01,8.235158286286461959e-02,-1.503709819758758948e-01
-7.022949642422195993e-01,7.071067811865476838e-01,-8.235158286286459184e-02,1.503709819758758948e-01
-1.164627253675548924e-01,6.938893903907228378e-18,9.931950632176750338e-01,1.024936266481708769e+00
0.000000000000000000e+00,0.000000000000000000e+00,0.000000000000000000e+00,1.000000000000000000e+00
7.022949642422199323e-01,7.071067811865474617e-01,8.235158286286461959e-02,-1.508877207455524838e-01
-7.022949642422195993e-01,7.071067811865476838e-01,-8.235158286286459184e-02,1.508877207455524838e-01
-1.164627253675548924e-01,6.938893903907228378e-18,9.931950632176750338e-01,1.025021958119102905e+00
0.000000000000000000e+00,0.000000000000000000e+00,0.000000000000000000e+00,1.000000000000000000e+00
7.022949642422199323e-01,7.071067811865474617e-01,8.235158286286461959e-02,-1.514044595152290729e-01
-7.022949642422195993e-01,7.071067811865476838e-01,-8.235158286286459184e-02,1.514044595152290174e-01
-1.164627253675548924e-01,6.938893903907228378e-18,9.931950632176750338e-01,1.025107649756497263e+00
0.000000000000000000e+00,0.000000000000000000e+00,0.000000000000000000e+00,1.000000000000000000e+00
7.022949642422199323e-01,7.071067811865474617e-01,8.235158286286461959e-02,-1.519211982849055786e-01
-7.022949642422195993e-01,7.071067811865476838e-01,-8.235158286286459184e-02,1.519211982849055786e-01
-1.164627253675548924e-01,6.938893903907228378e-18,9.931950632176750338e-01,1.025193341393891178e+00
0.000000000000000000e+00,0.000000000000000000e+00,0.000000000000000000e+00,1.000000000000000000e+00
7.022949642422199323e-01,7.071067811865474617e-01,8.235158286286461959e-02,-1.524379370545821677e-01
-7.022949642422195993e-01,7.071067811865476838e-01,-8.235158286286459184e-02,1.524379370545821399e-01
-1.164627253675548924e-01,6.938893903907228378e-18,9.931950632176750338e-01,1.025279033031285536e+00
0.000000000000000000e+00,0.000000000000000000e+00,0.000000000000000000e+00,1.000000000000000000e+00
7.022949642422199323e-01,7.071067811865474617e-01,8.235158286286461959e-02,-1.529546758242587012e-01
-7.022949642422195993e-01,7.071067811865476838e-01,-8.235158286286459184e-02,1.529546758242586457e-01
-1.164627253675548924e-01,6.938893903907228378e-18,9.931950632176750338e-01,1.025364724668679450e+00
0.000000000000000000e+00,0.000000000000000000e+00,0.000000000000000000e+00,1.000000000000000000e+00
7.022949642422199323e-01,7.071067811865474617e-01,8.235158286286461959e-02,-1.534714145939352625e-01
-7.022949642422195993e-01,7.071067811865476838e-01,-8.235158286286459184e-02,1.534714145939352348e-01
-1.164627253675548924e-01,6.938893903907228378e-18,9.931950632176750338e-01,1.025450416306073809e+00
0.000000000000000000e+00,0.000000000000000000e+00,0.000000000000000000e+00,1.000000000000000000e+00
7.022949642422199323e-01,7.071067811865474617e-01,8.235158286286461959e-02,-1.539881533636117961e-01
-7.022949642422195993e-01,7.071067811865476838e-01,-8.235158286286459184e-02,1.539881533636117683e-01
-1.164627253675548924e-01,6.938893903907228378e-18,9.931950632176750338e-01,1.025536107943468167e+00
0.000000000000000000e+00,0.000000000000000000e+00,0.000000000000000000e+00,1.000000000000000000e+00
7.022949642422199323e-01,7.071067811865474617e-01,8.235158286286461959e-02,-1.545048921332883851e-01
-7.022949642422195993e-01,7.071067811865476838e-01,-8.235158286286459184e-02,1.545048921332883296e-01
-1.164627253675548924e-01,6.938893903907228378e-18,9.931950632176750338e-01,1.025621799580862081e+00
0.000000000000000000e+00,0.000000000000000000e+00,0.000000000000000000e+00,1.000000000000000000e+00
7.022949642422199323e-01,7.071067811865474617e-01,8.235158286286461959e-02,-1.545048921332883851e-01
-7.022949642422195993e-01,7.071067811865476838e-01,-8.235158286286459184e-02,1.545048921332883296e-01
-1.164627253675548924e-01,6.938893903907228378e-18,9.931950632176750338e-01,1.025621799580862081e+00
0.000000000000000000e+00,0.000000000000000000e+00,0.000000000000000000e+00,1.000000000000000000e+00
7.023270602367872595e-01,7.071067811865475727e-01,8.207740529008228370e-02,-1.545048921332883851e-01
-7.023270602367871485e-01,7.071067811865476838e-01,-8.207740529008226982e-02,1.545048921332883851e-01
-1.160749797256275806e-01,1.387778780781445676e-17,9.932404538084900203e-01,1.025621799580862525e+00
0.000000000000000000e+00,0.000000000000000000e+00,0.000000000000000000e+00,1.000000000000000000e+00
7.023590491918023648e-01,7.071067811865474617e-01,8.180321520812977587e-02,-1.545048921332883851e-01
-7.023590491918021428e-01,7.071067811865476838e-01,-8.180321520812974811e-02,1.545048921332883574e-01
-1.156872163930621200e-01,6.938893903907228378e-18,9.932856930225184566e-01,1.025621799580862081e+00
0.000000000000000000e+00,0.000000000000000000e+00,0.000000000000000000e+00,1.000000000000000000e+00
7.023909311023899260e-01,7.071067811865474617e-01,8.152901265879555770e-02,-1.545048921332883296e-01
-7.023909311023897040e-01,7.071067811865476838e-01,-8.152901265879555770e-02,1.545048921332883296e-01
-1.152994354289564316e-01,1.387778780781445676e-17,9.933307808528657468e-01,1.025621799580862303e+00
0.000000000000000000e+00,0.000000000000000000e+00,0.000000000000000000e+00,1.000000000000000000e+00
7.024227059636907189e-01,7.071067811865474617e-01,8.125479768387006141e-02,-1.545048921332883851e-01
-7.024227059636904968e-01,7.071067811865475727e-01,-8.125479768387003365e-02,1.545048921332883851e-01
-1.149116368924109899e-01,-6.938893903907228378e-18,9.933757172926599432e-01,1.025621799580861859e+00
0.000000000000000000e+00,0.000000000000000000e+00,0.000000000000000000e+00,1.000000000000000000e+00
7.024543737708623947e-01,7.071067811865474617e-01,8.098057032514557885e-02,-1.545048921332883851e-01
-7.024543737708621727e-01,7.071067811865476838e-01,-8.098057032514553721e-02,1.545048921332883851e-01
-1.145238208425290449e-01,0.000000000000000000e+00,9.934205023350526353e-01,1.025621799580862303e+00
0.000000000000000000e+00,0.000000000000000000e+00,0.000000000000000000e+00,1.000000000000000000e+00
7.024859345190781479e-01,7.071067811865473507e-01,8.070633062441617822e-02,-1.545048921332883296e-01
-7.024859345190778148e-01,7.071067811865476838e-01,-8.070633062441615047e-02,1.545048921332883296e-01
-1.141359873384164003e-01,0.000000000000000000e+00,9.934651359732181719e-01,1.025621799580861859e+00
0.000000000000000000e+00,0.000000000000000000e+00,0.000000000000000000e+00,1.000000000000000000e+00
7.025173882035282702e-01,7.071067811865474617e-01,8.043207862347800940e-02,-1.545048921332883851e-01
-7.025173882035280482e-01,7.071067811865476838e-01,-8.043207862347798165e-02,1.545048921332883851e-01
-1.137481364391816629e-01,6.938893903907228378e-18,9.935096182003539944e-01,1.025621799580862081e+00
0.000000000000000000e+00,0.000000000000000000e+00,0.000000000000000000e+00,1.000000000000000000e+00
7.025487348194188186e-01,7.071067811865474617e-01,8.015781436412894312e-02,-1.545048921332883851e-01
-7.025487348194185966e-01,7.071067811865476838e-01,-8.015781436412891536e-02,1.545048921332883851e-01
-1.133602682039360210e-01,1.387778780781445676e-17,9.935539490096809701e-01,1.025621799580862303e+00
0.000000000000000000e+00,0.000000000000000000e+00,0.000000000000000000e+00,1.000000000000000000e+00
7.025799743619722815e-01,7.071067811865474617e-01,7.988353788816875134e-02,-1.545048921332883574e-01
-7.025799743619720594e-01,7.071067811865476838e-01,-7.988353788816873746e-02,1.545048921332883574e-01
-1.129723826917932300e-01,0.000000000000000000e+00,9.935981283944425035e-01,1.025621799580862081e+00
0.000000000000000000e+00,0.000000000000000000e+00,0.000000000000000000e+00,1.000000000000000000e+00
7.026111068264276893e-01,7.071067811865475727e-01,7.960924923739914894e-02,-1.545048921332883851e-01
-7.026111068264276893e-01,7.071067811865475727e-01,-7.960924923739913506e-02,1.545048921332883851e-01
-1.125844799618698489e-01,1.387778780781445676e-17,9.936421563479054253e-01,1.025621799580862303e+00
0.000000000000000000e+00,0.000000000000000000e+00,0.000000000000000000e+00,1.000000000000000000e+00
7.026421322080402820e-01,7.071067811865474617e-01,7.933494845362359937e-02,-1.545048921332883851e-01
-7.026421322080400600e-01,7.071067811865476838e-01,-7.933494845362357162e-02,1.545048921332883851e-01
-1.121965600732848789e-01,6.938893903907228378e-18,9.936860328633596584e-01,1.025621799580862303e+00
0.000000000000000000e+00,0.000000000000000000e+00,0.000000000000000000e+00,1.000000000000000000e+00
7.026730505020812867e-01,7.071067811865475727e-01,7.906063557864746738e-02,-1.545048921332883851e-01
-7.026730505020811757e-01,7.071067811865476838e-01,-7.906063557864745350e-02,1.545048921332883574e-01
-1.118086230851600832e-01,6.938893903907228378e-18,9.937297579341179965e-01,1.025621799580862303e+00
0.000000000000000000e+00,0.000000000000000000e+00,0.000000000000000000e+00,1.000000000000000000e+00
7.027038617038388058e-01,7.071067811865474617e-01,7.878631065427796343e-02,-1.545048921332883296e-01
-7.027038617038385837e-01,7.071067811865476838e-01,-7.878631065427792179e-02,1.545048921332883574e-01
-1.114206690566197366e-01,0.000000000000000000e+00,9.937733315535164369e-01,1.025621799580862081e+00
0.000000000000000000e+00,0.000000000000000000e+00,0.000000000000000000e+00,1.000000000000000000e+00
7.027345658086168179e-01,7.071067811865474617e-01,7.851197372232407434e-02,-1.545048921332883296e-01
-7.027345658086165958e-01,7.071067811865476838e-01,-7.851197372232404659e-02,1.545048921332883296e-01
-1.110326980467907509e-01,6.938893903907228378e-18,9.938167537149140696e-01,1.025621799580862303e+00
0.000000000000000000e+00,0.000000000000000000e+00,0.000000000000000000e+00,1.000000000000000000e+00
7.027651628117360660e-01,7.071067811865474617e-01,7.823762482459672984e-02,-1.545048921332883851e-01
-7.027651628117357330e-01,7.071067811865476838e-01,-7.823762482459671597e-02,1.545048921332883851e-01
-1.106447101148026191e-01,1.387778780781445676e-17,9.938600244116931881e-01,1.025621799580861859e+00
0.000000000000000000e+00,0.000000000000000000e+00,0.000000000000000000e+00,1.000000000000000000e+00
7.027956527085329475e-01,7.071067811865474617e-01,7.796326400290860825e-02,-1.545048921332883574e-01
-7.027956527085328364e-01,7.071067811865475727e-01,-7.796326400290858050e-02,1.545048921332883851e-01
-1.102567053197874430e-01,0.000000000000000000e+00,9.939031436372587347e-01,1.025621799580862303e+00
0.000000000000000000e+00,0.000000000000000000e+00,0.000000000000000000e+00,1.000000000000000000e+00
7.028260354943610677e-01,7.071067811865473507e-01,7.768889129907416424e-02,-1.545048921332883574e-01
-7.028260354943606236e-01,7.071067811865476838e-01,-7.768889129907413649e-02,1.545048921332883296e-01
-1.098686837208798228e-01,6.938893903907228378e-18,9.939461113850395213e-01,1.025621799580862081e+00
0.000000000000000000e+00,0.000000000000000000e+00,0.000000000000000000e+00,1.000000000000000000e+00
7.028563111645894645e-01,7.071067811865473507e-01,7.741450675490978151e-02,-1.545048921332883574e-01
-7.028563111645892425e-01,7.071067811865476838e-01,-7.741450675490976763e-02,1.545048921332883574e-01
-1.094806453772169813e-01,6.938893903907228378e-18,9.939889276484864533e-01,1.025621799580862081e+00
0.000000000000000000e+00,0.000000000000000000e+00,0.000000000000000000e+00,1.000000000000000000e+00
7.028864797146041621e-01,7.071067811865475727e-01,7.714011041223353682e-02,-1.545048921332883851e-01
-7.028864797146040511e-01,7.071067811865476838e-01,-7.714011041223353682e-02,1.545048921332883851e-01
-1.090925903479386672e-01,2.081668171172168513e-17,9.940315924210743059e-01,1.025621799580862303e+00
0.000000000000000000e+00,0.000000000000000000e+00,0.000000000000000000e+00,1.000000000000000000e+00
7.029165411398070606e-01,7.071067811865475727e-01,7.686570231286539434e-02,-1.545048921332883018e-01
-7.029165411398069496e-01,7.071067811865475727e-01,-7.686570231286538046e-02,1.545048921332883296e-01
-1.087045186921872103e-01,6.938893903907228378e-18,9.940741056963006139e-01,1.025621799580862081e+00
0.000000000000000000e+00,0.000000000000000000e+00,0.000000000000000000e+00,1.000000000000000000e+00
7.029464954356168249e-01,7.071067811865474617e-01,7.659128249862701132e-02,-1.545048921332883574e-01
-7.029464954356166029e-01,7.071067811865476838e-01,-7.659128249862698357e-02,1.545048921332883574e-01
-1.083164304691073831e-01,0.000000000000000000e+00,9.941164674676861157e-01,1.025621799580862081e+00
0.000000000000000000e+00,0.000000000000000000e+00,0.000000000000000000e+00,1.000000000000000000e+00
7.029763425974679958e-01,7.071067811865473507e-01,7.631685101134190463e-02,-1.545048921332883018e-01
-7.029763425974678848e-01,7.071067811865475727e-01,-7.631685101134189075e-02,1.545048921332883296e-01
-1.079283257378465671e-01,0.000000000000000000e+00,9.941586777287744203e-01,1.025621799580861859e+00
0.000000000000000000e+00,0.000000000000000000e+00,0.000000000000000000e+00,1.000000000000000000e+00
7.030060826208119895e-01,7.071067811865473507e-01,7.604240789283536750e-02,-1.545048921332883574e-01
-7.030060826208116564e-01,7.071067811865476838e-01,-7.604240789283533974e-02,1.545048921332883574e-01
-1.075402045575546417e-01,6.938893903907228378e-18,9.942007364731326735e-01,1.025621799580862081e+00
0.000000000000000000e+00,0.000000000000000000e+00,0.000000000000000000e+00,1.000000000000000000e+00
7.030357155011157655e-01,7.071067811865474617e-01,7.576795318493445563e-02,-1.545048921332883851e-01
-7.030357155011155434e-01,7.071067811865476838e-01,-7.576795318493442788e-02,1.545048921332883851e-01
-1.071520669873840259e-01,6.938893903907228378e-18,9.942426436943505585e-01,1.025621799580862081e+00
0.000000000000000000e+00,0.000000000000000000e+00,0.000000000000000000e+00,1.000000000000000000e+00
7.030652412338633805e-01,7.071067811865474617e-01,7.549348692946794559e-02,-1.545048921332883851e-01
-7.030652412338631585e-01,7.071067811865476838e-01,-7.549348692946793171e-02,1.545048921332883851e-01
-1.067639130864895536e-01,1.387778780781445676e-17,9.942843993860410734e-01,1.025621799580862303e+00
0.000000000000000000e+00,0.000000000000000000e+00,0.000000000000000000e+00,1.000000000000000000e+00
7.030946598145546567e-01,7.071067811865474617e-01,7.521900916826645966e-02,-1.545048921332883574e-01
-7.030946598145544346e-01,7.071067811865476838e-01,-7.521900916826643191e-02,1.545048921332883296e-01
-1.063757429140285982e-01,6.938893903907228378e-18,9.943260035418406417e-01,1.025621799580862081e+00
0.000000000000000000e+00,0.000000000000000000e+00,0.000000000000000000e+00,1.000000000000000000e+00
7.031239712387062912e-01,7.071067811865475727e-01,7.494451994316229937e-02,-1.545048921332883574e-01
-7.031239712387061802e-01,7.071067811865476838e-01,-7.494451994316228549e-02,1.545048921332883851e-01
-1.059875565291610172e-01,6.938893903907228378e-18,9.943674561554083358e-01,1.025621799580862081e+00
0.000000000000000000e+00,0.000000000000000000e+00,0.000000000000000000e+00,1.000000000000000000e+00
7.031531755018509688e-01,7.071067811865474617e-01,7.467001929598952870e-02,-1.545048921332883851e-01
-7.031531755018507468e-01,7.071067811865476838e-01,-7.467001929598951482e-02,1.545048921332883851e-01
-1.055993539910490969e-01,1.387778780781445676e-17,9.944087572204265424e-01,1.025621799580862081e+00
0.000000000000000000e+00,0.000000000000000000e+00,0.000000000000000000e+00,1.000000000000000000e+00
7.031822725995374723e-01,7.071067811865473507e-01,7.439550726858398799e-02,-1.545048921332883296e-01
-7.031822725995372503e-01,7.071067811865475727e-01,-7.439550726858396024e-02,1.545048921332883296e-01
-1.052111353588576215e-01,6.938893903907228378e-18,9.944499067306005191e-01,1.025621799580862081e+00
0.000000000000000000e+00,0.000000000000000000e+00,0.000000000000000000e+00,1.000000000000000000e+00
7.032112625273314599e-01,7.071067811865474617e-01,7.412098390278322457e-02,-1.545048921332883296e-01
-7.032112625273312378e-01,7.071067811865476838e-01,-7.412098390278321070e-02,1.545048921332883574e-01
-1.048229006917538869e-01,6.938893903907228378e-18,9.944909046796590602e-01,1.025621799580862303e+00
0.000000000000000000e+00,0.000000000000000000e+00,0.000000000000000000e+00,1.000000000000000000e+00
7.032401452808147990e-01,7.071067811865472397e-01,7.384644924042649272e-02,-1.545048921332884129e-01
-7.032401452808141329e-01,7.071067811865479058e-01,-7.384644924042646497e-02,1.545048921332883851e-01
-1.044346500489074792e-01,1.387778780781445676e-17,9.945317510613536083e-01,1.025621799580862303e+00
0.000000000000000000e+00,0.000000000000000000e+00,0.000000000000000000e+00,1.000000000000000000e+00
7.032689208555851224e-01,7.071067811865471286e-01,7.357190332335483696e-02,-1.545048921332884129e-01
-7.032689208555845672e-01,7.071067811865476838e-01,-7.357190332335480920e-02,1.545048921332883851e-01
-1.040463834894905792e-01,2.081668171172168513e-17,9.945724458694589210e-01,1.025621799580862303e+00
0.000000000000000000e+00,0.000000000000000000e+00,0.000000000000000000e+00,1.000000000000000000e+00
7.032975892472569379e-01,7.071067811865475727e-01,7.329734619341098101e-02,-1.545048921332884406e-01
-7.032975892472569379e-01,7.071067811865475727e-01,-7.329734619341096713e-02,1.545048921332883851e-01
-1.036581010726777413e-01,6.938893903907228378e-18,9.946129890977728483e-01,1.025621799580862081e+00
0.000000000000000000e+00,0.000000000000000000e+00,0.000000000000000000e+00,1.000000000000000000e+00
7.033261504514614071e-01,7.071067811865474617e-01,7.302277789243927231e-02,-1.545048921332884129e-01
-7.033261504514611850e-01,7.071067811865476838e-01,-7.302277789243925843e-02,1.545048921332883574e-01
-1.032698028576458371e-01,1.387778780781445676e-17,9.946533807401163330e-01,1.025621799580862081e+00
0.000000000000000000e+00,0.000000000000000000e+00,0.000000000000000000e+00,1.000000000000000000e+00
7.033546044638451233e-01,7.071067811865474617e-01,7.274819846228593179e-02,-1.545048921332884406e-01
-7.033546044638450123e-01,7.071067811865476838e-01,-7.274819846228590403e-02,1.545048921332884129e-01
-1.028814889035742780e-01,0.000000000000000000e+00,9.946936207903335214e-01,1.025621799580862081e+00
0.000000000000000000e+00,0.000000000000000000e+00,0.000000000000000000e+00,1.000000000000000000e+00
7.033829512800716666e-01,7.071067811865475727e-01,7.247360794479870694e-02,-1.545048921332883851e-01
-7.033829512800716666e-01,7.071067811865475727e-01,-7.247360794479867918e-02,1.545048921332883851e-01
-1.024931592696448068e-01,6.938893903907228378e-18,9.947337092422912086e-01,1.025621799580862303e+00
0.000000000000000000e+00,0.000000000000000000e+00,0.000000000000000000e+00,1.000000000000000000e+00
7.034111908958209369e-01,7.071067811865473507e-01,7.219900638182714936e-02,-1.545048921332883851e-01
-7.034111908958206039e-01,7.071067811865476838e-01,-7.219900638182710773e-02,1.545048921332883574e-01
-1.021048140150415812e-01,6.938893903907228378e-18,9.947736460898799482e-01,1.025621799580862303e+00
0.000000000000000000e+00,0.000000000000000000e+00,0.000000000000000000e+00,1.000000000000000000e+00
7.034393233067888218e-01,7.071067811865474617e-01,7.192439381522244823e-02,-1.545048921332883851e-01
-7.034393233067885998e-01,7.071067811865476838e-01,-7.192439381522243436e-02,1.545048921332883851e-01
-1.017164531989511178e-01,1.387778780781445676e-17,9.948134313270129425e-01,1.025621799580862303e+00
0.000000000000000000e+00,0.000000000000000000e+00,0.000000000000000000e+00,1.000000000000000000e+00
7.034673485086877509e-01,7.071067811865473507e-01,7.164977028683749971e-02,-1.545048921332883851e-01
-7.034673485086874178e-01,7.071067811865476838e-01,-7.164977028683747196e-02,1.545048921332883851e-01
-1.013280768805623899e-01,6.938893903907228378e-18,9.948530649476267085e-01,1.025621799580862081e+00
0.000000000000000000e+00,0.000000000000000000e+00,0.000000000000000000e+00,1.000000000000000000e+00
7.034952664972466962e-01,7.071067811865474617e-01,7.137513583852680976e-02,-1.545048921332883851e-01
-7.034952664972464742e-01,7.071067811865476838e-01,-7.137513583852679588e-02,1.545048921332883851e-01
-1.009396851190665634e-01,0.000000000000000000e+00,9.948925469456808557e-01,1.025621799580862303e+00
0.000000000000000000e+00,0.000000000000000000e+00,0.000000000000000000e+00,1.000000000000000000e+00
7.035230772682103950e-01,7.071067811865473507e-01,7.110049051214661908e-02,-1.545048921332883574e-01
-7.035230772682100620e-01,7.071067811865476838e-01,-7.110049051214659133e-02,1.545048921332883574e-01
-1.005512779736572881e-01,0.000000000000000000e+00,9.949318773151578643e-01,1.025621799580862081e+00
0.000000000000000000e+00,0.000000000000000000e+00,0.000000000000000000e+00,1.000000000000000000e+00
7.035507808173404598e-01,7.071067811865474617e-01,7.082583434955480595e-02,-1.545048921332883574e-01
-7.035507808173404598e-01,7.071067811865476838e-01,-7.082583434955477819e-02,1.545048921332883574e-01
-1.001628555035306012e-01,6.938893903907228378e-18,9.949710560500636403e-01,1.025621799580861859e+00
0.000000000000000000e+00,0.000000000000000000e+00,0.000000000000000000e+00,1.000000000000000000e+00
7.035783771404149345e-01,7.071067811865474617e-01,7.055116739261083070e-02,-1.545048921332884406e-01
-7.035783771404147124e-01,7.071067811865476838e-01,-7.055116739261080294e-02,1.545048921332883851e-01
-9.977441776788467664e-02,6.938893903907228378e-18,9.950100831444270710e-01,1.025621799580862081e+00
0.000000000000000000e+00,0.000000000000000000e+00,0.000000000000000000e+00,1.000000000000000000e+00
7.036058662332276281e-01,7.071067811865473507e-01,7.027648968317587452e-02,-1.545048921332883851e-01
-7.036058662332272950e-01,7.071067811865476838e-01,-7.027648968317587452e-02,1.545048921332883296e-01
-9.938596482592021442e-02,2.081668171172168513e-17,9.950489585923001368e-01,1.025621799580862303e+00
0.000000000000000000e+00,0.000000000000000000e+00,0.000000000000000000e+00,1.000000000000000000e+00
7.036332480915892251e-01,7.071067811865474617e-01,7.000180126311282558e-02,-1.545048921332883851e-01
-7.036332480915890031e-01,7.071067811865476838e-01,-7.000180126311279782e-02,1.545048921332883851e-01
-9.899749673684020423e-02,0.000000000000000000e+00,9.950876823877579103e-01,1.025621799580862525e+00
0.000000000000000000e+00,0.000000000000000000e+00,0.000000000000000000e+00,1.000000000000000000e+00
7.036605227113261751e-01,7.071067811865474617e-01,6.972710217428601531e-02,-1.545048921332883574e-01
-7.036605227113259531e-01,7.071067811865476838e-01,-6.972710217428598756e-02,1.545048921332883574e-01
-9.860901355984977301e-02,0.000000000000000000e+00,9.951262545248986680e-01,1.025621799580862303e+00
0.000000000000000000e+00,0.000000000000000000e+00,0.000000000000000000e+00,1.000000000000000000e+00
7.036876900882820252e-01,7.071067811865475727e-01,6.945239245856153765e-02,-1.545048921332884406e-01
-7.036876900882819141e-01,7.071067811865475727e-01,-6.945239245856152377e-02,1.545048921332884129e-01
-9.822051535415658730e-02,6.938893903907228378e-18,9.951646749978436679e-01,1.025621799580862303e+00
0.000000000000000000e+00,0.000000000000000000e+00,0.000000000000000000e+00,1.000000000000000000e+00
7.037147502183163095e-01,7.071067811865473507e-01,6.917767215780708245e-02,-1.545048921332883296e-01
-7.037147502183159764e-01,7.071067811865477948e-01,-6.917767215780704082e-02,1.545048921332883296e-01
-9.783200217897040918e-02,6.938893903907228378e-18,9.952029438007375939e-01,1.025621799580862081e+00
0.000000000000000000e+00,0.000000000000000000e+00,0.000000000000000000e+00,1.000000000000000000e+00
7.037417030973044385e-01,7.071067811865474617e-01,6.890294131389192167e-02,-1.545048921332883851e-01
-7.037417030973043275e-01,7.071067811865476838e-01,-6.890294131389190779e-02,1.545048921332883851e-01
-9.744347409350338773e-02,6.938893903907228378e-18,9.952410609277476672e-01,1.025621799580862303e+00
0.000000000000000000e+00,0.000000000000000000e+00,0.000000000000000000e+00,1.000000000000000000e+00
7.037685487211389201e-01,7.071067811865474617e-01,6.862819996868699257e-02,-1.545048921332883574e-01
-7.037685487211386981e-01,7.071067811865476838e-01,-6.862819996868696482e-02,1.545048921332883296e-01
-9.705493115696994799e-02,0.000000000000000000e+00,9.952790263730648679e-01,1.025621799580862081e+00
0.000000000000000000e+00,0.000000000000000000e+00,0.000000000000000000e+00,1.000000000000000000e+00
7.037952870857282495e-01,7.071067811865473507e-01,6.835344816406474511e-02,-1.545048921332883851e-01
-7.037952870857279164e-01,7.071067811865476838e-01,-6.835344816406473123e-02,1.545048921332883851e-01
-9.666637342858669379e-02,1.387778780781445676e-17,9.953168401309027136e-01,1.025621799580861859e+00
0.000000000000000000e+00,0.000000000000000000e+00,0.000000000000000000e+00,1.000000000000000000e+00
7.038219181869973529e-01,7.071067811865474617e-01,6.807868594189935008e-02,-1.545048921332884129e-01
-7.038219181869971308e-01,7.071067811865476838e-01,-6.807868594189933620e-02,1.545048921332883851e-01
-9.627780096757261596e-02,6.938893903907228378e-18,9.953545021954983696e-01,1.025621799580862081e+00
0.000000000000000000e+00,0.000000000000000000e+00,0.000000000000000000e+00,1.000000000000000000e+00
7.038484420208873660e-01,7.071067811865474617e-01,6.780391334406642156e-02,-1.545048921332883296e-01
-7.038484420208872550e-01,7.071067811865476838e-01,-6.780391334406639381e-02,1.545048921332883851e-01
-9.588921383314878699e-02,0.000000000000000000e+00,9.953920125611118719e-01,1.025621799580862081e+00
0.000000000000000000e+00,0.000000000000000000e+00,0.000000000000000000e+00,1.000000000000000000e+00
7.038748585833560778e-01,7.071067811865473507e-01,6.752913041244323900e-02,-1.545048921332883851e-01
-7.038748585833557447e-01,7.071067811865476838e-01,-6.752913041244321124e-02,1.545048921332883296e-01
-9.550061208453863859e-02,6.938893903907228378e-18,9.954293712220262380e-01,1.025621799580862081e+00
0.000000000000000000e+00,0.000000000000000000e+00,0.000000000000000000e+00,1.000000000000000000e+00
7.039011678703770425e-01,7.071067811865474617e-01,6.725433718890866386e-02,-1.545048921332883296e-01
-7.039011678703768204e-01,7.071067811865476838e-01,-6.725433718890863610e-02,1.545048921332883574e-01
-9.511199578096782292e-02,6.938893903907228378e-18,9.954665781725478002e-01,1.025621799580862081e+00
0.000000000000000000e+00,0.000000000000000000e+00,0.000000000000000000e+00,1.000000000000000000e+00
7.039273698779409116e-01,7.071067811865475727e-01,6.697953371534309808e-02,-1.545048921332883851e-01
-7.039273698779408006e-01,7.071067811865476838e-01,-6.697953371534307032e-02,1.545048921332883851e-01
-9.472336498166417096e-02,0.000000000000000000e+00,9.955036334070059834e-01,1.025621799580862303e+00
0.000000000000000000e+00,0.000000000000000000e+00,0.000000000000000000e+00,1.000000000000000000e+00
7.039534646020541020e-01,7.071067811865473507e-01,6.670472003362847013e-02,-1.545048921332883851e-01
-7.039534646020538800e-01,7.071067811865475727e-01,-6.670472003362845625e-02,1.545048921332883851e-01
-9.433471974585767861e-02,0.000000000000000000e+00,9.955405369197531940e-01,1.025621799580862081e+00
0.000000000000000000e+00,0.000000000000000000e+00,0.000000000000000000e+00,1.000000000000000000e+00
7.039794520387396837e-01,7.071067811865475727e-01,6.642989618564835996e-02,-1.545048921332883851e-01
-7.039794520387395727e-01,7.071067811865476838e-01,-6.642989618564834609e-02,1.545048921332883851e-01
-9.394606013278063161e-02,1.387778780781445676e-17,9.955772887051652642e-01,1.025621799580862303e+00
0.000000000000000000e+00,0.000000000000000000e+00,0.000000000000000000e+00,1.000000000000000000e+00
7.040053321840369360e-01,7.071067811865474617e-01,6.615506221328783243e-02,-1.545048921332883574e-01
-7.040053321840367140e-01,7.071067811865476838e-01,-6.615506221328781855e-02,1.545048921332883574e-01
-9.355738620166749453e-02,6.938893903907228378e-18,9.956138887576408969e-01,1.025621799580862081e+00
0.000000000000000000e+00,0.000000000000000000e+00,0.000000000000000000e+00,1.000000000000000000e+00
7.040311050340015697e-01,7.071067811865474617e-01,6.588021815843347895e-02,-1.545048921332883851e-01
-7.040311050340013477e-01,7.071067811865476838e-01,-6.588021815843345119e-02,1.545048921332883296e-01
-9.316869801175484134e-02,6.938893903907228378e-18,9.956503370716018875e-01,1.025621799580862081e+00
0.000000000000000000e+00,0.000000000000000000e+00,0.000000000000000000e+00,1.000000000000000000e+00
7.040567705847057267e-01,7.071067811865474617e-01,6.560536406297345913e-02,-1.545048921332883851e-01
-7.040567705847053936e-01,7.071067811865476838e-01,-6.560536406297343137e-02,1.545048921332883296e-01
-9.277999562228150809e-02,6.938893903907228378e-18,9.956866336414934571e-01,1.025621799580862081e+00
0.000000000000000000e+00,0.000000000000000000e+00,0.000000000000000000e+00,1.000000000000000000e+00
7.040823288322375362e-01,7.071067811865474617e-01,6.533049996879750076e-02,-1.545048921332883574e-01
-7.040823288322373141e-01,7.071067811865476838e-01,-6.533049996879747301e-02,1.545048921332883296e-01
-9.239127909248848192e-02,0.000000000000000000e+00,9.957227784617834754e-01,1.025621799580862081e+00
0.000000000000000000e+00,0.000000000000000000e+00,0.000000000000000000e+00,1.000000000000000000e+00
7.041077797727021137e-01,7.071067811865474617e-01,6.505562591779674719e-02,-1.545048921332883851e-01
-7.041077797727017806e-01,7.071067811865476838e-01,-6.505562591779673332e-02,1.545048921332883574e-01
-9.200254848161877608e-02,6.938893903907228378e-18,9.957587715269634598e-01,1.025621799580862081e+00
0.000000000000000000e+00,0.000000000000000000e+00,0.000000000000000000e+00,1.000000000000000000e+00
7.041331234022201180e-01,7.071067811865475727e-01,6.478074195186396544e-02,-1.545048921332884129e-01
-7.041331234022200070e-01,7.071067811865476838e-01,-6.478074195186395157e-02,1.545048921332883851e-01
-9.161380384891774920e-02,2.081668171172168513e-17,9.957946128315476875e-01,1.025621799580862081e+00
0.000000000000000000e+00,0.000000000000000000e+00,0.000000000000000000e+00,1.000000000000000000e+00
7.041583597169294162e-01,7.071067811865474617e-01,6.450584811289339360e-02,-1.545048921332883851e-01
-7.041583597169291941e-01,7.071067811865476838e-01,-6.450584811289337972e-02,1.545048921332883851e-01
-9.122504525363275829e-02,0.000000000000000000e+00,9.958303023700738610e-01,1.025621799580862303e+00
0.000000000000000000e+00,0.000000000000000000e+00,0.000000000000000000e+00,1.000000000000000000e+00
7.041834887129836407e-01,7.071067811865471286e-01,6.423094444278075466e-02,-1.545048921332883851e-01
-7.041834887129830856e-01,7.071067811865476838e-01,-6.423094444278074078e-02,1.545048921332883851e-01
-9.083627275501331144e-02,0.000000000000000000e+00,9.958658401371024427e-01,1.025621799580862303e+00
0.000000000000000000e+00,0.000000000000000000e+00,0.000000000000000000e+00,1.000000000000000000e+00
7.042085103865527440e-01,7.071067811865473507e-01,6.395603098342332593e-02,-1.545048921332883851e-01
-7.042085103865524109e-01,7.071067811865476838e-01,-6.395603098342331205e-02,1.545048921332883296e-01
-9.044748641231113717e-02,6.938893903907228378e-18,9.959012261272173205e-01,1.025621799580862081e+00
0.000000000000000000e+00,0.000000000000000000e+00,0.000000000000000000e+00,1.000000000000000000e+00
7.042334247338235542e-01,7.071067811865473507e-01,6.368110777671980027e-02,-1.545048921332883851e-01
-7.042334247338232212e-01,7.071067811865476838e-01,-6.368110777671978640e-02,1.545048921332883296e-01
-9.005868628477990689e-02,6.938893903907228378e-18,9.959364603350253642e-01,1.025621799580862081e+00
0.000000000000000000e+00,0.000000000000000000e+00,0.000000000000000000e+00,1.000000000000000000e+00
7.042582317509988865e-01,7.071067811865474617e-01,6.340617486457041097e-02,-1.545048921332883574e-01
-7.042582317509986645e-01,7.071067811865476838e-01,-6.340617486457038321e-02,1.545048921332883851e-01
-8.966987243167549859e-02,0.000000000000000000e+00,9.959715427551567579e-01,1.025621799580862081e+00
0.000000000000000000e+00,0.000000000000000000e+00,0.000000000000000000e+00,1.000000000000000000e+00
7.042829314342980984e-01,7.071067811865473507e-01,6.313123228887684846e-02,-1.545048921332883574e-01
-7.042829314342976543e-01,7.071067811865477948e-01,-6.313123228887682070e-02,1.545048921332883574e-01
-8.928104491225588579e-02,0.000000000000000000e+00,9.960064733822646676e-01,1.025621799580862081e+00
0.000000000000000000e+00,0.000000000000000000e+00,0.000000000000000000e+00,1.000000000000000000e+00
7.043075237799564237e-01,7.071067811865474617e-01,6.285628009154230200e-02,-1.545048921332883851e-01
-7.043075237799560906e-01,7.071067811865476838e-01,-6.285628009154226037e-02,1.545048921332883851e-01
-8.889220378578106818e-02,6.938893903907228378e-18,9.960412522110252409e-01,1.025621799580862081e+00
0.000000000000000000e+00,0.000000000000000000e+00,0.000000000000000000e+00,1.000000000000000000e+00
7.043320087842259714e-01,7.071067811865475727e-01,6.258131831447139026e-02,-1.545048921332883851e-01
-7.043320087842258603e-01,7.071067811865476838e-01,-6.258131831447136251e-02,1.545048921332883851e-01
-8.850334911151316875e-02,1.387778780781445676e-17,9.960758792361381619e-01,1.025621799580862303e+00
0.000000000000000000e+00,0.000000000000000000e+00,0.000000000000000000e+00,1.000000000000000000e+00
7.043563864433751709e-01,7.071067811865473507e-01,6.230634699957017519e-02,-1.545048921332883574e-01
-7.043563864433749488e-01,7.071067811865476838e-01,-6.230634699957016825e-02,1.545048921332883851e-01
-8.811448094871633663e-02,6.938893903907228378e-18,9.961103544523258746e-01,1.025621799580862303e+00
0.000000000000000000e+00,0.000000000000000000e+00,0.000000000000000000e+00,1.000000000000000000e+00
7.043806567536885499e-01,7.071067811865475727e-01,6.203136618874630082e-02,-1.545048921332883851e-01
-7.043806567536886609e-01,7.071067811865476838e-01,-6.203136618874628694e-02,1.545048921332883574e-01
-8.772559935665685815e-02,3.469446951953614189e-18,9.961446778543342484e-01,1.025621799580862081e+00
0.000000000000000000e+00,0.000000000000000000e+00,0.000000000000000000e+00,1.000000000000000000e+00
7.044048197114675114e-01,7.071067811865473507e-01,6.175637592390866709e-02,-1.545048921332883296e-01
-7.044048197114672893e-01,7.071067811865476838e-01,-6.175637592390864627e-02,1.545048921332883296e-01
-8.733670439460289314e-02,0.000000000000000000e+00,9.961788494369320235e-01,1.025621799580862081e+00
0.000000000000000000e+00,0.000000000000000000e+00,0.000000000000000000e+00,1.000000000000000000e+00
7.044288753130290015e-01,7.071067811865474617e-01,6.148137624696779768e-02,-1.545048921332883574e-01
-7.044288753130287795e-01,7.071067811865475727e-01,-6.148137624696776299e-02,1.545048921332883296e-01
-8.694779612182489126e-02,0.000000000000000000e+00,9.962128691949113657e-01,1.025621799580862081e+00
0.000000000000000000e+00,0.000000000000000000e+00,0.000000000000000000e+00,1.000000000000000000e+00
7.044528235547069528e-01,7.071067811865475727e-01,6.120636719983549301e-02,-1.545048921332883296e-01
-7.044528235547068418e-01,7.071067811865475727e-01,-6.120636719983547913e-02,1.545048921332883296e-01
-8.655887459759509239e-02,3.469446951953614189e-18,9.962467371230873114e-01,1.025621799580862081e+00
0.000000000000000000e+00,0.000000000000000000e+00,0.000000000000000000e+00,1.000000000000000000e+00
7.044766644328515071e-01,7.071067811865474617e-01,6.093134882442508005e-02,-1.545048921332883574e-01
-7.044766644328512850e-01,7.071067811865476838e-01,-6.093134882442505229e-02,1.545048921332883851e-01
-8.616993988118787362e-02,3.469446951953614189e-18,9.962804532162981008e-01,1.025621799580862303e+00
0.000000000000000000e+00,0.000000000000000000e+00,0.000000000000000000e+00,1.000000000000000000e+00
7.045003979438290154e-01,7.071067811865474617e-01,6.065632116265127355e-02,-1.545048921332883851e-01
-7.045003979438289043e-01,7.071067811865475727e-01,-6.065632116265126661e-02,1.545048921332883296e-01
-8.578099203187961042e-02,1.387778780781445676e-17,9.963140174694053997e-01,1.025621799580862081e+00
0.000000000000000000e+00,0.000000000000000000e+00,0.000000000000000000e+00,1.000000000000000000e+00
7.045240240840224821e-01,7.071067811865474617e-01,6.038128425643022462e-02,-1.545048921332883851e-01
-7.045240240840222601e-01,7.071067811865476838e-01,-6.038128425643021074e-02,1.545048921332883574e-01
-8.539203110894866278e-02,6.938893903907228378e-18,9.963474298772935223e-01,1.025621799580862303e+00
0.000000000000000000e+00,0.000000000000000000e+00,0.000000000000000000e+00,1.000000000000000000e+00
7.045475428498311210e-01,7.071067811865474617e-01,6.010623814767948603e-02,-1.545048921332883851e-01
-7.045475428498308990e-01,7.071067811865476838e-01,-6.010623814767947215e-02,1.545048921332883296e-01
-8.500305717167541686e-02,1.040834085586084257e-17,9.963806904348703197e-01,1.025621799580862081e+00
0.000000000000000000e+00,0.000000000000000000e+00,0.000000000000000000e+00,1.000000000000000000e+00
7.045709542376702439e-01,7.071067811865476838e-01,5.983118287831800525e-02,-1.545048921332883574e-01
-7.045709542376703549e-01,7.071067811865474617e-01,-5.983118287831799831e-02,1.545048921332884129e-01
-8.461407027934222946e-02,-3.469446951953614189e-18,9.964137991370666247e-01,1.025621799580862525e+00
0.000000000000000000e+00,0.000000000000000000e+00,0.000000000000000000e+00,1.000000000000000000e+00
7.045942582439722601e-01,7.071067811865475727e-01,5.955611849026611060e-02,-1.545048921332883851e-01
-7.045942582439722601e-01,7.071067811865475727e-01,-5.955611849026609672e-02,1.545048921332883851e-01
-8.422507049123338640e-02,1.040834085586084257e-17,9.964467559788363626e-01,1.025621799580862525e+00
0.000000000000000000e+00,0.000000000000000000e+00,0.000000000000000000e+00,1.000000000000000000e+00
7.046174548651851222e-01,7.071067811865474617e-01,5.928104502544555288e-02,-1.545048921332883574e-01
-7.046174548651849001e-01,7.071067811865476838e-01,-5.928104502544553206e-02,1.545048921332883296e-01
-8.383605786663518578e-02,0.000000000000000000e+00,9.964795609551568845e-01,1.025621799580862081e+00
0.000000000000000000e+00,0.000000000000000000e+00,0.000000000000000000e+00,1.000000000000000000e+00
7.046405440977736578e-01,7.071067811865474617e-01,5.900596252577943596e-02,-1.545048921332883851e-01
-7.046405440977734358e-01,7.071067811865476838e-01,-5.900596252577941514e-02,1.545048921332883296e-01
-8.344703246483586856e-02,0.000000000000000000e+00,9.965122140610283008e-01,1.025621799580862303e+00
0.000000000000000000e+00,0.000000000000000000e+00,0.000000000000000000e+00,1.000000000000000000e+00
7.046635259382186822e-01,7.071067811865475727e-01,5.873087103319225843e-02,-1.545048921332883574e-01
-7.046635259382186822e-01,7.071067811865475727e-01,-5.873087103319224456e-02,1.545048921332883851e-01
-8.305799434512563251e-02,-3.469446951953614189e-18,9.965447152914741480e-01,1.025621799580862303e+00
0.000000000000000000e+00,0.000000000000000000e+00,0.000000000000000000e+00,1.000000000000000000e+00
7.046864003830178858e-01,7.071067811865474617e-01,5.845577058960989281e-02,-1.545048921332883296e-01
-7.046864003830177747e-01,7.071067811865475727e-01,-5.845577058960987893e-02,1.545048921332883296e-01
-8.266894356679659051e-02,-3.469446951953614189e-18,9.965770646415408329e-01,1.025621799580862081e+00
0.000000000000000000e+00,0.000000000000000000e+00,0.000000000000000000e+00,1.000000000000000000e+00
7.047091674286849461e-01,7.071067811865475727e-01,5.818066123695959935e-02,-1.545048921332883851e-01
-7.047091674286848351e-01,7.071067811865476838e-01,-5.818066123695957159e-02,1.545048921332883574e-01
-8.227988018914285384e-02,3.469446951953614189e-18,9.966092621062982992e-01,1.025621799580862525e+00
0.000000000000000000e+00,0.000000000000000000e+00,0.000000000000000000e+00,1.000000000000000000e+00
7.047318270717499722e-01,7.071067811865475727e-01,5.790554301716989427e-02,-1.545048921332884129e-01
-7.047318270717498612e-01,7.071067811865476838e-01,-5.790554301716988039e-02,1.545048921332883851e-01
-8.189080427146032404e-02,3.469446951953614189e-18,9.966413076808393612e-01,1.025621799580862303e+00
0.000000000000000000e+00,0.000000000000000000e+00,0.000000000000000000e+00,1.000000000000000000e+00
7.047543793087592823e-01,7.071067811865475727e-01,5.763041597217076484e-02,-1.545048921332883574e-01
-7.047543793087592823e-01,7.071067811865475727e-01,-5.763041597217075096e-02,1.545048921332883574e-01
-8.150171587304692877e-02,0.000000000000000000e+00,9.966732013602799256e-01,1.025621799580862303e+00
0.000000000000000000e+00,0.000000000000000000e+00,0.000000000000000000e+00,1.000000000000000000e+00
7.047768241362761810e-01,7.071067811865474617e-01,5.735528014389348894e-02,-1.545048921332883574e-01
-7.047768241362761810e-01,7.071067811865475727e-01,-5.735528014389347506e-02,1.545048921332883574e-01
-8.111261505320244147e-02,0.000000000000000000e+00,9.967049431397593251e-01,1.025621799580862303e+00
0.000000000000000000e+00,0.000000000000000000e+00,0.000000000000000000e+00,1.000000000000000000e+00
7.047991615508796270e-01,7.071067811865475727e-01,5.708013557427068368e-02,-1.545048921332883296e-01
-7.047991615508796270e-01,7.071067811865475727e-01,-5.708013557427067675e-02,1.545048921332883851e-01
-8.072350187122856457e-02,0.000000000000000000e+00,9.967365330144399849e-01,1.025621799580862303e+00
0.000000000000000000e+00,0.000000000000000000e+00,0.000000000000000000e+00,1.000000000000000000e+00
7.048213915491654546e-01,7.071067811865474617e-01,5.680498230523632619e-02,-1.545048921332883851e-01
-7.048213915491652326e-01,7.071067811865476838e-01,-5.680498230523631231e-02,1.545048921332883296e-01
-8.033437638642888790e-02,3.469446951953614189e-18,9.967679709795072007e-01,1.025621799580862303e+00
0.000000000000000000e+00,0.000000000000000000e+00,0.000000000000000000e+00,1.000000000000000000e+00
7.048435141277452631e-01,7.071067811865476838e-01,5.652982037872566340e-02,-1.545048921332883851e-01
-7.048435141277453742e-01,7.071067811865475727e-01,-5.652982037872565646e-02,1.545048921332883851e-01
-7.994523865810879149e-02,0.000000000000000000e+00,9.967992570301695832e-01,1.025621799580862303e+00
0.000000000000000000e+00,0.000000000000000000e+00,0.000000000000000000e+00,1.000000000000000000e+00
7.048655292832477492e-01,7.071067811865476838e-01,5.625464983667530922e-02,-1.545048921332883018e-01
-7.048655292832479713e-01,7.071067811865474617e-01,-5.625464983667531615e-02,1.545048921332883296e-01
-7.955608874557563992e-02,-3.469446951953614189e-18,9.968303911616589463e-01,1.025621799580862303e+00
0.000000000000000000e+00,0.000000000000000000e+00,0.000000000000000000e+00,1.000000000000000000e+00
7.048874370123177080e-01,7.071067811865475727e-01,5.597947072102320287e-02,-1.545048921332883851e-01
-7.048874370123178190e-01,7.071067811865474617e-01,-5.597947072102318899e-02,1.545048921332883851e-01
-7.916692670813858801e-02,0.000000000000000000e+00,9.968613733692304191e-01,1.025621799580862303e+00
0.000000000000000000e+00,0.000000000000000000e+00,0.000000000000000000e+00,1.000000000000000000e+00
7.049092373116160326e-01,7.071067811865475727e-01,5.570428307370850485e-02,-1.545048921332883851e-01
-7.049092373116160326e-01,7.071067811865475727e-01,-5.570428307370850485e-02,1.545048921332883851e-01
-7.877775260510860855e-02,3.469446951953614189e-18,9.968922036481620008e-01,1.025621799580862303e+00
0.000000000000000000e+00,0.000000000000000000e+00,0.000000000000000000e+00,1.000000000000000000e+00
7.049309301778202697e-01,7.071067811865475727e-01,5.542908693667181197e-02,-1.545048921332883574e-01
-7.049309301778202697e-01,7.071067811865475727e-01,-5.542908693667179809e-02,1.545048921332883574e-01
-7.838856649579861724e-02,-3.469446951953614189e-18,9.969228819937547836e-01,1.025621799580862303e+00
0.000000000000000000e+00,0.000000000000000000e+00,0.000000000000000000e+00,1.000000000000000000e+00
7.049525156076242860e-01,7.071067811865475727e-01,5.515388235185488680e-02,-1.545048921332883574e-01
-7.049525156076242860e-01,7.071067811865475727e-01,-5.515388235185487986e-02,1.545048921332883296e-01
-7.799936843952326448e-02,0.000000000000000000e+00,9.969534084013331743e-01,1.025621799580862081e+00
0.000000000000000000e+00,0.000000000000000000e+00,0.000000000000000000e+00,1.000000000000000000e+00
7.049739935977383798e-01,7.071067811865475727e-01,5.487866936120084499e-02,-1.545048921332883296e-01
-7.049739935977382688e-01,7.071067811865474617e-01,-5.487866936120083805e-02,1.545048921332883296e-01
-7.761015849559907420e-02,-3.469446951953614189e-18,9.969837828662450052e-01,1.025621799580862303e+00
0.000000000000000000e+00,0.000000000000000000e+00,0.000000000000000000e+00,1.000000000000000000e+00
7.049953641448889474e-01,7.071067811865474617e-01,5.460344800665405812e-02,-1.545048921332883296e-01
-7.049953641448889474e-01,7.071067811865474617e-01,-5.460344800665403731e-02,1.545048921332883296e-01
-7.722093672334430503e-02,-3.469446951953614189e-18,9.970140053838607574e-01,1.025621799580862081e+00
0.000000000000000000e+00,0.000000000000000000e+00,0.000000000000000000e+00,1.000000000000000000e+00
7.050166272458192607e-01,7.071067811865475727e-01,5.432821833016020924e-02,-1.545048921332883574e-01
-7.050166272458192607e-01,7.071067811865475727e-01,-5.432821833016020230e-02,1.545048921332883296e-01
-7.683170318207914462e-02,3.469446951953614189e-18,9.970440759495744487e-01,1.025621799580862303e+00
0.000000000000000000e+00,0.000000000000000000e+00,0.000000000000000000e+00,1.000000000000000000e+00
7.050377828972886896e-01,7.071067811865471286e-01,5.405298037366617486e-02,-1.545048921332883851e-01
-7.050377828972881344e-01,7.071067811865476838e-01,-5.405298037366615405e-02,1.545048921332883574e-01
-7.644245793112541820e-02,1.040834085586084257e-17,9.970739945588030784e-01,1.025621799580862303e+00
0.000000000000000000e+00,0.000000000000000000e+00,0.000000000000000000e+00,1.000000000000000000e+00
7.050588310960723692e-01,7.071067811865474617e-01,5.377773417912024012e-02,-1.545048921332883851e-01
-7.050588310960723692e-01,7.071067811865474617e-01,-5.377773417912022624e-02,1.545048921332883296e-01
-7.605320102980697716e-02,-3.469446951953614189e-18,9.971037612069867384e-01,1.025621799580862303e+00
0.000000000000000000e+00,0.000000000000000000e+00,0.000000000000000000e+00,1.000000000000000000e+00
7.050797718389630875e-01,7.071067811865475727e-01,5.350247978847174485e-02,-1.545048921332883574e-01
-7.050797718389630875e-01,7.071067811865475727e-01,-5.350247978847173791e-02,1.545048921332883574e-01
-7.566393253744913006e-02,-3.469446951953614189e-18,9.971333758895890576e-01,1.025621799580862303e+00
0.000000000000000000e+00,0.000000000000000000e+00,0.000000000000000000e+00,1.000000000000000000e+00
7.051006051227690641e-01,7.071067811865475727e-01,5.322721724367144441e-02,-1.545048921332883574e-01
-7.051006051227689531e-01,7.071067811865475727e-01,-5.322721724367143747e-02,1.545048921332883296e-01
-7.527465251337922547e-02,3.469446951953614189e-18,9.971628386020962020e-01,1.025621799580862525e+00
0.000000000000000000e+00,0.000000000000000000e+00,0.000000000000000000e+00,1.000000000000000000e+00
7.051213309443150612e-01,7.071067811865476838e-01,5.295194658667123216e-02,-1.545048921332884129e-01
-7.051213309443151722e-01,7.071067811865474617e-01,-5.295194658667123216e-02,1.545048921332883851e-01
-7.488536101692616631e-02,0.000000000000000000e+00,9.971921493400178749e-01,1.025621799580862303e+00
0.000000000000000000e+00,0.000000000000000000e+00,0.000000000000000000e+00,1.000000000000000000e+00
7.051419493004427164e-01,7.071067811865474617e-01,5.267666785942433372e-02,-1.545048921332883851e-01
-7.051419493004424943e-01,7.071067811865476838e-01,-5.267666785942430596e-02,1.545048921332883296e-01
-7.449605810742078449e-02,3.469446951953614189e-18,9.972213080988872047e-01,1.025621799580862081e+00
0.000000000000000000e+00,0.000000000000000000e+00,0.000000000000000000e+00,1.000000000000000000e+00
7.051624601880090992e-01,7.071067811865475727e-01,5.240138110388507797e-02,-1.545048921332883851e-01
-7.051624601880089882e-01,7.071067811865475727e-01,-5.240138110388507797e-02,1.545048921332883296e-01
-7.410674384419550786e-02,3.469446951953614189e-18,9.972503148742600798e-01,1.025621799580862525e+00
0.000000000000000000e+00,0.000000000000000000e+00,0.000000000000000000e+00,1.000000000000000000e+00
7.051828636038885989e-01,7.071067811865474617e-01,5.212608636200917467e-02,-1.545048921332884129e-01
-7.051828636038883769e-01,7.071067811865475727e-01,-5.212608636200916079e-02,1.545048921332883296e-01
-7.371741828658458229e-02,0.000000000000000000e+00,9.972791696617154811e-01,1.025621799580862303e+00
0.000000000000000000e+00,0.000000000000000000e+00,0.000000000000000000e+00,1.000000000000000000e+00
7.052031595449712587e-01,7.071067811865475727e-01,5.185078367575338826e-02,-1.545048921332883851e-01
-7.052031595449713697e-01,7.071067811865475727e-01,-5.185078367575338132e-02,1.545048921332883574e-01
-7.332808149392391894e-02,3.469446951953614189e-18,9.973078724568559261e-01,1.025621799580862303e+00
0.000000000000000000e+00,0.000000000000000000e+00,0.000000000000000000e+00,1.000000000000000000e+00
7.052233480081643302e-01,7.071067811865474617e-01,5.157547308707581546e-02,-1.545048921332883574e-01
-7.052233480081642192e-01,7.071067811865476838e-01,-5.157547308707581546e-02,1.545048921332883296e-01
-7.293873352555117762e-02,1.040834085586084257e-17,9.973364232553069142e-01,1.025621799580862303e+00
0.000000000000000000e+00,0.000000000000000000e+00,0.000000000000000000e+00,1.000000000000000000e+00
7.052434289903904974e-01,7.071067811865474617e-01,5.130015463793570485e-02,-1.545048921332883574e-01
-7.052434289903903863e-01,7.071067811865475727e-01,-5.130015463793570485e-02,1.545048921332883296e-01
-7.254937444080569731e-02,3.469446951953614189e-18,9.973648220527169261e-01,1.025621799580862303e+00
0.000000000000000000e+00,0.000000000000000000e+00,0.000000000000000000e+00,1.000000000000000000e+00
7.052634024885895414e-01,7.071067811865474617e-01,5.102482837029351931e-02,-1.545048921332883574e-01
-7.052634024885893194e-01,7.071067811865474617e-01,-5.102482837029351237e-02,1.545048921332883574e-01
-7.216000429902855173e-02,-3.469446951953614189e-18,9.973930688447579795e-01,1.025621799580862081e+00
0.000000000000000000e+00,0.000000000000000000e+00,0.000000000000000000e+00,1.000000000000000000e+00
7.052832684997171198e-01,7.071067811865475727e-01,5.074949432611090827e-02,-1.545048921332883851e-01
-7.052832684997171198e-01,7.071067811865475727e-01,-5.074949432611089439e-02,1.545048921332883851e-01
-7.177062315956247995e-02,-3.469446951953614189e-18,9.974211636271250736e-01,1.025621799580862303e+00
0.000000000000000000e+00,0.000000000000000000e+00,0.000000000000000000e+00,1.000000000000000000e+00
7.053030270207458763e-01,7.071067811865474617e-01,5.047415254735067996e-02,-1.545048921332883296e-01
-7.053030270207456542e-01,7.071067811865476838e-01,-5.047415254735066609e-02,1.545048921332883296e-01
-7.138123108175183085e-02,0.000000000000000000e+00,9.974491063955361891e-01,1.025621799580862525e+00
0.000000000000000000e+00,0.000000000000000000e+00,0.000000000000000000e+00,1.000000000000000000e+00
7.053226780486638869e-01,7.071067811865475727e-01,5.019880307597687080e-02,-1.545048921332883851e-01
-7.053226780486639980e-01,7.071067811865474617e-01,-5.019880307597686386e-02,1.545048921332883296e-01
-7.099182812494272965e-02,-3.469446951953614189e-18,9.974768971457326217e-01,1.025621799580862303e+00
0.000000000000000000e+00,0.000000000000000000e+00,0.000000000000000000e+00,1.000000000000000000e+00
7.053422215804769912e-01,7.071067811865475727e-01,4.992344595395465517e-02,-1.545048921332883574e-01
-7.053422215804768802e-01,7.071067811865475727e-01,-4.992344595395464130e-02,1.545048921332883296e-01
-7.060241434848288367e-02,0.000000000000000000e+00,9.975045358734792034e-01,1.025621799580862081e+00
0.000000000000000000e+00,0.000000000000000000e+00,0.000000000000000000e+00,1.000000000000000000e+00
7.053616576132057947e-01,7.071067811865476838e-01,4.964808122325038015e-02,-1.545048921332883851e-01
-7.053616576132060167e-01,7.071067811865474617e-01,-4.964808122325037321e-02,1.545048921332883851e-01
-7.021298981172169329e-02,-3.469446951953614189e-18,9.975320225745633040e-01,1.025621799580862303e+00
0.000000000000000000e+00,0.000000000000000000e+00,0.000000000000000000e+00,1.000000000000000000e+00
7.053809861438888884e-01,7.071067811865475727e-01,4.937270892583155157e-02,-1.545048921332883574e-01
-7.053809861438889994e-01,7.071067811865476838e-01,-4.937270892583153770e-02,1.545048921332883574e-01
-6.982355457401014098e-02,3.469446951953614189e-18,9.975593572447959412e-01,1.025621799580862525e+00
0.000000000000000000e+00,0.000000000000000000e+00,0.000000000000000000e+00,1.000000000000000000e+00
7.054002071695799625e-01,7.071067811865475727e-01,4.909732910366684799e-02,-1.545048921332884129e-01
-7.054002071695798515e-01,7.071067811865476838e-01,-4.909732910366683412e-02,1.545048921332883296e-01
-6.943410869470091618e-02,3.469446951953614189e-18,9.975865398800108919e-01,1.025621799580862303e+00
0.000000000000000000e+00,0.000000000000000000e+00,0.000000000000000000e+00,1.000000000000000000e+00
7.054193206873495825e-01,7.071067811865475727e-01,4.882194179872605122e-02,-1.545048921332883851e-01
-7.054193206873496935e-01,7.071067811865474617e-01,-4.882194179872604428e-02,1.545048921332883574e-01
-6.904465223314827649e-02,-6.938893903907228378e-18,9.976135704760654699e-01,1.025621799580862303e+00
0.000000000000000000e+00,0.000000000000000000e+00,0.000000000000000000e+00,1.000000000000000000e+00
7.054383266942849673e-01,7.071067811865475727e-01,4.854654705298015738e-02,-1.545048921332884129e-01
-7.054383266942850783e-01,7.071067811865474617e-01,-4.854654705298014350e-02,1.545048921332883296e-01
-6.865518524870813100e-02,3.469446951953614189e-18,9.976404490288399707e-01,1.025621799580862525e+00
0.000000000000000000e+00,0.000000000000000000e+00,0.000000000000000000e+00,1.000000000000000000e+00
7.054572251874894340e-01,7.071067811865475727e-01,4.827114490840120342e-02,-1.545048921332883574e-01
-7.054572251874894340e-01,7.071067811865475727e-01,-4.827114490840118954e-02,1.545048921332883296e-01
-6.826570780073794309e-02,-3.469446951953614189e-18,9.976671755342381154e-01,1.025621799580862525e+00
0.000000000000000000e+00,0.000000000000000000e+00,0.000000000000000000e+00,1.000000000000000000e+00
7.054760161640826199e-01,7.071067811865475727e-01,4.799573540696241980e-02,-1.545048921332883574e-01
-7.054760161640826199e-01,7.071067811865475727e-01,-4.799573540696240592e-02,1.545048921332883296e-01
-6.787621994859679986e-02,0.000000000000000000e+00,9.976937499881863847e-01,1.025621799580862525e+00
0.000000000000000000e+00,0.000000000000000000e+00,0.000000000000000000e+00,1.000000000000000000e+00
7.054946996212005939e-01,7.071067811865474617e-01,4.772031859063812637e-02,-1.545048921332883296e-01
-7.054946996212005939e-01,7.071067811865474617e-01,-4.772031859063811943e-02,1.545048921332883296e-01
-6.748672175164538434e-02,3.469446951953614189e-18,9.977201723866345739e-01,1.025621799580862303e+00
0.000000000000000000e+00,0.000000000000000000e+00,0.000000000000000000e+00,1.000000000000000000e+00
7.055132755559959667e-01,7.071067811865475727e-01,4.744489450140378789e-02,-1.545048921332883574e-01
-7.055132755559959667e-01,7.071067811865475727e-01,-4.744489450140379483e-02,1.545048921332883296e-01
-6.709721326924592000e-02,6.938893903907228378e-18,9.977464427255560153e-01,1.025621799580862303e+00
0.000000000000000000e+00,0.000000000000000000e+00,0.000000000000000000e+00,1.000000000000000000e+00
7.055317439656376699e-01,7.071067811865475727e-01,4.716946318123597243e-02,-1.545048921332883851e-01
-7.055317439656375589e-01,7.071067811865475727e-01,-4.716946318123596549e-02,1.545048921332883574e-01
-6.670769456076226789e-02,3.469446951953614189e-18,9.977725610009468005e-01,1.025621799580862081e+00
0.000000000000000000e+00,0.000000000000000000e+00,0.000000000000000000e+00,1.000000000000000000e+00
7.055501048473109549e-01,7.071067811865474617e-01,4.689402467211231662e-02,-1.545048921332883574e-01
-7.055501048473107328e-01,7.071067811865475727e-01,-4.689402467211230274e-02,1.545048921332883296e-01
-6.631816568555976010e-02,-3.469446951953614189e-18,9.977985272088262247e-01,1.025621799580862303e+00
0.000000000000000000e+00,0.000000000000000000e+00,0.000000000000000000e+00,1.000000000000000000e+00
7.055683581982172825e-01,7.071067811865475727e-01,4.661857901601157428e-02,-1.545048921332883851e-01
-7.055683581982173935e-01,7.071067811865475727e-01,-4.661857901601157428e-02,1.545048921332883851e-01
-6.592862670300533856e-02,-3.469446951953614189e-18,9.978243413452368982e-01,1.025621799580862303e+00
0.000000000000000000e+00,0.000000000000000000e+00,0.000000000000000000e+00,1.000000000000000000e+00
7.055865040155751000e-01,7.071067811865475727e-01,4.634312625491358861e-02,-1.545048921332883574e-01
-7.055865040155752110e-01,7.071067811865475727e-01,-4.634312625491358167e-02,1.545048921332883574e-01
-6.553907767246745786e-02,0.000000000000000000e+00,9.978500034062446344e-01,1.025621799580862303e+00
0.000000000000000000e+00,0.000000000000000000e+00,0.000000000000000000e+00,1.000000000000000000e+00
7.056045422966186198e-01,7.071067811865473507e-01,4.606766643079930612e-02,-1.545048921332883296e-01
-7.056045422966185088e-01,7.071067811865475727e-01,-4.606766643079928530e-02,1.545048921332883296e-01
-6.514951865331611303e-02,-6.938893903907228378e-18,9.978755133879381178e-01,1.025621799580862081e+00
0.000000000000000000e+00,0.000000000000000000e+00,0.000000000000000000e+00,1.000000000000000000e+00
7.056224730385987076e-01,7.071067811865474617e-01,4.579219958565070719e-02,-1.545048921332883851e-01
-7.056224730385987076e-01,7.071067811865475727e-01,-4.579219958565069332e-02,1.545048921332883851e-01
-6.475994970492283953e-02,0.000000000000000000e+00,9.979008712864297914e-01,1.025621799580862303e+00
0.000000000000000000e+00,0.000000000000000000e+00,0.000000000000000000e+00,1.000000000000000000e+00
7.056402962387825495e-01,7.071067811865476838e-01,4.551672576145084775e-02,-1.545048921332883851e-01
-7.056402962387826605e-01,7.071067811865475727e-01,-4.551672576145084081e-02,1.545048921332883851e-01
-6.437037088666061613e-02,-3.469446951953614189e-18,9.979260770978548578e-01,1.025621799580862303e+00
0.000000000000000000e+00,0.000000000000000000e+00,0.000000000000000000e+00,1.000000000000000000e+00
7.056580118944539848e-01,7.071067811865475727e-01,4.524124500018390782e-02,-1.545048921332883851e-01
-7.056580118944540958e-01,7.071067811865475727e-01,-4.524124500018389394e-02,1.545048921332883851e-01
-6.398078225790405915e-02,-3.469446951953614189e-18,9.979511308183716123e-01,1.025621799580862303e+00
0.000000000000000000e+00,0.000000000000000000e+00,0.000000000000000000e+00,1.000000000000000000e+00
7.056756200029128401e-01,7.071067811865475727e-01,4.496575734383505274e-02,-1.545048921332883851e-01
-7.056756200029127291e-01,7.071067811865475727e-01,-4.496575734383503886e-02,1.545048921332883574e-01
-6.359118387802911720e-02,-3.469446951953614189e-18,9.979760324441618868e-01,1.025621799580862303e+00
0.000000000000000000e+00,0.000000000000000000e+00,0.000000000000000000e+00,1.000000000000000000e+00
7.056931205614755953e-01,7.071067811865474617e-01,4.469026283439053032e-02,-1.545048921332883851e-01
-7.056931205614753733e-01,7.071067811865476838e-01,-4.469026283439051644e-02,1.545048921332883296e-01
-6.320157580641334871e-02,0.000000000000000000e+00,9.980007819714302730e-01,1.025621799580862303e+00
0.000000000000000000e+00,0.000000000000000000e+00,0.000000000000000000e+00,1.000000000000000000e+00
7.057105135674748286e-01,7.071067811865475727e-01,4.441476151383762921e-02,-1.545048921332883296e-01
-7.057105135674747176e-01,7.071067811865476838e-01,-4.441476151383762228e-02,1.545048921332883296e-01
-6.281195810243574151e-02,-3.469446951953614189e-18,9.980253793964048992e-01,1.025621799580862081e+00
0.000000000000000000e+00,0.000000000000000000e+00,0.000000000000000000e+00,1.000000000000000000e+00
7.057277990182597716e-01,7.071067811865475727e-01,4.413925342416467890e-02,-1.545048921332883296e-01
-7.057277990182598826e-01,7.071067811865474617e-01,-4.413925342416467890e-02,1.545048921332883574e-01
-6.242233082547676837e-02,0.000000000000000000e+00,9.980498247153368752e-01,1.025621799580862303e+00
0.000000000000000000e+00,0.000000000000000000e+00,0.000000000000000000e+00,1.000000000000000000e+00
7.057449769111965310e-01,7.071067811865474617e-01,4.386373860736105662e-02,-1.545048921332883574e-01
-7.057449769111963089e-01,7.071067811865476838e-01,-4.386373860736103580e-02,1.545048921332883296e-01
-6.203269403491832451e-02,0.000000000000000000e+00,9.980741179245007366e-01,1.025621799580862303e+00
0.000000000000000000e+00,0.000000000000000000e+00,0.000000000000000000e+00,1.000000000000000000e+00
7.057620472436664238e-01,7.071067811865473507e-01,4.358821710541709027e-02,-1.545048921332883296e-01
-7.057620472436662018e-01,7.071067811865475727e-01,-4.358821710541707639e-02,1.545048921332883296e-01
-6.164304779014377622e-02,0.000000000000000000e+00,9.980982590201938898e-01,1.025621799580862303e+00
0.000000000000000000e+00,0.000000000000000000e+00,0.000000000000000000e+00,1.000000000000000000e+00
7.057790100130679756e-01,7.071067811865474617e-01,4.331268896032423182e-02,-1.545048921332883851e-01
-7.057790100130678645e-01,7.071067811865475727e-01,-4.331268896032422488e-02,1.545048921332883296e-01
-6.125339215053795389e-02,-3.469446951953614189e-18,9.981222479987370555e-01,1.025621799580862081e+00
0.000000000000000000e+00,0.000000000000000000e+00,0.000000000000000000e+00,1.000000000000000000e+00
7.057958652168161429e-01,7.071067811865475727e-01,4.303715421407489083e-02,-1.545048921332883851e-01
-7.057958652168160318e-01,7.071067811865476838e-01,-4.303715421407487696e-02,1.545048921332883296e-01
-6.086372717548710343e-02,0.000000000000000000e+00,9.981460848564742694e-01,1.025621799580862303e+00
0.000000000000000000e+00,0.000000000000000000e+00,0.000000000000000000e+00,1.000000000000000000e+00
7.058126128523418696e-01,7.071067811865475727e-01,4.276161290866246911e-02,-1.545048921332883851e-01
-7.058126128523417586e-01,7.071067811865476838e-01,-4.276161290866246911e-02,1.545048921332883296e-01
-6.047405292437887936e-02,3.469446951953614189e-18,9.981697695897724376e-01,1.025621799580862303e+00
0.000000000000000000e+00,0.000000000000000000e+00,0.000000000000000000e+00,1.000000000000000000e+00
7.058292529170928642e-01,7.071067811865473507e-01,4.248606508608139543e-02,-1.545048921332883296e-01
-7.058292529170925311e-01,7.071067811865476838e-01,-4.248606508608139543e-02,1.545048921332883018e-01
-6.008436945660235173e-02,3.469446951953614189e-18,9.981933021950220031e-01,1.025621799580862081e+00
0.000000000000000000e+00,0.000000000000000000e+00,0.000000000000000000e+00,1.000000000000000000e+00
7.058457854085327110e-01,7.071067811865475727e-01,4.221051078832711856e-02,-1.545048921332883851e-01
-7.058457854085328220e-01,7.071067811865474617e-01,-4.221051078832710468e-02,1.545048921332883574e-01
-5.969467683154804083e-02,0.000000000000000000e+00,9.982166826686362793e-01,1.025621799580862525e+00
0.000000000000000000e+00,0.000000000000000000e+00,0.000000000000000000e+00,1.000000000000000000e+00
7.058622103241424250e-01,7.071067811865474617e-01,4.193495005739597548e-02,-1.545048921332883851e-01
-7.058622103241423140e-01,7.071067811865476838e-01,-4.193495005739596160e-02,1.545048921332883851e-01
-5.930497510860777144e-02,0.000000000000000000e+00,9.982399110070522275e-01,1.025621799580862525e+00
0.000000000000000000e+00,0.000000000000000000e+00,0.000000000000000000e+00,1.000000000000000000e+00
7.058785276614180093e-01,7.071067811865475727e-01,4.165938293528538561e-02,-1.545048921332883851e-01
-7.058785276614180093e-01,7.071067811865475727e-01,-4.165938293528537173e-02,1.545048921332883296e-01
-5.891526434717485328e-02,0.000000000000000000e+00,9.982629872067292354e-01,1.025621799580862303e+00
0.000000000000000000e+00,0.000000000000000000e+00,0.000000000000000000e+00,1.000000000000000000e+00
7.058947374178731193e-01,7.071067811865473507e-01,4.138380946399367738e-02,-1.545048921332883296e-01
-7.058947374178728973e-01,7.071067811865475727e-01,-4.138380946399367738e-02,1.545048921332883296e-01
-5.852554460664390751e-02,0.000000000000000000e+00,9.982859112641506716e-01,1.025621799580862081e+00
0.000000000000000000e+00,0.000000000000000000e+00,0.000000000000000000e+00,1.000000000000000000e+00
7.059108395910369538e-01,7.071067811865474617e-01,4.110822968552022005e-02,-1.545048921332883296e-01
-7.059108395910367317e-01,7.071067811865475727e-01,-4.110822968552020618e-02,1.545048921332883296e-01
-5.813581594641095696e-02,-3.469446951953614189e-18,9.983086831758226642e-01,1.025621799580862081e+00
0.000000000000000000e+00,0.000000000000000000e+00,0.000000000000000000e+00,1.000000000000000000e+00
7.059268341784554757e-01,7.071067811865474617e-01,4.083264364186526413e-02,-1.545048921332883574e-01
-7.059268341784552536e-01,7.071067811865476838e-01,-4.083264364186525025e-02,1.545048921332883296e-01
-5.774607842587337753e-02,-6.938893903907228378e-18,9.983313029382745452e-01,1.025621799580862081e+00
0.000000000000000000e+00,0.000000000000000000e+00,0.000000000000000000e+00,1.000000000000000000e+00
7.059427211776909683e-01,7.071067811865475727e-01,4.055705137503004543e-02,-1.545048921332883851e-01
-7.059427211776910793e-01,7.071067811865474617e-01,-4.055705137503004543e-02,1.545048921332883851e-01
-5.735633210442987739e-02,-3.469446951953614189e-18,9.983537705480589608e-01,1.025621799580862303e+00
0.000000000000000000e+00,0.000000000000000000e+00,0.000000000000000000e+00,1.000000000000000000e+00
7.059585005863224794e-01,7.071067811865475727e-01,4.028145292701677121e-02,-1.545048921332883574e-01
-7.059585005863223683e-01,7.071067811865476838e-01,-4.028145292701676428e-02,1.545048921332883296e-01
-5.696657704148052476e-02,0.000000000000000000e+00,9.983760860017516503e-01,1.025621799580862081e+00
0.000000000000000000e+00,0.000000000000000000e+00,0.000000000000000000e+00,1.000000000000000000e+00
7.059741724019445996e-01,7.071067811865475727e-01,4.000584833982857164e-02,-1.545048921332883851e-01
-7.059741724019447107e-01,7.071067811865475727e-01,-4.000584833982855776e-02,1.545048921332883574e-01
-5.657681329642672702e-02,0.000000000000000000e+00,9.983982492959516675e-01,1.025621799580862303e+00
0.000000000000000000e+00,0.000000000000000000e+00,0.000000000000000000e+00,1.000000000000000000e+00
7.059897366221692394e-01,7.071067811865475727e-01,3.973023765546948582e-02,-1.545048921332883574e-01
-7.059897366221693504e-01,7.071067811865474617e-01,-3.973023765546947195e-02,1.545048921332883574e-01
-5.618704092867117528e-02,-3.469446951953614189e-18,9.984202604272811588e-01,1.025621799580862303e+00
0.000000000000000000e+00,0.000000000000000000e+00,0.000000000000000000e+00,1.000000000000000000e+00
7.060051932446241851e-01,7.071067811865475727e-01,3.945462091594453824e-02,-1.545048921332883851e-01
-7.060051932446241851e-01,7.071067811865475727e-01,-3.945462091594452436e-02,1.545048921332883851e-01
-5.579725999761793453e-02,-6.938893903907228378e-18,9.984421193923853632e-01,1.025621799580862303e+00
0.000000000000000000e+00,0.000000000000000000e+00,0.000000000000000000e+00,1.000000000000000000e+00
7.060205422669536546e-01,7.071067811865474617e-01,3.917899816325960682e-02,-1.545048921332883574e-01
-7.060205422669536546e-01,7.071067811865474617e-01,-3.917899816325959989e-02,1.545048921332883296e-01
-5.540747056267231185e-02,0.000000000000000000e+00,9.984638261879328347e-01,1.025621799580862303e+00
0.000000000000000000e+00,0.000000000000000000e+00,0.000000000000000000e+00,1.000000000000000000e+00
7.060357836868185188e-01,7.071067811865475727e-01,3.890336943942156178e-02,-1.545048921332884129e-01
-7.060357836868184078e-01,7.071067811865474617e-01,-3.890336943942155484e-02,1.545048921332883574e-01
-5.501767268324096738e-02,0.000000000000000000e+00,9.984853808106154416e-01,1.025621799580862525e+00
0.000000000000000000e+00,0.000000000000000000e+00,0.000000000000000000e+00,1.000000000000000000e+00
7.060509175018956363e-01,7.071067811865474617e-01,3.862773478643814068e-02,-1.545048921332883296e-01
-7.060509175018956363e-01,7.071067811865474617e-01,-3.862773478643813374e-02,1.545048921332883296e-01
-5.462786641873180332e-02,0.000000000000000000e+00,9.985067832571480340e-01,1.025621799580862081e+00
0.000000000000000000e+00,0.000000000000000000e+00,0.000000000000000000e+00,1.000000000000000000e+00
7.060659437098788516e-01,7.071067811865474617e-01,3.835209424631798314e-02,-1.545048921332883296e-01
-7.060659437098786295e-01,7.071067811865476838e-01,-3.835209424631797620e-02,1.545048921332883296e-01
-5.423805182855402640e-02,0.000000000000000000e+00,9.985280335242687766e-01,1.025621799580862303e+00
0.000000000000000000e+00,0.000000000000000000e+00,0.000000000000000000e+00,1.000000000000000000e+00
7.060808623084777746e-01,7.071067811865472397e-01,3.807644786107062390e-02,-1.545048921332884129e-01
-7.060808623084773306e-01,7.071067811865476838e-01,-3.807644786107061696e-02,1.545048921332883574e-01
-5.384822897211809928e-02,3.469446951953614189e-18,9.985491316087388158e-01,1.025621799580862303e+00
0.000000000000000000e+00,0.000000000000000000e+00,0.000000000000000000e+00,1.000000000000000000e+00
7.060956732954184467e-01,7.071067811865475727e-01,3.780079567270654139e-02,-1.545048921332883851e-01
-7.060956732954185577e-01,7.071067811865476838e-01,-3.780079567270652752e-02,1.545048921332883574e-01
-5.345839790883577525e-02,-3.469446951953614189e-18,9.985700775073428348e-01,1.025621799580862303e+00
0.000000000000000000e+00,0.000000000000000000e+00,0.000000000000000000e+00,1.000000000000000000e+00
7.061103766684442284e-01,7.071067811865474617e-01,3.752513772323699814e-02,-1.545048921332883851e-01
-7.061103766684440064e-01,7.071067811865476838e-01,-3.752513772323699814e-02,1.545048921332883296e-01
-5.306855869812000803e-02,3.469446951953614189e-18,9.985908712168883872e-01,1.025621799580862303e+00
0.000000000000000000e+00,0.000000000000000000e+00,0.000000000000000000e+00,1.000000000000000000e+00
7.061249724253136906e-01,7.071067811865476838e-01,3.724947405467423506e-02,-1.545048921332883851e-01
-7.061249724253140236e-01,7.071067811865474617e-01,-3.724947405467424200e-02,1.545048921332883296e-01
-5.267871139938503505e-02,3.469446951953614189e-18,9.986115127342064524e-01,1.025621799580862303e+00
0.000000000000000000e+00,0.000000000000000000e+00,0.000000000000000000e+00,1.000000000000000000e+00
7.061394605638027233e-01,7.071067811865475727e-01,3.697380470903129102e-02,-1.545048921332883851e-01
-7.061394605638028343e-01,7.071067811865474617e-01,-3.697380470903129102e-02,1.545048921332883574e-01
-5.228885607204625252e-02,0.000000000000000000e+00,9.986320020561512134e-01,1.025621799580862303e+00
0.000000000000000000e+00,0.000000000000000000e+00,0.000000000000000000e+00,1.000000000000000000e+00
7.061538410817032041e-01,7.071067811865475727e-01,3.669812972832212777e-02,-1.545048921332883851e-01
-7.061538410817030931e-01,7.071067811865476838e-01,-3.669812972832212083e-02,1.545048921332883296e-01
-5.189899277552040974e-02,6.938893903907228378e-18,9.986523391795998350e-01,1.025621799580862303e+00
0.000000000000000000e+00,0.000000000000000000e+00,0.000000000000000000e+00,1.000000000000000000e+00
7.061681139768229976e-01,7.071067811865475727e-01,3.642244915456151894e-02,-1.545048921332883851e-01
-7.061681139768231086e-01,7.071067811865474617e-01,-3.642244915456151200e-02,1.545048921332883296e-01
-5.150912156922537316e-02,3.469446951953614189e-18,9.986725241014526855e-01,1.025621799580862303e+00
0.000000000000000000e+00,0.000000000000000000e+00,0.000000000000000000e+00,1.000000000000000000e+00
7.061822792469873988e-01,7.071067811865475727e-01,3.614676302976511935e-02,-1.545048921332883851e-01
-7.061822792469872878e-01,7.071067811865474617e-01,-3.614676302976511935e-02,1.545048921332883296e-01
-5.111924251258022356e-02,1.040834085586084257e-17,9.986925568186336699e-01,1.025621799580862303e+00
0.000000000000000000e+00,0.000000000000000000e+00,0.000000000000000000e+00,1.000000000000000000e+00
7.061963368900370241e-01,7.071067811865474617e-01,3.587107139594942345e-02,-1.545048921332883851e-01
-7.061963368900370241e-01,7.071067811865476838e-01,-3.587107139594941652e-02,1.545048921332883296e-01
-5.072935566500525600e-02,6.938893903907228378e-18,9.987124373280896750e-01,1.025621799580862303e+00
0.000000000000000000e+00,0.000000000000000000e+00,0.000000000000000000e+00,1.000000000000000000e+00
7.062102869038296982e-01,7.071067811865476838e-01,3.559537429513174450e-02,-1.545048921332883574e-01
-7.062102869038298092e-01,7.071067811865474617e-01,-3.559537429513175144e-02,1.545048921332883574e-01
-5.033946108592197294e-02,6.938893903907228378e-18,9.987321656267905690e-01,1.025621799580862303e+00
0.000000000000000000e+00,0.000000000000000000e+00,0.000000000000000000e+00,1.000000000000000000e+00
7.062241292862392328e-01,7.071067811865474617e-01,3.531967176933028391e-02,-1.545048921332883574e-01
-7.062241292862392328e-01,7.071067811865475727e-01,-3.531967176933028391e-02,1.545048921332883296e-01
-4.994955883475301478e-02,0.000000000000000000e+00,9.987517417117296459e-01,1.025621799580862303e+00
0.000000000000000000e+00,0.000000000000000000e+00,0.000000000000000000e+00,1.000000000000000000e+00
7.062378640351560932e-01,7.071067811865475727e-01,3.504396386056399942e-02,-1.545048921332883574e-01
-7.062378640351559822e-01,7.071067811865474617e-01,-3.504396386056399249e-02,1.545048921332883296e-01
-4.955964897092220850e-02,3.469446951953614189e-18,9.987711655799235144e-01,1.025621799580862303e+00
0.000000000000000000e+00,0.000000000000000000e+00,0.000000000000000000e+00,1.000000000000000000e+00
7.062514911484866209e-01,7.071067811865475727e-01,3.476825061085270230e-02,-1.545048921332884129e-01
-7.062514911484866209e-01,7.071067811865474617e-01,-3.476825061085270230e-02,1.545048921332883851e-01
-4.916973155385453986e-02,3.469446951953614189e-18,9.987904372284116539e-01,1.025621799580862303e+00
0.000000000000000000e+00,0.000000000000000000e+00,0.000000000000000000e+00,1.000000000000000000e+00
7.062650106241543657e-01,7.071067811865474617e-01,3.449253206221707807e-02,-1.545048921332883574e-01
-7.062650106241543657e-01,7.071067811865474617e-01,-3.449253206221707113e-02,1.545048921332883296e-01
-4.877980664297620200e-02,0.000000000000000000e+00,9.988095566542571913e-01,1.025621799580862303e+00
0.000000000000000000e+00,0.000000000000000000e+00,0.000000000000000000e+00,1.000000000000000000e+00
7.062784224600986427e-01,7.071067811865475727e-01,3.421680825667845760e-02,-1.545048921332883851e-01
-7.062784224600987537e-01,7.071067811865474617e-01,-3.421680825667846454e-02,1.545048921332883296e-01
-4.838987429771438031e-02,6.938893903907228378e-18,9.988285238545460132e-01,1.025621799580862303e+00
0.000000000000000000e+00,0.000000000000000000e+00,0.000000000000000000e+00,1.000000000000000000e+00
7.062917266542756423e-01,7.071067811865475727e-01,3.394107923625917789e-02,-1.545048921332884129e-01
-7.062917266542757533e-01,7.071067811865474617e-01,-3.394107923625917789e-02,1.545048921332883851e-01
-4.799993457749758552e-02,6.938893903907228378e-18,9.988473388263873209e-01,1.025621799580862525e+00
0.000000000000000000e+00,0.000000000000000000e+00,0.000000000000000000e+00,1.000000000000000000e+00
7.063049232046574311e-01,7.071067811865475727e-01,3.366534504298220043e-02,-1.545048921332883574e-01
-7.063049232046573200e-01,7.071067811865474617e-01,-3.366534504298220043e-02,1.545048921332883851e-01
-4.760998754175527203e-02,0.000000000000000000e+00,9.988660015669138525e-01,1.025621799580862303e+00
0.000000000000000000e+00,0.000000000000000000e+00,0.000000000000000000e+00,1.000000000000000000e+00
7.063180121092328401e-01,7.071067811865475727e-01,3.338960571887135409e-02,-1.545048921332884129e-01
-7.063180121092328401e-01,7.071067811865475727e-01,-3.338960571887135409e-02,1.545048921332883851e-01
-4.722003324991812245e-02,1.040834085586084257e-17,9.988845120732809946e-01,1.025621799580862303e+00
0.000000000000000000e+00,0.000000000000000000e+00,0.000000000000000000e+00,1.000000000000000000e+00
7.063309933660069095e-01,7.071067811865476838e-01,3.311386130595127958e-02,-1.545048921332883851e-01
-7.063309933660071316e-01,7.071067811865474617e-01,-3.311386130595127958e-02,1.545048921332883851e-01
-4.683007176141795042e-02,0.000000000000000000e+00,9.989028703426676703e-01,1.025621799580862525e+00
0.000000000000000000e+00,0.000000000000000000e+00,0.000000000000000000e+00,1.000000000000000000e+00
7.063438669730017772e-01,7.071067811865472397e-01,3.283811184624729762e-02,-1.545048921332883851e-01
-7.063438669730013331e-01,7.071067811865476838e-01,-3.283811184624729068e-02,1.545048921332883574e-01
-4.644010313568751325e-02,6.938893903907228378e-18,9.989210763722761177e-01,1.025621799580862303e+00
0.000000000000000000e+00,0.000000000000000000e+00,0.000000000000000000e+00,1.000000000000000000e+00
7.063566329282544576e-01,7.071067811865474617e-01,3.256235738178559630e-02,-1.545048921332883574e-01
-7.063566329282544576e-01,7.071067811865476838e-01,-3.256235738178558936e-02,1.545048921332883296e-01
-4.605012743216085197e-02,3.469446951953614189e-18,9.989391301593314454e-01,1.025621799580862303e+00
0.000000000000000000e+00,0.000000000000000000e+00,0.000000000000000000e+00,1.000000000000000000e+00
7.063692912298201732e-01,7.071067811865476838e-01,3.228659795459305065e-02,-1.545048921332884129e-01
-7.063692912298202842e-01,7.071067811865474617e-01,-3.228659795459305759e-02,1.545048921332883851e-01
-4.566014471027293048e-02,6.938893903907228378e-18,9.989570317010821876e-01,1.025621799580862525e+00
0.000000000000000000e+00,0.000000000000000000e+00,0.000000000000000000e+00,1.000000000000000000e+00
7.063818418757692452e-01,7.071067811865475727e-01,3.201083360669734756e-02,-1.545048921332883851e-01
-7.063818418757693562e-01,7.071067811865474617e-01,-3.201083360669735450e-02,1.545048921332883574e-01
-4.527015502945984371e-02,6.938893903907228378e-18,9.989747809947999713e-01,1.025621799580862303e+00
0.000000000000000000e+00,0.000000000000000000e+00,0.000000000000000000e+00,1.000000000000000000e+00
7.063942848641890926e-01,7.071067811865475727e-01,3.173506438012689557e-02,-1.545048921332883851e-01
-7.063942848641892036e-01,7.071067811865474617e-01,-3.173506438012690251e-02,1.545048921332883851e-01
-4.488015844915878294e-02,6.938893903907228378e-18,9.989923780377798490e-01,1.025621799580862303e+00
0.000000000000000000e+00,0.000000000000000000e+00,0.000000000000000000e+00,1.000000000000000000e+00
7.064066201931833433e-01,7.071067811865473507e-01,3.145929031691083871e-02,-1.545048921332883574e-01
-7.064066201931832323e-01,7.071067811865476838e-01,-3.145929031691084565e-02,1.545048921332883296e-01
-4.449015502880789702e-02,6.938893903907228378e-18,9.990098228273397440e-01,1.025621799580862081e+00
0.000000000000000000e+00,0.000000000000000000e+00,0.000000000000000000e+00,1.000000000000000000e+00
7.064188478608717237e-01,7.071067811865475727e-01,3.118351145907912250e-02,-1.545048921332883574e-01
-7.064188478608718347e-01,7.071067811865474617e-01,-3.118351145907912250e-02,1.545048921332883574e-01
-4.410014482784651441e-02,0.000000000000000000e+00,9.990271153608208943e-01,1.025621799580862081e+00
0.000000000000000000e+00,0.000000000000000000e+00,0.000000000000000000e+00,1.000000000000000000e+00
7.064309678653909463e-01,7.071067811865476838e-01,3.090772784866229264e-02,-1.545048921332883574e-01
-7.064309678653910574e-01,7.071067811865474617e-01,-3.090772784866229611e-02,1.545048921332883574e-01
-4.371012790571481704e-02,5.204170427930421283e-18,9.990442556355879633e-01,1.025621799580862303e+00
0.000000000000000000e+00,0.000000000000000000e+00,0.000000000000000000e+00,1.000000000000000000e+00
7.064429802048936002e-01,7.071067811865476838e-01,3.063193952769174139e-02,-1.545048921332883018e-01
-7.064429802048939333e-01,7.071067811865474617e-01,-3.063193952769174833e-02,1.545048921332883018e-01
-4.332010432185415955e-02,1.734723475976807094e-18,9.990612436490285964e-01,1.025621799580862081e+00
0.000000000000000000e+00,0.000000000000000000e+00,0.000000000000000000e+00,1.000000000000000000e+00
7.064548848775493717e-01,7.071067811865474617e-01,3.035614653819954101e-02,-1.545048921332883851e-01
-7.064548848775491496e-01,7.071067811865476838e-01,-3.035614653819954101e-02,1.545048921332883296e-01
-4.293007413570687492e-02,8.673617379884035472e-18,9.990780793985536423e-01,1.025621799580862525e+00
0.000000000000000000e+00,0.000000000000000000e+00,0.000000000000000000e+00,1.000000000000000000e+00
7.064666818815432681e-01,7.071067811865474617e-01,3.008034892221845072e-02,-1.545048921332883296e-01
-7.064666818815432681e-01,7.071067811865475727e-01,-3.008034892221844725e-02,1.545048921332883296e-01
-4.254003740671624678e-02,5.204170427930421283e-18,9.990947628815972648e-01,1.025621799580862303e+00
0.000000000000000000e+00,0.000000000000000000e+00,0.000000000000000000e+00,1.000000000000000000e+00
7.064783712150777273e-01,7.071067811865474617e-01,2.980454672178199302e-02,-1.545048921332883574e-01
-7.064783712150777273e-01,7.071067811865476838e-01,-2.980454672178198955e-02,1.545048921332883296e-01
-4.214999419432666206e-02,5.204170427930421283e-18,9.991112940956169419e-01,1.025621799580862303e+00
0.000000000000000000e+00,0.000000000000000000e+00,0.000000000000000000e+00,1.000000000000000000e+00
7.064899528763711745e-01,7.071067811865474617e-01,2.952873997892429409e-02,-1.545048921332883851e-01
-7.064899528763710634e-01,7.071067811865475727e-01,-2.952873997892429409e-02,1.545048921332883296e-01
-4.175994455798335420e-02,3.469446951953614189e-18,9.991276730380929116e-01,1.025621799580862303e+00
0.000000000000000000e+00,0.000000000000000000e+00,0.000000000000000000e+00,1.000000000000000000e+00
7.065014268636584660e-01,7.071067811865472397e-01,2.925292873568026072e-02,-1.545048921332883851e-01
-7.065014268636580219e-01,7.071067811865476838e-01,-2.925292873568025726e-02,1.545048921332883574e-01
-4.136988855713265995e-02,8.673617379884035472e-18,9.991438997065289485e-01,1.025621799580862525e+00
0.000000000000000000e+00,0.000000000000000000e+00,0.000000000000000000e+00,1.000000000000000000e+00
7.065127931751907786e-01,7.071067811865475727e-01,2.897711303408545547e-02,-1.545048921332883851e-01
-7.065127931751907786e-01,7.071067811865475727e-01,-2.897711303408546241e-02,1.545048921332883574e-01
-4.097982625122184586e-02,8.673617379884035472e-18,9.991599740984522526e-01,1.025621799580862303e+00
0.000000000000000000e+00,0.000000000000000000e+00,0.000000000000000000e+00,1.000000000000000000e+00
7.065240518092359423e-01,7.071067811865475727e-01,2.870129291617613820e-02,-1.545048921332883296e-01
-7.065240518092360533e-01,7.071067811865474617e-01,-2.870129291617612433e-02,1.545048921332883296e-01
-4.058975769969912217e-02,-3.469446951953614189e-18,9.991758962114126730e-01,1.025621799580862303e+00
0.000000000000000000e+00,0.000000000000000000e+00,0.000000000000000000e+00,1.000000000000000000e+00
7.065352027640781074e-01,7.071067811865475727e-01,2.842546842398917598e-02,-1.545048921332883851e-01
-7.065352027640779964e-01,7.071067811865476838e-01,-2.842546842398917598e-02,1.545048921332883296e-01
-4.019968296201366365e-02,6.938893903907228378e-18,9.991916660429838171e-01,1.025621799580862303e+00
0.000000000000000000e+00,0.000000000000000000e+00,0.000000000000000000e+00,1.000000000000000000e+00
7.065462460380174115e-01,7.071067811865476838e-01,2.814963959956217135e-02,-1.545048921332883296e-01
-7.065462460380176335e-01,7.071067811865474617e-01,-2.814963959956217482e-02,1.545048921332883296e-01
-3.980960209761556789e-02,5.204170427930421283e-18,9.992072835907619410e-01,1.025621799580862081e+00
0.000000000000000000e+00,0.000000000000000000e+00,0.000000000000000000e+00,1.000000000000000000e+00
7.065571816293714225e-01,7.071067811865475727e-01,2.787380648493338262e-02,-1.545048921332884129e-01
-7.065571816293713114e-01,7.071067811865475727e-01,-2.787380648493338955e-02,1.545048921332883574e-01
-3.941951516595592481e-02,1.387778780781445676e-17,9.992227488523671708e-01,1.025621799580862525e+00
0.000000000000000000e+00,0.000000000000000000e+00,0.000000000000000000e+00,1.000000000000000000e+00
7.065680095364730295e-01,7.071067811865474617e-01,2.759796912214166481e-02,-1.545048921332883296e-01
-7.065680095364728075e-01,7.071067811865476838e-01,-2.759796912214167175e-02,1.545048921332883296e-01
-3.902942222648664999e-02,6.938893903907228378e-18,9.992380618254423919e-01,1.025621799580862081e+00
0.000000000000000000e+00,0.000000000000000000e+00,0.000000000000000000e+00,1.000000000000000000e+00
7.065787297576719972e-01,7.071067811865474617e-01,2.732212755322659808e-02,-1.545048921332883296e-01
-7.065787297576719972e-01,7.071067811865475727e-01,-2.732212755322660849e-02,1.545048921332883296e-01
-3.863932333866069296e-02,6.938893903907228378e-18,9.992532225076536934e-01,1.025621799580862525e+00
0.000000000000000000e+00,0.000000000000000000e+00,0.000000000000000000e+00,1.000000000000000000e+00
7.065893422913345212e-01,7.071067811865475727e-01,2.704628182022835933e-02,-1.545048921332883574e-01
-7.065893422913346322e-01,7.071067811865474617e-01,-2.704628182022836280e-02,1.545048921332883574e-01
-3.824921856193182895e-02,3.469446951953614189e-18,9.992682308966904792e-01,1.025621799580862525e+00
0.000000000000000000e+00,0.000000000000000000e+00,0.000000000000000000e+00,1.000000000000000000e+00
7.065998471358434507e-01,7.071067811865474617e-01,2.677043196518772913e-02,-1.545048921332883574e-01
-7.065998471358432287e-01,7.071067811865476838e-01,-2.677043196518773260e-02,1.545048921332883296e-01
-3.785910795575471444e-02,6.938893903907228378e-18,9.992830869902654678e-01,1.025621799580862303e+00
0.000000000000000000e+00,0.000000000000000000e+00,0.000000000000000000e+00,1.000000000000000000e+00
7.066102442895974001e-01,7.071067811865475727e-01,2.649457803014621665e-02,-1.545048921332884129e-01
-7.066102442895975111e-01,7.071067811865474617e-01,-2.649457803014621665e-02,1.545048921332883851e-01
-3.746899157958501897e-02,1.734723475976807094e-18,9.992977907861144704e-01,1.025621799580862303e+00
0.000000000000000000e+00,0.000000000000000000e+00,0.000000000000000000e+00,1.000000000000000000e+00
7.066205337510118589e-01,7.071067811865476838e-01,2.621872005714581677e-02,-1.545048921332883851e-01
-7.066205337510120810e-01,7.071067811865474617e-01,-2.621872005714582718e-02,1.545048921332883851e-01
-3.707886949287911293e-02,3.469446951953614189e-18,9.993123422819965018e-01,1.025621799580862081e+00
0.000000000000000000e+00,0.000000000000000000e+00,0.000000000000000000e+00,1.000000000000000000e+00
7.066307155185189703e-01,7.071067811865476838e-01,2.594285808822927725e-02,-1.545048921332883574e-01
-7.066307155185189703e-01,7.071067811865474617e-01,-2.594285808822929112e-02,1.545048921332883296e-01
-3.668874175509439367e-02,8.673617379884035472e-18,9.993267414756937805e-01,1.025621799580862081e+00
0.000000000000000000e+00,0.000000000000000000e+00,0.000000000000000000e+00,1.000000000000000000e+00
7.066407895905664205e-01,7.071067811865475727e-01,2.566699216543982809e-02,-1.545048921332883851e-01
-7.066407895905665315e-01,7.071067811865474617e-01,-2.566699216543983503e-02,1.545048921332883574e-01
-3.629860842568898710e-02,1.214306433183764966e-17,9.993409883650117287e-01,1.025621799580862303e+00
0.000000000000000000e+00,0.000000000000000000e+00,0.000000000000000000e+00,1.000000000000000000e+00
7.066507559656193260e-01,7.071067811865475727e-01,2.539112233082144177e-02,-1.545048921332883851e-01
-7.066507559656193260e-01,7.071067811865475727e-01,-2.539112233082144870e-02,1.545048921332883296e-01
-3.590846956412203916e-02,8.673617379884035472e-18,9.993550829477790831e-01,1.025621799580862525e+00
0.000000000000000000e+00,0.000000000000000000e+00,0.000000000000000000e+00,1.000000000000000000e+00
7.066606146421585688e-01,7.071067811865474617e-01,2.511524862641854525e-02,-1.545048921332883851e-01
-7.066606146421583468e-01,7.071067811865476838e-01,-2.511524862641854178e-02,1.545048921332883296e-01
-3.551832522985334806e-02,1.734723475976807094e-18,9.993690252218478953e-01,1.025621799580862303e+00
0.000000000000000000e+00,0.000000000000000000e+00,0.000000000000000000e+00,1.000000000000000000e+00
7.066703656186813509e-01,7.071067811865475727e-01,2.483937109427621776e-02,-1.545048921332883851e-01
-7.066703656186813509e-01,7.071067811865475727e-01,-2.483937109427622469e-02,1.545048921332883574e-01
-3.512817548234365567e-02,8.673617379884035472e-18,9.993828151850929764e-01,1.025621799580862303e+00
0.000000000000000000e+00,0.000000000000000000e+00,0.000000000000000000e+00,1.000000000000000000e+00
7.066800088937019719e-01,7.071067811865475727e-01,2.456348977644016301e-02,-1.545048921332883574e-01
-7.066800088937020830e-01,7.071067811865475727e-01,-2.456348977644016301e-02,1.545048921332883296e-01
-3.473802038105454348e-02,3.469446951953614189e-18,9.993964528354127852e-01,1.025621799580862303e+00
0.000000000000000000e+00,0.000000000000000000e+00,0.000000000000000000e+00,1.000000000000000000e+00
7.066895444657506076e-01,7.071067811865474617e-01,2.428760471495659823e-02,-1.545048921332883851e-01
-7.066895444657503855e-01,7.071067811865475727e-01,-2.428760471495659823e-02,1.545048921332883574e-01
-3.434785998544834934e-02,1.734723475976807094e-18,9.994099381707287622e-01,1.025621799580862303e+00
0.000000000000000000e+00,0.000000000000000000e+00,0.000000000000000000e+00,1.000000000000000000e+00
7.066989723333738649e-01,7.071067811865475727e-01,2.401171595187235469e-02,-1.545048921332883296e-01
-7.066989723333737539e-01,7.071067811865476838e-01,-2.401171595187235469e-02,1.545048921332883296e-01
-3.395769435498827843e-02,5.204170427930421283e-18,9.994232711889858845e-01,1.025621799580862303e+00
0.000000000000000000e+00,0.000000000000000000e+00,0.000000000000000000e+00,1.000000000000000000e+00
7.067082924951348932e-01,7.071067811865475727e-01,2.373582352923477023e-02,-1.545048921332884129e-01
-7.067082924951347822e-01,7.071067811865475727e-01,-2.373582352923477717e-02,1.545048921332883296e-01
-3.356752354913823677e-02,6.938893903907228378e-18,9.994364518881518888e-01,1.025621799580862303e+00
0.000000000000000000e+00,0.000000000000000000e+00,0.000000000000000000e+00,1.000000000000000000e+00
7.067175049496131622e-01,7.071067811865475727e-01,2.345992748909181413e-02,-1.545048921332883296e-01
-7.067175049496131622e-01,7.071067811865475727e-01,-2.345992748909182107e-02,1.545048921332883296e-01
-3.317734762736303938e-02,8.673617379884035472e-18,9.994494802662179378e-01,1.025621799580862303e+00
0.000000000000000000e+00,0.000000000000000000e+00,0.000000000000000000e+00,1.000000000000000000e+00
7.067266096954050170e-01,7.071067811865472397e-01,2.318402787349194832e-02,-1.545048921332883574e-01
-7.067266096954045729e-01,7.071067811865476838e-01,-2.318402787349195179e-02,1.545048921332883851e-01
-3.278716664912818129e-02,6.938893903907228378e-18,9.994623563211983974e-01,1.025621799580862525e+00
0.000000000000000000e+00,0.000000000000000000e+00,0.000000000000000000e+00,1.000000000000000000e+00
7.067356067311222345e-01,7.071067811865476838e-01,2.290812472448422454e-02,-1.545048921332883851e-01
-7.067356067311223455e-01,7.071067811865475727e-01,-2.290812472448423148e-02,1.545048921332883296e-01
-3.239698067390001796e-02,5.204170427930421283e-18,9.994750800511311706e-01,1.025621799580862081e+00
0.000000000000000000e+00,0.000000000000000000e+00,0.000000000000000000e+00,1.000000000000000000e+00
7.067444960553941335e-01,7.071067811865475727e-01,2.263221808411818026e-02,-1.545048921332883851e-01
-7.067444960553940225e-01,7.071067811865475727e-01,-2.263221808411818720e-02,1.545048921332883296e-01
-3.200678976114556401e-02,1.214306433183764966e-17,9.994876514540765866e-01,1.025621799580862303e+00
0.000000000000000000e+00,0.000000000000000000e+00,0.000000000000000000e+00,1.000000000000000000e+00
7.067532776668655758e-01,7.071067811865475727e-01,2.235630799444392885e-02,-1.545048921332883574e-01
-7.067532776668655758e-01,7.071067811865475727e-01,-2.235630799444393579e-02,1.545048921332883296e-01
-3.161659397033265984e-02,5.204170427930421283e-18,9.995000705281191777e-01,1.025621799580862081e+00
0.000000000000000000e+00,0.000000000000000000e+00,0.000000000000000000e+00,1.000000000000000000e+00
7.067619515641984096e-01,7.071067811865474617e-01,2.208039449751213537e-02,-1.545048921332883296e-01
-7.067619515641982986e-01,7.071067811865476838e-01,-2.208039449751213190e-02,1.545048921332883296e-01
-3.122639336092991949e-02,3.469446951953614189e-18,9.995123372713657917e-01,1.025621799580862303e+00
0.000000000000000000e+00,0.000000000000000000e+00,0.000000000000000000e+00,1.000000000000000000e+00
7.067705177460703592e-01,7.071067811865476838e-01,2.180447763537388464e-02,-1.545048921332883851e-01
-7.067705177460705812e-01,7.071067811865474617e-01,-2.180447763537389505e-02,1.545048921332883296e-01
-3.083618799240658501e-02,8.673617379884035472e-18,9.995244516819470348e-01,1.025621799580862303e+00
0.000000000000000000e+00,0.000000000000000000e+00,0.000000000000000000e+00,1.000000000000000000e+00
7.067789762111763574e-01,7.071067811865475727e-01,2.152855745008086519e-02,-1.545048921332883574e-01
-7.067789762111763574e-01,7.071067811865475727e-01,-2.152855745008086519e-02,1.545048921332883296e-01
-3.044597792423269639e-02,3.469446951953614189e-18,9.995364137580167174e-01,1.025621799580862303e+00
0.000000000000000000e+00,0.000000000000000000e+00,0.000000000000000000e+00,1.000000000000000000e+00
7.067873269582269913e-01,7.071067811865474617e-01,2.125263398368522696e-02,-1.545048921332883851e-01
-7.067873269582267692e-01,7.071067811865476838e-01,-2.125263398368523737e-02,1.545048921332883296e-01
-3.005576321587899793e-02,1.214306433183764966e-17,9.995482234977515201e-01,1.025621799580862303e+00
0.000000000000000000e+00,0.000000000000000000e+00,0.000000000000000000e+00,1.000000000000000000e+00
7.067955699859493901e-01,7.071067811865474617e-01,2.097670727823967504e-02,-1.545048921332883574e-01
-7.067955699859493901e-01,7.071067811865475727e-01,-2.097670727823967851e-02,1.545048921332883296e-01
-2.966554392681696253e-02,5.204170427930421283e-18,9.995598808993516604e-01,1.025621799580862303e+00
0.000000000000000000e+00,0.000000000000000000e+00,0.000000000000000000e+00,1.000000000000000000e+00
7.068037052930875586e-01,7.071067811865475727e-01,2.070077737579731000e-02,-1.545048921332883851e-01
-7.068037052930874475e-01,7.071067811865475727e-01,-2.070077737579731347e-02,1.545048921332883574e-01
-2.927532011651868757e-02,1.734723475976807094e-18,9.995713859610405594e-01,1.025621799580862303e+00
0.000000000000000000e+00,0.000000000000000000e+00,0.000000000000000000e+00,1.000000000000000000e+00
7.068117328784013775e-01,7.071067811865474617e-01,2.042484431841180142e-02,-1.545048921332883296e-01
-7.068117328784013775e-01,7.071067811865474617e-01,-2.042484431841179449e-02,1.545048921332883574e-01
-2.888509184445701983e-02,-1.734723475976807094e-18,9.995827386810645088e-01,1.025621799580862081e+00
0.000000000000000000e+00,0.000000000000000000e+00,0.000000000000000000e+00,1.000000000000000000e+00
7.068196527406676033e-01,7.071067811865474617e-01,2.014890814813728726e-02,-1.545048921332883851e-01
-7.068196527406676033e-01,7.071067811865476838e-01,-2.014890814813728726e-02,1.545048921332883296e-01
-2.849485917010551039e-02,5.204170427930421283e-18,9.995939390576934480e-01,1.025621799580862081e+00
0.000000000000000000e+00,0.000000000000000000e+00,0.000000000000000000e+00,1.000000000000000000e+00
7.068274648786792014e-01,7.071067811865475727e-01,1.987296890702835300e-02,-1.545048921332883851e-01
-7.068274648786790904e-01,7.071067811865476838e-01,-1.987296890702836341e-02,1.545048921332883296e-01
-2.810462215293832444e-02,1.040834085586084257e-17,9.996049870892205202e-01,1.025621799580862303e+00
0.000000000000000000e+00,0.000000000000000000e+00,0.000000000000000000e+00,1.000000000000000000e+00
7.068351692912451245e-01,7.071067811865475727e-01,1.959702663714006990e-02,-1.545048921332883296e-01
-7.068351692912452355e-01,7.071067811865474617e-01,-1.959702663714008031e-02,1.545048921332883296e-01
-2.771438085243030022e-02,8.673617379884035472e-18,9.996158827739616282e-01,1.025621799580862081e+00
0.000000000000000000e+00,0.000000000000000000e+00,0.000000000000000000e+00,1.000000000000000000e+00
7.068427659771916449e-01,7.071067811865475727e-01,1.932108138052798449e-02,-1.545048921332883851e-01
-7.068427659771917559e-01,7.071067811865474617e-01,-1.932108138052798796e-02,1.545048921332883574e-01
-2.732413532805695947e-02,6.938893903907228378e-18,9.996266261102562112e-01,1.025621799580862303e+00
0.000000000000000000e+00,0.000000000000000000e+00,0.000000000000000000e+00,1.000000000000000000e+00
7.068502549353609110e-01,7.071067811865474617e-01,1.904513317924807700e-02,-1.545048921332883851e-01
-7.068502549353608000e-01,7.071067811865475727e-01,-1.904513317924807700e-02,1.545048921332883574e-01
-2.693388563929445187e-02,3.469446951953614189e-18,9.996372170964671344e-01,1.025621799580862303e+00
0.000000000000000000e+00,0.000000000000000000e+00,0.000000000000000000e+00,1.000000000000000000e+00
7.068576361646112804e-01,7.071067811865475727e-01,1.876918207535674399e-02,-1.545048921332883851e-01
-7.068576361646113915e-01,7.071067811865474617e-01,-1.876918207535674399e-02,1.545048921332883851e-01
-2.654363184561950306e-02,3.469446951953614189e-18,9.996476557309801336e-01,1.025621799580862303e+00
0.000000000000000000e+00,0.000000000000000000e+00,0.000000000000000000e+00,1.000000000000000000e+00
7.068649096638183194e-01,7.071067811865473507e-01,1.849322811091091978e-02,-1.545048921332883851e-01
-7.068649096638180973e-01,7.071067811865476838e-01,-1.849322811091091284e-02,1.545048921332883851e-01
-2.615337400650959154e-02,0.000000000000000000e+00,9.996579420122043702e-01,1.025621799580862747e+00
0.000000000000000000e+00,0.000000000000000000e+00,0.000000000000000000e+00,1.000000000000000000e+00
7.068720754318728039e-01,7.071067811865475727e-01,1.821727132796787524e-02,-1.545048921332883851e-01
-7.068720754318728039e-01,7.071067811865475727e-01,-1.821727132796788218e-02,1.545048921332883574e-01
-2.576311218144269888e-02,1.040834085586084257e-17,9.996680759385718762e-01,1.025621799580862525e+00
0.000000000000000000e+00,0.000000000000000000e+00,0.000000000000000000e+00,1.000000000000000000e+00
7.068791334676829408e-01,7.071067811865475727e-01,1.794131176858537735e-02,-1.545048921332883851e-01
-7.068791334676830518e-01,7.071067811865474617e-01,-1.794131176858538429e-02,1.545048921332883574e-01
-2.537284642989746930e-02,6.938893903907228378e-18,9.996780575085384424e-01,1.025621799580862303e+00
0.000000000000000000e+00,0.000000000000000000e+00,0.000000000000000000e+00,1.000000000000000000e+00
7.068860837701733679e-01,7.071067811865474617e-01,1.766534947482157822e-02,-1.545048921332883574e-01
-7.068860837701731459e-01,7.071067811865475727e-01,-1.766534947482159557e-02,1.545048921332883296e-01
-2.498257681135311950e-02,1.214306433183764966e-17,9.996878867205828412e-01,1.025621799580862081e+00
0.000000000000000000e+00,0.000000000000000000e+00,0.000000000000000000e+00,1.000000000000000000e+00
7.068929263382843775e-01,7.071067811865474617e-01,1.738938448873507403e-02,-1.545048921332883851e-01
-7.068929263382841555e-01,7.071067811865476838e-01,-1.738938448873508097e-02,1.545048921332883296e-01
-2.459230338528947679e-02,8.673617379884035472e-18,9.996975635732068266e-01,1.025621799580862303e+00
0.000000000000000000e+00,0.000000000000000000e+00,0.000000000000000000e+00,1.000000000000000000e+00
7.068996611709730260e-01,7.071067811865475727e-01,1.711341685238485302e-02,-1.545048921332883296e-01
-7.068996611709731370e-01,7.071067811865474617e-01,-1.711341685238484955e-02,1.545048921332883296e-01
-2.420202621118694095e-02,1.734723475976807094e-18,9.997070880649356894e-01,1.025621799580862303e+00
0.000000000000000000e+00,0.000000000000000000e+00,0.000000000000000000e+00,1.000000000000000000e+00
7.069062882672133563e-01,7.071067811865474617e-01,1.683744660783027813e-02,-1.545048921332883851e-01
-7.069062882672132453e-01,7.071067811865475727e-01,-1.683744660783028507e-02,1.545048921332883296e-01
-2.381174534852644603e-02,6.938893903907228378e-18,9.997164601943178130e-01,1.025621799580862525e+00
0.000000000000000000e+00,0.000000000000000000e+00,0.000000000000000000e+00,1.000000000000000000e+00
7.069128076259949545e-01,7.071067811865474617e-01,1.656147379713118414e-02,-1.545048921332883851e-01
-7.069128076259949545e-01,7.071067811865475727e-01,-1.656147379713118761e-02,1.545048921332883296e-01
-2.342146085678956449e-02,8.673617379884035472e-18,9.997256799599246735e-01,1.025621799580862303e+00
0.000000000000000000e+00,0.000000000000000000e+00,0.000000000000000000e+00,1.000000000000000000e+00
7.069192192463243929e-01,7.071067811865475727e-01,1.628549846234774237e-02,-1.545048921332884129e-01
-7.069192192463243929e-01,7.071067811865474617e-01,-1.628549846234774584e-02,1.545048921332883851e-01
-2.303117279545836490e-02,1.734723475976807094e-18,9.997347473603513945e-01,1.025621799580862303e+00
0.000000000000000000e+00,0.000000000000000000e+00,0.000000000000000000e+00,1.000000000000000000e+00
7.069255231272245643e-01,7.071067811865474617e-01,1.600952064554052312e-02,-1.545048921332883574e-01
-7.069255231272244533e-01,7.071067811865475727e-01,-1.600952064554053006e-02,1.545048921332883296e-01
-2.264088122401548137e-02,5.204170427930421283e-18,9.997436623942159706e-01,1.025621799580862303e+00
0.000000000000000000e+00,0.000000000000000000e+00,0.000000000000000000e+00,1.000000000000000000e+00
7.069317192677345707e-01,7.071067811865474617e-01,1.573354038877046793e-02,-1.545048921332883296e-01
-7.069317192677344597e-01,7.071067811865475727e-01,-1.573354038877048180e-02,1.545048921332883296e-01
-2.225058620194406492e-02,1.040834085586084257e-17,9.997524250601594886e-01,1.025621799580862303e+00
0.000000000000000000e+00,0.000000000000000000e+00,0.000000000000000000e+00,1.000000000000000000e+00
7.069378076669100563e-01,7.071067811865474617e-01,1.545755773409891731e-02,-1.545048921332883851e-01
-7.069378076669099453e-01,7.071067811865475727e-01,-1.545755773409891037e-02,1.545048921332883574e-01
-2.186028778872781131e-02,-8.673617379884035472e-19,9.997610353568466834e-01,1.025621799580862303e+00
0.000000000000000000e+00,0.000000000000000000e+00,0.000000000000000000e+00,1.000000000000000000e+00
7.069437883238229858e-01,7.071067811865476838e-01,1.518157272358752925e-02,-1.545048921332883851e-01
-7.069437883238232079e-01,7.071067811865474617e-01,-1.518157272358753099e-02,1.545048921332883851e-01
-2.146998604385093323e-02,-8.673617379884035472e-19,9.997694932829651604e-01,1.025621799580862525e+00
0.000000000000000000e+00,0.000000000000000000e+00,0.000000000000000000e+00,1.000000000000000000e+00
7.069496612375623101e-01,7.071067811865476838e-01,1.490558539929834683e-02,-1.545048921332883296e-01
-7.069496612375625322e-01,7.071067811865474617e-01,-1.490558539929835204e-02,1.545048921332883296e-01
-2.107968102679811176e-02,0.000000000000000000e+00,9.997777988372258395e-01,1.025621799580862303e+00
0.000000000000000000e+00,0.000000000000000000e+00,0.000000000000000000e+00,1.000000000000000000e+00
7.069554264072326344e-01,7.071067811865476838e-01,1.462959580329380865e-02,-1.545048921332883851e-01
-7.069554264072328564e-01,7.071067811865474617e-01,-1.462959580329381212e-02,1.545048921332883851e-01
-2.068937279705462123e-02,3.469446951953614189e-18,9.997859520183629556e-01,1.025621799580862525e+00
0.000000000000000000e+00,0.000000000000000000e+00,0.000000000000000000e+00,1.000000000000000000e+00
7.069610838319554391e-01,7.071067811865476838e-01,1.435360397763662046e-02,-1.545048921332883851e-01
-7.069610838319555501e-01,7.071067811865475727e-01,-1.435360397763663087e-02,1.545048921332883574e-01
-2.029906141410612111e-02,7.806255641895631925e-18,9.997939528251340580e-01,1.025621799580862525e+00
0.000000000000000000e+00,0.000000000000000000e+00,0.000000000000000000e+00,1.000000000000000000e+00
7.069666335108684141e-01,7.071067811865475727e-01,1.407760996438986618e-02,-1.545048921332883574e-01
-7.069666335108685251e-01,7.071067811865474617e-01,-1.407760996438988006e-02,1.545048921332883296e-01
-1.990874693743878085e-02,6.938893903907228378e-18,9.998018012563195667e-01,1.025621799580862303e+00
0.000000000000000000e+00,0.000000000000000000e+00,0.000000000000000000e+00,1.000000000000000000e+00
7.069720754431255694e-01,7.071067811865476838e-01,1.380161380561699055e-02,-1.545048921332883574e-01
-7.069720754431259024e-01,7.071067811865474617e-01,-1.380161380561698709e-02,1.545048921332883296e-01
-1.951842942653929033e-02,-3.469446951953614189e-18,9.998094973107233274e-01,1.025621799580862303e+00
0.000000000000000000e+00,0.000000000000000000e+00,0.000000000000000000e+00,1.000000000000000000e+00
7.069774096278979014e-01,7.071067811865476838e-01,1.352561554338169159e-02,-1.545048921332883851e-01
-7.069774096278980124e-01,7.071067811865474617e-01,-1.352561554338170199e-02,1.545048921332883851e-01
-1.912810894089473496e-02,6.938893903907228378e-18,9.998170409871723896e-01,1.025621799580862525e+00
0.000000000000000000e+00,0.000000000000000000e+00,0.000000000000000000e+00,1.000000000000000000e+00
7.069826360643720609e-01,7.071067811865476838e-01,1.324961521974808015e-02,-1.545048921332883296e-01
-7.069826360643725049e-01,7.071067811865474617e-01,-1.324961521974808015e-02,1.545048921332883574e-01
-1.873778553999271013e-02,-2.602085213965210642e-18,9.998244322845172283e-01,1.025621799580862525e+00
0.000000000000000000e+00,0.000000000000000000e+00,0.000000000000000000e+00,1.000000000000000000e+00
7.069877547517519067e-01,7.071067811865476838e-01,1.297361287678050132e-02,-1.545048921332883574e-01
-7.069877547517522398e-01,7.071067811865474617e-01,-1.297361287678049785e-02,1.545048921332883851e-01
-1.834745928332120676e-02,-1.734723475976807094e-18,9.998316712016311891e-01,1.025621799580862303e+00
0.000000000000000000e+00,0.000000000000000000e+00,0.000000000000000000e+00,1.000000000000000000e+00
7.069927656892570633e-01,7.071067811865476838e-01,1.269760855654367832e-02,-1.545048921332883851e-01
-7.069927656892571743e-01,7.071067811865474617e-01,-1.269760855654367658e-02,1.545048921332883296e-01
-1.795713023036872927e-02,0.000000000000000000e+00,9.998387577374111546e-01,1.025621799580862525e+00
0.000000000000000000e+00,0.000000000000000000e+00,0.000000000000000000e+00,1.000000000000000000e+00
7.069976688761238082e-01,7.071067811865475727e-01,1.242160230110252173e-02,-1.545048921332883851e-01
-7.069976688761238082e-01,7.071067811865475727e-01,-1.242160230110252866e-02,1.545048921332883574e-01
-1.756679844062403531e-02,4.336808689942017736e-18,9.998456918907769886e-01,1.025621799580862303e+00
0.000000000000000000e+00,0.000000000000000000e+00,0.000000000000000000e+00,1.000000000000000000e+00
7.070024643116048502e-01,7.071067811865475727e-01,1.214559415252240704e-02,-1.545048921332883851e-01
-7.070024643116049612e-01,7.071067811865474617e-01,-1.214559415252241571e-02,1.545048921332883574e-01
-1.717646397357655216e-02,6.938893903907228378e-18,9.998524736606717589e-01,1.025621799580862525e+00
0.000000000000000000e+00,0.000000000000000000e+00,0.000000000000000000e+00,1.000000000000000000e+00
7.070071519949694405e-01,7.071067811865475727e-01,1.186958415286884852e-02,-1.545048921332883851e-01
-7.070071519949695515e-01,7.071067811865474617e-01,-1.186958415286885546e-02,1.545048921332883296e-01
-1.678612688871589445e-02,6.071532165918824830e-18,9.998591030460621809e-01,1.025621799580862525e+00
0.000000000000000000e+00,0.000000000000000000e+00,0.000000000000000000e+00,1.000000000000000000e+00
7.070117319255031507e-01,7.071067811865475727e-01,1.159357234420772126e-02,-1.545048921332883296e-01
-7.070117319255032617e-01,7.071067811865474617e-01,-1.159357234420772820e-02,1.545048921332883296e-01
-1.639578724553220068e-02,2.602085213965210642e-18,9.998655800459375076e-01,1.025621799580862525e+00
0.000000000000000000e+00,0.000000000000000000e+00,0.000000000000000000e+00,1.000000000000000000e+00
7.070162041025078725e-01,7.071067811865476838e-01,1.131755876860514147e-02,-1.545048921332883574e-01
-7.070162041025080946e-01,7.071067811865474617e-01,-1.131755876860514841e-02,1.545048921332883574e-01
-1.600544510351594243e-02,3.469446951953614189e-18,9.998719046593109727e-01,1.025621799580862525e+00
0.000000000000000000e+00,0.000000000000000000e+00,0.000000000000000000e+00,1.000000000000000000e+00
7.070205685253021510e-01,7.071067811865475727e-01,1.104154346812751507e-02,-1.545048921332883574e-01
-7.070205685253022621e-01,7.071067811865474617e-01,-1.104154346812752027e-02,1.545048921332883296e-01
-1.561510052215799547e-02,2.602085213965210642e-18,9.998780768852185696e-01,1.025621799580862525e+00
0.000000000000000000e+00,0.000000000000000000e+00,0.000000000000000000e+00,1.000000000000000000e+00
7.070248251932206296e-01,7.071067811865475727e-01,1.076552648484149603e-02,-1.545048921332883851e-01
-7.070248251932206296e-01,7.071067811865475727e-01,-1.076552648484149950e-02,1.545048921332883296e-01
-1.522475356094959813e-02,1.734723475976807094e-18,9.998840967227193843e-01,1.025621799580862303e+00
0.000000000000000000e+00,0.000000000000000000e+00,0.000000000000000000e+00,1.000000000000000000e+00
7.070289741056146049e-01,7.071067811865475727e-01,1.048950786081398988e-02,-1.545048921332883574e-01
-7.070289741056147159e-01,7.071067811865474617e-01,-1.048950786081400029e-02,1.545048921332883574e-01
-1.483440427938234434e-02,6.938893903907228378e-18,9.998899641708960395e-01,1.025621799580862525e+00
0.000000000000000000e+00,0.000000000000000000e+00,0.000000000000000000e+00,1.000000000000000000e+00
7.070330152618518049e-01,7.071067811865476838e-01,1.021348763811221957e-02,-1.545048921332883851e-01
-7.070330152618520270e-01,7.071067811865474617e-01,-1.021348763811221957e-02,1.545048921332883296e-01
-1.444405273694825131e-02,0.000000000000000000e+00,9.998956792288544726e-01,1.025621799580862525e+00
0.000000000000000000e+00,0.000000000000000000e+00,0.000000000000000000e+00,1.000000000000000000e+00
7.070369486613163890e-01,7.071067811865476838e-01,9.937465858803520846e-03,-1.545048921332883574e-01
-7.070369486613166110e-01,7.071067811865474617e-01,-9.937465858803517377e-03,1.545048921332883574e-01
-1.405369899313953230e-02,-4.336808689942017736e-18,9.999012418957234916e-01,1.025621799580862525e+00
0.000000000000000000e+00,0.000000000000000000e+00,0.000000000000000000e+00,1.000000000000000000e+00
7.070407743034088366e-01,7.071067811865476838e-01,9.661442564955595447e-03,-1.545048921332883851e-01
-7.070407743034090586e-01,7.071067811865474617e-01,-9.661442564955595447e-03,1.545048921332883574e-01
-1.366334310744890534e-02,0.000000000000000000e+00,9.999066521706554411e-01,1.025621799580862303e+00
0.000000000000000000e+00,0.000000000000000000e+00,0.000000000000000000e+00,1.000000000000000000e+00
7.070444921875460587e-01,7.071067811865476838e-01,9.385417798636283906e-03,-1.545048921332883296e-01
-7.070444921875462807e-01,7.071067811865474617e-01,-9.385417798636285641e-03,1.545048921332883296e-01
-1.327298513936927236e-02,8.673617379884035472e-19,9.999119100528256476e-01,1.025621799580862303e+00
0.000000000000000000e+00,0.000000000000000000e+00,0.000000000000000000e+00,1.000000000000000000e+00
7.070481023131616194e-01,7.071067811865474617e-01,9.109391601913726863e-03,-1.545048921332883851e-01
-7.070481023131613973e-01,7.071067811865475727e-01,-9.109391601913726863e-03,1.545048921332883851e-01
-1.288262514839396723e-02,0.000000000000000000e+00,9.999170155414328631e-01,1.025621799580862525e+00
0.000000000000000000e+00,0.000000000000000000e+00,0.000000000000000000e+00,1.000000000000000000e+00
7.070516046797048482e-01,7.071067811865475727e-01,8.833364016856214140e-03,-1.545048921332883851e-01
-7.070516046797049592e-01,7.071067811865474617e-01,-8.833364016856210671e-03,1.545048921332883296e-01
-1.249226319401653545e-02,-2.602085213965210642e-18,9.999219686356988213e-01,1.025621799580862525e+00
0.000000000000000000e+00,0.000000000000000000e+00,0.000000000000000000e+00,1.000000000000000000e+00
7.070549992866423938e-01,7.071067811865475727e-01,8.557335085532307914e-03,-1.545048921332883851e-01
-7.070549992866425049e-01,7.071067811865474617e-01,-8.557335085532307914e-03,1.545048921332883574e-01
-1.210189933573091979e-02,0.000000000000000000e+00,9.999267693348687924e-01,1.025621799580862303e+00
0.000000000000000000e+00,0.000000000000000000e+00,0.000000000000000000e+00,1.000000000000000000e+00
7.070582861334568925e-01,7.071067811865473507e-01,8.281304850010724750e-03,-1.545048921332883851e-01
-7.070582861334565594e-01,7.071067811865476838e-01,-8.281304850010717811e-03,1.545048921332883851e-01
-1.171153363303125208e-02,-3.469446951953614189e-18,9.999314176382110286e-01,1.025621799580862525e+00
0.000000000000000000e+00,0.000000000000000000e+00,0.000000000000000000e+00,1.000000000000000000e+00
7.070614652196467453e-01,7.071067811865475727e-01,8.005273352360389380e-03,-1.545048921332883851e-01
-7.070614652196470784e-01,7.071067811865474617e-01,-8.005273352360398054e-03,1.545048921332883574e-01
-1.132116614541200071e-02,4.336808689942017736e-18,9.999359135450170966e-01,1.025621799580862525e+00
0.000000000000000000e+00,0.000000000000000000e+00,0.000000000000000000e+00,1.000000000000000000e+00
7.070645365447283393e-01,7.071067811865476838e-01,7.729240634650488481e-03,-1.545048921332883851e-01
-7.070645365447285613e-01,7.071067811865474617e-01,-7.729240634650490216e-03,1.545048921332883574e-01
-1.093079693236795151e-02,8.673617379884035472e-19,9.999402570546018776e-01,1.025621799580862303e+00
0.000000000000000000e+00,0.000000000000000000e+00,0.000000000000000000e+00,1.000000000000000000e+00
7.070675001082331601e-01,7.071067811865476838e-01,7.453206738950266842e-03,-1.545048921332884129e-01
-7.070675001082333822e-01,7.071067811865474617e-01,-7.453206738950266842e-03,1.545048921332883296e-01
-1.054042605339401521e-02,0.000000000000000000e+00,9.999444481663033457e-01,1.025621799580862303e+00
0.000000000000000000e+00,0.000000000000000000e+00,0.000000000000000000e+00,1.000000000000000000e+00
7.070703559097095692e-01,7.071067811865476838e-01,7.177171707329260686e-03,-1.545048921332883851e-01
-7.070703559097097912e-01,7.071067811865474617e-01,-7.177171707329258084e-03,1.545048921332883851e-01
-1.015005356798550154e-02,-1.734723475976807094e-18,9.999484868794826786e-01,1.025621799580862525e+00
0.000000000000000000e+00,0.000000000000000000e+00,0.000000000000000000e+00,1.000000000000000000e+00
7.070731039487223590e-01,7.071067811865476838e-01,6.901135581857123329e-03,-1.545048921332883851e-01
-7.070731039487225811e-01,7.071067811865474617e-01,-6.901135581857120727e-03,1.545048921332883574e-01
-9.759679535637883277e-03,-1.734723475976807094e-18,9.999523731935244797e-01,1.025621799580862525e+00
0.000000000000000000e+00,0.000000000000000000e+00,0.000000000000000000e+00,1.000000000000000000e+00
7.070757442248527536e-01,7.071067811865476838e-01,6.625098404603697172e-03,-1.545048921332884129e-01
-7.070757442248527536e-01,7.071067811865474617e-01,-6.625098404603698907e-03,1.545048921332883851e-01
-9.369304015846905559e-03,2.168404344971008868e-18,9.999561071078363339e-01,1.025621799580862525e+00
0.000000000000000000e+00,0.000000000000000000e+00,0.000000000000000000e+00,1.000000000000000000e+00
7.070782767376981859e-01,7.071067811865477948e-01,6.349060217638987681e-03,-1.545048921332884129e-01
-7.070782767376982969e-01,7.071067811865474617e-01,-6.349060217638992885e-03,1.545048921332883851e-01
-8.978927068108533832e-03,4.336808689942017736e-18,9.999596886218492520e-01,1.025621799580862747e+00
0.000000000000000000e+00,0.000000000000000000e+00,0.000000000000000000e+00,1.000000000000000000e+00
7.070807014868726315e-01,7.071067811865475727e-01,6.073021063033113079e-03,-1.545048921332883296e-01
-7.070807014868726315e-01,7.071067811865475727e-01,-6.073021063033108742e-03,1.545048921332883296e-01
-8.588548751918896607e-03,-3.469446951953614189e-18,9.999631177350172262e-01,1.025621799580862303e+00
0.000000000000000000e+00,0.000000000000000000e+00,0.000000000000000000e+00,1.000000000000000000e+00
7.070830184720068301e-01,7.071067811865475727e-01,5.796980982856383274e-03,-1.545048921332883574e-01
-7.070830184720068301e-01,7.071067811865475727e-01,-5.796980982856390213e-03,1.545048921332883296e-01
-8.198169126774415560e-03,4.770489558936219510e-18,9.999663944468177856e-01,1.025621799580862303e+00
0.000000000000000000e+00,0.000000000000000000e+00,0.000000000000000000e+00,1.000000000000000000e+00
7.070852276927473978e-01,7.071067811865476838e-01,5.520940019179260833e-03,-1.545048921332883851e-01
-7.070852276927477309e-01,7.071067811865474617e-01,-5.520940019179253894e-03,1.545048921332883851e-01
-7.807788252171680640e-03,-5.204170427930421283e-18,9.999695187567515520e-01,1.025621799580862525e+00
0.000000000000000000e+00,0.000000000000000000e+00,0.000000000000000000e+00,1.000000000000000000e+00
7.070873291487579371e-01,7.071067811865476838e-01,5.244898214072287249e-03,-1.545048921332883851e-01
-7.070873291487580481e-01,7.071067811865474617e-01,-5.244898214072290718e-03,1.545048921332883574e-01
-7.417406187607455265e-03,2.168404344971008868e-18,9.999724906643422395e-01,1.025621799580862525e+00
0.000000000000000000e+00,0.000000000000000000e+00,0.000000000000000000e+00,1.000000000000000000e+00
7.070893228397178154e-01,7.071067811865476838e-01,4.968855609606158408e-03,-1.545048921332883574e-01
-7.070893228397181485e-01,7.071067811865474617e-01,-4.968855609606157540e-03,1.545048921332883296e-01
-7.027022992578662447e-03,-1.734723475976807094e-18,9.999753101691369883e-01,1.025621799580862303e+00
0.000000000000000000e+00,0.000000000000000000e+00,0.000000000000000000e+00,1.000000000000000000e+00
7.070912087653236089e-01,7.071067811865474617e-01,4.692812247851712443e-03,-1.545048921332883851e-01
-7.070912087653236089e-01,7.071067811865475727e-01,-4.692812247851719382e-03,1.545048921332883296e-01
-6.636638726582468062e-03,4.770489558936219510e-18,9.999779772707061420e-01,1.025621799580862525e+00
0.000000000000000000e+00,0.000000000000000000e+00,0.000000000000000000e+00,1.000000000000000000e+00
7.070929869252873257e-01,7.071067811865475727e-01,4.416768170879896774e-03,-1.545048921332883851e-01
-7.070929869252874367e-01,7.071067811865474617e-01,-4.416768170879892437e-03,1.545048921332883296e-01
-6.246253449116154211e-03,-2.602085213965210642e-18,9.999804919686430260e-01,1.025621799580862303e+00
0.000000000000000000e+00,0.000000000000000000e+00,0.000000000000000000e+00,1.000000000000000000e+00
7.070946573193385154e-01,7.071067811865475727e-01,4.140723420761731680e-03,-1.545048921332883574e-01
-7.070946573193385154e-01,7.071067811865475727e-01,-4.140723420761733414e-03,1.545048921332883296e-01
-5.855867219677157384e-03,1.301042606982605321e-18,9.999828542625646133e-01,1.025621799580862525e+00
0.000000000000000000e+00,0.000000000000000000e+00,0.000000000000000000e+00,1.000000000000000000e+00
7.070962199472221599e-01,7.071067811865476838e-01,3.864678039568397033e-03,-1.545048921332883574e-01
-7.070962199472223819e-01,7.071067811865474617e-01,-3.864678039568397901e-03,1.545048921332883296e-01
-5.465480097763092751e-03,8.673617379884035472e-19,9.999850641521106365e-01,1.025621799580862525e+00
0.000000000000000000e+00,0.000000000000000000e+00,0.000000000000000000e+00,1.000000000000000000e+00
7.070976748087004493e-01,7.071067811865476838e-01,3.588632069371108270e-03,-1.545048921332883851e-01
-7.070976748087005603e-01,7.071067811865474617e-01,-3.588632069371104367e-03,1.545048921332883574e-01
-5.075092142871644001e-03,-3.035766082959412415e-18,9.999871216369445870e-01,1.025621799580862303e+00
0.000000000000000000e+00,0.000000000000000000e+00,0.000000000000000000e+00,1.000000000000000000e+00
7.070990219035513391e-01,7.071067811865475727e-01,3.312585552241208327e-03,-1.545048921332883574e-01
-7.070990219035514501e-01,7.071067811865474617e-01,-3.312585552241207459e-03,1.545048921332883296e-01
-4.684703414500684775e-03,-2.168404344971008868e-19,9.999890267167526048e-01,1.025621799580862303e+00
0.000000000000000000e+00,0.000000000000000000e+00,0.000000000000000000e+00,1.000000000000000000e+00
7.071002612315698821e-01,7.071067811865475727e-01,3.036538530250124275e-03,-1.545048921332883296e-01
-7.071002612315698821e-01,7.071067811865475727e-01,-3.036538530250117336e-03,1.545048921332883296e-01
-4.294313972148185860e-03,-5.421010862427522170e-18,9.999907793912445886e-01,1.025621799580862303e+00
0.000000000000000000e+00,0.000000000000000000e+00,0.000000000000000000e+00,1.000000000000000000e+00
7.071013927925668963e-01,7.071067811865473507e-01,2.760491045469356045e-03,-1.545048921332884406e-01
-7.071013927925665632e-01,7.071067811865476838e-01,-2.760491045469355177e-03,1.545048921332883574e-01
-3.903923875312247278e-03,0.000000000000000000e+00,9.999923796601530857e-01,1.025621799580862525e+00
0.000000000000000000e+00,0.000000000000000000e+00,0.000000000000000000e+00,1.000000000000000000e+00
7.071024165863699640e-01,7.071067811865474617e-01,2.484443139970452137e-03,-1.545048921332883851e-01
-7.071024165863699640e-01,7.071067811865474617e-01,-2.484443139970448234e-03,1.545048921332883574e-01
-3.513533183491008086e-03,-2.602085213965210642e-18,9.999938275232345131e-01,1.025621799580862303e+00
0.000000000000000000e+00,0.000000000000000000e+00,0.000000000000000000e+00,1.000000000000000000e+00
7.071033326128230989e-01,7.071067811865476838e-01,2.208394855825059934e-03,-1.545048921332883851e-01
-7.071033326128233210e-01,7.071067811865474617e-01,-2.208394855825053862e-03,1.545048921332883574e-01
-3.123141956182771267e-03,-4.336808689942017736e-18,9.999951229802681585e-01,1.025621799580862525e+00
0.000000000000000000e+00,0.000000000000000000e+00,0.000000000000000000e+00,1.000000000000000000e+00
7.071041408717867460e-01,7.071067811865475727e-01,1.932346235104843947e-03,-1.545048921332883851e-01
-7.071041408717867460e-01,7.071067811865475727e-01,-1.932346235104840911e-03,1.545048921332883296e-01
-2.732750252885857156e-03,-2.168404344971008868e-18,9.999962660310564022e-01,1.025621799580862525e+00
0.000000000000000000e+00,0.000000000000000000e+00,0.000000000000000000e+00,1.000000000000000000e+00
7.071048413631377816e-01,7.071067811865475727e-01,1.656297319881562579e-03,-1.545048921332883296e-01
-7.071048413631376706e-01,7.071067811865474617e-01,-1.656297319881559760e-03,1.545048921332883574e-01
-2.342358133098712721e-03,-1.843143693225357538e-18,9.999972566754252723e-01,1.025621799580862303e+00
0.000000000000000000e+00,0.000000000000000000e+00,0.000000000000000000e+00,1.000000000000000000e+00
7.071054340867691801e-01,7.071067811865475727e-01,1.380248152226999170e-03,-1.545048921332883851e-01
-7.071054340867691801e-01,7.071067811865474617e-01,-1.380248152227004374e-03,1.545048921332883574e-01
-1.951965656319830248e-03,3.469446951953614189e-18,9.999980949132235564e-01,1.025621799580862303e+00
0.000000000000000000e+00,0.000000000000000000e+00,0.000000000000000000e+00,1.000000000000000000e+00
7.071059190425909025e-01,7.071067811865474617e-01,1.104198774212962648e-03,-1.545048921332883574e-01
-7.071059190425907914e-01,7.071067811865475727e-01,-1.104198774212960914e-03,1.545048921332883296e-01
-1.561572882047717638e-03,-1.192622389734054877e-18,9.999987807443238008e-01,1.025621799580862303e+00
0.000000000000000000e+00,0.000000000000000000e+00,0.000000000000000000e+00,1.000000000000000000e+00
7.071062962305286748e-01,7.071067811865476838e-01,8.281492279113183193e-04,-1.545048921332883574e-01
-7.071062962305290078e-01,7.071067811865474617e-01,-8.281492279113260172e-04,1.545048921332883851e-01
-1.171179869780999234e-03,5.529431079676072613e-18,9.999993141686210896e-01,1.025621799580862525e+00
0.000000000000000000e+00,0.000000000000000000e+00,0.000000000000000000e+00,1.000000000000000000e+00
7.071065656505255426e-01,7.071067811865475727e-01,5.520995553939401623e-04,-1.545048921332884129e-01
-7.071065656505256536e-01,7.071067811865474617e-01,-5.520995553939451496e-04,1.545048921332883296e-01
-7.807866790182696731e-04,3.577867169202164632e-18,9.999996951860344874e-01,1.025621799580862525e+00
0.000000000000000000e+00,0.000000000000000000e+00,0.000000000000000000e+00,1.000000000000000000e+00
7.071067273025397615e-01,7.071067811865476838e-01,2.760497987327648777e-04,-1.545048921332883851e-01
-7.071067273025402056e-01,7.071067811865474617e-01,-2.760497987327608120e-04,1.545048921332883574e-01
-3.903933692582364019e-04,-2.873135757086586750e-18,9.999999237965057075e-01,1.025621799580862747e+00
0.000000000000000000e+00,0.000000000000000000e+00,0.000000000000000000e+00,1.000000000000000000e+00
7.071067811865474617e-01,7.071067811865475727e-01,-3.696124157599057300e-16,-1.545048921332883851e-01
-7.071067811865475727e-01,7.071067811865474617e-01,3.709060099963591847e-16,1.545048921332883574e-01
5.236256004458417939e-16,-9.147092567000167111e-19,1.000000000000000000e+00,1.025621799580862303e+00
0.000000000000000000e+00,0.000000000000000000e+00,0.000000000000000000e+00,1.000000000000000000e+00
7.071067811865474617e-01,7.071067811865475727e-01,0.000000000000000000e+00,-1.545048921332883574e-01
-7.071067811865475727e-01,7.071067811865474617e-01,-0.000000000000000000e+00,1.545048921332883296e-01
-0.000000000000000000e+00,0.000000000000000000e+00,1.000000000000000000e+00,1.025621799580862081e+00
0.000000000000000000e+00,0.000000000000000000e+00,0.000000000000000000e+00,1.000000000000000000e+00
7.089617321320333954e-01,7.052469513385697386e-01,0.000000000000000000e+00,-1.542170062960346866e-01
-7.052469513385697386e-01,7.089617321320333954e-01,-0.000000000000000000e+00,1.538124479235930542e-01
-0.000000000000000000e+00,0.000000000000000000e+00,1.000000000000000000e+00,1.025636442391628655e+00
0.000000000000000000e+00,0.000000000000000000e+00,0.000000000000000000e+00,1.000000000000000000e+00
7.108117913762179718e-01,7.033822554205728661e-01,0.000000000000000000e+00,-1.539273025764242575e-01
-7.033822554205728661e-01,7.108117913762179718e-01,-0.000000000000000000e+00,1.531207623059346046e-01
-0.000000000000000000e+00,0.000000000000000000e+00,1.000000000000000000e+00,1.025651085202394786e+00
0.000000000000000000e+00,0.000000000000000000e+00,0.000000000000000000e+00,1.000000000000000000e+00
7.126569461540441797e-01,7.015127062986042938e-01,0.000000000000000000e+00,-1.536357829733575875e-01
-7.015127062986042938e-01,7.126569461540441797e-01,-0.000000000000000000e+00,1.524298400528122932e-01
-0.000000000000000000e+00,0.000000000000000000e+00,1.000000000000000000e+00,1.025665728013161138e+00
0.000000000000000000e+00,0.000000000000000000e+00,0.000000000000000000e+00,1.000000000000000000e+00
7.144971837342941612e-01,6.996383168721981294e-01,0.000000000000000000e+00,-1.533424494982647268e-01
-6.996383168721981294e-01,7.144971837342941612e-01,-0.000000000000000000e+00,1.517396859314584789e-01
-0.000000000000000000e+00,0.000000000000000000e+00,1.000000000000000000e+00,1.025680370823927268e+00
0.000000000000000000e+00,0.000000000000000000e+00,0.000000000000000000e+00,1.000000000000000000e+00
7.163324914196782522e-01,6.977591000742853211e-01,0.000000000000000000e+00,-1.530473041750908259e-01
-6.977591000742853211e-01,7.163324914196782522e-01,-0.000000000000000000e+00,1.510503047038055380e-01
-0.000000000000000000e+00,0.000000000000000000e+00,1.000000000000000000e+00,1.025695013634693842e+00
0.000000000000000000e+00,0.000000000000000000e+00,0.000000000000000000e+00,1.000000000000000000e+00
7.181628565469220238e-01,6.958750688711049515e-01,0.000000000000000000e+00,-1.527503490402826181e-01
-6.958750688711049515e-01,7.181628565469220238e-01,-0.000000000000000000e+00,1.503617011264529735e-01
-0.000000000000000000e+00,0.000000000000000000e+00,1.000000000000000000e+00,1.025709656445460194e+00
0.000000000000000000e+00,0.000000000000000000e+00,0.000000000000000000e+00,1.000000000000000000e+00
7.199882664868537674e-01,6.939862362621144198e-01,0.000000000000000000e+00,-1.524515861427740981e-01
-6.939862362621144198e-01,7.199882664868537674e-01,-0.000000000000000000e+00,1.496738799506346917e-01
-0.000000000000000000e+00,0.000000000000000000e+00,1.000000000000000000e+00,1.025724299256226546e+00
0.000000000000000000e+00,0.000000000000000000e+00,0.000000000000000000e+00,1.000000000000000000e+00
7.218087086444915368e-01,6.920926152798999587e-01,0.000000000000000000e+00,-1.521510175439725887e-01
-6.920926152798999587e-01,7.218087086444915368e-01,-0.000000000000000000e+00,1.489868459221861952e-01
-0.000000000000000000e+00,0.000000000000000000e+00,1.000000000000000000e+00,1.025738942066992898e+00
0.000000000000000000e+00,0.000000000000000000e+00,0.000000000000000000e+00,1.000000000000000000e+00
7.236241704591301893e-01,6.901942189900867053e-01,0.000000000000000000e+00,-1.518486453177441964e-01
-6.901942189900867053e-01,7.236241704591301893e-01,-0.000000000000000000e+00,1.483006037815117473e-01
-0.000000000000000000e+00,0.000000000000000000e+00,1.000000000000000000e+00,1.025753584877759472e+00
0.000000000000000000e+00,0.000000000000000000e+00,0.000000000000000000e+00,1.000000000000000000e+00
7.254346394044279833e-01,6.882910604912485519e-01,0.000000000000000000e+00,-1.515444715503999895e-01
-6.882910604912485519e-01,7.254346394044279833e-01,-0.000000000000000000e+00,1.476151582635518156e-01
-0.000000000000000000e+00,0.000000000000000000e+00,1.000000000000000000e+00,1.025768227688525824e+00
0.000000000000000000e+00,0.000000000000000000e+00,0.000000000000000000e+00,1.000000000000000000e+00
7.272401029884931756e-01,6.863831529148176624e-01,0.000000000000000000e+00,-1.512384983406810657e-01
-6.863831529148176624e-01,7.272401029884931756e-01,-0.000000000000000000e+00,1.469305140977503199e-01
-0.000000000000000000e+00,0.000000000000000000e+00,1.000000000000000000e+00,1.025782870499291954e+00
0.000000000000000000e+00,0.000000000000000000e+00,0.000000000000000000e+00,1.000000000000000000e+00
7.290405487539698415e-01,6.844705094249937671e-01,0.000000000000000000e+00,-1.509307277997445906e-01
-6.844705094249937671e-01,7.290405487539698415e-01,-0.000000000000000000e+00,1.462466760080218808e-01
-0.000000000000000000e+00,0.000000000000000000e+00,1.000000000000000000e+00,1.025797513310058307e+00
0.000000000000000000e+00,0.000000000000000000e+00,0.000000000000000000e+00,1.000000000000000000e+00
7.308359642781241394e-01,6.825531432186541236e-01,0.000000000000000000e+00,-1.506211620511487548e-01
-6.825531432186541236e-01,7.308359642781241394e-01,-0.000000000000000000e+00,1.455636487127195400e-01
-0.000000000000000000e+00,0.000000000000000000e+00,1.000000000000000000e+00,1.025812156120824659e+00
0.000000000000000000e+00,0.000000000000000000e+00,0.000000000000000000e+00,1.000000000000000000e+00
7.326263371729297980e-01,6.806310675252611464e-01,0.000000000000000000e+00,-1.503098032308385346e-01
-6.806310675252611464e-01,7.326263371729297980e-01,-0.000000000000000000e+00,1.448814369246019251e-01
-0.000000000000000000e+00,0.000000000000000000e+00,1.000000000000000000e+00,1.025826798931591011e+00
0.000000000000000000e+00,0.000000000000000000e+00,0.000000000000000000e+00,1.000000000000000000e+00
7.344116550851542691e-01,6.787042956067719235e-01,0.000000000000000000e+00,-1.499966534871304824e-01
-6.787042956067719235e-01,7.344116550851542691e-01,-0.000000000000000000e+00,1.442000453508006652e-01
-0.000000000000000000e+00,0.000000000000000000e+00,1.000000000000000000e+00,1.025841441742357585e+00
0.000000000000000000e+00,0.000000000000000000e+00,0.000000000000000000e+00,1.000000000000000000e+00
7.361919056964427721e-01,6.767728407575469562e-01,0.000000000000000000e+00,-1.496817149806984604e-01
-6.767728407575469562e-01,7.361919056964427721e-01,-0.000000000000000000e+00,1.435194786927882771e-01
-0.000000000000000000e+00,0.000000000000000000e+00,1.000000000000000000e+00,1.025856084553123493e+00
0.000000000000000000e+00,0.000000000000000000e+00,0.000000000000000000e+00,1.000000000000000000e+00
7.379670767234042250e-01,6.748367163042577888e-01,0.000000000000000000e+00,-1.493649898845583746e-01
-6.748367163042577888e-01,7.379670767234042250e-01,-0.000000000000000000e+00,1.428397416463455250e-01
-0.000000000000000000e+00,0.000000000000000000e+00,1.000000000000000000e+00,1.025870727363890067e+00
0.000000000000000000e+00,0.000000000000000000e+00,0.000000000000000000e+00,1.000000000000000000e+00
7.397371559176957323e-01,6.728959356057954144e-01,0.000000000000000000e+00,-1.490464803840531871e-01
-6.728959356057954144e-01,7.397371559176957323e-01,-0.000000000000000000e+00,1.421608389015288076e-01
-0.000000000000000000e+00,0.000000000000000000e+00,1.000000000000000000e+00,1.025885370174656419e+00
0.000000000000000000e+00,0.000000000000000000e+00,0.000000000000000000e+00,1.000000000000000000e+00
7.415021310661070730e-01,6.709505120531780165e-01,0.000000000000000000e+00,-1.487261886768379560e-01
-6.709505120531780165e-01,7.415021310661070730e-01,-0.000000000000000000e+00,1.414827751426381841e-01
-0.000000000000000000e+00,0.000000000000000000e+00,1.000000000000000000e+00,1.025900012985422549e+00
0.000000000000000000e+00,0.000000000000000000e+00,0.000000000000000000e+00,1.000000000000000000e+00
7.432619899906447447e-01,6.690004590694588194e-01,0.000000000000000000e+00,-1.484041169728646525e-01
-6.690004590694588194e-01,7.432619899906447447e-01,-0.000000000000000000e+00,1.408055550481847606e-01
-0.000000000000000000e+00,0.000000000000000000e+00,1.000000000000000000e+00,1.025914655796189123e+00
0.000000000000000000e+00,0.000000000000000000e+00,0.000000000000000000e+00,1.000000000000000000e+00
7.450167205486167843e-01,6.670457901096328301e-01,0.000000000000000000e+00,-1.480802674943668684e-01
-6.670457901096328301e-01,7.450167205486167843e-01,-0.000000000000000000e+00,1.401291832908586610e-01
-0.000000000000000000e+00,0.000000000000000000e+00,1.000000000000000000e+00,1.025929298606955475e+00
0.000000000000000000e+00,0.000000000000000000e+00,0.000000000000000000e+00,1.000000000000000000e+00
7.467663106327153688e-01,6.650865186605446899e-01,0.000000000000000000e+00,-1.477546424758444665e-01
-6.650865186605446899e-01,7.467663106327153688e-01,-0.000000000000000000e+00,1.394536645374964967e-01
-0.000000000000000000e+00,0.000000000000000000e+00,1.000000000000000000e+00,1.025943941417721827e+00
0.000000000000000000e+00,0.000000000000000000e+00,0.000000000000000000e+00,1.000000000000000000e+00
7.485107481711010813e-01,6.631226582407953041e-01,0.000000000000000000e+00,-1.474272441640482323e-01
-6.631226582407953041e-01,7.485107481711010813e-01,-0.000000000000000000e+00,1.387790034490493374e-01
-0.000000000000000000e+00,0.000000000000000000e+00,1.000000000000000000e+00,1.025958584228488180e+00
0.000000000000000000e+00,0.000000000000000000e+00,0.000000000000000000e+00,1.000000000000000000e+00
7.502500211274863995e-01,6.611542224006485835e-01,0.000000000000000000e+00,-1.470980748179643305e-01
-6.611542224006485835e-01,7.502500211274863995e-01,-0.000000000000000000e+00,1.381052046805505418e-01
-0.000000000000000000e+00,0.000000000000000000e+00,1.000000000000000000e+00,1.025973227039254310e+00
0.000000000000000000e+00,0.000000000000000000e+00,0.000000000000000000e+00,1.000000000000000000e+00
7.519841175012182966e-01,6.591812247219379639e-01,0.000000000000000000e+00,-1.467671367087988177e-01
-6.591812247219379639e-01,7.519841175012182966e-01,-0.000000000000000000e+00,1.374322728810837280e-01
-0.000000000000000000e+00,0.000000000000000000e+00,1.000000000000000000e+00,1.025987869850020662e+00
0.000000000000000000e+00,0.000000000000000000e+00,0.000000000000000000e+00,1.000000000000000000e+00
7.537130253273611746e-01,6.572036788179724809e-01,0.000000000000000000e+00,-1.464344321199616827e-01
-6.572036788179724809e-01,7.537130253273611746e-01,-0.000000000000000000e+00,1.367602126937504381e-01
-0.000000000000000000e+00,0.000000000000000000e+00,1.000000000000000000e+00,1.026002512660787014e+00
0.000000000000000000e+00,0.000000000000000000e+00,0.000000000000000000e+00,1.000000000000000000e+00
7.554367326767791324e-01,6.552215983334437333e-01,0.000000000000000000e+00,-1.460999633470514425e-01
-6.552215983334437333e-01,7.554367326767791324e-01,-0.000000000000000000e+00,1.360890287556383860e-01
-0.000000000000000000e+00,0.000000000000000000e+00,1.000000000000000000e+00,1.026017155471553588e+00
0.000000000000000000e+00,0.000000000000000000e+00,0.000000000000000000e+00,1.000000000000000000e+00
7.571552276562190098e-01,6.532349969443302928e-01,0.000000000000000000e+00,-1.457637326978390990e-01
-6.532349969443302928e-01,7.571552276562190098e-01,-0.000000000000000000e+00,1.354187256977892329e-01
-0.000000000000000000e+00,0.000000000000000000e+00,1.000000000000000000e+00,1.026031798282319940e+00
0.000000000000000000e+00,0.000000000000000000e+00,0.000000000000000000e+00,1.000000000000000000e+00
7.588684984083919893e-01,6.512438883578044457e-01,0.000000000000000000e+00,-1.454257424922522912e-01
-6.512438883578044457e-01,7.588684984083919893e-01,-0.000000000000000000e+00,1.347493081451666685e-01
-0.000000000000000000e+00,0.000000000000000000e+00,1.000000000000000000e+00,1.026046441093086292e+00
0.000000000000000000e+00,0.000000000000000000e+00,0.000000000000000000e+00,1.000000000000000000e+00
7.605765331120549755e-01,6.492482863121373793e-01,0.000000000000000000e+00,-1.450859950623592520e-01
-6.492482863121373793e-01,7.605765331120549755e-01,-0.000000000000000000e+00,1.340807807166248256e-01
-0.000000000000000000e+00,0.000000000000000000e+00,1.000000000000000000e+00,1.026061083903852644e+00
0.000000000000000000e+00,0.000000000000000000e+00,0.000000000000000000e+00,1.000000000000000000e+00
7.622793199820930843e-01,6.472482045766042580e-01,0.000000000000000000e+00,-1.447444927523526548e-01
-6.472482045766042580e-01,7.622793199820930843e-01,-0.000000000000000000e+00,1.334131480248759161e-01
-0.000000000000000000e+00,0.000000000000000000e+00,1.000000000000000000e+00,1.026075726714618996e+00
0.000000000000000000e+00,0.000000000000000000e+00,0.000000000000000000e+00,1.000000000000000000e+00
7.639768472696003565e-01,6.452436569513890774e-01,0.000000000000000000e+00,-1.444012379185336259e-01
-6.452436569513890774e-01,7.639768472696003565e-01,-0.000000000000000000e+00,1.327464146764587016e-01
-0.000000000000000000e+00,0.000000000000000000e+00,1.000000000000000000e+00,1.026090369525385126e+00
0.000000000000000000e+00,0.000000000000000000e+00,0.000000000000000000e+00,1.000000000000000000e+00
7.656691032619608039e-01,6.432346572674896290e-01,0.000000000000000000e+00,-1.440562329292953692e-01
-6.432346572674896290e-01,7.656691032619608039e-01,-0.000000000000000000e+00,1.320805852717067408e-01
-0.000000000000000000e+00,0.000000000000000000e+00,1.000000000000000000e+00,1.026105012336151701e+00
0.000000000000000000e+00,0.000000000000000000e+00,0.000000000000000000e+00,1.000000000000000000e+00
7.673560762829295667e-01,6.412212193866223542e-01,0.000000000000000000e+00,-1.437094801651067066e-01
-6.412212193866223542e-01,7.673560762829295667e-01,-0.000000000000000000e+00,1.314156644047163036e-01
-0.000000000000000000e+00,0.000000000000000000e+00,1.000000000000000000e+00,1.026119655146917831e+00
0.000000000000000000e+00,0.000000000000000000e+00,0.000000000000000000e+00,1.000000000000000000e+00
7.690377546927130714e-01,6.392033572011260878e-01,0.000000000000000000e+00,-1.433609820184958694e-01
-6.392033572011260878e-01,7.690377546927130714e-01,-0.000000000000000000e+00,1.307516566633152855e-01
-0.000000000000000000e+00,0.000000000000000000e+00,1.000000000000000000e+00,1.026134297957684183e+00
0.000000000000000000e+00,0.000000000000000000e+00,0.000000000000000000e+00,1.000000000000000000e+00
7.707141268880499663e-01,6.371810846338666900e-01,0.000000000000000000e+00,-1.430107408940339553e-01
-6.371810846338666900e-01,7.707141268880499663e-01,-0.000000000000000000e+00,1.300885666290307885e-01
-0.000000000000000000e+00,0.000000000000000000e+00,1.000000000000000000e+00,1.026148940768450535e+00
0.000000000000000000e+00,0.000000000000000000e+00,0.000000000000000000e+00,1.000000000000000000e+00
7.723851813022901691e-01,6.351544156381411232e-01,0.000000000000000000e+00,-1.426587592083181089e-01
-6.351544156381411232e-01,7.723851813022901691e-01,-0.000000000000000000e+00,1.294263988770582852e-01
-0.000000000000000000e+00,0.000000000000000000e+00,1.000000000000000000e+00,1.026163583579216887e+00
0.000000000000000000e+00,0.000000000000000000e+00,0.000000000000000000e+00,1.000000000000000000e+00
7.740509064054756916e-01,6.331233641975799742e-01,0.000000000000000000e+00,-1.423050393899550903e-01
-6.331233641975799742e-01,7.740509064054756916e-01,-0.000000000000000000e+00,1.287651579762293941e-01
-0.000000000000000000e+00,0.000000000000000000e+00,1.000000000000000000e+00,1.026178226389983461e+00
0.000000000000000000e+00,0.000000000000000000e+00,0.000000000000000000e+00,1.000000000000000000e+00
7.757112907044197980e-01,6.310879443260528632e-01,0.000000000000000000e+00,-1.419495838795445941e-01
-6.310879443260528632e-01,7.757112907044197980e-01,-0.000000000000000000e+00,1.281048484889807937e-01
-0.000000000000000000e+00,0.000000000000000000e+00,1.000000000000000000e+00,1.026192869200749591e+00
0.000000000000000000e+00,0.000000000000000000e+00,0.000000000000000000e+00,1.000000000000000000e+00
7.773663227427860534e-01,6.290481700675699672e-01,0.000000000000000000e+00,-1.415923951296620686e-01
-6.290481700675699672e-01,7.773663227427860534e-01,-0.000000000000000000e+00,1.274454749713225254e-01
-0.000000000000000000e+00,0.000000000000000000e+00,1.000000000000000000e+00,1.026207512011516387e+00
0.000000000000000000e+00,0.000000000000000000e+00,0.000000000000000000e+00,1.000000000000000000e+00
7.790159911011678151e-01,6.270040554961867629e-01,0.000000000000000000e+00,-1.412334756048419793e-01
-6.270040554961867629e-01,7.790159911011678151e-01,-0.000000000000000000e+00,1.267870419728066023e-01
-0.000000000000000000e+00,0.000000000000000000e+00,1.000000000000000000e+00,1.026222154822282295e+00
0.000000000000000000e+00,0.000000000000000000e+00,0.000000000000000000e+00,1.000000000000000000e+00
7.806602843971667260e-01,6.249556147159051056e-01,0.000000000000000000e+00,-1.408728277815609886e-01
-6.249556147159051056e-01,7.806602843971667260e-01,-0.000000000000000000e+00,1.261295540364956724e-01
-0.000000000000000000e+00,0.000000000000000000e+00,1.000000000000000000e+00,1.026236797633048647e+00
0.000000000000000000e+00,0.000000000000000000e+00,0.000000000000000000e+00,1.000000000000000000e+00
7.822991912854712071e-01,6.229028618605776391e-01,0.000000000000000000e+00,-1.405104541482205538e-01
-6.229028618605776391e-01,7.822991912854712071e-01,-0.000000000000000000e+00,1.254730156989316558e-01
-0.000000000000000000e+00,0.000000000000000000e+00,1.000000000000000000e+00,1.026251440443815222e+00
0.000000000000000000e+00,0.000000000000000000e+00,0.000000000000000000e+00,1.000000000000000000e+00
7.839327004579351721e-01,6.208458110938088748e-01,0.000000000000000000e+00,-1.401463572051298012e-01
-6.208458110938088748e-01,7.839327004579351721e-01,-0.000000000000000000e+00,1.248174314901042969e-01
-0.000000000000000000e+00,0.000000000000000000e+00,1.000000000000000000e+00,1.026266083254581352e+00
0.000000000000000000e+00,0.000000000000000000e+00,0.000000000000000000e+00,1.000000000000000000e+00
7.855608006436555213e-01,6.187844766088584914e-01,0.000000000000000000e+00,-1.397805394644886234e-01
-6.187844766088584914e-01,7.855608006436555213e-01,-0.000000000000000000e+00,1.241628059334202588e-01
-0.000000000000000000e+00,0.000000000000000000e+00,1.000000000000000000e+00,1.026280726065347704e+00
0.000000000000000000e+00,0.000000000000000000e+00,0.000000000000000000e+00,1.000000000000000000e+00
7.871834806090500791e-01,6.167188726285430800e-01,0.000000000000000000e+00,-1.394130034503699433e-01
-6.167188726285430800e-01,7.871834806090500791e-01,-0.000000000000000000e+00,1.235091435456714543e-01
-0.000000000000000000e+00,0.000000000000000000e+00,1.000000000000000000e+00,1.026295368876114056e+00
0.000000000000000000e+00,0.000000000000000000e+00,0.000000000000000000e+00,1.000000000000000000e+00
7.888007291579355318e-01,6.146490134051377785e-01,0.000000000000000000e+00,-1.390437516987023669e-01
-6.146490134051377785e-01,7.888007291579355318e-01,-0.000000000000000000e+00,1.228564488370042507e-01
-0.000000000000000000e+00,0.000000000000000000e+00,1.000000000000000000e+00,1.026310011686880408e+00
0.000000000000000000e+00,0.000000000000000000e+00,0.000000000000000000e+00,1.000000000000000000e+00
7.904125351316038106e-01,6.125749132202780167e-01,0.000000000000000000e+00,-1.386727867572529749e-01
-6.125749132202780167e-01,7.904125351316038106e-01,-0.000000000000000000e+00,1.222047263108881343e-01
-0.000000000000000000e+00,0.000000000000000000e+00,1.000000000000000000e+00,1.026324654497646982e+00
0.000000000000000000e+00,0.000000000000000000e+00,0.000000000000000000e+00,1.000000000000000000e+00
7.920188874088999187e-01,6.104965863848612617e-01,0.000000000000000000e+00,-1.383001111856093368e-01
-6.104965863848612617e-01,7.920188874088999187e-01,-0.000000000000000000e+00,1.215539804640847904e-01
-0.000000000000000000e+00,0.000000000000000000e+00,1.000000000000000000e+00,1.026339297308413112e+00
0.000000000000000000e+00,0.000000000000000000e+00,0.000000000000000000e+00,1.000000000000000000e+00
7.936197749062980922e-01,6.084140472389478749e-01,0.000000000000000000e+00,-1.379257275551620809e-01
-6.084140472389478749e-01,7.936197749062980922e-01,-0.000000000000000000e+00,1.209042157866169753e-01
-0.000000000000000000e+00,0.000000000000000000e+00,1.000000000000000000e+00,1.026353940119179464e+00
0.000000000000000000e+00,0.000000000000000000e+00,0.000000000000000000e+00,1.000000000000000000e+00
7.952151865779788498e-01,6.063273101516624131e-01,0.000000000000000000e+00,-1.375496384490871860e-01
-6.063273101516624131e-01,7.952151865779788498e-01,-0.000000000000000000e+00,1.202554367617375553e-01
-0.000000000000000000e+00,0.000000000000000000e+00,1.000000000000000000e+00,1.026368582929945816e+00
0.000000000000000000e+00,0.000000000000000000e+00,0.000000000000000000e+00,1.000000000000000000e+00
7.968051114159044879e-01,6.042363895210947078e-01,0.000000000000000000e+00,-1.371718464623280231e-01
-6.042363895210947078e-01,7.968051114159044879e-01,-0.000000000000000000e+00,1.196076478658985032e-01
-0.000000000000000000e+00,0.000000000000000000e+00,1.000000000000000000e+00,1.026383225740712168e+00
0.000000000000000000e+00,0.000000000000000000e+00,0.000000000000000000e+00,1.000000000000000000e+00
7.983895384498959080e-01,6.021412997741992790e-01,0.000000000000000000e+00,-1.367923542015777039e-01
-6.021412997741992790e-01,7.983895384498959080e-01,-0.000000000000000000e+00,1.189608535687203261e-01
-0.000000000000000000e+00,0.000000000000000000e+00,1.000000000000000000e+00,1.026397868551478521e+00
0.000000000000000000e+00,0.000000000000000000e+00,0.000000000000000000e+00,1.000000000000000000e+00
7.999684567477071129e-01,6.000420553666984125e-01,0.000000000000000000e+00,-1.364111642852605388e-01
-6.000420553666984125e-01,7.999684567477071129e-01,-0.000000000000000000e+00,1.183150583329607153e-01
-0.000000000000000000e+00,0.000000000000000000e+00,1.000000000000000000e+00,1.026412511362245095e+00
0.000000000000000000e+00,0.000000000000000000e+00,0.000000000000000000e+00,1.000000000000000000e+00
8.015418554151019226e-01,5.979386707829791314e-01,0.000000000000000000e+00,-1.360282793435145798e-01
-5.979386707829791314e-01,8.015418554151019226e-01,-0.000000000000000000e+00,1.176702666144840981e-01
-0.000000000000000000e+00,0.000000000000000000e+00,1.000000000000000000e+00,1.026427154173011003e+00
0.000000000000000000e+00,0.000000000000000000e+00,0.000000000000000000e+00,1.000000000000000000e+00
8.031097235959283598e-01,5.958311605359958296e-01,0.000000000000000000e+00,-1.356437020181733843e-01
-5.958311605359958296e-01,8.031097235959283598e-01,-0.000000000000000000e+00,1.170264828622309822e-01
-0.000000000000000000e+00,0.000000000000000000e+00,1.000000000000000000e+00,1.026441796983777355e+00
0.000000000000000000e+00,0.000000000000000000e+00,0.000000000000000000e+00,1.000000000000000000e+00
8.046720504721938116e-01,5.937195391671687972e-01,0.000000000000000000e+00,-1.352574349627473360e-01
-5.937195391671687972e-01,8.046720504721938116e-01,-0.000000000000000000e+00,1.163837115181869664e-01
-0.000000000000000000e+00,0.000000000000000000e+00,1.000000000000000000e+00,1.026456439794543929e+00
0.000000000000000000e+00,0.000000000000000000e+00,0.000000000000000000e+00,1.000000000000000000e+00
8.062288252641394148e-01,5.916038212462845225e-01,0.000000000000000000e+00,-1.348694808424057145e-01
-5.916038212462845225e-01,8.062288252641394148e-01,-0.000000000000000000e+00,1.157419570173521678e-01
-0.000000000000000000e+00,0.000000000000000000e+00,1.000000000000000000e+00,1.026471082605310281e+00
0.000000000000000000e+00,0.000000000000000000e+00,0.000000000000000000e+00,1.000000000000000000e+00
8.077800372303147736e-01,5.894840213713949950e-01,0.000000000000000000e+00,-1.344798423339582938e-01
-5.894840213713949950e-01,8.077800372303147736e-01,-0.000000000000000000e+00,1.151012237877108296e-01
-0.000000000000000000e+00,0.000000000000000000e+00,1.000000000000000000e+00,1.026485725416076633e+00
0.000000000000000000e+00,0.000000000000000000e+00,0.000000000000000000e+00,1.000000000000000000e+00
8.093256756676520114e-01,5.873601541687165639e-01,0.000000000000000000e+00,-1.340885221258368287e-01
-5.873601541687165639e-01,8.093256756676520114e-01,-0.000000000000000000e+00,1.144615162502005262e-01
-0.000000000000000000e+00,0.000000000000000000e+00,1.000000000000000000e+00,1.026500368226842985e+00
0.000000000000000000e+00,0.000000000000000000e+00,0.000000000000000000e+00,1.000000000000000000e+00
8.108657299115396011e-01,5.852322342925295739e-01,0.000000000000000000e+00,-1.336955229180763760e-01
-5.852322342925295739e-01,8.108657299115396011e-01,-0.000000000000000000e+00,1.138228388186817708e-01
-0.000000000000000000e+00,0.000000000000000000e+00,1.000000000000000000e+00,1.026515011037609337e+00
0.000000000000000000e+00,0.000000000000000000e+00,0.000000000000000000e+00,1.000000000000000000e+00
8.124001893358954174e-01,5.831002764250770021e-01,0.000000000000000000e+00,-1.333008474222968920e-01
-5.831002764250770021e-01,8.124001893358954174e-01,-0.000000000000000000e+00,1.131851958999075258e-01
-0.000000000000000000e+00,0.000000000000000000e+00,1.000000000000000000e+00,1.026529653848375467e+00
0.000000000000000000e+00,0.000000000000000000e+00,0.000000000000000000e+00,1.000000000000000000e+00
8.139290433532413438e-01,5.809642952764632051e-01,0.000000000000000000e+00,-1.329044983616843034e-01
-5.809642952764632051e-01,8.139290433532413438e-01,-0.000000000000000000e+00,1.125485918934928387e-01
-0.000000000000000000e+00,0.000000000000000000e+00,1.000000000000000000e+00,1.026544296659142042e+00
0.000000000000000000e+00,0.000000000000000000e+00,0.000000000000000000e+00,1.000000000000000000e+00
8.154522814147745491e-01,5.788243055845524454e-01,0.000000000000000000e+00,-1.325064784709718002e-01
-5.788243055845524454e-01,8.154522814147745491e-01,-0.000000000000000000e+00,1.119130311918844489e-01
-0.000000000000000000e+00,0.000000000000000000e+00,1.000000000000000000e+00,1.026558939469908394e+00
0.000000000000000000e+00,0.000000000000000000e+00,0.000000000000000000e+00,1.000000000000000000e+00
8.169698930104419832e-01,5.766803221148671943e-01,0.000000000000000000e+00,-1.321067904964211281e-01
-5.766803221148671943e-01,8.169698930104419832e-01,-0.000000000000000000e+00,1.112785181803304935e-01
-0.000000000000000000e+00,0.000000000000000000e+00,1.000000000000000000e+00,1.026573582280674968e+00
0.000000000000000000e+00,0.000000000000000000e+00,0.000000000000000000e+00,1.000000000000000000e+00
8.184818676690117645e-01,5.745323596604862137e-01,0.000000000000000000e+00,-1.317054371958033820e-01
-5.745323596604862137e-01,8.184818676690117645e-01,-0.000000000000000000e+00,1.106450572368501972e-01
-0.000000000000000000e+00,0.000000000000000000e+00,1.000000000000000000e+00,1.026588225091441098e+00
0.000000000000000000e+00,0.000000000000000000e+00,0.000000000000000000e+00,1.000000000000000000e+00
8.199881949581460105e-01,5.723804330419424158e-01,0.000000000000000000e+00,-1.313024213383799932e-01
-5.723804330419424158e-01,8.199881949581460105e-01,-0.000000000000000000e+00,1.100126527322038139e-01
-0.000000000000000000e+00,0.000000000000000000e+00,1.000000000000000000e+00,1.026602867902207450e+00
0.000000000000000000e+00,0.000000000000000000e+00,0.000000000000000000e+00,1.000000000000000000e+00
8.214888644844724475e-01,5.702245571071207220e-01,0.000000000000000000e+00,-1.308977457048839943e-01
-5.702245571071207220e-01,8.214888644844724475e-01,-0.000000000000000000e+00,1.093813090298622892e-01
-0.000000000000000000e+00,0.000000000000000000e+00,1.000000000000000000e+00,1.026617510712973802e+00
0.000000000000000000e+00,0.000000000000000000e+00,0.000000000000000000e+00,1.000000000000000000e+00
8.229838658936563522e-01,5.680647467311558119e-01,0.000000000000000000e+00,-1.304914130875002853e-01
-5.680647467311558119e-01,8.229838658936563522e-01,-0.000000000000000000e+00,1.087510304859772570e-01
-0.000000000000000000e+00,0.000000000000000000e+00,1.000000000000000000e+00,1.026632153523740154e+00
0.000000000000000000e+00,0.000000000000000000e+00,0.000000000000000000e+00,1.000000000000000000e+00
8.244731888704719402e-01,5.659010168163289833e-01,0.000000000000000000e+00,-1.300834262898468430e-01
-5.659010168163289833e-01,8.244731888704719402e-01,-0.000000000000000000e+00,1.081218214493509799e-01
-0.000000000000000000e+00,0.000000000000000000e+00,1.000000000000000000e+00,1.026646796334506728e+00
0.000000000000000000e+00,0.000000000000000000e+00,0.000000000000000000e+00,1.000000000000000000e+00
8.259568231388736415e-01,5.637333822919654569e-01,0.000000000000000000e+00,-1.296737881269549586e-01
-5.637333822919654569e-01,8.259568231388736415e-01,-0.000000000000000000e+00,1.074936862614062488e-01
-0.000000000000000000e+00,0.000000000000000000e+00,1.000000000000000000e+00,1.026661439145272858e+00
0.000000000000000000e+00,0.000000000000000000e+00,0.000000000000000000e+00,1.000000000000000000e+00
8.274347584620667106e-01,5.615618581143323462e-01,0.000000000000000000e+00,-1.292625014252503091e-01
-5.615618581143323462e-01,8.274347584620667106e-01,-0.000000000000000000e+00,1.068666292561566422e-01
-0.000000000000000000e+00,0.000000000000000000e+00,1.000000000000000000e+00,1.026676081956039210e+00
0.000000000000000000e+00,0.000000000000000000e+00,0.000000000000000000e+00,1.000000000000000000e+00
8.289069846425779486e-01,5.593864592665335200e-01,0.000000000000000000e+00,-1.288495690225328338e-01
-5.593864592665335200e-01,8.289069846425779486e-01,-0.000000000000000000e+00,1.062406547601763701e-01
-0.000000000000000000e+00,0.000000000000000000e+00,1.000000000000000000e+00,1.026690724766805562e+00
0.000000000000000000e+00,0.000000000000000000e+00,0.000000000000000000e+00,1.000000000000000000e+00
8.303734915223266455e-01,5.572072007584076836e-01,0.000000000000000000e+00,-1.284349937679579168e-01
-5.572072007584076836e-01,8.303734915223266455e-01,-0.000000000000000000e+00,1.056157670925705616e-01
-0.000000000000000000e+00,0.000000000000000000e+00,1.000000000000000000e+00,1.026705367577571693e+00
0.000000000000000000e+00,0.000000000000000000e+00,0.000000000000000000e+00,1.000000000000000000e+00
8.318342689826936365e-01,5.550240976264254611e-01,0.000000000000000000e+00,-1.280187785220158747e-01
-5.550240976264254611e-01,8.318342689826936365e-01,-0.000000000000000000e+00,1.049919705649454693e-01
-0.000000000000000000e+00,0.000000000000000000e+00,1.000000000000000000e+00,1.026720010388338267e+00
0.000000000000000000e+00,0.000000000000000000e+00,0.000000000000000000e+00,1.000000000000000000e+00
8.332893069445919121e-01,5.528371649335830362e-01,0.000000000000000000e+00,-1.276009261565130004e-01
-5.528371649335830362e-01,8.332893069445919121e-01,-0.000000000000000000e+00,1.043692694813785904e-01
-0.000000000000000000e+00,0.000000000000000000e+00,1.000000000000000000e+00,1.026734653199104619e+00
0.000000000000000000e+00,0.000000000000000000e+00,0.000000000000000000e+00,1.000000000000000000e+00
8.347385953685360072e-01,5.506464177693010109e-01,0.000000000000000000e+00,-1.271814395545511067e-01
-5.506464177693010109e-01,8.347385953685360072e-01,-0.000000000000000000e+00,1.037476681383891902e-01
-0.000000000000000000e+00,0.000000000000000000e+00,1.000000000000000000e+00,1.026749296009870971e+00
0.000000000000000000e+00,0.000000000000000000e+00,0.000000000000000000e+00,1.000000000000000000e+00
8.361821242547108346e-01,5.484518712493187120e-01,0.000000000000000000e+00,-1.267603216105082364e-01
-5.484518712493187120e-01,8.361821242547108346e-01,-0.000000000000000000e+00,1.031271708249084929e-01
-0.000000000000000000e+00,0.000000000000000000e+00,1.000000000000000000e+00,1.026763938820637323e+00
0.000000000000000000e+00,0.000000000000000000e+00,0.000000000000000000e+00,1.000000000000000000e+00
8.376198836430414074e-01,5.462535405155903856e-01,0.000000000000000000e+00,-1.263375752300180954e-01
-5.462535405155903856e-01,8.376198836430414074e-01,-0.000000000000000000e+00,1.025077818222500381e-01
-0.000000000000000000e+00,0.000000000000000000e+00,1.000000000000000000e+00,1.026778581631403453e+00
0.000000000000000000e+00,0.000000000000000000e+00,0.000000000000000000e+00,1.000000000000000000e+00
8.390518636132610064e-01,5.440514407361803917e-01,0.000000000000000000e+00,-1.259132033299504294e-01
-5.440514407361803917e-01,8.390518636132610064e-01,-0.000000000000000000e+00,1.018895054040803716e-01
-0.000000000000000000e+00,0.000000000000000000e+00,1.000000000000000000e+00,1.026793224442169805e+00
0.000000000000000000e+00,0.000000000000000000e+00,0.000000000000000000e+00,1.000000000000000000e+00
8.404780542849799030e-01,5.418455871051589545e-01,0.000000000000000000e+00,-1.254872088383908457e-01
-5.418455871051589545e-01,8.404780542849799030e-01,-0.000000000000000000e+00,1.012723458363893325e-01
-0.000000000000000000e+00,0.000000000000000000e+00,1.000000000000000000e+00,1.026807867252936379e+00
0.000000000000000000e+00,0.000000000000000000e+00,0.000000000000000000e+00,1.000000000000000000e+00
8.418984458177530827e-01,5.396359948424974684e-01,0.000000000000000000e+00,-1.250595946946203851e-01
-5.396359948424974684e-01,8.418984458177530827e-01,-0.000000000000000000e+00,1.006563073774607298e-01
-0.000000000000000000e+00,0.000000000000000000e+00,1.000000000000000000e+00,1.026822510063702953e+00
0.000000000000000000e+00,0.000000000000000000e+00,0.000000000000000000e+00,1.000000000000000000e+00
8.433130284111488573e-01,5.374226791939625825e-01,0.000000000000000000e+00,-1.246303638490953158e-01
-5.374226791939625825e-01,8.433130284111488573e-01,-0.000000000000000000e+00,1.000413942778428655e-01
-0.000000000000000000e+00,0.000000000000000000e+00,1.000000000000000000e+00,1.026837152874469083e+00
0.000000000000000000e+00,0.000000000000000000e+00,0.000000000000000000e+00,1.000000000000000000e+00
8.447217923048161436e-01,5.352056554310119507e-01,0.000000000000000000e+00,-1.241995192634271356e-01
-5.352056554310119507e-01,8.447217923048161436e-01,-0.000000000000000000e+00,9.942761078031944755e-02
-0.000000000000000000e+00,0.000000000000000000e+00,1.000000000000000000e+00,1.026851795685235436e+00
0.000000000000000000e+00,0.000000000000000000e+00,0.000000000000000000e+00,1.000000000000000000e+00
8.461247277785514109e-01,5.329849388506886498e-01,0.000000000000000000e+00,-1.237670639103615189e-01
-5.329849388506886498e-01,8.461247277785514109e-01,-0.000000000000000000e+00,9.881496111987997377e-02
-0.000000000000000000e+00,0.000000000000000000e+00,1.000000000000000000e+00,1.026866438496001788e+00
0.000000000000000000e+00,0.000000000000000000e+00,0.000000000000000000e+00,1.000000000000000000e+00
8.475218251523662927e-01,5.307605447755153749e-01,0.000000000000000000e+00,-1.233330007737583056e-01
-5.307605447755153749e-01,8.475218251523662927e-01,-0.000000000000000000e+00,9.820344952369072788e-02
-0.000000000000000000e+00,0.000000000000000000e+00,1.000000000000000000e+00,1.026881081306767918e+00
0.000000000000000000e+00,0.000000000000000000e+00,0.000000000000000000e+00,1.000000000000000000e+00
8.489130747865546445e-01,5.285324885533883021e-01,0.000000000000000000e+00,-1.228973328485707395e-01
-5.285324885533883021e-01,8.489130747865546445e-01,-0.000000000000000000e+00,9.759308021106560815e-02
-0.000000000000000000e+00,0.000000000000000000e+00,1.000000000000000000e+00,1.026895724117534492e+00
0.000000000000000000e+00,0.000000000000000000e+00,0.000000000000000000e+00,1.000000000000000000e+00
8.502984670817579360e-01,5.263007855574725058e-01,0.000000000000000000e+00,-1.224600631408246793e-01
-5.263007855574725058e-01,8.502984670817579360e-01,-0.000000000000000000e+00,9.698385739343692857e-02
-0.000000000000000000e+00,0.000000000000000000e+00,1.000000000000000000e+00,1.026910366928300622e+00
0.000000000000000000e+00,0.000000000000000000e+00,0.000000000000000000e+00,1.000000000000000000e+00
8.516779924790324197e-01,5.240654511860948217e-01,0.000000000000000000e+00,-1.220211946675981152e-01
-5.240654511860948217e-01,8.516779924790324197e-01,-0.000000000000000000e+00,9.637578527432644204e-02
-0.000000000000000000e+00,0.000000000000000000e+00,1.000000000000000000e+00,1.026925009739067196e+00
0.000000000000000000e+00,0.000000000000000000e+00,0.000000000000000000e+00,1.000000000000000000e+00
8.530516414599149666e-01,5.218265008626378210e-01,0.000000000000000000e+00,-1.215807304570001440e-01
-5.218265008626378210e-01,8.530516414599149666e-01,-0.000000000000000000e+00,9.576886804931629416e-02
-0.000000000000000000e+00,0.000000000000000000e+00,1.000000000000000000e+00,1.026939652549833326e+00
0.000000000000000000e+00,0.000000000000000000e+00,0.000000000000000000e+00,1.000000000000000000e+00
8.544194045464885701e-01,5.195839500354335616e-01,0.000000000000000000e+00,-1.211386735481501803e-01
-5.195839500354335616e-01,8.544194045464885701e-01,-0.000000000000000000e+00,9.516310990602004638e-02
-0.000000000000000000e+00,0.000000000000000000e+00,1.000000000000000000e+00,1.026954295360599900e+00
0.000000000000000000e+00,0.000000000000000000e+00,0.000000000000000000e+00,1.000000000000000000e+00
8.557812723014475154e-01,5.173378141776568961e-01,0.000000000000000000e+00,-1.206950269911568896e-01
-5.173378141776568961e-01,8.557812723014475154e-01,-0.000000000000000000e+00,9.455851502405379638e-02
-0.000000000000000000e+00,0.000000000000000000e+00,1.000000000000000000e+00,1.026968938171366030e+00
0.000000000000000000e+00,0.000000000000000000e+00,0.000000000000000000e+00,1.000000000000000000e+00
8.571372353281629941e-01,5.150881087872183350e-01,0.000000000000000000e+00,-1.202497938470973166e-01
-5.150881087872183350e-01,8.571372353281629941e-01,-0.000000000000000000e+00,9.395508757500750652e-02
-0.000000000000000000e+00,0.000000000000000000e+00,1.000000000000000000e+00,1.026983580982132382e+00
0.000000000000000000e+00,0.000000000000000000e+00,0.000000000000000000e+00,1.000000000000000000e+00
8.584872842707478302e-01,5.128348493866579094e-01,0.000000000000000000e+00,-1.198029771879955824e-01
-5.128348493866579094e-01,8.584872842707478302e-01,-0.000000000000000000e+00,9.335283172241587435e-02
-0.000000000000000000e+00,0.000000000000000000e+00,1.000000000000000000e+00,1.026998223792898735e+00
0.000000000000000000e+00,0.000000000000000000e+00,0.000000000000000000e+00,1.000000000000000000e+00
8.598314098141206507e-01,5.105780515230378125e-01,0.000000000000000000e+00,-1.193545800968017212e-01
-5.105780515230378125e-01,8.598314098141206507e-01,-0.000000000000000000e+00,9.275175162172993870e-02
-0.000000000000000000e+00,0.000000000000000000e+00,1.000000000000000000e+00,1.027012866603665309e+00
0.000000000000000000e+00,0.000000000000000000e+00,0.000000000000000000e+00,1.000000000000000000e+00
8.611696026840702789e-01,5.083177307678342638e-01,0.000000000000000000e+00,-1.189046056673705720e-01
-5.083177307678342638e-01,8.611696026840702789e-01,-0.000000000000000000e+00,9.215185142028822773e-02
-0.000000000000000000e+00,0.000000000000000000e+00,1.000000000000000000e+00,1.027027509414431661e+00
0.000000000000000000e+00,0.000000000000000000e+00,0.000000000000000000e+00,1.000000000000000000e+00
8.625018536473203490e-01,5.060539027168314830e-01,0.000000000000000000e+00,-1.184530570044401709e-01
-5.060539027168314830e-01,8.625018536473203490e-01,-0.000000000000000000e+00,9.155313525728815682e-02
-0.000000000000000000e+00,0.000000000000000000e+00,1.000000000000000000e+00,1.027042152225198013e+00
0.000000000000000000e+00,0.000000000000000000e+00,0.000000000000000000e+00,1.000000000000000000e+00
8.638281535115921450e-01,5.037865829900129988e-01,0.000000000000000000e+00,-1.179999372236105459e-01
-5.037865829900129988e-01,8.638281535115921450e-01,-0.000000000000000000e+00,9.095560726375762073e-02
-0.000000000000000000e+00,0.000000000000000000e+00,1.000000000000000000e+00,1.027056795035964365e+00
0.000000000000000000e+00,0.000000000000000000e+00,0.000000000000000000e+00,1.000000000000000000e+00
8.651484931256684385e-01,5.015157872314541798e-01,0.000000000000000000e+00,-1.175452494513221785e-01
-5.015157872314541798e-01,8.651484931256684385e-01,-0.000000000000000000e+00,9.035927156252623882e-02
-0.000000000000000000e+00,0.000000000000000000e+00,1.000000000000000000e+00,1.027071437846730717e+00
0.000000000000000000e+00,0.000000000000000000e+00,0.000000000000000000e+00,1.000000000000000000e+00
8.664628633794566603e-01,4.992415311092146535e-01,0.000000000000000000e+00,-1.170889968248342849e-01
-4.992415311092146535e-01,8.664628633794566603e-01,-0.000000000000000000e+00,8.976413226819704438e-02
-0.000000000000000000e+00,0.000000000000000000e+00,1.000000000000000000e+00,1.027086080657496847e+00
0.000000000000000000e+00,0.000000000000000000e+00,0.000000000000000000e+00,1.000000000000000000e+00
8.677712552040518501e-01,4.969638303152296710e-01,0.000000000000000000e+00,-1.166311824922033058e-01
-4.969638303152296710e-01,8.677712552040518501e-01,-0.000000000000000000e+00,8.917019348711821558e-02
-0.000000000000000000e+00,0.000000000000000000e+00,1.000000000000000000e+00,1.027100723468263199e+00
0.000000000000000000e+00,0.000000000000000000e+00,0.000000000000000000e+00,1.000000000000000000e+00
8.690736595717988289e-01,4.946827005652018050e-01,0.000000000000000000e+00,-1.161718096122612287e-01
-4.946827005652018050e-01,8.690736595717988289e-01,-0.000000000000000000e+00,8.857745931735450107e-02
-0.000000000000000000e+00,0.000000000000000000e+00,1.000000000000000000e+00,1.027115366279029551e+00
0.000000000000000000e+00,0.000000000000000000e+00,0.000000000000000000e+00,1.000000000000000000e+00
8.703700674963547046e-01,4.923981575984936465e-01,0.000000000000000000e+00,-1.157108813545936754e-01
-4.923981575984936465e-01,8.703700674963547046e-01,-0.000000000000000000e+00,8.798593384865913136e-02
-0.000000000000000000e+00,0.000000000000000000e+00,1.000000000000000000e+00,1.027130009089795903e+00
0.000000000000000000e+00,0.000000000000000000e+00,0.000000000000000000e+00,1.000000000000000000e+00
8.716604700327512667e-01,4.901102171780172267e-01,0.000000000000000000e+00,-1.152484008995181414e-01
-4.901102171780172267e-01,8.716604700327512667e-01,-0.000000000000000000e+00,8.739562116244542489e-02
-0.000000000000000000e+00,0.000000000000000000e+00,1.000000000000000000e+00,1.027144651900562256e+00
0.000000000000000000e+00,0.000000000000000000e+00,0.000000000000000000e+00,1.000000000000000000e+00
8.729448582774557153e-01,4.878188950901274357e-01,0.000000000000000000e+00,-1.147843714380618885e-01
-4.878188950901274357e-01,8.729448582774557153e-01,-0.000000000000000000e+00,8.680652533175886587e-02
-0.000000000000000000e+00,0.000000000000000000e+00,1.000000000000000000e+00,1.027159294711328608e+00
0.000000000000000000e+00,0.000000000000000000e+00,0.000000000000000000e+00,1.000000000000000000e+00
8.742232233684334997e-01,4.855242071445109997e-01,0.000000000000000000e+00,-1.143187961719400320e-01
-4.855242071445109997e-01,8.742232233684334997e-01,-0.000000000000000000e+00,8.621865042124876588e-02
-0.000000000000000000e+00,0.000000000000000000e+00,1.000000000000000000e+00,1.027173937522094960e+00
0.000000000000000000e+00,0.000000000000000000e+00,0.000000000000000000e+00,1.000000000000000000e+00
8.754955564852081595e-01,4.832261691740791232e-01,0.000000000000000000e+00,-1.138516783135334748e-01
-4.832261691740791232e-01,8.754955564852081595e-01,-0.000000000000000000e+00,8.563200048714035562e-02
-0.000000000000000000e+00,0.000000000000000000e+00,1.000000000000000000e+00,1.027188580332861312e+00
0.000000000000000000e+00,0.000000000000000000e+00,0.000000000000000000e+00,1.000000000000000000e+00
8.767618488489227202e-01,4.809247970348573542e-01,0.000000000000000000e+00,-1.133830210858667448e-01
-4.809247970348573542e-01,8.767618488489227202e-01,-0.000000000000000000e+00,8.504657957720675177e-02
-0.000000000000000000e+00,0.000000000000000000e+00,1.000000000000000000e+00,1.027203223143627664e+00
0.000000000000000000e+00,0.000000000000000000e+00,0.000000000000000000e+00,1.000000000000000000e+00
8.780220917224004218e-01,4.786201066058765052e-01,0.000000000000000000e+00,-1.129128277225857069e-01
-4.786201066058765052e-01,8.780220917224004218e-01,-0.000000000000000000e+00,8.446239173074109041e-02
-0.000000000000000000e+00,0.000000000000000000e+00,1.000000000000000000e+00,1.027217865954394238e+00
0.000000000000000000e+00,0.000000000000000000e+00,0.000000000000000000e+00,1.000000000000000000e+00
8.792762764102050044e-01,4.763121137890624635e-01,0.000000000000000000e+00,-1.124411014679352477e-01
-4.763121137890624635e-01,8.792762764102050044e-01,-0.000000000000000000e+00,8.387944097852850778e-02
-0.000000000000000000e+00,0.000000000000000000e+00,1.000000000000000000e+00,1.027232508765160368e+00
0.000000000000000000e+00,0.000000000000000000e+00,0.000000000000000000e+00,1.000000000000000000e+00
8.805243942586999939e-01,4.740008345091277220e-01,0.000000000000000000e+00,-1.119678455767370295e-01
-4.740008345091277220e-01,8.805243942586999939e-01,-0.000000000000000000e+00,8.329773134281852343e-02
-0.000000000000000000e+00,0.000000000000000000e+00,1.000000000000000000e+00,1.027247151575926720e+00
0.000000000000000000e+00,0.000000000000000000e+00,0.000000000000000000e+00,1.000000000000000000e+00
8.817664366561094313e-01,4.716862847134601355e-01,0.000000000000000000e+00,-1.114930633143666749e-01
-4.716862847134601355e-01,8.817664366561094313e-01,-0.000000000000000000e+00,8.271726683729710428e-02
-0.000000000000000000e+00,0.000000000000000000e+00,1.000000000000000000e+00,1.027261794386693294e+00
0.000000000000000000e+00,0.000000000000000000e+00,0.000000000000000000e+00,1.000000000000000000e+00
8.830023950325767146e-01,4.693684803720137855e-01,0.000000000000000000e+00,-1.110167579567317153e-01
-4.693684803720137855e-01,8.830023950325767146e-01,-0.000000000000000000e+00,8.213805146705911719e-02
-0.000000000000000000e+00,0.000000000000000000e+00,1.000000000000000000e+00,1.027276437197459424e+00
0.000000000000000000e+00,0.000000000000000000e+00,0.000000000000000000e+00,1.000000000000000000e+00
8.842322608602237732e-01,4.670474374771980686e-01,0.000000000000000000e+00,-1.105389327902485813e-01
-4.670474374771980686e-01,8.842322608602237732e-01,-0.000000000000000000e+00,8.156008922858057342e-02
-0.000000000000000000e+00,0.000000000000000000e+00,1.000000000000000000e+00,1.027291080008225777e+00
0.000000000000000000e+00,0.000000000000000000e+00,0.000000000000000000e+00,1.000000000000000000e+00
8.854560256532099105e-01,4.647231720437686175e-01,0.000000000000000000e+00,-1.100595911118202319e-01
-4.647231720437686175e-01,8.854560256532099105e-01,-0.000000000000000000e+00,8.098338410969119217e-02
-0.000000000000000000e+00,0.000000000000000000e+00,1.000000000000000000e+00,1.027305722818992129e+00
0.000000000000000000e+00,0.000000000000000000e+00,0.000000000000000000e+00,1.000000000000000000e+00
8.866736809677905340e-01,4.623957001087151131e-01,0.000000000000000000e+00,-1.095787362288132005e-01
-4.623957001087151131e-01,8.866736809677905340e-01,-0.000000000000000000e+00,8.040794008954672834e-02
-0.000000000000000000e+00,0.000000000000000000e+00,1.000000000000000000e+00,1.027320365629758481e+00
0.000000000000000000e+00,0.000000000000000000e+00,0.000000000000000000e+00,1.000000000000000000e+00
8.878852184023752203e-01,4.600650377311522043e-01,0.000000000000000000e+00,-1.090963714590348355e-01
-4.600650377311522043e-01,8.878852184023752203e-01,-0.000000000000000000e+00,7.983376113860166101e-02
-0.000000000000000000e+00,0.000000000000000000e+00,1.000000000000000000e+00,1.027335008440525055e+00
0.000000000000000000e+00,0.000000000000000000e+00,0.000000000000000000e+00,1.000000000000000000e+00
8.890906295975857798e-01,4.577312009922073210e-01,0.000000000000000000e+00,-1.086125001307104571e-01
-4.577312009922073210e-01,8.890906295975857798e-01,-0.000000000000000000e+00,7.926085121858167382e-02
-0.000000000000000000e+00,0.000000000000000000e+00,1.000000000000000000e+00,1.027349651251291185e+00
0.000000000000000000e+00,0.000000000000000000e+00,0.000000000000000000e+00,1.000000000000000000e+00
8.902899062363139882e-01,4.553942059949108168e-01,0.000000000000000000e+00,-1.081271255824603206e-01
-4.553942059949108168e-01,8.902899062363139882e-01,-0.000000000000000000e+00,7.868921428245639893e-02
-0.000000000000000000e+00,0.000000000000000000e+00,1.000000000000000000e+00,1.027364294062057537e+00
0.000000000000000000e+00,0.000000000000000000e+00,0.000000000000000000e+00,1.000000000000000000e+00
8.914830400437786517e-01,4.530540688640843361e-01,0.000000000000000000e+00,-1.076402511632765790e-01
-4.530540688640843361e-01,8.914830400437786517e-01,-0.000000000000000000e+00,7.811885427441214724e-02
-0.000000000000000000e+00,0.000000000000000000e+00,1.000000000000000000e+00,1.027378936872823889e+00
0.000000000000000000e+00,0.000000000000000000e+00,0.000000000000000000e+00,1.000000000000000000e+00
8.926700227875832283e-01,4.507108057462297368e-01,0.000000000000000000e+00,-1.071518802325003017e-01
-4.507108057462297368e-01,8.926700227875832283e-01,-0.000000000000000000e+00,7.754977512982465238e-02
-0.000000000000000000e+00,0.000000000000000000e+00,1.000000000000000000e+00,1.027393579683590463e+00
0.000000000000000000e+00,0.000000000000000000e+00,0.000000000000000000e+00,1.000000000000000000e+00
8.938508462777721153e-01,4.483644328094174014e-01,0.000000000000000000e+00,-1.066620161597981176e-01
-4.483644328094174014e-01,8.938508462777721153e-01,-0.000000000000000000e+00,7.698198077523191185e-02
-0.000000000000000000e+00,0.000000000000000000e+00,1.000000000000000000e+00,1.027408222494356371e+00
0.000000000000000000e+00,0.000000000000000000e+00,0.000000000000000000e+00,1.000000000000000000e+00
8.950255023668877152e-01,4.460149662431748263e-01,0.000000000000000000e+00,-1.061706623251391923e-01
-4.460149662431748263e-01,8.950255023668877152e-01,-0.000000000000000000e+00,7.641547512830716704e-02
-0.000000000000000000e+00,0.000000000000000000e+00,1.000000000000000000e+00,1.027422865305122945e+00
0.000000000000000000e+00,0.000000000000000000e+00,0.000000000000000000e+00,1.000000000000000000e+00
8.961939829500258359e-01,4.436624222583750998e-01,0.000000000000000000e+00,-1.056778221187715389e-01
-4.436624222583750998e-01,8.961939829500258359e-01,-0.000000000000000000e+00,7.585026209783170270e-02
-0.000000000000000000e+00,0.000000000000000000e+00,1.000000000000000000e+00,1.027437508115889297e+00
0.000000000000000000e+00,0.000000000000000000e+00,0.000000000000000000e+00,1.000000000000000000e+00
8.973562799648925337e-01,4.413068170871253248e-01,0.000000000000000000e+00,-1.051834989411990773e-01
-4.413068170871253248e-01,8.973562799648925337e-01,-0.000000000000000000e+00,7.528634558366817386e-02
-0.000000000000000000e+00,0.000000000000000000e+00,1.000000000000000000e+00,1.027452150926655650e+00
0.000000000000000000e+00,0.000000000000000000e+00,0.000000000000000000e+00,1.000000000000000000e+00
8.985123853918591807e-01,4.389481669826530985e-01,0.000000000000000000e+00,-1.046876962031577513e-01
-4.389481669826530985e-01,8.985123853918591807e-01,-0.000000000000000000e+00,7.472372947673334986e-02
-0.000000000000000000e+00,0.000000000000000000e+00,1.000000000000000000e+00,1.027466793737422002e+00
0.000000000000000000e+00,0.000000000000000000e+00,0.000000000000000000e+00,1.000000000000000000e+00
8.996622912540178651e-01,4.365864882191967111e-01,0.000000000000000000e+00,-1.041904173255923521e-01
-4.365864882191967111e-01,8.996622912540178651e-01,-0.000000000000000000e+00,7.416241765897158000e-02
-0.000000000000000000e+00,0.000000000000000000e+00,1.000000000000000000e+00,1.027481436548188354e+00
0.000000000000000000e+00,0.000000000000000000e+00,0.000000000000000000e+00,1.000000000000000000e+00
9.008059896172364578e-01,4.342217970918908487e-01,0.000000000000000000e+00,-1.036916657396326769e-01
-4.342217970918908487e-01,9.008059896172364578e-01,-0.000000000000000000e+00,7.360241400332778738e-02
-0.000000000000000000e+00,0.000000000000000000e+00,1.000000000000000000e+00,1.027496079358954484e+00
0.000000000000000000e+00,0.000000000000000000e+00,0.000000000000000000e+00,1.000000000000000000e+00
9.019434725902135686e-01,4.318541099166554598e-01,0.000000000000000000e+00,-1.031914448865699774e-01
-4.318541099166554598e-01,9.019434725902135686e-01,-0.000000000000000000e+00,7.304372237372082355e-02
-0.000000000000000000e+00,0.000000000000000000e+00,1.000000000000000000e+00,1.027510722169721280e+00
0.000000000000000000e+00,0.000000000000000000e+00,0.000000000000000000e+00,1.000000000000000000e+00
9.030747323245326141e-01,4.294834430300820127e-01,0.000000000000000000e+00,-1.026897582178329937e-01
-4.294834430300820127e-01,9.030747323245326141e-01,-0.000000000000000000e+00,7.248634662501676762e-02
-0.000000000000000000e+00,0.000000000000000000e+00,1.000000000000000000e+00,1.027525364980487188e+00
0.000000000000000000e+00,0.000000000000000000e+00,0.000000000000000000e+00,1.000000000000000000e+00
9.041997610147165521e-01,4.271098127893218632e-01,0.000000000000000000e+00,-1.021866091949646810e-01
-4.271098127893218632e-01,9.041997610147165521e-01,-0.000000000000000000e+00,7.193029060300253075e-02
-0.000000000000000000e+00,0.000000000000000000e+00,1.000000000000000000e+00,1.027540007791253984e+00
0.000000000000000000e+00,0.000000000000000000e+00,0.000000000000000000e+00,1.000000000000000000e+00
9.053185508982808383e-01,4.247332355719729002e-01,0.000000000000000000e+00,-1.016820012895975345e-01
-4.247332355719729002e-01,9.053185508982808383e-01,-0.000000000000000000e+00,7.137555814435894708e-02
-0.000000000000000000e+00,0.000000000000000000e+00,1.000000000000000000e+00,1.027554650602019670e+00
0.000000000000000000e+00,0.000000000000000000e+00,0.000000000000000000e+00,1.000000000000000000e+00
9.064310942557877171e-01,4.223537277759665254e-01,0.000000000000000000e+00,-1.011759379834303862e-01
-4.223537277759665254e-01,9.064310942557877171e-01,-0.000000000000000000e+00,7.082215307663472514e-02
-0.000000000000000000e+00,0.000000000000000000e+00,1.000000000000000000e+00,1.027569293412786244e+00
0.000000000000000000e+00,0.000000000000000000e+00,0.000000000000000000e+00,1.000000000000000000e+00
9.075373834108995119e-01,4.199713058194546877e-01,0.000000000000000000e+00,-1.006684227682038552e-01
-4.199713058194546877e-01,9.075373834108995119e-01,-0.000000000000000000e+00,7.027007921821962211e-02
-0.000000000000000000e+00,0.000000000000000000e+00,1.000000000000000000e+00,1.027583936223552818e+00
0.000000000000000000e+00,0.000000000000000000e+00,0.000000000000000000e+00,1.000000000000000000e+00
9.086374107304311387e-01,4.175859861406963081e-01,0.000000000000000000e+00,-1.001594591456765881e-01
-4.175859861406963081e-01,9.086374107304311387e-01,-0.000000000000000000e+00,6.971934037831850617e-02
-0.000000000000000000e+00,0.000000000000000000e+00,1.000000000000000000e+00,1.027598579034319393e+00
0.000000000000000000e+00,0.000000000000000000e+00,0.000000000000000000e+00,1.000000000000000000e+00
9.097311686244029527e-01,4.151977851979442580e-01,0.000000000000000000e+00,-9.964905062760091858e-02
-4.151977851979442580e-01,9.097311686244029527e-01,-0.000000000000000000e+00,6.916994035692471121e-02
-0.000000000000000000e+00,0.000000000000000000e+00,1.000000000000000000e+00,1.027613221845085523e+00
0.000000000000000000e+00,0.000000000000000000e+00,0.000000000000000000e+00,1.000000000000000000e+00
9.108186495460931509e-01,4.128067194693312292e-01,0.000000000000000000e+00,-9.913720073569862179e-02
-4.128067194693312292e-01,9.108186495460931509e-01,-0.000000000000000000e+00,6.862188294479407147e-02
-0.000000000000000000e+00,0.000000000000000000e+00,1.000000000000000000e+00,1.027627864655851875e+00
0.000000000000000000e+00,0.000000000000000000e+00,0.000000000000000000e+00,1.000000000000000000e+00
9.118998459920900634e-01,4.104128054527568237e-01,0.000000000000000000e+00,-9.862391300163680929e-02
-4.104128054527568237e-01,9.118998459920900634e-01,-0.000000000000000000e+00,6.807517192341859535e-02
-0.000000000000000000e+00,0.000000000000000000e+00,1.000000000000000000e+00,1.027642507466618227e+00
0.000000000000000000e+00,0.000000000000000000e+00,0.000000000000000000e+00,1.000000000000000000e+00
9.129747505023434462e-01,4.080160596657730343e-01,0.000000000000000000e+00,-9.810919096700328190e-02
-4.080160596657730343e-01,9.129747505023434462e-01,-0.000000000000000000e+00,6.752981106500052788e-02
-0.000000000000000000e+00,0.000000000000000000e+00,1.000000000000000000e+00,1.027657150277384579e+00
0.000000000000000000e+00,0.000000000000000000e+00,0.000000000000000000e+00,1.000000000000000000e+00
9.140433556602164389e-01,4.056164986454705579e-01,0.000000000000000000e+00,-9.759303818328238234e-02
-4.056164986454705579e-01,9.140433556602164389e-01,-0.000000000000000000e+00,6.698580413242626042e-02
-0.000000000000000000e+00,0.000000000000000000e+00,1.000000000000000000e+00,1.027671793088150931e+00
0.000000000000000000e+00,0.000000000000000000e+00,0.000000000000000000e+00,1.000000000000000000e+00
9.151056540925364136e-01,4.032141389483647753e-01,0.000000000000000000e+00,-9.707545821183026502e-02
-4.032141389483647753e-01,9.151056540925364136e-01,-0.000000000000000000e+00,6.644315487924019881e-02
-0.000000000000000000e+00,0.000000000000000000e+00,1.000000000000000000e+00,1.027686435898917061e+00
0.000000000000000000e+00,0.000000000000000000e+00,0.000000000000000000e+00,1.000000000000000000e+00
9.161616384696458226e-01,4.008089971502811211e-01,0.000000000000000000e+00,-9.655645462385044342e-02
-4.008089971502811211e-01,9.161616384696458226e-01,-0.000000000000000000e+00,6.590186704961922826e-02
-0.000000000000000000e+00,0.000000000000000000e+00,1.000000000000000000e+00,1.027701078709683191e+00
0.000000000000000000e+00,0.000000000000000000e+00,0.000000000000000000e+00,1.000000000000000000e+00
9.172113015054530472e-01,3.984010898462413963e-01,0.000000000000000000e+00,-9.603603100036912921e-02
-3.984010898462413963e-01,9.172113015054530472e-01,-0.000000000000000000e+00,6.536194437834651205e-02
-0.000000000000000000e+00,0.000000000000000000e+00,1.000000000000000000e+00,1.027715721520449987e+00
0.000000000000000000e+00,0.000000000000000000e+00,0.000000000000000000e+00,1.000000000000000000e+00
9.182546359574825789e-01,3.959904336503486943e-01,0.000000000000000000e+00,-9.551419093221043266e-02
-3.959904336503486943e-01,9.182546359574825789e-01,-0.000000000000000000e+00,6.482339059078592869e-02
-0.000000000000000000e+00,0.000000000000000000e+00,1.000000000000000000e+00,1.027730364331216339e+00
0.000000000000000000e+00,0.000000000000000000e+00,0.000000000000000000e+00,1.000000000000000000e+00
9.192916346269247585e-01,3.935770451956727700e-01,0.000000000000000000e+00,-9.499093801997170183e-02
-3.935770451956727700e-01,9.192916346269247585e-01,-0.000000000000000000e+00,6.428620940285635632e-02
-0.000000000000000000e+00,0.000000000000000000e+00,1.000000000000000000e+00,1.027745007141982470e+00
0.000000000000000000e+00,0.000000000000000000e+00,0.000000000000000000e+00,1.000000000000000000e+00
9.203222903586858461e-01,3.911609411341357978e-01,0.000000000000000000e+00,-9.446627587399866743e-02
-3.911609411341357978e-01,9.203222903586858461e-01,-0.000000000000000000e+00,6.375040452100598498e-02
-0.000000000000000000e+00,0.000000000000000000e+00,1.000000000000000000e+00,1.027759649952749044e+00
0.000000000000000000e+00,0.000000000000000000e+00,0.000000000000000000e+00,1.000000000000000000e+00
9.213465960414368716e-01,3.887421381363967976e-01,0.000000000000000000e+00,-9.394020811436051832e-02
-3.887421381363967976e-01,9.213465960414368716e-01,-0.000000000000000000e+00,6.321597964218667043e-02
-0.000000000000000000e+00,0.000000000000000000e+00,1.000000000000000000e+00,1.027774292763515174e+00
0.000000000000000000e+00,0.000000000000000000e+00,0.000000000000000000e+00,1.000000000000000000e+00
9.223645446076632615e-01,3.863206528917370042e-01,0.000000000000000000e+00,-9.341273837082485210e-02
-3.863206528917370042e-01,9.223645446076632615e-01,-0.000000000000000000e+00,6.268293845382864882e-02
-0.000000000000000000e+00,0.000000000000000000e+00,1.000000000000000000e+00,1.027788935574281304e+00
0.000000000000000000e+00,0.000000000000000000e+00,0.000000000000000000e+00,1.000000000000000000e+00
9.233761290337133554e-01,3.838965021079446815e-01,0.000000000000000000e+00,-9.288387028283272284e-02
-3.838965021079446815e-01,9.233761290337133554e-01,-0.000000000000000000e+00,6.215128463381482810e-02
-0.000000000000000000e+00,0.000000000000000000e+00,1.000000000000000000e+00,1.027803578385047878e+00
0.000000000000000000e+00,0.000000000000000000e+00,0.000000000000000000e+00,1.000000000000000000e+00
9.243813423398465901e-01,3.814697025111998263e-01,0.000000000000000000e+00,-9.235360749947349457e-02
-3.814697025111998263e-01,9.243813423398465901e-01,-0.000000000000000000e+00,6.162102185045561370e-02
-0.000000000000000000e+00,0.000000000000000000e+00,1.000000000000000000e+00,1.027818221195814230e+00
0.000000000000000000e+00,0.000000000000000000e+00,0.000000000000000000e+00,1.000000000000000000e+00
9.253801775902821269e-01,3.790402708459589820e-01,0.000000000000000000e+00,-9.182195367945969466e-02
-3.790402708459589820e-01,9.253801775902821269e-01,-0.000000000000000000e+00,6.109215376246350526e-02
-0.000000000000000000e+00,0.000000000000000000e+00,1.000000000000000000e+00,1.027832864006580804e+00
0.000000000000000000e+00,0.000000000000000000e+00,0.000000000000000000e+00,1.000000000000000000e+00
9.263726278932464808e-01,3.766082238748389432e-01,0.000000000000000000e+00,-9.128891249110165917e-02
-3.766082238748389432e-01,9.263726278932464808e-01,-0.000000000000000000e+00,6.056468401892784598e-02
-0.000000000000000000e+00,0.000000000000000000e+00,1.000000000000000000e+00,1.027847506817347156e+00
0.000000000000000000e+00,0.000000000000000000e+00,0.000000000000000000e+00,1.000000000000000000e+00
9.273586864010208153e-01,3.741735783785022362e-01,0.000000000000000000e+00,-9.075448761228240013e-02
-3.741735783785022362e-01,9.273586864010208153e-01,-0.000000000000000000e+00,6.003861625928968992e-02
-0.000000000000000000e+00,0.000000000000000000e+00,1.000000000000000000e+00,1.027862149628113286e+00
0.000000000000000000e+00,0.000000000000000000e+00,0.000000000000000000e+00,1.000000000000000000e+00
9.283383463099890154e-01,3.717363511555399347e-01,0.000000000000000000e+00,-9.021868273043201492e-02
-3.717363511555399347e-01,9.283383463099890154e-01,-0.000000000000000000e+00,5.951395411331668328e-02
-0.000000000000000000e+00,0.000000000000000000e+00,1.000000000000000000e+00,1.027876792438879638e+00
0.000000000000000000e+00,0.000000000000000000e+00,0.000000000000000000e+00,1.000000000000000000e+00
9.293116008606836509e-01,3.692965590223573069e-01,0.000000000000000000e+00,-8.968150154250240091e-02
-3.692965590223573069e-01,9.293116008606836509e-01,-0.000000000000000000e+00,5.899070120107795245e-02
-0.000000000000000000e+00,0.000000000000000000e+00,1.000000000000000000e+00,1.027891435249646213e+00
0.000000000000000000e+00,0.000000000000000000e+00,0.000000000000000000e+00,1.000000000000000000e+00
9.302784433378331608e-01,3.668542188130565207e-01,0.000000000000000000e+00,-8.914294775494184531e-02
-3.668542188130565207e-01,9.302784433378331608e-01,-0.000000000000000000e+00,5.846886113291922815e-02
-0.000000000000000000e+00,0.000000000000000000e+00,1.000000000000000000e+00,1.027906078060412565e+00
0.000000000000000000e+00,0.000000000000000000e+00,0.000000000000000000e+00,1.000000000000000000e+00
9.312388670704080385e-01,3.644093473793213467e-01,0.000000000000000000e+00,-8.860302508366912910e-02
-3.644093473793213467e-01,9.312388670704080385e-01,-0.000000000000000000e+00,5.794843750943788618e-02
-0.000000000000000000e+00,0.000000000000000000e+00,1.000000000000000000e+00,1.027920720871178695e+00
0.000000000000000000e+00,0.000000000000000000e+00,0.000000000000000000e+00,1.000000000000000000e+00
9.321928654316670171e-01,3.619619615903001408e-01,0.000000000000000000e+00,-8.806173725404814467e-02
-3.619619615903001408e-01,9.321928654316670171e-01,-0.000000000000000000e+00,5.742943392145807846e-02
-0.000000000000000000e+00,0.000000000000000000e+00,1.000000000000000000e+00,1.027935363681945047e+00
0.000000000000000000e+00,0.000000000000000000e+00,0.000000000000000000e+00,1.000000000000000000e+00
9.331404318392025887e-01,3.595120783324901037e-01,0.000000000000000000e+00,-8.751908800086213858e-02
-3.595120783324901037e-01,9.331404318392025887e-01,-0.000000000000000000e+00,5.691185395000596114e-02
-0.000000000000000000e+00,0.000000000000000000e+00,1.000000000000000000e+00,1.027950006492711399e+00
0.000000000000000000e+00,0.000000000000000000e+00,0.000000000000000000e+00,1.000000000000000000e+00
9.340815597549865235e-01,3.570597145096204295e-01,0.000000000000000000e+00,-8.697508106828780172e-02
-3.570597145096204295e-01,9.340815597549865235e-01,-0.000000000000000000e+00,5.639570116628508933e-02
-0.000000000000000000e+00,0.000000000000000000e+00,1.000000000000000000e+00,1.027964649303477973e+00
0.000000000000000000e+00,0.000000000000000000e+00,0.000000000000000000e+00,1.000000000000000000e+00
9.350162426854148334e-01,3.546048870425356214e-01,0.000000000000000000e+00,-8.642972020986976200e-02
-3.546048870425356214e-01,9.350162426854148334e-01,-0.000000000000000000e+00,5.588097913165156194e-02
-0.000000000000000000e+00,0.000000000000000000e+00,1.000000000000000000e+00,1.027979292114244103e+00
0.000000000000000000e+00,0.000000000000000000e+00,0.000000000000000000e+00,1.000000000000000000e+00
9.359444741813528479e-01,3.521476128690791962e-01,0.000000000000000000e+00,-8.588300918849428589e-02
-3.521476128690791962e-01,9.359444741813528479e-01,-0.000000000000000000e+00,5.536769139758973557e-02
-0.000000000000000000e+00,0.000000000000000000e+00,1.000000000000000000e+00,1.027993934925010233e+00
0.000000000000000000e+00,0.000000000000000000e+00,0.000000000000000000e+00,1.000000000000000000e+00
9.368662478381797332e-01,3.496879089439760557e-01,0.000000000000000000e+00,-8.533495177636364615e-02
-3.496879089439760557e-01,9.368662478381797332e-01,-0.000000000000000000e+00,5.485584150568746653e-02
-0.000000000000000000e+00,0.000000000000000000e+00,1.000000000000000000e+00,1.028008577735777029e+00
0.000000000000000000e+00,0.000000000000000000e+00,0.000000000000000000e+00,1.000000000000000000e+00
9.377815572958321244e-01,3.472257922387160800e-01,0.000000000000000000e+00,-8.478555175496983731e-02
-3.472257922387160800e-01,9.377815572958321244e-01,-0.000000000000000000e+00,5.434543298761175534e-02
-0.000000000000000000e+00,0.000000000000000000e+00,1.000000000000000000e+00,1.028023220546542937e+00
0.000000000000000000e+00,0.000000000000000000e+00,0.000000000000000000e+00,1.000000000000000000e+00
9.386903962388485345e-01,3.447612797414371100e-01,0.000000000000000000e+00,-8.423481291506867974e-02
-3.447612797414371100e-01,9.386903962388485345e-01,-0.000000000000000000e+00,5.383646936508450220e-02
-0.000000000000000000e+00,0.000000000000000000e+00,1.000000000000000000e+00,1.028037863357309512e+00
0.000000000000000000e+00,0.000000000000000000e+00,0.000000000000000000e+00,1.000000000000000000e+00
9.395927583964132079e-01,3.422943884568071526e-01,0.000000000000000000e+00,-8.368273905665365997e-02
-3.422943884568071526e-01,9.395927583964132079e-01,-0.000000000000000000e+00,5.332895414985798499e-02
-0.000000000000000000e+00,0.000000000000000000e+00,1.000000000000000000e+00,1.028052506168075864e+00
0.000000000000000000e+00,0.000000000000000000e+00,0.000000000000000000e+00,1.000000000000000000e+00
9.404886375423981981e-01,3.398251354059076412e-01,0.000000000000000000e+00,-8.312933398892942416e-02
-3.398251354059076412e-01,9.404886375423981981e-01,-0.000000000000000000e+00,5.282289084369082288e-02
-0.000000000000000000e+00,0.000000000000000000e+00,1.000000000000000000e+00,1.028067148978842438e+00
0.000000000000000000e+00,0.000000000000000000e+00,0.000000000000000000e+00,1.000000000000000000e+00
9.413780274954079985e-01,3.373535376261154739e-01,0.000000000000000000e+00,-8.257460153028585437e-02
-3.373535376261154739e-01,9.413780274954079985e-01,-0.000000000000000000e+00,5.231828293832369720e-02
-0.000000000000000000e+00,0.000000000000000000e+00,1.000000000000000000e+00,1.028081791789608790e+00
0.000000000000000000e+00,0.000000000000000000e+00,0.000000000000000000e+00,1.000000000000000000e+00
9.422609221188205098e-01,3.348796121709861628e-01,0.000000000000000000e+00,-8.201854550827158974e-02
-3.348796121709861628e-01,9.422609221188205098e-01,-0.000000000000000000e+00,5.181513391545534281e-02
-0.000000000000000000e+00,0.000000000000000000e+00,1.000000000000000000e+00,1.028096434600374698e+00
0.000000000000000000e+00,0.000000000000000000e+00,0.000000000000000000e+00,1.000000000000000000e+00
9.431373153208306714e-01,3.324033761101353734e-01,0.000000000000000000e+00,-8.146116975956754769e-02
-3.324033761101353734e-01,9.431373153208306714e-01,-0.000000000000000000e+00,5.131344724671840773e-02
-0.000000000000000000e+00,0.000000000000000000e+00,1.000000000000000000e+00,1.028111077411141272e+00
0.000000000000000000e+00,0.000000000000000000e+00,0.000000000000000000e+00,1.000000000000000000e+00
9.440072010544917624e-01,3.299248465291214072e-01,0.000000000000000000e+00,-8.090247812996056997e-02
-3.299248465291214072e-01,9.440072010544917624e-01,-0.000000000000000000e+00,5.081322639365566662e-02
-0.000000000000000000e+00,0.000000000000000000e+00,1.000000000000000000e+00,1.028125720221907402e+00
0.000000000000000000e+00,0.000000000000000000e+00,0.000000000000000000e+00,1.000000000000000000e+00
9.448705733177574784e-01,3.274440405293281842e-01,0.000000000000000000e+00,-8.034247447431674960e-02
-3.274440405293281842e-01,9.448705733177574784e-01,-0.000000000000000000e+00,5.031447480769601910e-02
-0.000000000000000000e+00,0.000000000000000000e+00,1.000000000000000000e+00,1.028140363032673754e+00
0.000000000000000000e+00,0.000000000000000000e+00,0.000000000000000000e+00,1.000000000000000000e+00
9.457274261535232318e-01,3.249609752278452834e-01,0.000000000000000000e+00,-7.978116265655499362e-02
-3.249609752278452834e-01,9.457274261535232318e-01,-0.000000000000000000e+00,4.981719593013060610e-02
-0.000000000000000000e+00,0.000000000000000000e+00,1.000000000000000000e+00,1.028155005843440328e+00
0.000000000000000000e+00,0.000000000000000000e+00,0.000000000000000000e+00,1.000000000000000000e+00
9.465777536496671196e-01,3.224756677573520913e-01,0.000000000000000000e+00,-7.921854654962018349e-02
-3.224756677573520913e-01,9.465777536496671196e-01,-0.000000000000000000e+00,4.932139319208932171e-02
-0.000000000000000000e+00,0.000000000000000000e+00,1.000000000000000000e+00,1.028169648654206680e+00
0.000000000000000000e+00,0.000000000000000000e+00,0.000000000000000000e+00,1.000000000000000000e+00
9.474215499390910011e-01,3.199881352659979528e-01,0.000000000000000000e+00,-7.865463003545665466e-02
-3.199881352659979528e-01,9.474215499390910011e-01,-0.000000000000000000e+00,4.882707001451681156e-02
-0.000000000000000000e+00,0.000000000000000000e+00,1.000000000000000000e+00,1.028184291464972810e+00
0.000000000000000000e+00,0.000000000000000000e+00,0.000000000000000000e+00,1.000000000000000000e+00
9.482588091997605773e-01,3.174983949172847653e-01,0.000000000000000000e+00,-7.808941700498120420e-02
-3.174983949172847653e-01,9.482588091997605773e-01,-0.000000000000000000e+00,4.833422980814917891e-02
-0.000000000000000000e+00,0.000000000000000000e+00,1.000000000000000000e+00,1.028198934275739385e+00
0.000000000000000000e+00,0.000000000000000000e+00,0.000000000000000000e+00,1.000000000000000000e+00
9.490895256547461356e-01,3.150064638899477965e-01,0.000000000000000000e+00,-7.752291135805643163e-02
-3.150064638899477965e-01,9.490895256547461356e-01,-0.000000000000000000e+00,4.784287597349021204e-02
-0.000000000000000000e+00,0.000000000000000000e+00,1.000000000000000000e+00,1.028213577086505737e+00
0.000000000000000000e+00,0.000000000000000000e+00,0.000000000000000000e+00,1.000000000000000000e+00
9.499136935722618524e-01,3.125123593778382780e-01,0.000000000000000000e+00,-7.695511700346373274e-02
-3.125123593778382780e-01,9.499136935722618524e-01,-0.000000000000000000e+00,4.735301190078808342e-02
-0.000000000000000000e+00,0.000000000000000000e+00,1.000000000000000000e+00,1.028228219897272089e+00
0.000000000000000000e+00,0.000000000000000000e+00,0.000000000000000000e+00,1.000000000000000000e+00
9.507313072657055386e-01,3.100160985898032795e-01,0.000000000000000000e+00,-7.638603785887621012e-02
-3.100160985898032795e-01,9.507313072657055386e-01,-0.000000000000000000e+00,4.686464097001179219e-02
-0.000000000000000000e+00,0.000000000000000000e+00,1.000000000000000000e+00,1.028242862708038441e+00
0.000000000000000000e+00,0.000000000000000000e+00,0.000000000000000000e+00,1.000000000000000000e+00
9.515423610936981635e-01,3.075176987495681358e-01,0.000000000000000000e+00,-7.581567785083191680e-02
-3.075176987495681358e-01,9.515423610936981635e-01,-0.000000000000000000e+00,4.637776655082802291e-02
-0.000000000000000000e+00,0.000000000000000000e+00,1.000000000000000000e+00,1.028257505518804793e+00
0.000000000000000000e+00,0.000000000000000000e+00,0.000000000000000000e+00,1.000000000000000000e+00
9.523468494601221579e-01,3.050171770956175421e-01,0.000000000000000000e+00,-7.524404091470668354e-02
-3.050171770956175421e-01,9.523468494601221579e-01,-0.000000000000000000e+00,4.589239200257789336e-02
-0.000000000000000000e+00,0.000000000000000000e+00,1.000000000000000000e+00,1.028272148329570923e+00
0.000000000000000000e+00,0.000000000000000000e+00,0.000000000000000000e+00,1.000000000000000000e+00
9.531447668141608265e-01,3.025145508810758166e-01,0.000000000000000000e+00,-7.467113099468668247e-02
-3.025145508810758166e-01,9.531447668141608265e-01,-0.000000000000000000e+00,4.540852067425350802e-02
-0.000000000000000000e+00,0.000000000000000000e+00,1.000000000000000000e+00,1.028286791140337275e+00
0.000000000000000000e+00,0.000000000000000000e+00,0.000000000000000000e+00,1.000000000000000000e+00
9.539361076503357628e-01,3.000098373735883839e-01,0.000000000000000000e+00,-7.409695204374158739e-02
-3.000098373735883839e-01,9.539361076503357628e-01,-0.000000000000000000e+00,4.492615590447514295e-02
-0.000000000000000000e+00,0.000000000000000000e+00,1.000000000000000000e+00,1.028301433951103849e+00
0.000000000000000000e+00,0.000000000000000000e+00,0.000000000000000000e+00,1.000000000000000000e+00
9.547208665085455959e-01,2.975030538552030368e-01,0.000000000000000000e+00,-7.352150802359715132e-02
-2.975030538552030368e-01,9.547208665085455959e-01,-0.000000000000000000e+00,4.444530102146809769e-02
-0.000000000000000000e+00,0.000000000000000000e+00,1.000000000000000000e+00,1.028316076761869979e+00
0.000000000000000000e+00,0.000000000000000000e+00,0.000000000000000000e+00,1.000000000000000000e+00
9.554990379741032935e-01,2.949942176222496437e-01,0.000000000000000000e+00,-7.294480290470778394e-02
-2.949942176222496437e-01,9.554990379741032935e-01,-0.000000000000000000e+00,4.396595934303977604e-02
-0.000000000000000000e+00,0.000000000000000000e+00,1.000000000000000000e+00,1.028330719572636109e+00
0.000000000000000000e+00,0.000000000000000000e+00,0.000000000000000000e+00,1.000000000000000000e+00
9.562706166777734662e-01,2.924833459852217987e-01,0.000000000000000000e+00,-7.236684066622922629e-02
-2.924833459852217987e-01,9.562706166777734662e-01,-0.000000000000000000e+00,4.348813417655664204e-02
-0.000000000000000000e+00,0.000000000000000000e+00,1.000000000000000000e+00,1.028345362383402906e+00
0.000000000000000000e+00,0.000000000000000000e+00,0.000000000000000000e+00,1.000000000000000000e+00
9.570355972958094481e-01,2.899704562686570841e-01,0.000000000000000000e+00,-7.178762529599122533e-02
-2.899704562686570841e-01,9.570355972958094481e-01,-0.000000000000000000e+00,4.301182881892167548e-02
-0.000000000000000000e+00,0.000000000000000000e+00,1.000000000000000000e+00,1.028360005194169036e+00
0.000000000000000000e+00,0.000000000000000000e+00,0.000000000000000000e+00,1.000000000000000000e+00
9.577939745499906010e-01,2.874555658110172218e-01,0.000000000000000000e+00,-7.120716079046982006e-02
-2.874555658110172218e-01,9.577939745499906010e-01,-0.000000000000000000e+00,4.253704655655133476e-02
-0.000000000000000000e+00,0.000000000000000000e+00,1.000000000000000000e+00,1.028374648004935610e+00
0.000000000000000000e+00,0.000000000000000000e+00,0.000000000000000000e+00,1.000000000000000000e+00
9.585457432076576190e-01,2.849386919645685579e-01,0.000000000000000000e+00,-7.062545115475982183e-02
-2.849386919645685579e-01,9.585457432076576190e-01,-0.000000000000000000e+00,4.206379066535306799e-02
-0.000000000000000000e+00,0.000000000000000000e+00,1.000000000000000000e+00,1.028389290815701962e+00
0.000000000000000000e+00,0.000000000000000000e+00,0.000000000000000000e+00,1.000000000000000000e+00
9.592908980817497211e-01,2.824198520952626024e-01,0.000000000000000000e+00,-7.004250040254725307e-02
-2.824198520952626024e-01,9.592908980817497211e-01,-0.000000000000000000e+00,4.159206441070262272e-02
-0.000000000000000000e+00,0.000000000000000000e+00,1.000000000000000000e+00,1.028403933626467870e+00
0.000000000000000000e+00,0.000000000000000000e+00,0.000000000000000000e+00,1.000000000000000000e+00
9.600294340308397345e-01,2.798990635826164586e-01,0.000000000000000000e+00,-6.945831255608160559e-02
-2.798990635826164586e-01,9.600294340308397345e-01,-0.000000000000000000e+00,4.112187104742159871e-02
-0.000000000000000000e+00,0.000000000000000000e+00,1.000000000000000000e+00,1.028418576437234444e+00
0.000000000000000000e+00,0.000000000000000000e+00,0.000000000000000000e+00,1.000000000000000000e+00
9.607613459591698435e-01,2.773763438195915865e-01,0.000000000000000000e+00,-6.887289164614801562e-02
-2.773763438195915865e-01,9.607613459591698435e-01,-0.000000000000000000e+00,4.065321381975488951e-02
-0.000000000000000000e+00,0.000000000000000000e+00,1.000000000000000000e+00,1.028433219248000574e+00
0.000000000000000000e+00,0.000000000000000000e+00,0.000000000000000000e+00,1.000000000000000000e+00
9.614866288166868946e-01,2.748517102124755640e-01,0.000000000000000000e+00,-6.828624171203963311e-02
-2.748517102124755640e-01,9.614866288166868946e-01,-0.000000000000000000e+00,4.018609596134833234e-02
-0.000000000000000000e+00,0.000000000000000000e+00,1.000000000000000000e+00,1.028447862058767148e+00
0.000000000000000000e+00,0.000000000000000000e+00,0.000000000000000000e+00,1.000000000000000000e+00
9.622052775990767026e-01,2.723251801807605732e-01,0.000000000000000000e+00,-6.769836680152949149e-02
-2.723251801807605732e-01,9.622052775990767026e-01,-0.000000000000000000e+00,3.972052069522644113e-02
-0.000000000000000000e+00,0.000000000000000000e+00,1.000000000000000000e+00,1.028462504869533500e+00
0.000000000000000000e+00,0.000000000000000000e+00,0.000000000000000000e+00,1.000000000000000000e+00
9.629172873477993555e-01,2.697967711570242177e-01,0.000000000000000000e+00,-6.710927097084290471e-02
-2.697967711570242177e-01,9.629172873477993555e-01,-0.000000000000000000e+00,3.925649123377015354e-02
-0.000000000000000000e+00,0.000000000000000000e+00,1.000000000000000000e+00,1.028477147680300074e+00
0.000000000000000000e+00,0.000000000000000000e+00,0.000000000000000000e+00,1.000000000000000000e+00
9.636226531501226322e-01,2.672665005868083421e-01,0.000000000000000000e+00,-6.651895828462922600e-02
-2.672665005868083421e-01,9.636226531501226322e-01,-0.000000000000000000e+00,3.879401077869459868e-02
-0.000000000000000000e+00,0.000000000000000000e+00,1.000000000000000000e+00,1.028491790491066427e+00
0.000000000000000000e+00,0.000000000000000000e+00,0.000000000000000000e+00,1.000000000000000000e+00
9.643213701391566417e-01,2.647343859284995160e-01,0.000000000000000000e+00,-6.592743281593382854e-02
-2.647343859284995160e-01,9.643213701391566417e-01,-0.000000000000000000e+00,3.833308252102708702e-02
-0.000000000000000000e+00,0.000000000000000000e+00,1.000000000000000000e+00,1.028506433301832779e+00
0.000000000000000000e+00,0.000000000000000000e+00,0.000000000000000000e+00,1.000000000000000000e+00
9.650134334938867964e-01,2.622004446532076871e-01,0.000000000000000000e+00,-6.533469864617010014e-02
-2.622004446532076871e-01,9.650134334938867964e-01,-0.000000000000000000e+00,3.787370964108503768e-02
-0.000000000000000000e+00,0.000000000000000000e+00,1.000000000000000000e+00,1.028521076112599131e+00
0.000000000000000000e+00,0.000000000000000000e+00,0.000000000000000000e+00,1.000000000000000000e+00
9.656988384392073410e-01,2.596646942446466655e-01,0.000000000000000000e+00,-6.474075986509129910e-02
-2.596646942446466655e-01,9.656988384392073410e-01,-0.000000000000000000e+00,3.741589530845408629e-02
-0.000000000000000000e+00,0.000000000000000000e+00,1.000000000000000000e+00,1.028535718923365483e+00
0.000000000000000000e+00,0.000000000000000000e+00,0.000000000000000000e+00,1.000000000000000000e+00
9.663775802459543263e-01,2.571271521990123876e-01,0.000000000000000000e+00,-6.414562057076213242e-02
-2.571271521990123876e-01,9.663775802459543263e-01,-0.000000000000000000e+00,3.695964268196622049e-02
-0.000000000000000000e+00,0.000000000000000000e+00,1.000000000000000000e+00,1.028550361734131835e+00
0.000000000000000000e+00,0.000000000000000000e+00,0.000000000000000000e+00,1.000000000000000000e+00
9.670496542309383603e-01,2.545878360248631789e-01,0.000000000000000000e+00,-6.354928486953073663e-02
-2.545878360248631789e-01,9.670496542309383603e-01,-0.000000000000000000e+00,3.650495490967781836e-02
-0.000000000000000000e+00,0.000000000000000000e+00,1.000000000000000000e+00,1.028565004544898187e+00
0.000000000000000000e+00,0.000000000000000000e+00,0.000000000000000000e+00,1.000000000000000000e+00
9.677150557569763611e-01,2.520467632429984617e-01,0.000000000000000000e+00,-6.295175687600018666e-02
-2.520467632429984617e-01,9.677150557569763611e-01,-0.000000000000000000e+00,3.605183512884818642e-02
-0.000000000000000000e+00,0.000000000000000000e+00,1.000000000000000000e+00,1.028579647355664539e+00
0.000000000000000000e+00,0.000000000000000000e+00,0.000000000000000000e+00,1.000000000000000000e+00
9.683737802329243083e-01,2.495039513863376579e-01,0.000000000000000000e+00,-6.235304071300017126e-02
-2.495039513863376579e-01,9.683737802329243083e-01,-0.000000000000000000e+00,3.560028646591780616e-02
-0.000000000000000000e+00,0.000000000000000000e+00,1.000000000000000000e+00,1.028594290166430669e+00
0.000000000000000000e+00,0.000000000000000000e+00,0.000000000000000000e+00,1.000000000000000000e+00
9.690258231137084399e-01,2.469594179997996186e-01,0.000000000000000000e+00,-6.175314051155842560e-02
-2.469594179997996186e-01,9.690258231137084399e-01,-0.000000000000000000e+00,3.515031203648662922e-02
-0.000000000000000000e+00,0.000000000000000000e+00,1.000000000000000000e+00,1.028608932977197021e+00
0.000000000000000000e+00,0.000000000000000000e+00,0.000000000000000000e+00,1.000000000000000000e+00
9.696711799003566723e-01,2.444131806401816098e-01,0.000000000000000000e+00,-6.115206041087247607e-02
-2.444131806401816098e-01,9.696711799003566723e-01,-0.000000000000000000e+00,3.470191494529279580e-02
-0.000000000000000000e+00,0.000000000000000000e+00,1.000000000000000000e+00,1.028623575787963373e+00
0.000000000000000000e+00,0.000000000000000000e+00,0.000000000000000000e+00,1.000000000000000000e+00
9.703098461400297969e-01,2.418652568760376043e-01,0.000000000000000000e+00,-6.054980455828085084e-02
-2.418652568760376043e-01,9.703098461400297969e-01,-0.000000000000000000e+00,3.425509828619101305e-02
-0.000000000000000000e+00,0.000000000000000000e+00,1.000000000000000000e+00,1.028638218598729726e+00
0.000000000000000000e+00,0.000000000000000000e+00,0.000000000000000000e+00,1.000000000000000000e+00
9.709418174260520118e-01,2.393156642875577111e-01,0.000000000000000000e+00,-5.994637710923451934e-02
-2.393156642875577111e-01,9.709418174260520118e-01,-0.000000000000000000e+00,3.380986514213145389e-02
-0.000000000000000000e+00,0.000000000000000000e+00,1.000000000000000000e+00,1.028652861409496300e+00
0.000000000000000000e+00,0.000000000000000000e+00,0.000000000000000000e+00,1.000000000000000000e+00
9.715670893979415634e-01,2.367644204664466345e-01,0.000000000000000000e+00,-5.934178222726829710e-02
-2.367644204664466345e-01,9.715670893979415634e-01,-0.000000000000000000e+00,3.336621858513818401e-02
-0.000000000000000000e+00,0.000000000000000000e+00,1.000000000000000000e+00,1.028667504220262430e+00
0.000000000000000000e+00,0.000000000000000000e+00,0.000000000000000000e+00,1.000000000000000000e+00
9.721856577414403899e-01,2.342115430158023259e-01,0.000000000000000000e+00,-5.873602408397204239e-02
-2.342115430158023259e-01,9.721856577414403899e-01,-0.000000000000000000e+00,3.292416167628819945e-02
-0.000000000000000000e+00,0.000000000000000000e+00,1.000000000000000000e+00,1.028682147031028560e+00
0.000000000000000000e+00,0.000000000000000000e+00,0.000000000000000000e+00,1.000000000000000000e+00
9.727975181885445410e-01,2.316570495499939986e-01,0.000000000000000000e+00,-5.812910685896190838e-02
-2.316570495499939986e-01,9.727975181885445410e-01,-0.000000000000000000e+00,3.248369746569026995e-02
-0.000000000000000000e+00,0.000000000000000000e+00,1.000000000000000000e+00,1.028696789841795356e+00
0.000000000000000000e+00,0.000000000000000000e+00,0.000000000000000000e+00,1.000000000000000000e+00
9.734026665175331550e-01,2.291009576945415571e-01,0.000000000000000000e+00,-5.752103473985138715e-02
-2.291009576945415571e-01,9.734026665175331550e-01,-0.000000000000000000e+00,3.204482899246368505e-02
-0.000000000000000000e+00,0.000000000000000000e+00,1.000000000000000000e+00,1.028711432652561486e+00
0.000000000000000000e+00,0.000000000000000000e+00,0.000000000000000000e+00,1.000000000000000000e+00
9.740010985529976573e-01,2.265432850859936120e-01,0.000000000000000000e+00,-5.691181192222273533e-02
-2.265432850859936120e-01,9.740010985529976573e-01,-0.000000000000000000e+00,3.160755928471765258e-02
-0.000000000000000000e+00,0.000000000000000000e+00,1.000000000000000000e+00,1.028726075463327838e+00
0.000000000000000000e+00,0.000000000000000000e+00,0.000000000000000000e+00,1.000000000000000000e+00
9.745928101658706266e-01,2.239840493718049663e-01,0.000000000000000000e+00,-5.630144260959767111e-02
-2.239840493718049663e-01,9.745928101658706266e-01,-0.000000000000000000e+00,3.117189135953007603e-02
-0.000000000000000000e+00,0.000000000000000000e+00,1.000000000000000000e+00,1.028740718274094412e+00
0.000000000000000000e+00,0.000000000000000000e+00,0.000000000000000000e+00,1.000000000000000000e+00
9.751777972734545497e-01,2.214232682102159067e-01,0.000000000000000000e+00,-5.568993101340834889e-02
-2.214232682102159067e-01,9.751777972734545497e-01,-0.000000000000000000e+00,3.073782822292683153e-02
-0.000000000000000000e+00,0.000000000000000000e+00,1.000000000000000000e+00,1.028755361084860320e+00
0.000000000000000000e+00,0.000000000000000000e+00,0.000000000000000000e+00,1.000000000000000000e+00
9.757560558394491323e-01,2.188609592701305784e-01,0.000000000000000000e+00,-5.507728135296888899e-02
-2.188609592701305784e-01,9.757560558394491323e-01,-0.000000000000000000e+00,3.030537286986122875e-02
-0.000000000000000000e+00,0.000000000000000000e+00,1.000000000000000000e+00,1.028770003895626894e+00
0.000000000000000000e+00,0.000000000000000000e+00,0.000000000000000000e+00,1.000000000000000000e+00
9.763275818739803880e-01,2.162971402309936675e-01,0.000000000000000000e+00,-5.446349785544549182e-02
-2.162971402309936675e-01,9.763275818739803880e-01,-0.000000000000000000e+00,2.987452828419303458e-02
-0.000000000000000000e+00,0.000000000000000000e+00,1.000000000000000000e+00,1.028784646706393247e+00
0.000000000000000000e+00,0.000000000000000000e+00,0.000000000000000000e+00,1.000000000000000000e+00
9.768923714336270603e-01,2.137318287826697194e-01,0.000000000000000000e+00,-5.384858475582764148e-02
-2.137318287826697194e-01,9.768923714336270603e-01,-0.000000000000000000e+00,2.944529743866798957e-02
-0.000000000000000000e+00,0.000000000000000000e+00,1.000000000000000000e+00,1.028799289517159599e+00
0.000000000000000000e+00,0.000000000000000000e+00,0.000000000000000000e+00,1.000000000000000000e+00
9.774504206214484903e-01,2.111650426253204593e-01,0.000000000000000000e+00,-5.323254629689901096e-02
-2.111650426253204593e-01,9.774504206214484903e-01,-0.000000000000000000e+00,2.901768329489750817e-02
-0.000000000000000000e+00,0.000000000000000000e+00,1.000000000000000000e+00,1.028813932327925951e+00
0.000000000000000000e+00,0.000000000000000000e+00,0.000000000000000000e+00,1.000000000000000000e+00
9.780017255870112614e-01,2.085967994692829452e-01,0.000000000000000000e+00,-5.261538672920797882e-02
-2.085967994692829452e-01,9.780017255870112614e-01,-0.000000000000000000e+00,2.859168880333790019e-02
-0.000000000000000000e+00,0.000000000000000000e+00,1.000000000000000000e+00,1.028828575138692081e+00
0.000000000000000000e+00,0.000000000000000000e+00,0.000000000000000000e+00,1.000000000000000000e+00
9.785462825264159559e-01,2.060271170349471104e-01,0.000000000000000000e+00,-5.199711031103831232e-02
-2.060271170349471104e-01,9.785462825264159559e-01,-0.000000000000000000e+00,2.816731690327026194e-02
-0.000000000000000000e+00,0.000000000000000000e+00,1.000000000000000000e+00,1.028843217949459099e+00
0.000000000000000000e+00,0.000000000000000000e+00,0.000000000000000000e+00,1.000000000000000000e+00
9.790840876823229122e-01,2.034560130526337773e-01,0.000000000000000000e+00,-5.137772130837989226e-02
-2.034560130526337773e-01,9.790840876823229122e-01,-0.000000000000000000e+00,2.774457052278014174e-02
-0.000000000000000000e+00,0.000000000000000000e+00,1.000000000000000000e+00,1.028857860760225007e+00
0.000000000000000000e+00,0.000000000000000000e+00,0.000000000000000000e+00,1.000000000000000000e+00
9.796151373439787591e-01,2.008835052624721451e-01,0.000000000000000000e+00,-5.075722399489916714e-02
-2.008835052624721451e-01,9.796151373439787591e-01,-0.000000000000000000e+00,2.732345257873723676e-02
-0.000000000000000000e+00,0.000000000000000000e+00,1.000000000000000000e+00,1.028872503570991581e+00
0.000000000000000000e+00,0.000000000000000000e+00,0.000000000000000000e+00,1.000000000000000000e+00
9.801394278472417287e-01,1.983096114142770816e-01,0.000000000000000000e+00,-5.013562265190976697e-02
-1.983096114142770816e-01,9.801394278472417287e-01,-0.000000000000000000e+00,2.690396597677537777e-02
-0.000000000000000000e+00,0.000000000000000000e+00,1.000000000000000000e+00,1.028887146381757711e+00
0.000000000000000000e+00,0.000000000000000000e+00,0.000000000000000000e+00,1.000000000000000000e+00
9.806569555746069700e-01,1.957343492674276375e-01,0.000000000000000000e+00,-4.951292156834288111e-02
-1.957343492674276375e-01,9.806569555746069700e-01,-0.000000000000000000e+00,2.648611361127248265e-02
-0.000000000000000000e+00,0.000000000000000000e+00,1.000000000000000000e+00,1.028901789192524063e+00
0.000000000000000000e+00,0.000000000000000000e+00,0.000000000000000000e+00,1.000000000000000000e+00
9.811677169552313060e-01,1.931577365907433952e-01,0.000000000000000000e+00,-4.888912504071777493e-02
-1.931577365907433952e-01,9.811677169552313060e-01,-0.000000000000000000e+00,2.606989836533047875e-02
-0.000000000000000000e+00,0.000000000000000000e+00,1.000000000000000000e+00,1.028916432003290415e+00
0.000000000000000000e+00,0.000000000000000000e+00,0.000000000000000000e+00,1.000000000000000000e+00
9.816717084649584368e-01,1.905797911623620944e-01,0.000000000000000000e+00,-4.826423737311196643e-02
-1.905797911623620944e-01,9.816717084649584368e-01,-0.000000000000000000e+00,2.565532311075546107e-02
-0.000000000000000000e+00,0.000000000000000000e+00,1.000000000000000000e+00,1.028931074814056990e+00
0.000000000000000000e+00,0.000000000000000000e+00,0.000000000000000000e+00,1.000000000000000000e+00
9.821689266263424756e-01,1.880005307696182570e-01,0.000000000000000000e+00,-4.763826287713171515e-02
-1.880005307696182570e-01,9.821689266263424756e-01,-0.000000000000000000e+00,2.524239070803808993e-02
-0.000000000000000000e+00,0.000000000000000000e+00,1.000000000000000000e+00,1.028945717624822898e+00
0.000000000000000000e+00,0.000000000000000000e+00,0.000000000000000000e+00,1.000000000000000000e+00
9.826593680086727067e-01,1.854199732089183150e-01,0.000000000000000000e+00,-4.701120587188207384e-02
-1.854199732089183150e-01,9.826593680086727067e-01,-0.000000000000000000e+00,2.483110400633338488e-02
-0.000000000000000000e+00,0.000000000000000000e+00,1.000000000000000000e+00,1.028960360435589250e+00
0.000000000000000000e+00,0.000000000000000000e+00,0.000000000000000000e+00,1.000000000000000000e+00
9.831430292279965677e-01,1.828381362856192904e-01,0.000000000000000000e+00,-4.638307068393736354e-02
-1.828381362856192904e-01,9.831430292279965677e-01,-0.000000000000000000e+00,2.442146584344152827e-02
-0.000000000000000000e+00,0.000000000000000000e+00,1.000000000000000000e+00,1.028975003246355824e+00
0.000000000000000000e+00,0.000000000000000000e+00,0.000000000000000000e+00,1.000000000000000000e+00
9.836199069471436296e-01,1.802550378139058107e-01,0.000000000000000000e+00,-4.575386164731112121e-02
-1.802550378139058107e-01,9.836199069471436296e-01,-0.000000000000000000e+00,2.401347904578806855e-02
-0.000000000000000000e+00,0.000000000000000000e+00,1.000000000000000000e+00,1.028989646057122176e+00
0.000000000000000000e+00,0.000000000000000000e+00,0.000000000000000000e+00,1.000000000000000000e+00
9.840899978757481348e-01,1.776706956166663465e-01,0.000000000000000000e+00,-4.512358310342600570e-02
-1.776706956166663465e-01,9.840899978757481348e-01,-0.000000000000000000e+00,2.360714642840434918e-02
-0.000000000000000000e+00,0.000000000000000000e+00,1.000000000000000000e+00,1.029004288867888306e+00
0.000000000000000000e+00,0.000000000000000000e+00,0.000000000000000000e+00,1.000000000000000000e+00
9.845532987702718675e-01,1.750851275253717809e-01,0.000000000000000000e+00,-4.449223940108452263e-02
-1.750851275253717809e-01,9.845532987702718675e-01,-0.000000000000000000e+00,2.320247079490834335e-02
-0.000000000000000000e+00,0.000000000000000000e+00,1.000000000000000000e+00,1.029018931678654658e+00
0.000000000000000000e+00,0.000000000000000000e+00,0.000000000000000000e+00,1.000000000000000000e+00
9.850098064340269133e-01,1.724983513799504542e-01,0.000000000000000000e+00,-4.385983489643812544e-02
-1.724983513799504542e-01,9.850098064340269133e-01,-0.000000000000000000e+00,2.279945493748501695e-02
-0.000000000000000000e+00,0.000000000000000000e+00,1.000000000000000000e+00,1.029033574489421232e+00
0.000000000000000000e+00,0.000000000000000000e+00,0.000000000000000000e+00,1.000000000000000000e+00
9.854595177171968645e-01,1.699103850286667050e-01,0.000000000000000000e+00,-4.322637395295786389e-02
-1.699103850286667050e-01,9.854595177171968645e-01,-0.000000000000000000e+00,2.239810163686723615e-02
-0.000000000000000000e+00,0.000000000000000000e+00,1.000000000000000000e+00,1.029048217300187584e+00
0.000000000000000000e+00,0.000000000000000000e+00,0.000000000000000000e+00,1.000000000000000000e+00
9.859024295168593577e-01,1.673212463279966367e-01,0.000000000000000000e+00,-4.259186094140385986e-02
-1.673212463279966367e-01,9.859024295168593577e-01,-0.000000000000000000e+00,2.199841366231653286e-02
-0.000000000000000000e+00,0.000000000000000000e+00,1.000000000000000000e+00,1.029062860110953936e+00
0.000000000000000000e+00,0.000000000000000000e+00,0.000000000000000000e+00,1.000000000000000000e+00
9.863385387770071677e-01,1.647309531425055762e-01,0.000000000000000000e+00,-4.195630023979548401e-02
-1.647309531425055762e-01,9.863385387770071677e-01,-0.000000000000000000e+00,2.160039377160405741e-02
-0.000000000000000000e+00,0.000000000000000000e+00,1.000000000000000000e+00,1.029077502921720288e+00
0.000000000000000000e+00,0.000000000000000000e+00,0.000000000000000000e+00,1.000000000000000000e+00
9.867678424885690802e-01,1.621395233447245343e-01,0.000000000000000000e+00,-4.131969623338075520e-02
-1.621395233447245343e-01,9.867678424885690802e-01,-0.000000000000000000e+00,2.120404471099145496e-02
-0.000000000000000000e+00,0.000000000000000000e+00,1.000000000000000000e+00,1.029092145732486419e+00
0.000000000000000000e+00,0.000000000000000000e+00,0.000000000000000000e+00,1.000000000000000000e+00
9.871903376894310966e-01,1.595469748150271649e-01,0.000000000000000000e+00,-4.068205331460655882e-02
-1.595469748150271649e-01,9.871903376894310966e-01,-0.000000000000000000e+00,2.080936921521196747e-02
-0.000000000000000000e+00,0.000000000000000000e+00,1.000000000000000000e+00,1.029106788543252771e+00
0.000000000000000000e+00,0.000000000000000000e+00,0.000000000000000000e+00,1.000000000000000000e+00
9.876060214644566404e-01,1.569533254415057255e-01,0.000000000000000000e+00,-4.004337588308781726e-02
-1.569533254415057255e-01,9.876060214644566404e-01,-0.000000000000000000e+00,2.041637000745153557e-02
-0.000000000000000000e+00,0.000000000000000000e+00,1.000000000000000000e+00,1.029121431354019345e+00
0.000000000000000000e+00,0.000000000000000000e+00,0.000000000000000000e+00,1.000000000000000000e+00
9.880148909455065409e-01,1.543585931198482586e-01,0.000000000000000000e+00,-3.940366834557749304e-02
-1.543585931198482586e-01,9.880148909455065409e-01,-0.000000000000000000e+00,2.002504979933006010e-02
-0.000000000000000000e+00,0.000000000000000000e+00,1.000000000000000000e+00,1.029136074164785475e+00
0.000000000000000000e+00,0.000000000000000000e+00,0.000000000000000000e+00,1.000000000000000000e+00
9.884169433114589065e-01,1.517627957532152461e-01,0.000000000000000000e+00,-3.876293511593617569e-02
-1.517627957532152461e-01,9.884169433114589065e-01,-0.000000000000000000e+00,1.963541129088265322e-02
-0.000000000000000000e+00,0.000000000000000000e+00,1.000000000000000000e+00,1.029150716975551827e+00
0.000000000000000000e+00,0.000000000000000000e+00,0.000000000000000000e+00,1.000000000000000000e+00
9.888121757882291085e-01,1.491659512521149589e-01,0.000000000000000000e+00,-3.812118061510134936e-02
-1.491659512521149589e-01,9.888121757882291085e-01,-0.000000000000000000e+00,1.924745717054102134e-02
-0.000000000000000000e+00,0.000000000000000000e+00,1.000000000000000000e+00,1.029165359786318401e+00
0.000000000000000000e+00,0.000000000000000000e+00,0.000000000000000000e+00,1.000000000000000000e+00
9.892005856487877669e-01,1.465680775342817488e-01,0.000000000000000000e+00,-3.747840927105729886e-02
-1.465680775342817488e-01,9.892005856487877669e-01,-0.000000000000000000e+00,1.886119011511497995e-02
-0.000000000000000000e+00,0.000000000000000000e+00,1.000000000000000000e+00,1.029180002597084753e+00
0.000000000000000000e+00,0.000000000000000000e+00,0.000000000000000000e+00,1.000000000000000000e+00
9.895821702131808451e-01,1.439691925245507598e-01,0.000000000000000000e+00,-3.683462551880423153e-02
-1.439691925245507598e-01,9.895821702131808451e-01,-0.000000000000000000e+00,1.847661278977371160e-02
-0.000000000000000000e+00,0.000000000000000000e+00,1.000000000000000000e+00,1.029194645407851327e+00
0.000000000000000000e+00,0.000000000000000000e+00,0.000000000000000000e+00,1.000000000000000000e+00
9.899569268485471918e-01,1.413693141547350540e-01,0.000000000000000000e+00,-3.618983380032770453e-02
-1.413693141547350540e-01,9.899569268485471918e-01,-0.000000000000000000e+00,1.809372784802786363e-02
-0.000000000000000000e+00,0.000000000000000000e+00,1.000000000000000000e+00,1.029209288218617457e+00
0.000000000000000000e+00,0.000000000000000000e+00,0.000000000000000000e+00,1.000000000000000000e+00
9.903248529691373037e-01,1.387684603635011005e-01,0.000000000000000000e+00,-3.554403856456806593e-02
-1.387684603635011005e-01,9.903248529691373037e-01,-0.000000000000000000e+00,1.771253793171071247e-02
-0.000000000000000000e+00,0.000000000000000000e+00,1.000000000000000000e+00,1.029223931029383587e+00
0.000000000000000000e+00,0.000000000000000000e+00,0.000000000000000000e+00,1.000000000000000000e+00
9.906859460363307557e-01,1.361666490962465670e-01,0.000000000000000000e+00,-3.489724426738981949e-02
-1.361666490962465670e-01,9.906859460363307557e-01,-0.000000000000000000e+00,1.733304567096031687e-02
-0.000000000000000000e+00,0.000000000000000000e+00,1.000000000000000000e+00,1.029238573840150162e+00
0.000000000000000000e+00,0.000000000000000000e+00,0.000000000000000000e+00,1.000000000000000000e+00
9.910402035586539649e-01,1.335638983049750594e-01,0.000000000000000000e+00,-3.424945537155082292e-02
-1.335638983049750594e-01,9.910402035586539649e-01,-0.000000000000000000e+00,1.695525368420118528e-02
-0.000000000000000000e+00,0.000000000000000000e+00,1.000000000000000000e+00,1.029253216650916514e+00
0.000000000000000000e+00,0.000000000000000000e+00,0.000000000000000000e+00,1.000000000000000000e+00
9.913876230917973986e-01,1.309602259481722764e-01,0.000000000000000000e+00,-3.360067634667134734e-02
-1.309602259481722764e-01,9.913876230917973986e-01,-0.000000000000000000e+00,1.657916457812625907e-02
-0.000000000000000000e+00,0.000000000000000000e+00,1.000000000000000000e+00,1.029267859461682422e+00
0.000000000000000000e+00,0.000000000000000000e+00,0.000000000000000000e+00,1.000000000000000000e+00
9.917282022386321172e-01,1.283556499906834403e-01,0.000000000000000000e+00,-3.295091166920355308e-02
-1.283556499906834403e-01,9.917282022386321172e-01,-0.000000000000000000e+00,1.620478094767905525e-02
-0.000000000000000000e+00,0.000000000000000000e+00,1.000000000000000000e+00,1.029282502272448996e+00
0.000000000000000000e+00,0.000000000000000000e+00,0.000000000000000000e+00,1.000000000000000000e+00
9.920619386492267600e-01,1.257501884035877593e-01,0.000000000000000000e+00,-3.230016582240022305e-02
-1.257501884035877593e-01,9.920619386492267600e-01,-0.000000000000000000e+00,1.583210537603538942e-02
-0.000000000000000000e+00,0.000000000000000000e+00,1.000000000000000000e+00,1.029297145083215348e+00
0.000000000000000000e+00,0.000000000000000000e+00,0.000000000000000000e+00,1.000000000000000000e+00
9.923888300208635327e-01,1.231438591640754421e-01,0.000000000000000000e+00,-3.164844329628411362e-02
-1.231438591640754421e-01,9.923888300208635327e-01,-0.000000000000000000e+00,1.546114043458595398e-02
-0.000000000000000000e+00,0.000000000000000000e+00,1.000000000000000000e+00,1.029311787893981478e+00
0.000000000000000000e+00,0.000000000000000000e+00,0.000000000000000000e+00,1.000000000000000000e+00
9.927088740980539727e-01,1.205366802553229921e-01,0.000000000000000000e+00,-3.099574858761687188e-02
-1.205366802553229921e-01,9.927088740980539727e-01,-0.000000000000000000e+00,1.509188868291838279e-02
-0.000000000000000000e+00,0.000000000000000000e+00,1.000000000000000000e+00,1.029326430704747830e+00
0.000000000000000000e+00,0.000000000000000000e+00,0.000000000000000000e+00,1.000000000000000000e+00
9.930220686725548251e-01,1.179286696663699729e-01,0.000000000000000000e+00,-3.034208619986807076e-02
-1.179286696663699729e-01,9.930220686725548251e-01,-0.000000000000000000e+00,1.472435266879971484e-02
-0.000000000000000000e+00,0.000000000000000000e+00,1.000000000000000000e+00,1.029341073515514182e+00
0.000000000000000000e+00,0.000000000000000000e+00,0.000000000000000000e+00,1.000000000000000000e+00
9.933284115833829198e-01,1.153198453919941080e-01,0.000000000000000000e+00,-2.968746064318401531e-02
-1.153198453919941080e-01,9.933284115833829198e-01,-0.000000000000000000e+00,1.435853492815852492e-02
-0.000000000000000000e+00,0.000000000000000000e+00,1.000000000000000000e+00,1.029355716326280756e+00
0.000000000000000000e+00,0.000000000000000000e+00,0.000000000000000000e+00,1.000000000000000000e+00
9.936279007168303812e-01,1.127102254325872549e-01,0.000000000000000000e+00,-2.903187643435671192e-02
-1.127102254325872549e-01,9.936279007168303812e-01,-0.000000000000000000e+00,1.399443798506785040e-02
-0.000000000000000000e+00,0.000000000000000000e+00,1.000000000000000000e+00,1.029370359137047108e+00
0.000000000000000000e+00,0.000000000000000000e+00,0.000000000000000000e+00,1.000000000000000000e+00
9.939205340064790617e-01,1.100998277940315462e-01,0.000000000000000000e+00,-2.837533809679268146e-02
-1.100998277940315462e-01,9.939205340064790617e-01,-0.000000000000000000e+00,1.363206435172734099e-02
-0.000000000000000000e+00,0.000000000000000000e+00,1.000000000000000000e+00,1.029385001947813461e+00
0.000000000000000000e+00,0.000000000000000000e+00,0.000000000000000000e+00,1.000000000000000000e+00
9.942063094332149742e-01,1.074886704875750443e-01,0.000000000000000000e+00,-2.771785016048177244e-02
-1.074886704875750443e-01,9.942063094332149742e-01,-0.000000000000000000e+00,1.327141652844635554e-02
-0.000000000000000000e+00,0.000000000000000000e+00,1.000000000000000000e+00,1.029399644758579813e+00
0.000000000000000000e+00,0.000000000000000000e+00,0.000000000000000000e+00,1.000000000000000000e+00
9.944852250252417258e-01,1.048767715297069664e-01,0.000000000000000000e+00,-2.705941716196587354e-02
-1.048767715297069664e-01,9.944852250252417258e-01,-0.000000000000000000e+00,1.291249700362630606e-02
-0.000000000000000000e+00,0.000000000000000000e+00,1.000000000000000000e+00,1.029414287569346387e+00
0.000000000000000000e+00,0.000000000000000000e+00,0.000000000000000000e+00,1.000000000000000000e+00
9.947572788580948400e-01,1.022641489420341859e-01,0.000000000000000000e+00,-2.640004364430757061e-02
-1.022641489420341859e-01,9.947572788580948400e-01,-0.000000000000000000e+00,1.255530825374376498e-02
-0.000000000000000000e+00,0.000000000000000000e+00,1.000000000000000000e+00,1.029428930380112295e+00
0.000000000000000000e+00,0.000000000000000000e+00,0.000000000000000000e+00,1.000000000000000000e+00
9.950224690546545236e-01,9.965082075115647142e-02,0.000000000000000000e+00,-2.573973415705894940e-02
-9.965082075115647142e-02,9.950224690546545236e-01,-0.000000000000000000e+00,1.219985274333326535e-02
-0.000000000000000000e+00,0.000000000000000000e+00,1.000000000000000000e+00,1.029443573190878647e+00
0.000000000000000000e+00,0.000000000000000000e+00,0.000000000000000000e+00,1.000000000000000000e+00
9.952807937851587683e-01,9.703680498854196090e-02,0.000000000000000000e+00,-2.507849325623006526e-02
-9.703680498854196090e-02,9.952807937851587683e-01,-0.000000000000000000e+00,1.184613292497027452e-02
-0.000000000000000000e+00,0.000000000000000000e+00,1.000000000000000000e+00,1.029458216001645221e+00
0.000000000000000000e+00,0.000000000000000000e+00,0.000000000000000000e+00,1.000000000000000000e+00
9.955322512672160062e-01,9.442211969040266439e-02,0.000000000000000000e+00,-2.441632550425755499e-02
-9.442211969040266439e-02,9.955322512672160062e-01,-0.000000000000000000e+00,1.149415123925446452e-02
-0.000000000000000000e+00,0.000000000000000000e+00,1.000000000000000000e+00,1.029472858812411573e+00
0.000000000000000000e+00,0.000000000000000000e+00,0.000000000000000000e+00,1.000000000000000000e+00
9.957768397658173232e-01,9.180678289757106258e-02,0.000000000000000000e+00,-2.375323546997312046e-02
-9.180678289757106258e-02,9.957768397658173232e-01,-0.000000000000000000e+00,1.114391011479251049e-02
-0.000000000000000000e+00,0.000000000000000000e+00,1.000000000000000000e+00,1.029487501623177925e+00
0.000000000000000000e+00,0.000000000000000000e+00,0.000000000000000000e+00,1.000000000000000000e+00
9.960145575933486706e-01,8.919081265537369407e-02,0.000000000000000000e+00,-2.308922772857203987e-02
-8.919081265537369407e-02,9.960145575933486706e-01,-0.000000000000000000e+00,1.079541196818167154e-02
-0.000000000000000000e+00,0.000000000000000000e+00,1.000000000000000000e+00,1.029502144433944499e+00
0.000000000000000000e+00,0.000000000000000000e+00,0.000000000000000000e+00,1.000000000000000000e+00
9.962454031096020790e-01,8.657422701350879490e-02,0.000000000000000000e+00,-2.242430686158160963e-02
-8.657422701350879490e-02,9.962454031096020790e-01,-0.000000000000000000e+00,1.044865920399298646e-02
-0.000000000000000000e+00,0.000000000000000000e+00,1.000000000000000000e+00,1.029516787244710629e+00
0.000000000000000000e+00,0.000000000000000000e+00,0.000000000000000000e+00,1.000000000000000000e+00
9.964693747217873154e-01,8.395704402592021887e-02,0.000000000000000000e+00,-2.175847745682958634e-02
-8.395704402592021887e-02,9.964693747217873154e-01,-0.000000000000000000e+00,1.010365421475470371e-02
-0.000000000000000000e+00,0.000000000000000000e+00,1.000000000000000000e+00,1.029531430055476759e+00
0.000000000000000000e+00,0.000000000000000000e+00,0.000000000000000000e+00,1.000000000000000000e+00
9.966864708845427634e-01,8.133928175067345334e-02,0.000000000000000000e+00,-2.109174410841241701e-02
-8.133928175067345334e-02,9.966864708845427634e-01,-0.000000000000000000e+00,9.760399380935721667e-03
-0.000000000000000000e+00,0.000000000000000000e+00,1.000000000000000000e+00,1.029546072866242890e+00
0.000000000000000000e+00,0.000000000000000000e+00,0.000000000000000000e+00,1.000000000000000000e+00
9.968966900999463032e-01,7.872095824983116330e-02,0.000000000000000000e+00,-2.042411141666349017e-02
-7.872095824983116330e-02,9.968966900999463032e-01,-0.000000000000000000e+00,9.418897070929107065e-03
-0.000000000000000000e+00,0.000000000000000000e+00,1.000000000000000000e+00,1.029560715677009464e+00
0.000000000000000000e+00,0.000000000000000000e+00,0.000000000000000000e+00,1.000000000000000000e+00
9.971000309175250820e-01,7.610209158932820794e-02,0.000000000000000000e+00,-1.975558398812163677e-02
-7.610209158932820794e-02,9.971000309175250820e-01,-0.000000000000000000e+00,9.079149641036036653e-03
-0.000000000000000000e+00,0.000000000000000000e+00,1.000000000000000000e+00,1.029575358487775594e+00
0.000000000000000000e+00,0.000000000000000000e+00,0.000000000000000000e+00,1.000000000000000000e+00
9.972964919342661716e-01,7.348269983884715695e-02,0.000000000000000000e+00,-1.908616643549916614e-02
-7.348269983884715695e-02,9.972964919342661716e-01,-0.000000000000000000e+00,8.741159435449272208e-03
-0.000000000000000000e+00,0.000000000000000000e+00,1.000000000000000000e+00,1.029590001298542390e+00
0.000000000000000000e+00,0.000000000000000000e+00,0.000000000000000000e+00,1.000000000000000000e+00
9.974860717946258948e-01,7.086280107169345976e-02,0.000000000000000000e+00,-1.841586337764998180e-02
-7.086280107169345976e-02,9.974860717946258948e-01,-0.000000000000000000e+00,8.404928786236916596e-03
-0.000000000000000000e+00,0.000000000000000000e+00,1.000000000000000000e+00,1.029604644109308742e+00
0.000000000000000000e+00,0.000000000000000000e+00,0.000000000000000000e+00,1.000000000000000000e+00
9.976687691905391508e-01,6.824241336467105901e-02,0.000000000000000000e+00,-1.774467943953789845e-02
-6.824241336467105901e-02,9.976687691905391508e-01,-0.000000000000000000e+00,8.070460013326714518e-03
-0.000000000000000000e+00,0.000000000000000000e+00,1.000000000000000000e+00,1.029619286920074872e+00
0.000000000000000000e+00,0.000000000000000000e+00,0.000000000000000000e+00,1.000000000000000000e+00
9.978445828614287416e-01,6.562155479795732382e-02,0.000000000000000000e+00,-1.707261925220460511e-02
-6.562155479795732382e-02,9.978445828614287416e-01,-0.000000000000000000e+00,7.737755424489539680e-03
-0.000000000000000000e+00,0.000000000000000000e+00,1.000000000000000000e+00,1.029633929730841446e+00
0.000000000000000000e+00,0.000000000000000000e+00,0.000000000000000000e+00,1.000000000000000000e+00
9.980135115942134760e-01,6.300024345497899636e-02,0.000000000000000000e+00,-1.639968745273780518e-02
-6.300024345497899636e-02,9.980135115942134760e-01,-0.000000000000000000e+00,7.406817315324043353e-03
-0.000000000000000000e+00,0.000000000000000000e+00,1.000000000000000000e+00,1.029648572541607576e+00
0.000000000000000000e+00,0.000000000000000000e+00,0.000000000000000000e+00,1.000000000000000000e+00
9.981755542233174960e-01,6.037849742228605654e-02,0.000000000000000000e+00,-1.572588868423904426e-02
-6.037849742228605654e-02,9.981755542233174960e-01,-0.000000000000000000e+00,7.077647969240138948e-03
-0.000000000000000000e+00,0.000000000000000000e+00,1.000000000000000000e+00,1.029663215352373928e+00
0.000000000000000000e+00,0.000000000000000000e+00,0.000000000000000000e+00,1.000000000000000000e+00
9.983307096306771600e-01,5.775633478942852200e-02,0.000000000000000000e+00,-1.505122759579187106e-02
-5.775633478942852200e-02,9.983307096306771600e-01,-0.000000000000000000e+00,6.750249657443910777e-03
-0.000000000000000000e+00,0.000000000000000000e+00,1.000000000000000000e+00,1.029677858163140725e+00
0.000000000000000000e+00,0.000000000000000000e+00,0.000000000000000000e+00,1.000000000000000000e+00
9.984789767457498133e-01,5.513377364883030596e-02,0.000000000000000000e+00,-1.437570884242968076e-02
-5.513377364883030596e-02,9.984789767457498133e-01,-0.000000000000000000e+00,6.424624638921520164e-03
-0.000000000000000000e+00,0.000000000000000000e+00,1.000000000000000000e+00,1.029692500973906855e+00
0.000000000000000000e+00,0.000000000000000000e+00,0.000000000000000000e+00,1.000000000000000000e+00
9.986203545455203390e-01,5.251083209566521914e-02,0.000000000000000000e+00,-1.369933708510357763e-02
-5.251083209566521914e-02,9.986203545455203390e-01,-0.000000000000000000e+00,6.100775160423693548e-03
-0.000000000000000000e+00,0.000000000000000000e+00,1.000000000000000000e+00,1.029707143784673207e+00
0.000000000000000000e+00,0.000000000000000000e+00,0.000000000000000000e+00,1.000000000000000000e+00
9.987548420545090400e-01,4.988752822773195872e-02,0.000000000000000000e+00,-1.302211699065018366e-02
-4.988752822773195872e-02,9.987548420545090400e-01,-0.000000000000000000e+00,5.778703456450406603e-03
-0.000000000000000000e+00,0.000000000000000000e+00,1.000000000000000000e+00,1.029721786595439337e+00
0.000000000000000000e+00,0.000000000000000000e+00,0.000000000000000000e+00,1.000000000000000000e+00
9.988824383447774125e-01,4.726388014532867388e-02,0.000000000000000000e+00,-1.234405323175957053e-02
-4.726388014532867388e-02,9.988824383447774125e-01,-0.000000000000000000e+00,5.458411749235184129e-03
-0.000000000000000000e+00,0.000000000000000000e+00,1.000000000000000000e+00,1.029736429406205911e+00
0.000000000000000000e+00,0.000000000000000000e+00,0.000000000000000000e+00,1.000000000000000000e+00
9.990031425359353623e-01,4.463990595112943965e-02,0.000000000000000000e+00,-1.166515048694283414e-02
-4.463990595112943965e-02,9.990031425359353623e-01,-0.000000000000000000e+00,5.139902248729980201e-03
-0.000000000000000000e+00,0.000000000000000000e+00,1.000000000000000000e+00,1.029751072216972041e+00
0.000000000000000000e+00,0.000000000000000000e+00,0.000000000000000000e+00,1.000000000000000000e+00
9.991169537951468671e-01,4.201562375005708089e-02,0.000000000000000000e+00,-1.098541344050005600e-02
-4.201562375005708089e-02,9.991169537951468671e-01,-0.000000000000000000e+00,4.823177152589929080e-03
-0.000000000000000000e+00,0.000000000000000000e+00,1.000000000000000000e+00,1.029765715027738837e+00
0.000000000000000000e+00,0.000000000000000000e+00,0.000000000000000000e+00,1.000000000000000000e+00
9.992238713371358605e-01,3.939105164916088114e-02,0.000000000000000000e+00,-1.030484678248768868e-02
-3.939105164916088114e-02,9.992238713371358605e-01,-0.000000000000000000e+00,4.508238646157916585e-03
-0.000000000000000000e+00,0.000000000000000000e+00,1.000000000000000000e+00,1.029780357838504523e+00
0.000000000000000000e+00,0.000000000000000000e+00,0.000000000000000000e+00,1.000000000000000000e+00
9.993238944241917832e-01,3.676620775748960790e-02,0.000000000000000000e+00,-9.623455208686413145e-03
-3.676620775748960790e-02,9.993238944241917832e-01,-0.000000000000000000e+00,4.195088902449888718e-03
-0.000000000000000000e+00,0.000000000000000000e+00,1.000000000000000000e+00,1.029795000649271319e+00
0.000000000000000000e+00,0.000000000000000000e+00,0.000000000000000000e+00,1.000000000000000000e+00
9.994170223661740238e-01,3.414111018596784064e-02,0.000000000000000000e+00,-8.941243420568801767e-03
-3.414111018596784064e-02,9.994170223661740238e-01,-0.000000000000000000e+00,3.883730082139630335e-03
-0.000000000000000000e+00,0.000000000000000000e+00,1.000000000000000000e+00,1.029809643460037449e+00
0.000000000000000000e+00,0.000000000000000000e+00,0.000000000000000000e+00,1.000000000000000000e+00
9.995032545205176921e-01,3.151577704727005769e-02,0.000000000000000000e+00,-8.258216125266427954e-03
-3.151577704727005769e-02,9.995032545205176921e-01,-0.000000000000000000e+00,3.574164333543789276e-03
-0.000000000000000000e+00,0.000000000000000000e+00,1.000000000000000000e+00,1.029824286270804024e+00
0.000000000000000000e+00,0.000000000000000000e+00,0.000000000000000000e+00,1.000000000000000000e+00
9.995825902922371720e-01,2.889022645569624612e-02,0.000000000000000000e+00,-7.574378035538057406e-03
-2.889022645569624612e-02,9.995825902922371720e-01,-0.000000000000000000e+00,3.266393792607275633e-03
-0.000000000000000000e+00,0.000000000000000000e+00,1.000000000000000000e+00,1.029838929081570376e+00
0.000000000000000000e+00,0.000000000000000000e+00,0.000000000000000000e+00,1.000000000000000000e+00
9.996550291339308947e-01,2.626447652704700167e-02,0.000000000000000000e+00,-6.889733869736521833e-03
-2.626447652704700167e-02,9.996550291339308947e-01,-0.000000000000000000e+00,2.960420582888428995e-03
-0.000000000000000000e+00,0.000000000000000000e+00,1.000000000000000000e+00,1.029853571892336728e+00
0.000000000000000000e+00,0.000000000000000000e+00,0.000000000000000000e+00,1.000000000000000000e+00
9.997205705457844482e-01,2.363854537849793824e-02,0.000000000000000000e+00,-6.204288351776599680e-03
-2.363854537849793824e-02,9.997205705457844482e-01,-0.000000000000000000e+00,2.656246815544196973e-03
-0.000000000000000000e+00,0.000000000000000000e+00,1.000000000000000000e+00,1.029868214703102858e+00
0.000000000000000000e+00,0.000000000000000000e+00,0.000000000000000000e+00,1.000000000000000000e+00
9.997792140755744628e-01,2.101245112847539495e-02,0.000000000000000000e+00,-5.518046211102169141e-03
-2.101245112847539495e-02,9.997792140755744628e-01,-0.000000000000000000e+00,2.353874589315836305e-03
-0.000000000000000000e+00,0.000000000000000000e+00,1.000000000000000000e+00,1.029882857513869210e+00
0.000000000000000000e+00,0.000000000000000000e+00,0.000000000000000000e+00,1.000000000000000000e+00
9.998309593186719413e-01,1.838621189653079011e-02,0.000000000000000000e+00,-4.831012182653666477e-03
-1.838621189653079011e-02,9.998309593186719413e-01,-0.000000000000000000e+00,2.053305990514259650e-03
-0.000000000000000000e+00,0.000000000000000000e+00,1.000000000000000000e+00,1.029897500324635562e+00
0.000000000000000000e+00,0.000000000000000000e+00,0.000000000000000000e+00,1.000000000000000000e+00
9.998758059180444802e-01,1.575984580321631440e-02,0.000000000000000000e+00,-4.143191006835457608e-03
-1.575984580321631440e-02,9.998758059180444802e-01,-0.000000000000000000e+00,1.754543093005747753e-03
-0.000000000000000000e+00,0.000000000000000000e+00,1.000000000000000000e+00,1.029912143135401914e+00
0.000000000000000000e+00,0.000000000000000000e+00,0.000000000000000000e+00,1.000000000000000000e+00
9.999137535642589336e-01,1.313337096995895875e-02,0.000000000000000000e+00,-3.454587429482828057e-03
-1.313337096995895875e-02,9.999137535642589336e-01,-0.000000000000000000e+00,1.457587958197515896e-03
-0.000000000000000000e+00,0.000000000000000000e+00,1.000000000000000000e+00,1.029926785946168488e+00
0.000000000000000000e+00,0.000000000000000000e+00,0.000000000000000000e+00,1.000000000000000000e+00
9.999448019954837452e-01,1.050680551893616588e-02,0.000000000000000000e+00,-2.765206201829883623e-03
-1.050680551893616588e-02,9.999448019954837452e-01,-0.000000000000000000e+00,1.162442635023632062e-03
-0.000000000000000000e+00,0.000000000000000000e+00,1.000000000000000000e+00,1.029941428756934840e+00
0.000000000000000000e+00,0.000000000000000000e+00,0.000000000000000000e+00,1.000000000000000000e+00
9.999689509974908352e-01,7.880167572950845176e-03,0.000000000000000000e+00,-2.075052080476082368e-03
-7.880167572950845176e-03,9.999689509974908352e-01,-0.000000000000000000e+00,8.691091599307540407e-04
-0.000000000000000000e+00,0.000000000000000000e+00,1.000000000000000000e+00,1.029956071567700970e+00
0.000000000000000000e+00,0.000000000000000000e+00,0.000000000000000000e+00,1.000000000000000000e+00
9.999862004036564889e-01,5.253475255305938355e-03,0.000000000000000000e+00,-1.384129827353755820e-03
-5.253475255305938355e-03,9.999862004036564889e-01,-0.000000000000000000e+00,5.775895568641035375e-04
-0.000000000000000000e+00,0.000000000000000000e+00,1.000000000000000000e+00,1.029970714378467544e+00
0.000000000000000000e+00,0.000000000000000000e+00,0.000000000000000000e+00,1.000000000000000000e+00
9.999965500949632435e-01,2.626746689679627760e-03,0.000000000000000000e+00,-6.924442096952859423e-04
-2.626746689679627760e-03,9.999965500949632435e-01,-0.000000000000000000e+00,2.878858372536604844e-04
-0.000000000000000000e+00,0.000000000000000000e+00,1.000000000000000000e+00,1.029985357189233675e+00
0.000000000000000000e+00,0.000000000000000000e+00,0.000000000000000000e+00,1.000000000000000000e+00
1.000000000000000000e+00,0.000000000000000000e+00,0.000000000000000000e+00,-2.775557561562891351e-17
0.000000000000000000e+00,1.000000000000000000e+00,0.000000000000000000e+00,0.000000000000000000e+00
0.000000000000000000e+00,0.000000000000000000e+00,1.000000000000000000e+00,1.030000000000000027e+00
0.000000000000000000e+00,0.000000000000000000e+00,0.000000000000000000e+00,1.000000000000000000e+00
