1.000000000000000000e+00,0.000000000000000000e+00,0.000000000000000000e+00,5.000000000000000000e-01
-0.000000000000000000e+00,1.000000000000000000e+00,0.000000000000000000e+00,5.000000000000000000e-01
0.000000000000000000e+00,-0.000000000000000000e+00,1.000000000000000000e+00,4.964999999999999969e-01
0.000000000000000000e+00,0.000000000000000000e+00,0.000000000000000000e+00,1.000000000000000000e+00
9.967104567126314763e-01,-8.075882702484393771e-02,-6.802744833444600986e-03,4.981548340902615113e-01
8.042452213422598972e-02,9.959565388535563946e-01,-4.003085003251660029e-02,5.000725629783654425e-01
1.000808269245487617e-02,3.935205931607362734e-02,9.991752867782536240e-01,5.002977878184506899e-01
0.000000000000000000e+00,0.000000000000000000e+00,0.000000000000000000e+00,1.000000000000000000e+00
9.977561571313007249e-01,-6.420840087172206834e-02,-1.897187824321685742e-02,4.983826193981729102e-01
6.443297904045104663e-02,9.978560864346509574e-01,1.147266217123693241e-02,4.941284794652769929e-01
1.819456288433445382e-02,-1.266933395324218795e-02,9.997541927187049149e-01,5.020200910536141148e-01
0.000000000000000000e+00,0.000000000000000000e+00,0.000000000000000000e+00,1.000000000000000000e+00
9.981067300556626387e-01,-5.264869153127297446e-02,-3.179733790173878277e-02,4.988459444728299830e-01
5.358872799816644800e-02,9.981280707923817497e-01,2.947206351473522640e-02,4.900618214262248418e-01
3.018614995541863202e-02,-3.112024383456724747e-02,9.990597213252798703e-01,5.040461588428335471e-01
0.000000000000000000e+00,0.000000000000000000e+00,0.000000000000000000e+00,1.000000000000000000e+00
9.984449796773706698e-01,-4.220691157980014513e-02,-3.641701761470435977e-02,4.986932913231219011e-01
4.295535975101957143e-02,9.988763829950051409e-01,2.002020388198218204e-02,4.855159188982148266e-01
3.553110785938489585e-02,-2.155337815078135766e-02,9.991361229905433294e-01,5.067511212704787216e-01
0.000000000000000000e+00,0.000000000000000000e+00,0.000000000000000000e+00,1.000000000000000000e+00
9.968906039524596530e-01,-7.198972676493611833e-02,-3.204064592997734467e-02,4.972158168537526568e-01
7.242647429089929534e-02,9.972930930049717091e-01,1.268433941388506792e-02,4.816980708706629088e-01
3.104077275278496403e-02,-1.496548979775718519e-02,9.994060758980922721e-01,5.089250211445474070e-01
0.000000000000000000e+00,0.000000000000000000e+00,0.000000000000000000e+00,1.000000000000000000e+00
9.970231800698466929e-01,-7.434064951194951920e-02,-2.045106925203408685e-02,4.955309156675855586e-01
7.462852963747740320e-02,9.971173992815862697e-01,1.369213694328634892e-02,4.763200638263698217e-01
1.937423463154537909e-02,-1.517761114494071278e-02,9.996970937000740909e-01,5.106180708020423564e-01
0.000000000000000000e+00,0.000000000000000000e+00,0.000000000000000000e+00,1.000000000000000000e+00
9.983506952618849128e-01,-5.475048720788382867e-02,-1.727059410125544522e-02,4.947800564894799802e-01
5.514058762642778250e-02,9.982140421402396768e-01,2.298350865851218894e-02,4.688231368538439692e-01
1.598139125117742018e-02,-2.389791255618393950e-02,9.995866570283608032e-01,5.128005609975646584e-01
0.000000000000000000e+00,0.000000000000000000e+00,0.000000000000000000e+00,1.000000000000000000e+00
9.980990317856692773e-01,-5.755252553298741830e-02,-2.204607795696337733e-02,4.947788690685457347e-01
5.788120543110588517e-02,9.982171198771970788e-01,1.457215296089392140e-02,4.678026921685475292e-01
2.116810823743569756e-02,-1.582050532847806626e-02,9.996507504147634782e-01,5.138952373320719857e-01
0.000000000000000000e+00,0.000000000000000000e+00,0.000000000000000000e+00,1.000000000000000000e+00
9.963484836718954352e-01,-8.123512899313965752e-02,-2.627837327885068630e-02,4.916181616343610061e-01
8.189389187316460650e-02,9.963263047715593679e-01,2.504565619256252790e-02,4.528970445840697634e-01
2.414724743280435154e-02,-2.710623982992815123e-02,9.993408638716327896e-01,5.193339905892859765e-01
0.000000000000000000e+00,0.000000000000000000e+00,0.000000000000000000e+00,1.000000000000000000e+00
9.967162020656176180e-01,-7.696817102355049678e-02,-2.515379075170181070e-02,4.897653573428011331e-01
7.811324058809943072e-02,9.957762353724125548e-01,4.824946333765182949e-02,4.427729005445529831e-01
2.133387411410811799e-02,-5.005586595829898677e-02,9.985185406883780868e-01,5.209450210387529534e-01
0.000000000000000000e+00,0.000000000000000000e+00,0.000000000000000000e+00,1.000000000000000000e+00
9.971545582390352047e-01,-7.177512353092369013e-02,-2.304601104823041091e-02,4.881378221434918840e-01
7.306775429122244758e-02,9.954439584230364568e-01,6.125707242362850302e-02,4.334754930041544996e-01
1.854427852336283655e-02,-6.276668926426476336e-02,9.978559277034191322e-01,5.227493614826961288e-01
0.000000000000000000e+00,0.000000000000000000e+00,0.000000000000000000e+00,1.000000000000000000e+00
9.945839298695778874e-01,-1.027723969953015515e-01,1.551260329623983802e-02,4.823788555588391369e-01
1.021748559179390947e-01,9.941379328111130675e-01,3.535632000357495641e-02,4.253996908796299770e-01
-1.905532112914305742e-02,-3.357982968817649350e-02,9.992543669030314879e-01,5.227850930255362183e-01
0.000000000000000000e+00,0.000000000000000000e+00,0.000000000000000000e+00,1.000000000000000000e+00
9.934273312929163824e-01,-1.132423236821043649e-01,1.668273260924620083e-02,4.800087571749430126e-01
1.122632198195352010e-01,9.923643283530029224e-01,5.108825000177698306e-02,4.142980861248160007e-01
-2.234070088392084430e-02,-4.887960658158831129e-02,9.985547942624102280e-01,5.236661387938404966e-01
0.000000000000000000e+00,0.000000000000000000e+00,0.000000000000000000e+00,1.000000000000000000e+00
9.939809158975781989e-01,-1.085437534634364487e-01,1.483888188107080480e-02,4.782917857253091709e-01
1.068727209633235087e-01,9.905032726162087409e-01,8.649559786761534808e-02,4.008578056207017792e-01
-2.408651791578097362e-02,-8.438910190687751167e-02,9.961417163908172778e-01,5.243191823535504614e-01
0.000000000000000000e+00,0.000000000000000000e+00,0.000000000000000000e+00,1.000000000000000000e+00
9.932302821634247936e-01,-1.119067810531055029e-01,3.115251110096664555e-02,4.746265551010499517e-01
1.084733124681440675e-01,9.894603155827212948e-01,9.592614017633559198e-02,3.891370044917493165e-01
-4.155895903113937528e-02,-9.189753120336756342e-02,9.949008476642152710e-01,5.247802922667537118e-01
0.000000000000000000e+00,0.000000000000000000e+00,0.000000000000000000e+00,1.000000000000000000e+00
9.901844072021220855e-01,-1.301086881035629361e-01,5.105456898017909917e-02,4.701654521105514961e-01
1.255121646701956861e-01,9.884643154141098398e-01,8.476434198834403855e-02,3.793563206042063762e-01
-6.149419690982037279e-02,-7.752436025460027191e-02,9.950921752850492297e-01,5.252688398579974383e-01
0.000000000000000000e+00,0.000000000000000000e+00,0.000000000000000000e+00,1.000000000000000000e+00
9.859002612905355400e-01,-1.585542687826879682e-01,5.349036023472884122e-02,4.657229377157056094e-01
1.537016421522924836e-01,9.844438922339229237e-01,8.512360567441316916e-02,3.653185868126982427e-01
-6.615496948032356661e-02,-7.570182886900093944e-02,9.949335420614514591e-01,5.258779883966397950e-01
0.000000000000000000e+00,0.000000000000000000e+00,0.000000000000000000e+00,1.000000000000000000e+00
9.830768730178409687e-01,-1.739394549761242581e-01,5.748850093777468917e-02,4.626986201529403875e-01
1.677605766217212524e-01,9.808514769153836577e-01,9.892810098479638825e-02,3.528415815480736017e-01
-7.359518101758619202e-02,-8.760962410328738958e-02,9.934325860849689827e-01,5.264905673402057174e-01
0.000000000000000000e+00,0.000000000000000000e+00,0.000000000000000000e+00,1.000000000000000000e+00
9.795418468924625977e-01,-1.911698568653711072e-01,6.286378935903444432e-02,4.595493878013399147e-01
1.832243498504294299e-01,9.764069107628738919e-01,1.142732787504966430e-01,3.398923056493236006e-01
-8.322624470917194817e-02,-1.004172815832752308e-01,9.914584014223866149e-01,5.269148854527829773e-01
0.000000000000000000e+00,0.000000000000000000e+00,0.000000000000000000e+00,1.000000000000000000e+00
9.802213721214920739e-01,-1.704510376512096137e-01,1.005609536544150723e-01,4.535998512967679974e-01
1.596688017647515667e-01,9.813526733764137422e-01,1.070177751589623805e-01,3.241660502710473901e-01
-1.169270515290108531e-01,-8.884466343338626171e-02,9.891585769734498879e-01,5.264815272832479298e-01
0.000000000000000000e+00,0.000000000000000000e+00,0.000000000000000000e+00,1.000000000000000000e+00
9.745945337171540990e-01,-1.985619561669513533e-01,1.036274307883612716e-01,4.485342009134046237e-01
1.968047828013258782e-01,9.800703532329295697e-01,2.701814539163490542e-02,3.139220519519657637e-01
-1.069269484983363244e-01,-5.937362801299831891e-03,9.942491515750967457e-01,5.292103828119775200e-01
0.000000000000000000e+00,0.000000000000000000e+00,0.000000000000000000e+00,1.000000000000000000e+00
9.875578573224084167e-01,-1.403632837430353886e-01,7.090576152644952057e-02,4.490446536820124623e-01
1.362260549159227951e-01,9.888484133936673581e-01,6.017704953610256147e-02,2.920531353730133617e-01
-7.856169806475400696e-02,-4.976910593630043400e-02,9.956661567470713736e-01,5.317071927766781059e-01
0.000000000000000000e+00,0.000000000000000000e+00,0.000000000000000000e+00,1.000000000000000000e+00
9.887652939384029560e-01,-1.407144912305486606e-01,5.042445300279717324e-02,4.476980891142104957e-01
1.374953614476644159e-01,9.885305859683279905e-01,6.246844151641738757e-02,2.758310563030507701e-01
-5.863632903993547252e-02,-5.483349854643401050e-02,9.967723252347441276e-01,5.340088243382039579e-01
0.000000000000000000e+00,0.000000000000000000e+00,0.000000000000000000e+00,1.000000000000000000e+00
9.903045931118287237e-01,-1.300521425299038247e-01,4.881857315609391956e-02,4.448417676783442687e-01
1.272406448649859856e-01,9.902406425829261005e-01,5.686200903323781336e-02,2.605202120650598752e-01
-5.573716135539935612e-02,-5.009900198941181354e-02,9.971877751174584859e-01,5.355174152753430228e-01
0.000000000000000000e+00,0.000000000000000000e+00,0.000000000000000000e+00,1.000000000000000000e+00
9.923514777731446967e-01,-1.160971592126693597e-01,4.195228461244993046e-02,4.427472085426114590e-01
1.136281530281914309e-01,9.918811068213874149e-01,5.710089990692991668e-02,2.451071668596327968e-01
-4.824093076276424197e-02,-5.189720178899262515e-02,9.974865879026217907e-01,5.376031881520786371e-01
0.000000000000000000e+00,0.000000000000000000e+00,0.000000000000000000e+00,1.000000000000000000e+00
9.943280623969638077e-01,-1.003553798092966520e-01,3.522076196267393683e-02,4.407345311368631724e-01
9.807394626634569068e-02,9.932815975008953968e-01,6.142612741997519749e-02,2.295256658120325699e-01
-4.114857705492940693e-02,-5.762348314186591797e-02,9.974900143845819578e-01,5.395355835111957932e-01
0.000000000000000000e+00,0.000000000000000000e+00,0.000000000000000000e+00,1.000000000000000000e+00
9.959693346819712412e-01,-8.891283508646563583e-02,1.181491134280793394e-02,4.406810766760194120e-01
8.789225282245030635e-02,9.937265920528651764e-01,6.915498637692676920e-02,2.149313289099880619e-01
-1.788955748323373812e-02,-6.783780659695162751e-02,9.975359621232553486e-01,5.434735479202430497e-01
0.000000000000000000e+00,0.000000000000000000e+00,0.000000000000000000e+00,1.000000000000000000e+00
9.953095461484996465e-01,-9.557702451013626310e-02,1.496461598092306555e-02,4.370581922459744750e-01
9.423843873243621660e-02,9.928472357281654670e-01,7.330404608351082096e-02,2.016529312303566301e-01
-2.186376021960886873e-02,-7.154997479195521204e-02,9.971973611559198369e-01,5.458703531203623616e-01
0.000000000000000000e+00,0.000000000000000000e+00,0.000000000000000000e+00,1.000000000000000000e+00
9.965806236638314886e-01,-8.060847669159151851e-02,1.814756246083257252e-02,4.335302072853038369e-01
7.899971646321557461e-02,9.939295941080243946e-01,7.657027331144479476e-02,1.885198667122654770e-01
-2.420961248223972573e-02,-7.487479844192541922e-02,9.968990215772812746e-01,5.475238512667514046e-01
0.000000000000000000e+00,0.000000000000000000e+00,0.000000000000000000e+00,1.000000000000000000e+00
9.979511686967855733e-01,-6.243780536019272881e-02,1.396371578493232901e-02,4.309519454162594743e-01
6.101346849407864731e-02,9.944234347140997743e-01,8.601970212535396676e-02,1.742902608300258560e-01
-1.925672763066850479e-02,-8.499148753384212773e-02,9.961955759225911144e-01,5.495186478920118800e-01
0.000000000000000000e+00,0.000000000000000000e+00,0.000000000000000000e+00,1.000000000000000000e+00
9.987158536093931893e-01,-5.063856015794240828e-02,1.542716562291189270e-03,4.287848388358028173e-01
5.019777876986172838e-02,9.932176349008322580e-01,1.048757013257554382e-01,1.607540449127843329e-01
-6.843007806011864799e-03,-1.046635846277371162e-01,9.944841412999200214e-01,5.517838713754582569e-01
0.000000000000000000e+00,0.000000000000000000e+00,0.000000000000000000e+00,1.000000000000000000e+00
9.958861993259841006e-01,-8.965985412554199063e-02,-1.310681312268187869e-02,4.256412951581975412e-01
9.049681041494118949e-02,9.914677292139454368e-01,9.381934359216577424e-02,1.558832879382108516e-01
4.583153583349259055e-03,-9.461951429556798854e-02,9.955029594218705036e-01,5.530114336998364077e-01
0.000000000000000000e+00,0.000000000000000000e+00,0.000000000000000000e+00,1.000000000000000000e+00
9.936434961252507136e-01,-1.103852915113303634e-01,2.208370498687823105e-02,4.196634565338581146e-01
1.087495111328845854e-01,9.919371088795477798e-01,6.507162097291539771e-02,1.532432172293032580e-01
-2.908859632824290983e-02,-6.225640084073898878e-02,9.976362032915654376e-01,5.517537329593229511e-01
0.000000000000000000e+00,0.000000000000000000e+00,0.000000000000000000e+00,1.000000000000000000e+00
9.954441972698079288e-01,-9.287759667338667258e-02,2.155463193940993644e-02,4.174053255942710705e-01
9.105323141356101713e-02,9.930859433995854468e-01,7.409195685972852496e-02,1.440952124650180799e-01
-2.828708488013958328e-02,-7.179178963036847438e-02,9.970184450503674078e-01,5.524589209372868792e-01
0.000000000000000000e+00,0.000000000000000000e+00,0.000000000000000000e+00,1.000000000000000000e+00
9.940588297850279087e-01,-1.078573162116158862e-01,1.462334660905173847e-02,4.154808836259631932e-01
1.065530361328817371e-01,9.917326179706523748e-01,7.150430017796735593e-02,1.382707449315803971e-01
-2.221471173087246828e-02,-6.952131897988964027e-02,9.973330901910407720e-01,5.534113051652272963e-01
0.000000000000000000e+00,0.000000000000000000e+00,0.000000000000000000e+00,1.000000000000000000e+00
9.900220583684825604e-01,-1.379129342873912090e-01,2.891965594668742187e-02,4.119898356095179071e-01
1.362811937937107865e-01,9.892860454470326914e-01,5.235032475479724223e-02,1.355107513878784919e-01
-3.582959896501909658e-02,-4.788677103348494557e-02,9.982099463529666705e-01,5.536281005524679166e-01
0.000000000000000000e+00,0.000000000000000000e+00,0.000000000000000000e+00,1.000000000000000000e+00
9.879609879251903815e-01,-1.502926981955818864e-01,3.667684837841979351e-02,4.093355461928335770e-01
1.489250744537438664e-01,9.881351510113213221e-01,3.755323600943143159e-02,1.312618400730238555e-01
-4.188566027686210780e-02,-3.163902977218087387e-02,9.986213312653833274e-01,5.543188522140328756e-01
0.000000000000000000e+00,0.000000000000000000e+00,0.000000000000000000e+00,1.000000000000000000e+00
9.883856156134998017e-01,-1.483771318883436441e-01,3.283445721969779213e-02,4.082194436777612512e-01
1.465896164217699582e-01,9.878595004077657116e-01,5.143045606873427461e-02,1.254974677968860031e-01
-4.006693406839906962e-02,-4.601993249352646226e-02,9.981366672994484990e-01,5.552248049345070990e-01
0.000000000000000000e+00,0.000000000000000000e+00,0.000000000000000000e+00,1.000000000000000000e+00
9.881362725354772003e-01,-1.508749244393342570e-01,2.869606375652123190e-02,4.072163774012000359e-01
1.484833087807746477e-01,9.862560543664598001e-01,7.246862934412164059e-02,1.217113968628834031e-01
-3.923536559287147535e-02,-6.734799478030313591e-02,9.969577893200223251e-01,5.562733388053777706e-01
0.000000000000000000e+00,0.000000000000000000e+00,0.000000000000000000e+00,1.000000000000000000e+00
9.860370773147133505e-01,-1.619243453898928931e-01,3.887658074873030778e-02,4.046925138925063781e-01
1.595460382914038744e-01,9.854841045481005368e-01,5.801845696454099865e-02,1.199830797041700065e-01
-4.770685303156937951e-02,-5.100574529484970532e-02,9.975582539986028729e-01,5.569997607111446536e-01
0.000000000000000000e+00,0.000000000000000000e+00,0.000000000000000000e+00,1.000000000000000000e+00
9.872355031566909522e-01,-1.552362619304722136e-01,3.560567776084464647e-02,4.045943823517525462e-01
1.532356004447258113e-01,9.867485590900553216e-01,5.334915079027831991e-02,1.201164528932061742e-01
-4.341557397178618521e-02,-4.721211831249814278e-02,9.979409320301212416e-01,5.575816435348824873e-01
0.000000000000000000e+00,0.000000000000000000e+00,0.000000000000000000e+00,1.000000000000000000e+00
9.883792045770031232e-01,-1.482374628506059056e-01,3.364821789256969981e-02,4.055359294481190591e-01
1.461373040092240894e-01,9.875582916604508377e-01,5.807330668738990703e-02,1.212659227578551518e-01
-4.183821622208854646e-02,-5.248118882330372187e-02,9.977451019589355097e-01,5.672325719472501859e-01
0.000000000000000000e+00,0.000000000000000000e+00,0.000000000000000000e+00,1.000000000000000000e+00
9.884659619593352264e-01,-1.476752655714875795e-01,3.357168429192568943e-02,4.053754706757856652e-01
1.455772680650809781e-01,9.876377252211773206e-01,5.812901807742609089e-02,1.208732166289864102e-01
-4.174088008791471821e-02,-5.257128168809262897e-02,9.977444358507631117e-01,5.773157308894459883e-01
0.000000000000000000e+00,0.000000000000000000e+00,0.000000000000000000e+00,1.000000000000000000e+00
9.880045806173805012e-01,-1.505346141544106897e-01,3.444239568404978274e-02,4.041775220467008212e-01
1.485520324475492482e-01,9.874133554497998011e-01,5.428774387529317763e-02,1.189903985089071636e-01
-4.218106606969803524e-02,-4.852005173894451823e-02,9.979311410335253152e-01,5.877827769030300464e-01
0.000000000000000000e+00,0.000000000000000000e+00,0.000000000000000000e+00,1.000000000000000000e+00
9.826315506321133819e-01,-1.783530170712769591e-01,5.123901837370731932e-02,3.990889315983212615e-01
1.762978096923254190e-01,9.834318956498974140e-01,4.219939473662920326e-02,1.145027526447588706e-01
-5.791647434035449710e-02,-3.243312997572117551e-02,9.977944548252215551e-01,5.980925639255896265e-01
0.000000000000000000e+00,0.000000000000000000e+00,0.000000000000000000e+00,1.000000000000000000e+00
9.842710742445441863e-01,-1.711131843895019877e-01,4.394007889814667556e-02,4.002762318340418179e-01
1.685652108939218186e-01,9.840796298729919123e-01,5.632984773033672399e-02,1.141888707599101466e-01
-5.287931619999192145e-02,-4.803707107140846311e-02,9.974448444506101019e-01,6.068104685993617187e-01
0.000000000000000000e+00,0.000000000000000000e+00,0.000000000000000000e+00,1.000000000000000000e+00
9.829138449904206709e-01,-1.776229455187088302e-01,4.827486459230208998e-02,3.989502015146967340e-01
1.745526511475904985e-01,9.827090458497649283e-01,6.176004519421912642e-02,1.123204753223983193e-01
-5.841014726479356461e-02,-5.227829789025480178e-02,9.969228828079947924e-01,6.152486616293725286e-01
0.000000000000000000e+00,0.000000000000000000e+00,0.000000000000000000e+00,1.000000000000000000e+00
9.815531277133687782e-01,-1.837329701033342255e-01,5.287393661446353199e-02,3.980014375604030152e-01
1.804015863722222557e-01,9.816300133712821951e-01,6.211106570557131668e-02,1.112949046994733682e-01
-6.331449368421612767e-02,-5.142676876592053303e-02,9.966677291574197461e-01,6.186769400322070789e-01
0.000000000000000000e+00,0.000000000000000000e+00,0.000000000000000000e+00,1.000000000000000000e+00
9.800285337579914824e-01,-1.929865777656866732e-01,4.796096144209101297e-02,3.978425904907436084e-01
1.887606487752871431e-01,9.786822540938834303e-01,8.093493062731348109e-02,1.086091446800730581e-01
-6.255789713612396052e-02,-7.026539919479517227e-02,9.955648061185681241e-01,6.161698625667282325e-01
0.000000000000000000e+00,0.000000000000000000e+00,0.000000000000000000e+00,1.000000000000000000e+00
9.806136134700444984e-01,-1.902969540140818372e-01,4.673339673279062328e-02,3.981649534381561661e-01
1.865675347311525345e-01,9.796317941597419976e-01,7.425700543184485247e-02,1.093318499378040654e-01
-5.991240323640991544e-02,-6.409849580393645052e-02,9.961435071183822876e-01,6.162357670132474485e-01
0.000000000000000000e+00,0.000000000000000000e+00,0.000000000000000000e+00,1.000000000000000000e+00
9.797704968582424678e-01,-1.932761400266221341e-01,5.190478959173513984e-02,3.976570242772554109e-01
1.895246845894441035e-01,9.794141163430770680e-01,6.948656445084396005e-02,1.094438905793376493e-01
-6.426637859273283404e-02,-5.824364690092061203e-02,9.962316548766438906e-01,6.148887537202674114e-01
0.000000000000000000e+00,0.000000000000000000e+00,0.000000000000000000e+00,1.000000000000000000e+00
9.769736973205798147e-01,-2.054007388691141134e-01,5.773154437374776460e-02,3.974621751573171324e-01
2.009543304969034494e-01,9.767637259166385144e-01,7.449819318605710450e-02,1.084250770052430923e-01
-7.169206231025375409e-02,-6.118137139250628964e-02,9.955486366804159326e-01,6.108781061035769566e-01
0.000000000000000000e+00,0.000000000000000000e+00,0.000000000000000000e+00,1.000000000000000000e+00
9.778722220068424287e-01,-2.026945342661333471e-01,5.177685975448822336e-02,3.989365950154104556e-01
1.971093442778758809e-01,9.756085908788391103e-01,9.662185985454734005e-02,1.052459475050543380e-01
-7.009867206835260212e-02,-8.427812991542522891e-02,9.939735273095617885e-01,6.073547599234603300e-01
0.000000000000000000e+00,0.000000000000000000e+00,0.000000000000000000e+00,1.000000000000000000e+00
9.779616303574736325e-01,-2.025135416127932242e-01,5.078695710510277433e-02,3.994708799396218812e-01
1.972955682179808878e-01,9.759677768095691430e-01,9.252760339991021599e-02,1.051717130481092805e-01
-6.830452627824984413e-02,-8.046840431393244286e-02,9.944140624493769121e-01,6.068387345364895102e-01
0.000000000000000000e+00,0.000000000000000000e+00,0.000000000000000000e+00,1.000000000000000000e+00
9.765769898434742968e-01,-2.076399288266700949e-01,5.641846209455014804e-02,3.997482291732140647e-01
2.028819528860936194e-01,9.759312598281405515e-01,7.998180595225018452e-02,1.054891130839420987e-01
-7.166795728485428341e-02,-6.666210353052096083e-02,9.951984062745993231e-01,6.153042349505789543e-01
0.000000000000000000e+00,0.000000000000000000e+00,0.000000000000000000e+00,1.000000000000000000e+00
9.760055079042494475e-01,-2.098702402631396624e-01,5.803215309171475683e-02,4.007397321550074665e-01
2.044740608854728747e-01,9.749905906264286770e-01,8.708447975920736994e-02,1.039701363449220262e-01
-7.485724390846966447e-02,-7.312886189337215737e-02,9.945092068918256478e-01,6.231670070866961453e-01
0.000000000000000000e+00,0.000000000000000000e+00,0.000000000000000000e+00,1.000000000000000000e+00
9.756030575376144487e-01,-2.118311380596035187e-01,5.767359076415547181e-02,4.018379433559098879e-01
2.058059870638195288e-01,9.739040458972546555e-01,9.568074557425303162e-02,1.023226628330648064e-01
-7.643670461201894362e-02,-8.147685765498803578e-02,9.937398813848238310e-01,6.312253722766707487e-01
0.000000000000000000e+00,0.000000000000000000e+00,0.000000000000000000e+00,1.000000000000000000e+00
9.747888244362801213e-01,-2.149811460435760713e-01,5.974826022509557161e-02,4.025193650667026057e-01
2.085571883291760520e-01,9.730370081206020094e-01,9.850319803912997718e-02,1.011584690029500577e-01
-7.931359877324765939e-02,-8.355888745967172959e-02,9.933414646415089644e-01,6.397987184096036728e-01
0.000000000000000000e+00,0.000000000000000000e+00,0.000000000000000000e+00,1.000000000000000000e+00
9.728947751278471667e-01,-2.220180808652495452e-01,6.468174624921074756e-02,4.027217492632066964e-01
2.152787803656200372e-01,9.716974647491061212e-01,9.725782089092321891e-02,1.007432555377894556e-01
-8.444408358924204716e-02,-8.069701834065057255e-02,9.931551681271673093e-01,6.435049000988380952e-01
0.000000000000000000e+00,0.000000000000000000e+00,0.000000000000000000e+00,1.000000000000000000e+00
9.705128842526654642e-01,-2.303685224388188624e-01,7.095833544360855005e-02,4.028320922815865068e-01
2.233238800328234686e-01,9.701021127792894827e-01,9.501755305333751955e-02,1.005337832589795616e-01
-9.072588443579565620e-02,-7.636906867648797503e-02,9.929433917614983729e-01,6.421131689526848874e-01
0.000000000000000000e+00,0.000000000000000000e+00,0.000000000000000000e+00,1.000000000000000000e+00
9.677825176776897464e-01,-2.422729372320341079e-01,6.856254343586649924e-02,4.035305267543878305e-01
2.348470061809661835e-01,9.667521776000297384e-01,1.011786083786379575e-01,1.002120340328109815e-01
-9.079582680536286976e-02,-8.181718028973752888e-02,9.925029303957580984e-01,6.405105067040388622e-01
0.000000000000000000e+00,0.000000000000000000e+00,0.000000000000000000e+00,1.000000000000000000e+00
9.657350200209996460e-01,-2.489412062961675609e-01,7.337674640407851334e-02,4.036251767471778495e-01
2.392276959627547828e-01,9.634910272003044396e-01,1.202295720230845688e-01,9.892023929561075124e-02
-1.006279314573804706e-01,-9.855615816533871976e-02,9.900306576557604821e-01,6.378157969326287979e-01
0.000000000000000000e+00,0.000000000000000000e+00,0.000000000000000000e+00,1.000000000000000000e+00
9.659601647379690847e-01,-2.479454768301053713e-01,7.378347144779291711e-02,4.033747607051534345e-01
2.400640957408081144e-01,9.654423151397948377e-01,1.014414415988909440e-01,1.004477307945147863e-01
-9.638563210117843949e-02,-8.027562928438962409e-02,9.921016244656851724e-01,6.378385718678015737e-01
0.000000000000000000e+00,0.000000000000000000e+00,0.000000000000000000e+00,1.000000000000000000e+00
9.595778359098214860e-01,-2.701296645177812539e-01,7.899583013130831444e-02,4.031857815814095525e-01
2.626069664054703767e-01,9.603210036798532911e-01,9.392098320734974803e-02,1.015398782380393106e-01
-1.012321985632027577e-01,-6.937963850316662684e-02,9.924406822250033677e-01,6.396996093897121538e-01
0.000000000000000000e+00,0.000000000000000000e+00,0.000000000000000000e+00,1.000000000000000000e+00
9.620109754470143049e-01,-2.628590707706977558e-01,7.375630164975320591e-02,4.039525227792505335e-01
2.541412560060055115e-01,9.609143468946254041e-01,1.097990889204712717e-01,1.000291942967312248e-01
-9.973517491423987413e-02,-8.688340949594991480e-02,9.912134825753659007e-01,6.485076545534496084e-01
0.000000000000000000e+00,0.000000000000000000e+00,0.000000000000000000e+00,1.000000000000000000e+00
9.606581845714149415e-01,-2.666636380772124393e-01,7.762961125355927194e-02,4.036388452352565603e-01
2.575526519662372782e-01,9.599474867965320790e-01,1.103061832273254383e-01,9.994527003597181158e-02
-1.039349983456561988e-01,-8.597282547670206942e-02,9.908613371195996722e-01,6.573610916081213951e-01
0.000000000000000000e+00,0.000000000000000000e+00,0.000000000000000000e+00,1.000000000000000000e+00
9.590001049429998092e-01,-2.719714286834215566e-01,7.968902496086791021e-02,4.033777059165501444e-01
2.627674726261424731e-01,9.586268324874286373e-01,1.094890467799812805e-01,1.000314436582719207e-01
-1.061699300601859353e-01,-8.406032366710222692e-02,9.907884778982833929e-01,6.664511925375277146e-01
0.000000000000000000e+00,0.000000000000000000e+00,0.000000000000000000e+00,1.000000000000000000e+00
9.599644098488724353e-01,-2.688604813515459435e-01,7.862806999361704463e-02,4.035311947556605716e-01
2.599806555652141027e-01,9.596351037021605412e-01,1.072871216615725043e-01,9.999800290802725311e-02
-1.042995232749776846e-01,-8.255004124746753713e-02,9.911140701930599706e-01,6.663647737350183453e-01
0.000000000000000000e+00,0.000000000000000000e+00,0.000000000000000000e+00,1.000000000000000000e+00
9.585096795776550938e-01,-2.743082823119907809e-01,7.755101811701746450e-02,4.037846496248886918e-01
2.652694806699861241e-01,9.579208684983211430e-01,1.096344486030640941e-01,9.972273456958286042e-02
-1.043613759061111507e-01,-8.451376189986595233e-02,9.909420403174526992e-01,6.647867388271436750e-01
0.000000000000000000e+00,0.000000000000000000e+00,0.000000000000000000e+00,1.000000000000000000e+00
9.589684575587330562e-01,-2.728110196291123613e-01,7.715986635776761471e-02,4.040576438319710695e-01
2.628277691627974866e-01,9.574935045715757820e-01,1.188602223628628524e-01,9.843863698544369489e-02
-1.063064493073289651e-01,-9.370344856069097450e-02,9.899083808936574025e-01,6.632511125775064631e-01
0.000000000000000000e+00,0.000000000000000000e+00,0.000000000000000000e+00,1.000000000000000000e+00
9.587701778684482035e-01,-2.722681598003346970e-01,8.142355426437443422e-02,4.037932021336372856e-01
2.631242285680596149e-01,9.587445506369743908e-01,1.075849755512804373e-01,9.873705503044245824e-02
-1.073563522599740999e-01,-8.172475624219074919e-02,9.908560328557256547e-01,6.622626805994323851e-01
0.000000000000000000e+00,0.000000000000000000e+00,0.000000000000000000e+00,1.000000000000000000e+00
9.584165631914779437e-01,-2.739956437092180841e-01,7.977517551599001833e-02,4.038936893340949741e-01
2.647436864929730294e-01,9.580403941307965576e-01,1.098607467470460036e-01,9.860860271168073177e-02
-1.065292066165248047e-01,-8.417238527022601058e-02,9.907403987400404954e-01,6.622726687304059112e-01
0.000000000000000000e+00,0.000000000000000000e+00,0.000000000000000000e+00,1.000000000000000000e+00
9.577051531774357640e-01,-2.773426893184132158e-01,7.669336515640935714e-02,4.042128067063116004e-01
2.675833850890254606e-01,9.563906710602197991e-01,1.171153975072476844e-01,9.759559635799987254e-02
-1.058299182730598892e-01,-9.164014944669419960e-02,9.901525697627133749e-01,6.609205490295592123e-01
0.000000000000000000e+00,0.000000000000000000e+00,0.000000000000000000e+00,1.000000000000000000e+00
9.591923660561543219e-01,-2.725867613609161411e-01,7.514294664413631586e-02,4.046198950223319213e-01
2.627802048482523189e-01,9.574890811061456120e-01,1.190009390820911950e-01,9.685167280500356357e-02
-1.043866315171971260e-01,-9.439871340900787833e-02,9.900466221684800505e-01,6.602360946055622071e-01
0.000000000000000000e+00,0.000000000000000000e+00,0.000000000000000000e+00,1.000000000000000000e+00
9.595751393407065954e-01,-2.721633757399775644e-01,7.171226439796356267e-02,4.051891706348108024e-01
2.626232395505465056e-01,9.574559118882258746e-01,1.196127536605613162e-01,9.609686999613190062e-02
-1.012155423205344934e-01,-9.594411756906021105e-02,9.902273174865731109e-01,6.593726626401397173e-01
0.000000000000000000e+00,0.000000000000000000e+00,0.000000000000000000e+00,1.000000000000000000e+00
9.600798088879395342e-01,-2.694801368496840821e-01,7.501477460589393853e-02,4.053056208282899142e-01
2.599298132038512232e-01,9.585468874701895681e-01,1.167234197966402903e-01,9.553917605104773891e-02
-1.033598218531191909e-01,-9.256522222026612734e-02,9.903274341659955571e-01,6.582626805638194245e-01
0.000000000000000000e+00,0.000000000000000000e+00,0.000000000000000000e+00,1.000000000000000000e+00
9.604656344649636912e-01,-2.676452761229489163e-01,7.662748319555517940e-02,4.055088854892600625e-01
2.583757940463941583e-01,9.594537920712979950e-01,1.126515420706776932e-01,9.519476539568487439e-02
-1.036711824120375991e-01,-8.839924801194172510e-02,9.906754558826079693e-01,6.573768203161500789e-01
0.000000000000000000e+00,0.000000000000000000e+00,0.000000000000000000e+00,1.000000000000000000e+00
9.605809928058166580e-01,-2.675889874556230952e-01,7.536769900073872486e-02,4.056431631534235804e-01
2.581782780597794424e-01,9.592166001725316304e-01,1.150977440766615262e-01,9.489495348806553654e-02
-1.030928367942156032e-01,-9.110240252553085394e-02,9.904908981186032468e-01,6.573288620447246267e-01
0.000000000000000000e+00,0.000000000000000000e+00,0.000000000000000000e+00,1.000000000000000000e+00
9.610454745589952497e-01,-2.667317224258317632e-01,7.242778528592998255e-02,4.061855542229062532e-01
2.575328553714953950e-01,9.593179106669402767e-01,1.156977730028583562e-01,9.420401049420415451e-02
-1.003415379286173997e-01,-9.253828680803177775e-02,9.906403188043350072e-01,6.667092970037513666e-01
0.000000000000000000e+00,0.000000000000000000e+00,0.000000000000000000e+00,1.000000000000000000e+00
9.612215197486864149e-01,-2.666387249430619000e-01,7.040582598594971597e-02,4.066580470104542155e-01
2.577455247199643140e-01,9.594017206280819332e-01,1.145232855916478582e-01,9.376338994126445781e-02
-9.808381343960859144e-02,-9.193546006092549738e-02,9.909225180227413388e-01,6.762435393846463194e-01
0.000000000000000000e+00,0.000000000000000000e+00,0.000000000000000000e+00,1.000000000000000000e+00
9.620316525163969956e-01,-2.640001072888200628e-01,6.927512474230594630e-02,4.070101745891713252e-01
2.551269948046117619e-01,9.599909627598668393e-01,1.154450862590162830e-01,9.316689357219180845e-02
-9.698100885502354551e-02,-9.338787271844029014e-02,9.908952463053732895e-01,6.859187520073937172e-01
0.000000000000000000e+00,0.000000000000000000e+00,0.000000000000000000e+00,1.000000000000000000e+00
9.625655390759871866e-01,-2.622696953422853361e-01,6.842652912737248738e-02,4.072389542353169190e-01
2.534466846056959155e-01,9.603941838078656756e-01,1.157920108228735062e-01,9.282934687983258881e-02
-9.608517599367369377e-02,-9.411492237200412558e-02,9.909137300195089981e-01,6.957264889429807253e-01
0.000000000000000000e+00,0.000000000000000000e+00,0.000000000000000000e+00,1.000000000000000000e+00
9.637889426450175767e-01,-2.603476308101512204e-01,5.770602366079359558e-02,4.087816865511078590e-01
2.522961618838345244e-01,9.603244470220354545e-01,1.188427665047714216e-01,9.167540366675615282e-02
-8.635693796033334924e-02,-9.998033598344639727e-02,9.912347914004795424e-01,6.949879990900504900e-01
0.000000000000000000e+00,0.000000000000000000e+00,0.000000000000000000e+00,1.000000000000000000e+00
9.645258554668730833e-01,-2.577127059212416249e-01,5.721918684015299406e-02,4.093877541620441485e-01
2.503168043389666364e-01,9.616806927474264022e-01,1.118559013300487737e-01,9.165296421233995461e-02
-8.385327424390905116e-02,-9.356498492268208733e-02,9.920757138419397103e-01,6.944374736173591911e-01
0.000000000000000000e+00,0.000000000000000000e+00,0.000000000000000000e+00,1.000000000000000000e+00
9.641921886568024513e-01,-2.589089448330042509e-01,5.744198480785003141e-02,4.100671745723875050e-01
2.517713956701255751e-01,9.616848065346382812e-01,1.085057473259017358e-01,9.165724515176917886e-02
-8.333419259536868628e-02,-9.015814531086865924e-02,9.924348448027116021e-01,6.935708335629193755e-01
0.000000000000000000e+00,0.000000000000000000e+00,0.000000000000000000e+00,1.000000000000000000e+00
9.630419881591486542e-01,-2.635034337800962745e-01,5.582176482853786620e-02,4.108537273402463330e-01
2.567132473706484341e-01,9.606653683218275841e-01,1.059261947372011625e-01,9.189502884469967492e-02
-8.153795230989344112e-02,-8.768118665475274631e-02,9.928059084432988568e-01,6.979114784761185630e-01
0.000000000000000000e+00,0.000000000000000000e+00,0.000000000000000000e+00,1.000000000000000000e+00
9.643047630229618639e-01,-2.616902652335345580e-01,4.042930982878199797e-02,4.138348964327210333e-01
2.562915368561829998e-01,9.607770587359395487e-01,1.059343737538138569e-01,9.172211231648026708e-02
-6.656554774900511062e-02,-9.179133122860401450e-02,9.935508941992632348e-01,7.073800324503761727e-01
0.000000000000000000e+00,0.000000000000000000e+00,0.000000000000000000e+00,1.000000000000000000e+00
9.647296651002023049e-01,-2.609276644692866132e-01,3.483428182487684904e-02,4.149877518311252400e-01
2.559202015569571609e-01,9.606404171387487034e-01,1.080501707288671343e-01,9.149582732956224040e-02
-6.165649771676940533e-02,-9.532440859556534640e-02,9.935349683907495066e-01,7.171914807715574769e-01
0.000000000000000000e+00,0.000000000000000000e+00,0.000000000000000000e+00,1.000000000000000000e+00
9.637962115926044238e-01,-2.643282776561881042e-01,3.503461361363417736e-02,4.151430674909888374e-01
2.593406326315495503e-01,9.598183313606819533e-01,1.071970477684146689e-01,9.175109555596908106e-02
-6.196207538495776546e-02,-9.423020967454771857e-02,9.936203343323241066e-01,7.270710353966044481e-01
0.000000000000000000e+00,0.000000000000000000e+00,0.000000000000000000e+00,1.000000000000000000e+00
9.612768848373699493e-01,-2.738437354042197458e-01,3.092505872630712388e-02,4.162959864218271910e-01
2.693894752936773496e-01,9.573926117018505266e-01,1.040610285347349506e-01,9.249612354665492919e-02
-5.810388350496919346e-02,-9.170057599913664093e-02,9.940900075360720178e-01,7.367638642200164956e-01
0.000000000000000000e+00,0.000000000000000000e+00,0.000000000000000000e+00,1.000000000000000000e+00
9.611515034414431780e-01,-2.755855961404817811e-01,1.550376187086880894e-02,4.200766906463650474e-01
2.728426227889741429e-01,9.570825849094511950e-01,9.772322575865356742e-02,9.336611613397935439e-02
-4.176949391466114325e-02,-8.969673830713391360e-02,9.950928622571737492e-01,7.412857687563825237e-01
0.000000000000000000e+00,0.000000000000000000e+00,0.000000000000000000e+00,1.000000000000000000e+00
9.621452075760150713e-01,-2.724002858500497171e-01,8.641979363438294370e-03,4.225157051358841009e-01
2.699279411100274917e-01,9.568314063884464371e-01,1.077616181987321592e-01,9.240220251643123384e-02
-3.762321286929715125e-02,-1.013496128138581948e-01,9.941392004321489839e-01,7.402808027552725267e-01
0.000000000000000000e+00,0.000000000000000000e+00,0.000000000000000000e+00,1.000000000000000000e+00
9.621642444693540019e-01,-2.718725126244949108e-01,1.803617320722761957e-02,4.211335160730519389e-01
2.686622822588274340e-01,9.576649597358221078e-01,1.034330845796656573e-01,9.270036574600461210e-02
-4.539322368146355563e-02,-9.467397622065951146e-02,9.944728721641302727e-01,7.403519377310125993e-01
0.000000000000000000e+00,0.000000000000000000e+00,0.000000000000000000e+00,1.000000000000000000e+00
9.620037076724737846e-01,-2.725218685771016447e-01,1.675403150464427685e-02,4.229333577392693222e-01
2.695254855399972782e-01,9.576527812823827368e-01,1.012776537373645397e-01,9.304566283818277439e-02
-4.364492030972651204e-02,-9.291383992367198419e-02,9.947171152050194864e-01,7.396439785762805030e-01
0.000000000000000000e+00,0.000000000000000000e+00,0.000000000000000000e+00,1.000000000000000000e+00
9.629408136546809827e-01,-2.695350824714479177e-01,9.789214226424727133e-03,4.251257663275650467e-01
2.670744457366021618e-01,9.579572292855530469e-01,1.048293245901797816e-01,9.281895490491640088e-02
-3.763282918606883354e-02,-9.832998615201911374e-02,9.944420465722454416e-01,7.392754081797725529e-01
0.000000000000000000e+00,0.000000000000000000e+00,0.000000000000000000e+00,1.000000000000000000e+00
9.631336224768681786e-01,-2.689365455284335460e-01,6.838108935828642737e-03,4.258180157251417741e-01
2.667389946849496041e-01,9.579519025126047582e-01,1.057282421443928311e-01,9.284895693805532424e-02
-3.498476767177223501e-02,-1.000064345515514486e-01,9.943715498138703257e-01,7.491671245942643775e-01
0.000000000000000000e+00,0.000000000000000000e+00,0.000000000000000000e+00,1.000000000000000000e+00
9.623124477224315187e-01,-2.718499974306095024e-01,7.234075990770919701e-03,4.260383831349552342e-01
2.696183052342215336e-01,9.572103714248810791e-01,1.051393091059064366e-01,9.327520150753867978e-02
-3.550665347633837066e-02,-9.922642658898292445e-02,9.944311910963434809e-01,7.589257417215284907e-01
0.000000000000000000e+00,0.000000000000000000e+00,0.000000000000000000e+00,1.000000000000000000e+00
9.614587321076122350e-01,-2.748662736801065209e-01,6.755593773723785403e-03,4.265871360444195570e-01
2.727003284917576265e-01,9.564427524528736901e-01,1.041719353802092463e-01,9.369037468814835068e-02
-3.509469040339683460e-02,-9.831476427060073520e-02,9.945363592307251421e-01,7.685883868196199398e-01
0.000000000000000000e+00,0.000000000000000000e+00,0.000000000000000000e+00,1.000000000000000000e+00
9.594554413406916060e-01,-2.817134549544592637e-01,-9.098647117049492999e-03,4.290559499766146700e-01
2.809031078930468994e-01,9.530404879031412202e-01,1.131692201677194920e-01,9.339558571264103271e-02
-2.320991292025878158e-02,-1.111366623350025229e-01,9.935340669686518744e-01,7.783452940687446420e-01
0.000000000000000000e+00,0.000000000000000000e+00,0.000000000000000000e+00,1.000000000000000000e+00
9.591842631824325505e-01,-2.822194915733944320e-01,-1.782436083647363778e-02,4.302584813465750724e-01
2.822661452224025647e-01,9.517264694515334966e-01,1.205924981356838732e-01,9.272371644295673843e-02
-1.706963750229098520e-02,-1.207016400939693868e-01,9.925420603451353685e-01,7.782716567542785624e-01
0.000000000000000000e+00,0.000000000000000000e+00,0.000000000000000000e+00,1.000000000000000000e+00
9.585479026530678848e-01,-2.846053209819941476e-01,-1.362826431137859236e-02,4.299893253562277473e-01
2.841950446869024316e-01,9.515398831935373281e-01,1.174947967675117610e-01,9.278000853456251640e-02
-2.047180731675200122e-02,-1.164974761991240115e-01,9.929799812405184500e-01,7.779786019416063958e-01
0.000000000000000000e+00,0.000000000000000000e+00,0.000000000000000000e+00,1.000000000000000000e+00
9.574836819082185313e-01,-2.883138539974040571e-01,-1.000602181912895773e-02,4.299336732582798581e-01
2.876750575339381832e-01,9.516118349891458106e-01,1.080646879486359679e-01,9.336521479731617335e-02
-2.163469787925532267e-02,-1.063486582038264405e-01,9.940935080493781273e-01,7.777759219168893789e-01
0.000000000000000000e+00,0.000000000000000000e+00,0.000000000000000000e+00,1.000000000000000000e+00
9.568604751852965995e-01,-2.903843625207567225e-01,-9.744384617933520357e-03,4.301132738079561646e-01
2.897598346990359897e-01,9.512602624817404484e-01,1.055611255072515797e-01,9.346455350999946510e-02
-2.138385426801837214e-02,-1.038307999900997258e-01,9.943650716663674505e-01,7.776619850825310376e-01
0.000000000000000000e+00,0.000000000000000000e+00,0.000000000000000000e+00,1.000000000000000000e+00
9.544498398181521237e-01,-2.977395069115756909e-01,-1.940848513294020014e-02,4.316451982112593511e-01
2.980398244057727020e-01,9.483040954296579894e-01,1.090486389622276897e-01,9.282487586740943708e-02
-1.406294205633929276e-02,-1.098659574908892600e-01,9.938469223403220143e-01,7.771881135377767258e-01
0.000000000000000000e+00,0.000000000000000000e+00,0.000000000000000000e+00,1.000000000000000000e+00
9.530257477103382113e-01,-3.019358318441616174e-01,-2.401411355276296400e-02,4.323303907527109580e-01
3.026796109869653861e-01,9.464184590850585055e-01,1.125928656525043148e-01,9.243288840496580172e-02
-1.126842020560728241e-02,-1.145724825236746902e-01,9.933509797420205789e-01,7.769276335967009173e-01
0.000000000000000000e+00,0.000000000000000000e+00,0.000000000000000000e+00,1.000000000000000000e+00
9.530257477103382113e-01,-3.019358318441616174e-01,-2.401411355276296400e-02,4.323303907527109580e-01
3.026796109869653861e-01,9.464184590850585055e-01,1.125928656525043148e-01,9.243288840496580172e-02
-1.126842020560728241e-02,-1.145724825236746902e-01,9.933509797420205789e-01,7.769276335967009173e-01
0.000000000000000000e+00,0.000000000000000000e+00,0.000000000000000000e+00,1.000000000000000000e+00
9.432246851909613650e-01,-3.297291079161723260e-01,-4.007378992829210840e-02,4.358386572575782547e-01
3.321548924819365811e-01,9.361277514423255175e-01,1.154900877991212882e-01,9.065852591279094375e-02
-5.662567658204810395e-04,-1.222438070919782405e-01,9.924999400407711336e-01,7.744583362057803066e-01
0.000000000000000000e+00,0.000000000000000000e+00,0.000000000000000000e+00,1.000000000000000000e+00
9.314165942138153964e-01,-3.598680637261801873e-01,-5.438846139675907604e-02,4.387326957545645834e-01
3.638252602094834698e-01,9.246173615493487041e-01,1.127559965368696709e-01,8.923016435843399152e-02
9.711233528160813366e-03,-1.248107023916252140e-01,9.921330457715188400e-01,7.729515097626478148e-01
0.000000000000000000e+00,0.000000000000000000e+00,0.000000000000000000e+00,1.000000000000000000e+00
9.314113265059512647e-01,-3.590167843425208782e-01,-5.983217710212548890e-02,4.407289503300699796e-01
3.639009643966329421e-01,9.217326078008305501e-01,1.341084927507605051e-01,8.524082100029628517e-02
7.002068810342956112e-03,-1.466831560781131916e-01,9.891587449723825420e-01,7.721962698953583892e-01
0.000000000000000000e+00,0.000000000000000000e+00,0.000000000000000000e+00,1.000000000000000000e+00
9.223948304423409406e-01,-3.809080087912050661e-01,-6.400676223622235594e-02,4.416944698914490042e-01
3.862115185287026686e-01,9.118429521876667554e-01,1.392231787506446328e-01,8.385865099930828181e-02
5.332891241960995704e-03,-1.531388891967016275e-01,9.881902857681822416e-01,7.718753654229931760e-01
0.000000000000000000e+00,0.000000000000000000e+00,0.000000000000000000e+00,1.000000000000000000e+00
8.932296816870197720e-01,-4.457120798742298384e-01,-5.900404738230727308e-02,4.399280989040687539e-01
4.495990987070371259e-01,8.858448413529654841e-01,1.146279524817546136e-01,8.693122691813839897e-02
1.177367880195605981e-03,-1.289172560308651516e-01,9.916546550600905396e-01,7.721221232012805968e-01
0.000000000000000000e+00,0.000000000000000000e+00,0.000000000000000000e+00,1.000000000000000000e+00
8.811261249655462091e-01,-4.678683458768845838e-01,-6.867286822048812578e-02,4.408328118608205171e-01
4.728417528057783925e-01,8.735912145848954147e-01,1.151480204069801339e-01,8.633379988787756587e-02
6.117900518953146849e-03,-1.339313283982318803e-01,9.909717304579002128e-01,7.722191958976073467e-01
0.000000000000000000e+00,0.000000000000000000e+00,0.000000000000000000e+00,1.000000000000000000e+00
9.096186596900647237e-01,-4.055640251091387483e-01,-9.006506248776047219e-02,4.454625939674832225e-01
4.152497790053743532e-01,8.942022044419710713e-01,1.672424545595619094e-01,7.839377595308535951e-02
1.270885437945110802e-02,-1.895263546538930310e-01,9.817933824955068500e-01,7.734957749117150616e-01
0.000000000000000000e+00,0.000000000000000000e+00,0.000000000000000000e+00,1.000000000000000000e+00
9.108107088728730760e-01,-3.972395959840911428e-01,-1.123590494125432659e-01,4.483051916141982396e-01
4.120061112230316014e-01,8.918161321896456162e-01,1.868554272189475729e-01,7.511917328283893025e-02
2.597723844771013257e-02,-2.164825391312115987e-01,9.759408247091286848e-01,7.752791846426051459e-01
0.000000000000000000e+00,0.000000000000000000e+00,0.000000000000000000e+00,1.000000000000000000e+00
9.014475319053744107e-01,-4.197078949375545598e-01,-1.060076891022329743e-01,4.473674758220810843e-01
4.323660090661479716e-01,8.849724931901232772e-01,1.728679279133898405e-01,7.597377946096414703e-02
2.125985479538079759e-02,-2.016654884305789097e-01,9.792236972980868925e-01,7.754508873296479532e-01
0.000000000000000000e+00,0.000000000000000000e+00,0.000000000000000000e+00,1.000000000000000000e+00
8.970772325089806376e-01,-4.286031435129293299e-01,-1.074792272249091019e-01,4.475649100177780948e-01
4.413554314661420341e-01,8.808930302496141840e-01,1.709761748694480221e-01,7.542652590101212029e-02
2.139677614417526824e-02,-2.008153744823532316e-01,9.793954070456672989e-01,7.756282753707733901e-01
0.000000000000000000e+00,0.000000000000000000e+00,0.000000000000000000e+00,1.000000000000000000e+00
9.043269978743219140e-01,-4.083502568896074103e-01,-1.242688561700308336e-01,4.491471466135981694e-01
4.258038726152783560e-01,8.833286571844599644e-01,1.960141460776000377e-01,7.121583588096841444e-02
2.972781494573716737e-02,-2.301750444659249606e-01,9.726950734550172672e-01,7.763753198974057135e-01
0.000000000000000000e+00,0.000000000000000000e+00,0.000000000000000000e+00,1.000000000000000000e+00
9.023340251054496886e-01,-4.076124876112273143e-01,-1.401619316376055413e-01,4.502084699244922050e-01
4.295725234790438996e-01,8.771825235111003760e-01,2.145186880403291141e-01,6.863310578782594318e-02
3.550710082284978808e-02,-2.537772259090338989e-01,9.666107620966524205e-01,7.769235561229963505e-01
0.000000000000000000e+00,0.000000000000000000e+00,0.000000000000000000e+00,1.000000000000000000e+00
9.002751253809564425e-01,-4.137533336808865703e-01,-1.353250807805262690e-01,4.493314258607844502e-01
4.339322238273100596e-01,8.777549176656128660e-01,2.030988174217623621e-01,6.886956239684759173e-02
3.474944236370331591e-02,-2.415667265618052506e-01,9.697618227552710080e-01,7.766509113448294421e-01
0.000000000000000000e+00,0.000000000000000000e+00,0.000000000000000000e+00,1.000000000000000000e+00
8.964917038717983289e-01,-4.233347402237118695e-01,-1.307299606393359515e-01,4.482610009261712714e-01
4.419672122392318547e-01,8.751803686440891017e-01,1.967849223021879423e-01,6.882537054172355173e-02
3.110640118242120888e-02,-2.341944065508797246e-01,9.716920148615812991e-01,7.763735364618263857e-01
0.000000000000000000e+00,0.000000000000000000e+00,0.000000000000000000e+00,1.000000000000000000e+00
8.960815991146622306e-01,-4.188628519209805501e-01,-1.469410732529630170e-01,4.489503910816816656e-01
4.424280749791387746e-01,8.696152536791279530e-01,2.191499692877907357e-01,6.516042817871366133e-02
3.598841755847944496e-02,-2.613871111000096725e-01,9.645629123869670085e-01,7.769170085679488746e-01
0.000000000000000000e+00,0.000000000000000000e+00,0.000000000000000000e+00,1.000000000000000000e+00
8.908865201448346038e-01,-4.229383828643445975e-01,-1.656633107369290814e-01,4.495553226612721831e-01
4.524360372469428127e-01,8.585985207199674507e-01,2.410605990570975077e-01,6.254392799759041222e-02
4.028449359878064073e-02,-2.897096900650318885e-01,9.562664142684887958e-01,7.774081861232113866e-01
0.000000000000000000e+00,0.000000000000000000e+00,0.000000000000000000e+00,1.000000000000000000e+00
8.859860017158390777e-01,-4.309877988798101467e-01,-1.711090937978391735e-01,4.492426512080763823e-01
4.616332483544118293e-01,8.546706914377837361e-01,2.375557896811077152e-01,6.209436576800535235e-02
4.385828060167611120e-02,-2.894607510768896219e-01,9.561845662886782060e-01,7.772809273891216897e-01
0.000000000000000000e+00,0.000000000000000000e+00,0.000000000000000000e+00,1.000000000000000000e+00
8.846502084560979862e-01,-4.344238421982605236e-01,-1.693219832398714375e-01,4.489249352653266745e-01
4.640035499276339848e-01,8.559214691890515425e-01,2.282523696170734584e-01,6.246508974463289843e-02
4.576804926076818991e-02,-2.804895076664300491e-01,9.587653110933392897e-01,7.772743703018394346e-01
0.000000000000000000e+00,0.000000000000000000e+00,0.000000000000000000e+00,1.000000000000000000e+00
8.721186633204549565e-01,-4.541058029816792962e-01,-1.822003204895840112e-01,4.488858831706719621e-01
4.860427554876947664e-01,8.468782093806406230e-01,2.157770569689207441e-01,6.335880460371670631e-02
5.631586744490242602e-02,-2.767403443204553004e-01,9.592931277244323152e-01,7.777351812805212150e-01
0.000000000000000000e+00,0.000000000000000000e+00,0.000000000000000000e+00,1.000000000000000000e+00
8.631626510468748403e-01,-4.638760071703900145e-01,-1.994223854269802643e-01,4.493996368916924333e-01
5.014644864841600880e-01,8.337192782113610479e-01,2.311829014739298360e-01,6.206627969744826778e-02
5.902208597557756509e-02,-2.995516902145326510e-01,9.522526861378276530e-01,7.780933069847347783e-01
0.000000000000000000e+00,0.000000000000000000e+00,0.000000000000000000e+00,1.000000000000000000e+00
8.606624296380265271e-01,-4.696093848651136105e-01,-1.967922962317849023e-01,4.479137426599897331e-01
5.077143142699039879e-01,8.207681671872645301e-01,2.618507032976992166e-01,5.907279220868812131e-02
3.855330459260543352e-02,-3.252793282375443518e-01,9.448317317524436154e-01,7.785854157636221684e-01
0.000000000000000000e+00,0.000000000000000000e+00,0.000000000000000000e+00,1.000000000000000000e+00
8.564585864468019505e-01,-4.817379385008943027e-01,-1.854919090161463446e-01,4.460297725831711135e-01
5.150660225539237524e-01,8.214448423042119973e-01,2.448169999454471446e-01,6.014701050564623397e-02
3.443373508678226891e-02,-3.052162015043052845e-01,9.516603323808641157e-01,7.791769555985805784e-01
0.000000000000000000e+00,0.000000000000000000e+00,0.000000000000000000e+00,1.000000000000000000e+00
8.445474806119878108e-01,-5.056642490174878546e-01,-1.761908631499493338e-01,4.434889343360197689e-01
5.337651374923897407e-01,8.212835649610112920e-01,2.014648453767126923e-01,6.307198850351024288e-02
4.282909046050834001e-02,-2.641911678889218851e-01,9.635189130576592431e-01,7.805779924985323248e-01
0.000000000000000000e+00,0.000000000000000000e+00,0.000000000000000000e+00,1.000000000000000000e+00
8.380107025972824975e-01,-5.119918976402183519e-01,-1.886858740954852620e-01,4.433230479688827774e-01
5.430900736202005641e-01,8.160999584023768127e-01,1.975703161683050879e-01,6.267901227658043140e-02
5.283213290805320594e-02,-2.680394647181775225e-01,9.619582169127610660e-01,7.812400845495293122e-01
0.000000000000000000e+00,0.000000000000000000e+00,0.000000000000000000e+00,1.000000000000000000e+00
8.342769424897550357e-01,-5.082028476723511323e-01,-2.138032947539841855e-01,4.446445110070373907e-01
5.490317608332168087e-01,8.012574722031760022e-01,2.378036770845945447e-01,5.908739942174447146e-02
5.045898162194074887e-02,-3.157789240216797855e-01,9.474901383747414974e-01,7.793539006782141954e-01
0.000000000000000000e+00,0.000000000000000000e+00,0.000000000000000000e+00,1.000000000000000000e+00
8.346205030148405868e-01,-5.059770979882471931e-01,-2.177057469582423244e-01,4.442913848101781027e-01
5.483362354826155638e-01,8.007328048624420269e-01,2.411521264137638509e-01,5.798249491617544354e-02
5.230668030001531243e-02,-3.206464587805675226e-01,9.457535935260694693e-01,7.783077430700519050e-01
0.000000000000000000e+00,0.000000000000000000e+00,0.000000000000000000e+00,1.000000000000000000e+00
8.338433928394026751e-01,-5.162446405138806371e-01,-1.954396770330112387e-01,4.419529365729167325e-01
5.492414080529101073e-01,8.112909122046435551e-01,2.003520188423716930e-01,6.058817604981452110e-02
5.512777791758217971e-02,-2.744057705567642391e-01,9.600325000681061427e-01,7.752622662429510259e-01
0.000000000000000000e+00,0.000000000000000000e+00,0.000000000000000000e+00,1.000000000000000000e+00
8.371114977394507051e-01,-5.126973670068586397e-01,-1.907504920482465949e-01,4.417278459269935453e-01
5.444405366634157417e-01,8.147557809194940770e-01,1.993928772446928732e-01,6.054329720517428320e-02
5.318686294627109068e-02,-2.707663703684413115e-01,9.611746616965277656e-01,7.739476025144094162e-01
0.000000000000000000e+00,0.000000000000000000e+00,0.000000000000000000e+00,1.000000000000000000e+00
8.430369594674260725e-01,-5.028878992768254230e-01,-1.907680416968705606e-01,4.420296523156260760e-01
5.360413611603943584e-01,8.146772147447873813e-01,2.212706372318464232e-01,5.891366904650389980e-02
4.414005094275623431e-02,-2.887988859684489928e-01,9.563717161052776028e-01,7.724459673831037820e-01
0.000000000000000000e+00,0.000000000000000000e+00,0.000000000000000000e+00,1.000000000000000000e+00
8.426851037789687693e-01,-5.039663066200079644e-01,-1.894723664833916354e-01,4.413209399310310532e-01
5.365731761927199361e-01,8.151129457716252968e-01,2.183577620007124964e-01,5.921644163292626162e-02
4.439642394928849933e-02,-2.856726228172583038e-01,9.572983391363548700e-01,7.716147318993873405e-01
0.000000000000000000e+00,0.000000000000000000e+00,0.000000000000000000e+00,1.000000000000000000e+00
8.426851037789687693e-01,-5.039663066200079644e-01,-1.894723664833916354e-01,4.413209399310310532e-01
5.365731761927199361e-01,8.151129457716252968e-01,2.183577620007124964e-01,5.921644163292626162e-02
4.439642394928849933e-02,-2.856726228172583038e-01,9.572983391363548700e-01,7.716147318993873405e-01
0.000000000000000000e+00,0.000000000000000000e+00,0.000000000000000000e+00,1.000000000000000000e+00
8.423687936621524486e-01,-5.045791431059595267e-01,-1.892477313117005844e-01,4.411710001907609979e-01
5.370670809900529585e-01,8.149847415046546084e-01,2.176208207672583050e-01,5.927394505058876384e-02
4.442708611864981672e-02,-2.849557149050477856e-01,9.575105610707169701e-01,7.714050869291807500e-01
0.000000000000000000e+00,0.000000000000000000e+00,0.000000000000000000e+00,1.000000000000000000e+00
8.423687936621524486e-01,-5.045791431059595267e-01,-1.892477313117005844e-01,4.411710001907609979e-01
5.370670809900529585e-01,8.149847415046546084e-01,2.176208207672583050e-01,5.927394505058876384e-02
4.442708611864981672e-02,-2.849557149050477856e-01,9.575105610707169701e-01,7.714050869291807500e-01
0.000000000000000000e+00,0.000000000000000000e+00,0.000000000000000000e+00,1.000000000000000000e+00
8.423687936621524486e-01,-5.045791431059595267e-01,-1.892477313117005844e-01,4.411710001907609979e-01
5.370670809900529585e-01,8.149847415046546084e-01,2.176208207672583050e-01,5.927394505058876384e-02
4.442708611864981672e-02,-2.849557149050477856e-01,9.575105610707169701e-01,7.714050869291807500e-01
0.000000000000000000e+00,0.000000000000000000e+00,0.000000000000000000e+00,1.000000000000000000e+00
8.292155725376123554e-01,-5.195238821425507414e-01,-2.061467199463838940e-01,4.387124755144506949e-01
5.572104539012421309e-01,7.972849785268130152e-01,2.320628644972544952e-01,6.088733352453415404e-02
4.379548292109121388e-02,-3.072972484403860283e-01,9.506052581259353262e-01,7.672786357839656013e-01
0.000000000000000000e+00,0.000000000000000000e+00,0.000000000000000000e+00,1.000000000000000000e+00
8.273920892738748645e-01,-5.223185005947837967e-01,-2.064115174679677922e-01,4.393155220579346154e-01
5.596742994138702576e-01,7.974166100566688620e-01,2.255912865811175450e-01,6.227056183885433527e-02
4.676546998166228319e-02,-3.021756673561710183e-01,9.521044359077668329e-01,7.650105808835461207e-01
0.000000000000000000e+00,0.000000000000000000e+00,0.000000000000000000e+00,1.000000000000000000e+00
8.271204805661906967e-01,-5.198066574930476635e-01,-2.137118374209984739e-01,4.408660051730732832e-01
5.602152951586732987e-01,7.930139046363012811e-01,2.393486371880312047e-01,6.219370605103877181e-02
4.506144358799775429e-02,-3.176947998935342188e-01,9.471216819513598173e-01,7.600083359180342946e-01
0.000000000000000000e+00,0.000000000000000000e+00,0.000000000000000000e+00,1.000000000000000000e+00
8.255523019400859974e-01,-5.165387299673578347e-01,-2.272688654548485898e-01,4.425184475745768120e-01
5.623052664761307717e-01,7.869869640259967714e-01,2.538982192658150172e-01,6.162108430598815800e-02
4.770937072140617186e-02,-3.374007393246988284e-01,9.401513479480386737e-01,7.577732254873780215e-01
0.000000000000000000e+00,0.000000000000000000e+00,0.000000000000000000e+00,1.000000000000000000e+00
8.177069371079161986e-01,-5.273993786309493226e-01,-2.306626550295452494e-01,4.430050547955579621e-01
5.729678400056427146e-01,7.842437600937375297e-01,2.380537314836807250e-01,6.333804879143904720e-02
5.534635782830320261e-02,-3.268204708608761222e-01,9.434644458067387163e-01,7.561550598590025540e-01
0.000000000000000000e+00,0.000000000000000000e+00,0.000000000000000000e+00,1.000000000000000000e+00
8.188928177982406353e-01,-5.253882893735610793e-01,-2.310447972744265610e-01,4.432884765179031517e-01
5.711443934087445662e-01,7.856810337513191467e-01,2.376960140204621708e-01,6.330049254888217569e-02
5.664481296831082313e-02,-3.266074992901750740e-01,9.434611314575728214e-01,7.558609128941412569e-01
0.000000000000000000e+00,0.000000000000000000e+00,0.000000000000000000e+00,1.000000000000000000e+00
8.190942373896132889e-01,-5.209766852237669443e-01,-2.401414660744449203e-01,4.451540217387050524e-01
5.707687930768758910e-01,7.820923788350809813e-01,2.501089678873004152e-01,6.282740182366441939e-02
5.751186942444314054e-02,-3.419280690749740836e-01,9.379645944565101479e-01,7.532102044737511992e-01
0.000000000000000000e+00,0.000000000000000000e+00,0.000000000000000000e+00,1.000000000000000000e+00
8.160593279237575715e-01,-5.199190225175577273e-01,-2.524507542730111131e-01,4.474341930672566248e-01
5.752446872098947450e-01,7.729909535538634913e-01,2.675416520108213070e-01,6.222962901688000592e-02
5.604215507468816859e-02,-3.635508159092429303e-01,9.298871335308970254e-01,7.500936616795520484e-01
0.000000000000000000e+00,0.000000000000000000e+00,0.000000000000000000e+00,1.000000000000000000e+00
8.161762075120161386e-01,-5.201416374924099362e-01,-2.516129472781890586e-01,4.475196800432925670e-01
5.749816148376598601e-01,7.741205623255930091e-01,2.648272976552542568e-01,6.249217469268118774e-02
5.703105198029763401e-02,-3.608185581859973956e-01,9.308906633856623980e-01,7.500630363395840439e-01
0.000000000000000000e+00,0.000000000000000000e+00,0.000000000000000000e+00,1.000000000000000000e+00
8.162872657908566421e-01,-5.280294715037705533e-01,-2.342220675579821942e-01,4.460543839922511689e-01
5.753489805553742009e-01,7.793308936124965225e-01,2.482275344014823193e-01,6.378903018944656611e-02
5.146503941103001967e-02,-3.373844031436488700e-01,9.399591024261773065e-01,7.502405528988906891e-01
0.000000000000000000e+00,0.000000000000000000e+00,0.000000000000000000e+00,1.000000000000000000e+00
8.093964205135469880e-01,-5.246771796048540493e-01,-2.638016142136987985e-01,4.504903070711177571e-01
5.846809200022257125e-01,7.620335607575406955e-01,2.783039239114935559e-01,6.318747387516041036e-02
5.500596554200563870e-02,-3.794979703253750780e-01,9.235559724638850998e-01,7.464036868499879240e-01
0.000000000000000000e+00,0.000000000000000000e+00,0.000000000000000000e+00,1.000000000000000000e+00
8.054572176326730837e-01,-5.263126034676310905e-01,-2.724586463934605685e-01,4.516231599017231368e-01
5.899037621269254128e-01,7.562128393153393358e-01,2.831178077817300687e-01,6.329166689459095330e-02
5.702825608356215659e-02,-3.887636622496463690e-01,9.195708743334091162e-01,7.457320045064922409e-01
0.000000000000000000e+00,0.000000000000000000e+00,0.000000000000000000e+00,1.000000000000000000e+00
8.038015918103091906e-01,-5.247086383157288925e-01,-2.803281039782965500e-01,4.531025087617536751e-01
5.926435176359554635e-01,7.472598030951866921e-01,3.006267580941919260e-01,6.189603053725114407e-02
5.173646689999347736e-02,-4.077789003307997762e-01,9.116137923691751688e-01,7.468464024897903952e-01
0.000000000000000000e+00,0.000000000000000000e+00,0.000000000000000000e+00,1.000000000000000000e+00
8.003061355288211276e-01,-5.267206013273374454e-01,-2.864882154160832139e-01,4.536820202955646475e-01
5.966681181245200305e-01,7.467393373773743015e-01,2.938835123428051310e-01,6.207031647251967654e-02
5.913751980484005522e-02,-4.061351624158734963e-01,9.118974633152371334e-01,7.490758725468729118e-01
0.000000000000000000e+00,0.000000000000000000e+00,0.000000000000000000e+00,1.000000000000000000e+00
7.986399700552908598e-01,-5.246037151729205927e-01,-2.948985253555086450e-01,4.546306973742951230e-01
5.986411929038459867e-01,7.427313979577003789e-01,2.999646523283374666e-01,6.130078848401707137e-02
6.166782296096201543e-02,-4.161021659575558918e-01,9.072243752769687530e-01,7.507018871588337916e-01
0.000000000000000000e+00,0.000000000000000000e+00,0.000000000000000000e+00,1.000000000000000000e+00
7.944944023241399256e-01,-5.217520257756073088e-01,-3.107305396555958277e-01,4.565470908543541873e-01
6.039082868689068517e-01,7.326059104605820993e-01,3.139798735735842006e-01,5.959134308513404366e-02
6.382339482250921903e-02,-4.371079998779155429e-01,8.971416670270411231e-01,7.538212574627012330e-01
0.000000000000000000e+00,0.000000000000000000e+00,0.000000000000000000e+00,1.000000000000000000e+00
7.948201289127720948e-01,-5.239711796011149447e-01,-3.061293282625834333e-01,4.569516054751773804e-01
6.032191406651009613e-01,7.372383844411388720e-01,3.043127221163725582e-01,5.973186326095544785e-02
6.623919542341613620e-02,-4.265369473492719998e-01,9.020413524532135963e-01,7.547592900210923217e-01
0.000000000000000000e+00,0.000000000000000000e+00,0.000000000000000000e+00,1.000000000000000000e+00
7.931663652891086658e-01,-5.166975362827899154e-01,-3.223519396147003224e-01,4.599273757501214921e-01
6.045086732836140175e-01,7.321778026734381273e-01,3.138230858257256561e-01,5.796732061703738920e-02
7.386731955979709829e-02,-4.437784596750849464e-01,8.930869486390784484e-01,7.577685908158553474e-01
0.000000000000000000e+00,0.000000000000000000e+00,0.000000000000000000e+00,1.000000000000000000e+00
7.905580700345611334e-01,-5.130296668736447074e-01,-3.343927313964032422e-01,4.621195276995277434e-01
6.074998537455866821e-01,7.258563196176684995e-01,3.226089443431223169e-01,5.673819426048683917e-02
7.721311807148259487e-02,-4.581846398326881453e-01,8.854970187522198666e-01,7.596102885591452525e-01
0.000000000000000000e+00,0.000000000000000000e+00,0.000000000000000000e+00,1.000000000000000000e+00
7.900081431809374832e-01,-5.151701035756003355e-01,-3.323956950529182164e-01,4.626354944379770240e-01
6.083371546158421461e-01,7.260935302061476415e-01,3.204903925341213711e-01,5.680386437271844197e-02
7.624329492951140153e-02,-4.553986712482583910e-01,8.870169165261800881e-01,7.596771291395402192e-01
0.000000000000000000e+00,0.000000000000000000e+00,0.000000000000000000e+00,1.000000000000000000e+00
7.880310762005915404e-01,-5.209414628183000051e-01,-3.280655654878567029e-01,4.635650760279932392e-01
6.109286613405739974e-01,7.274909393433968141e-01,3.122868936184742816e-01,5.727592651048789979e-02
7.598153522239270430e-02,-4.465164336169406001e-01,8.915435383733407715e-01,7.593619037783593262e-01
0.000000000000000000e+00,0.000000000000000000e+00,0.000000000000000000e+00,1.000000000000000000e+00
7.843212749273145157e-01,-5.197025654169066256e-01,-3.387467803470279870e-01,4.665627817659174226e-01
6.155481295198838021e-01,7.198183372527784396e-01,3.208770194314602420e-01,5.595224848884386426e-02
7.707553399726932430e-02,-4.601856199988555995e-01,8.844707780392208063e-01,7.612561944729406838e-01
0.000000000000000000e+00,0.000000000000000000e+00,0.000000000000000000e+00,1.000000000000000000e+00
7.834323417357360597e-01,-5.190290758034453722e-01,-3.418224457128031801e-01,4.674487431312751573e-01
6.162494538981057035e-01,7.199724103851370405e-01,3.191807307067617283e-01,5.583530437185016404e-02
8.043865049059067962e-02,-4.607044027951515131e-01,8.839010559742619400e-01,7.621520307066639299e-01
0.000000000000000000e+00,0.000000000000000000e+00,0.000000000000000000e+00,1.000000000000000000e+00
7.813871807485124332e-01,-5.231022190344468692e-01,-3.402912608386073900e-01,4.677459754967958627e-01
6.187796539561417619e-01,7.201603815584886048e-01,3.138164506259186748e-01,5.615974736021742131e-02
8.090620255461863919e-02,-4.557774602531039498e-01,8.864091003105852851e-01,7.629707081178543904e-01
0.000000000000000000e+00,0.000000000000000000e+00,0.000000000000000000e+00,1.000000000000000000e+00
7.803058118626786666e-01,-5.246633474602963032e-01,-3.403692286401376887e-01,4.682369851642542158e-01
6.199125189243003264e-01,7.208041458016849479e-01,3.100803964716769556e-01,5.624539896518142984e-02
8.265173231248690300e-02,-4.529566814021620536e-01,8.876930414951360593e-01,7.638770202052533875e-01
0.000000000000000000e+00,0.000000000000000000e+00,0.000000000000000000e+00,1.000000000000000000e+00
7.809958088457514824e-01,-5.231721489908529588e-01,-3.410812939544812794e-01,4.684491939242888536e-01
6.189805241149795023e-01,7.211019755406244958e-01,3.112475729025914739e-01,5.605122620458177773e-02
8.311833330689302746e-02,-4.542057280480966130e-01,8.870109916323375421e-01,7.642206723660531775e-01
0.000000000000000000e+00,0.000000000000000000e+00,0.000000000000000000e+00,1.000000000000000000e+00
7.785804046346045393e-01,-5.243180534587226216e-01,-3.448233349648358592e-01,4.696048851688605641e-01
6.218274529039342635e-01,7.185862248371885919e-01,3.113911628310006563e-01,5.580888464699143570e-02
8.451729014835226983e-02,-4.568636736396245457e-01,8.855125133923775760e-01,7.659440548638890567e-01
0.000000000000000000e+00,0.000000000000000000e+00,0.000000000000000000e+00,1.000000000000000000e+00
7.703307569391256715e-01,-5.333422141178736364e-01,-3.494804823640911273e-01,4.703100199246834090e-01
6.314778144583530484e-01,7.141333809663559240e-01,3.020749642662615142e-01,5.682766119844192415e-02
8.846634818107582121e-02,-4.533868070747158474e-01,8.869126836448438800e-01,7.684209072427585774e-01
0.000000000000000000e+00,0.000000000000000000e+00,0.000000000000000000e+00,1.000000000000000000e+00
7.690803275675263118e-01,-5.364817517446344164e-01,-3.474230559327275425e-01,4.700685462890372701e-01
6.331013414136187345e-01,7.140455503473690513e-01,2.988672674104670968e-01,5.738379782301665510e-02
8.773905201734982784e-02,-4.498069386682819193e-01,8.888057024327450373e-01,7.693174297982108278e-01
0.000000000000000000e+00,0.000000000000000000e+00,0.000000000000000000e+00,1.000000000000000000e+00
7.673108277502354024e-01,-5.357499584819587213e-01,-3.524288234577700463e-01,4.703936232278792540e-01
6.348677193226188731e-01,7.121365868968875246e-01,2.996739237320261706e-01,5.755634889373529434e-02
9.042716726374341873e-02,-4.536887298461702578e-01,8.865604682317070884e-01,7.705130215380183722e-01
0.000000000000000000e+00,0.000000000000000000e+00,0.000000000000000000e+00,1.000000000000000000e+00
7.658492379329400190e-01,-5.355570465757153453e-01,-3.558842432879430473e-01,4.706207591803020507e-01
6.362873525567827038e-01,7.110612230173563031e-01,2.992162129586931618e-01,5.769891195877525913e-02
9.280813398520315616e-02,-4.555991516499546812e-01,8.853338710802982625e-01,7.712914543431891312e-01
0.000000000000000000e+00,0.000000000000000000e+00,0.000000000000000000e+00,1.000000000000000000e+00
7.487176348814016391e-01,-5.512326619836119823e-01,-3.681907869299029801e-01,4.704478364472449714e-01
6.551595507345767677e-01,6.999177955421854724e-01,2.843959257173617194e-01,5.974846168825305448e-02
1.009349607364453671e-01,-4.541559554226153317e-01,8.851861396651574676e-01,7.753829745446562116e-01
0.000000000000000000e+00,0.000000000000000000e+00,0.000000000000000000e+00,1.000000000000000000e+00
7.464966071132659309e-01,-5.514958047859284118e-01,-3.722837531667254618e-01,4.705636084527560770e-01
6.571999714051699470e-01,6.986152029841188327e-01,2.828868956747598307e-01,5.985018629766235276e-02
1.040721535927167929e-01,-4.558389797537938937e-01,8.839569058407735769e-01,7.763991002454799784e-01
0.000000000000000000e+00,0.000000000000000000e+00,0.000000000000000000e+00,1.000000000000000000e+00
7.464118288919363575e-01,-5.508514004929809804e-01,-3.734061010014648740e-01,4.706434214536516780e-01
6.571829051296234070e-01,6.984817959545763788e-01,2.832557323788132964e-01,5.978681169879281748e-02
1.047855471693647511e-01,-4.568215354982630982e-01,8.833651984368786625e-01,7.766156019617830308e-01
0.000000000000000000e+00,0.000000000000000000e+00,0.000000000000000000e+00,1.000000000000000000e+00
7.460897800452785944e-01,-5.480573099624280742e-01,-3.781312273652294720e-01,4.709831220323012491e-01
6.570433821733115964e-01,6.980223036472561482e-01,2.847083728189836460e-01,5.955946341323518911e-02
1.079075254754895963e-01,-4.608666277869605254e-01,8.808847355574007665e-01,7.774235498698089941e-01
0.000000000000000000e+00,0.000000000000000000e+00,0.000000000000000000e+00,1.000000000000000000e+00
7.454916212958385691e-01,-5.460121794552044161e-01,-3.822472268889335889e-01,4.713642679830046256e-01
6.569589991733260081e-01,6.987197171902613801e-01,2.831883299409479471e-01,5.924898785111188532e-02
1.124593970412609001e-01,-4.622352828334712060e-01,8.795973097508751337e-01,7.790272884407845044e-01
0.000000000000000000e+00,0.000000000000000000e+00,0.000000000000000000e+00,1.000000000000000000e+00
7.332465469810076630e-01,-5.560239336563335133e-01,-3.913909637967720734e-01,4.713658247529659007e-01
6.696014135121386435e-01,6.905617418183855882e-01,2.734198744775209189e-01,5.976531299157658572e-02
1.182516315446634492e-01,-4.625601214308195930e-01,8.786664245883819557e-01,7.819945050551024845e-01
0.000000000000000000e+00,0.000000000000000000e+00,0.000000000000000000e+00,1.000000000000000000e+00
7.319355167196177625e-01,-5.520693032635128894e-01,-3.993618456469338884e-01,4.720989110244576126e-01
6.700819189846218826e-01,6.894707068710462794e-01,2.749915748102589319e-01,5.931235200713820543e-02
1.235338869066812395e-01,-4.688812523026261170e-01,8.745797562400173808e-01,7.834572852291581402e-01
0.000000000000000000e+00,0.000000000000000000e+00,0.000000000000000000e+00,1.000000000000000000e+00
7.227435203857377477e-01,-5.524347084042136036e-01,-4.152802628235324756e-01,4.746400572022356212e-01
6.780893716437919050e-01,6.829428196204466728e-01,2.716319369893781532e-01,5.856606452159936194e-02
1.335537637214245510e-01,-4.779173548629780388e-01,8.681926019706781572e-01,7.864101456960348457e-01
0.000000000000000000e+00,0.000000000000000000e+00,0.000000000000000000e+00,1.000000000000000000e+00
7.263265622282981671e-01,-5.495516592016824742e-01,-4.128470647471046417e-01,4.752563712013253561e-01
6.743282057525727957e-01,6.860727662050322140e-01,2.731036989831719941e-01,5.800891715524170850e-02
1.331585368203551667e-01,-4.767568912354106514e-01,8.688910580339799239e-01,7.864272754934831244e-01
0.000000000000000000e+00,0.000000000000000000e+00,0.000000000000000000e+00,1.000000000000000000e+00
7.278912889963985444e-01,-5.497292207367315831e-01,-4.098439401422777073e-01,4.753938178047257823e-01
6.728917769053780473e-01,6.876195957612603049e-01,2.727562063423006888e-01,5.784003264357188284e-02
1.318746676821749841e-01,-4.743174837525035992e-01,8.704205860561946562e-01,7.863370993431838540e-01
0.000000000000000000e+00,0.000000000000000000e+00,0.000000000000000000e+00,1.000000000000000000e+00
7.281709305232464402e-01,-5.490817322218742857e-01,-4.102150012872951557e-01,4.756866226332351344e-01
6.725294738285511054e-01,6.878217213373959416e-01,2.731398661644870995e-01,5.761348385197558042e-02
1.321786774514020213e-01,-4.747741894803125251e-01,8.701254313203991009e-01,7.866327678583387994e-01
0.000000000000000000e+00,0.000000000000000000e+00,0.000000000000000000e+00,1.000000000000000000e+00
7.282688425034241630e-01,-5.470175474643639291e-01,-4.127908620655197369e-01,4.765082242237812515e-01
6.719864444619785271e-01,6.881564297740135894e-01,2.736328683108653070e-01,5.707303812982543467e-02
1.343827053532964666e-01,-4.766681559814494040e-01,8.687512633516993876e-01,7.875133642430991454e-01
0.000000000000000000e+00,0.000000000000000000e+00,0.000000000000000000e+00,1.000000000000000000e+00
7.282386345199890476e-01,-5.451436138207131910e-01,-4.153154602262658091e-01,4.771198201334184708e-01
6.715516139230036652e-01,6.885198144221846839e-01,2.737862213213975715e-01,5.670924609323535481e-02
1.367001134961885467e-01,-4.782874715676059263e-01,8.674988031758866791e-01,7.881604938712957198e-01
0.000000000000000000e+00,0.000000000000000000e+00,0.000000000000000000e+00,1.000000000000000000e+00
7.286380541854089454e-01,-5.376877633679296720e-01,-4.242386770643319371e-01,4.792268830761583498e-01
6.693993934693579506e-01,6.901114901869636054e-01,2.750465108573170725e-01,5.515357612626767270e-02
1.448828423787883735e-01,-4.843944675946680323e-01,8.627693560552098795e-01,7.906319616482857526e-01
0.000000000000000000e+00,0.000000000000000000e+00,0.000000000000000000e+00,1.000000000000000000e+00
7.257614441057582688e-01,-5.422191151606251536e-01,-4.234014140315938146e-01,4.793348963522699457e-01
6.721458702317272271e-01,6.900343197984897259e-01,2.684633431786724866e-01,5.533588398100740269e-02
1.465955503416065397e-01,-4.794278555264225306e-01,8.652506434354020337e-01,7.911042884044358070e-01
0.000000000000000000e+00,0.000000000000000000e+00,0.000000000000000000e+00,1.000000000000000000e+00
7.245746079655761562e-01,-5.235787460442964392e-01,-4.481706529685022811e-01,4.826918525822400108e-01
6.686667089428581789e-01,6.915932705178716722e-01,2.730999460379313071e-01,5.302699558507411454e-02
1.669624803453115258e-01,-4.975580819010743117e-01,8.512105998469857715e-01,7.960721429158369444e-01
0.000000000000000000e+00,0.000000000000000000e+00,0.000000000000000000e+00,1.000000000000000000e+00
7.201499295529442124e-01,-5.311666241911741082e-01,-4.463699097276174754e-01,4.821603956568084048e-01
6.728957199251566212e-01,6.915014220118491650e-01,2.627491835610449300e-01,5.400705950143185052e-02
1.691018304788407811e-01,-4.895792077906724327e-01,8.554044483329291682e-01,7.962549195975417993e-01
0.000000000000000000e+00,0.000000000000000000e+00,0.000000000000000000e+00,1.000000000000000000e+00
7.194729747650290275e-01,-5.212817899163477708e-01,-4.589378324831899225e-01,4.831726356620101304e-01
6.689845953100883591e-01,6.976917235962452057e-01,2.562925478103055821e-01,5.399643130163336857e-02
1.865964893039444017e-01,-4.914179019194449549e-01,8.506998271144374790e-01,7.988813578936557747e-01
0.000000000000000000e+00,0.000000000000000000e+00,0.000000000000000000e+00,1.000000000000000000e+00
7.153555546587788694e-01,-5.195392045959477123e-01,-4.672744860428835745e-01,4.834483993054384809e-01
6.703989634789302432e-01,6.988750839898127953e-01,2.492766470101200338e-01,5.436069703445257917e-02
1.970575047675343638e-01,-4.915817651887040562e-01,8.482427175925243423e-01,8.003014387291736975e-01
0.000000000000000000e+00,0.000000000000000000e+00,0.000000000000000000e+00,1.000000000000000000e+00
7.146337026090510136e-01,-5.219513057256294219e-01,-4.656882063640748193e-01,4.831852593586817290e-01
6.718704725075236306e-01,6.974405185075738256e-01,2.493326920329614893e-01,5.443949637458847524e-02
1.946502999427318636e-01,-4.910637001400095514e-01,8.490981704944413622e-01,8.000422293538254070e-01
0.000000000000000000e+00,0.000000000000000000e+00,0.000000000000000000e+00,1.000000000000000000e+00
7.170554500594410463e-01,-5.185884163445689810e-01,-4.657225955150600116e-01,4.833513686358086869e-01
6.703826986112141340e-01,6.960501443065316707e-01,2.571016025107629721e-01,5.377324414013603254e-02
1.908363669293625664e-01,-4.965684756849635395e-01,8.467592515072470682e-01,7.998606474689999857e-01
0.000000000000000000e+00,0.000000000000000000e+00,0.000000000000000000e+00,1.000000000000000000e+00
7.115937195470113386e-01,-5.164193078604552012e-01,-4.763879477591531630e-01,4.836085225930723541e-01
6.728572577798489496e-01,6.960670447639678571e-01,2.505070455027925691e-01,5.404476079046097170e-02
2.022312759051654585e-01,-4.988003284506583590e-01,8.427934167892415784e-01,8.011819813623135556e-01
0.000000000000000000e+00,0.000000000000000000e+00,0.000000000000000000e+00,1.000000000000000000e+00
7.128173967597719596e-01,-5.201304078487898330e-01,-4.704845562902923994e-01,4.832096215760453006e-01
6.732604611415593521e-01,6.954102107066435501e-01,2.512468712410093619e-01,5.405865882655552790e-02
1.964986268147352888e-01,-4.958517900300381531e-01,8.458837343180978241e-01,8.005687134980769004e-01
0.000000000000000000e+00,0.000000000000000000e+00,0.000000000000000000e+00,1.000000000000000000e+00
7.131717667580831366e-01,-5.197686171652093901e-01,-4.703473351782917478e-01,4.832652191909531658e-01
6.726968100662842343e-01,6.961602854245040328e-01,2.506787959208331418e-01,5.394792462219376306e-02
1.971421639979633322e-01,-4.951781917732637761e-01,8.461285514426049037e-01,8.007248749256904441e-01
0.000000000000000000e+00,0.000000000000000000e+00,0.000000000000000000e+00,1.000000000000000000e+00
7.133938756029987172e-01,-5.194476427537935148e-01,-4.703650972273138997e-01,4.833223775630269836e-01
6.723546238915443229e-01,6.965509055684998563e-01,2.505116677589346308e-01,5.383287238695026733e-02
1.975055391218008272e-01,-4.949656375842974576e-01,8.461681745533665699e-01,8.008544439337265120e-01
0.000000000000000000e+00,0.000000000000000000e+00,0.000000000000000000e+00,1.000000000000000000e+00
7.133012617120888521e-01,-5.187039382983846814e-01,-4.713252957710710733e-01,4.834848081123058749e-01
6.722775912246767849e-01,6.964713330499012756e-01,2.509392806573730872e-01,5.364047445196188507e-02
1.981013638950737399e-01,-4.958567400302621997e-01,8.455069148087864805e-01,8.010656243172905588e-01
0.000000000000000000e+00,0.000000000000000000e+00,0.000000000000000000e+00,1.000000000000000000e+00
7.112596723798090270e-01,-5.200504288415873644e-01,-4.729241270096586902e-01,4.837827771454996650e-01
6.740614764371789525e-01,6.954305049518191284e-01,2.490332081586476565e-01,5.362854295557996365e-02
1.993760377515241544e-01,-4.959072133415069472e-01,8.451776330017045646e-01,8.012854049843236570e-01
0.000000000000000000e+00,0.000000000000000000e+00,0.000000000000000000e+00,1.000000000000000000e+00
7.117261611067111637e-01,-5.192709308987367711e-01,-4.730788221003590088e-01,4.842182080873871919e-01
6.735647425497458540e-01,6.956435066275159507e-01,2.497812028173210241e-01,5.336534550840727614e-02
1.993900930091520307e-01,-4.964250316115541017e-01,8.448702733551873845e-01,8.013751967077381577e-01
0.000000000000000000e+00,0.000000000000000000e+00,0.000000000000000000e+00,1.000000000000000000e+00
7.123194591450093816e-01,-5.155279069301105244e-01,-4.762687952192758978e-01,4.855991703051950603e-01
6.729677795291822973e-01,6.943588200488393092e-01,2.549121353249891864e-01,5.260280399386361994e-02
1.992871190993618924e-01,-5.020924279419506364e-01,8.415389699618395225e-01,8.017852966089495936e-01
0.000000000000000000e+00,0.000000000000000000e+00,0.000000000000000000e+00,1.000000000000000000e+00
7.125482211374589703e-01,-5.163426740289899231e-01,-4.750423934034045947e-01,4.855856877172523567e-01
6.726565583144999971e-01,6.952690034684777531e-01,2.532472455377184906e-01,5.272418008684613688e-02
1.995198915154438313e-01,-4.999912557160794968e-01,8.427339776567238649e-01,8.017728533125291213e-01
0.000000000000000000e+00,0.000000000000000000e+00,0.000000000000000000e+00,1.000000000000000000e+00
7.128955899632252180e-01,-5.156624902150463985e-01,-4.752600067291610775e-01,4.865193106964681435e-01
6.718156583096221990e-01,6.965435990979162995e-01,2.519736807798187983e-01,5.259120403928875531e-02
2.011059398948573107e-01,-4.989180401037211499e-01,8.429929953434178724e-01,8.022158649819561838e-01
0.000000000000000000e+00,0.000000000000000000e+00,0.000000000000000000e+00,1.000000000000000000e+00
7.128513885237749426e-01,-5.135756583090986815e-01,-4.775802980359448169e-01,4.873761508467203130e-01
6.714342819538958729e-01,6.964400977841527229e-01,2.532729658203890510e-01,5.234411803758973192e-02
2.025312393108339715e-01,-5.012097698476911667e-01,8.412905940948359751e-01,8.027525535111844635e-01
0.000000000000000000e+00,0.000000000000000000e+00,0.000000000000000000e+00,1.000000000000000000e+00
7.128250024990618883e-01,-5.133319910499135608e-01,-4.778815572680574775e-01,4.875755211772440090e-01
6.714567971989534589e-01,6.962897401997397706e-01,2.536264323525886377e-01,5.228882425150707669e-02
2.025494638539822867e-01,-5.016680821592203188e-01,8.410129904080875241e-01,8.028594854927628699e-01
0.000000000000000000e+00,0.000000000000000000e+00,0.000000000000000000e+00,1.000000000000000000e+00
7.139566592462216477e-01,-5.116062283379732012e-01,-4.780428389211244244e-01,4.887970838283363650e-01
6.700862715486806120e-01,6.972749627746190892e-01,2.545427566630827920e-01,5.194977468537093079e-02
2.031016430262499728e-01,-5.020624397557013063e-01,8.406444130466760312e-01,8.034888332496690211e-01
0.000000000000000000e+00,0.000000000000000000e+00,0.000000000000000000e+00,1.000000000000000000e+00
7.145909059823960519e-01,-5.066596337312831988e-01,-4.823441226287930039e-01,4.899419566920800717e-01
6.686953269196369565e-01,6.972329086674335930e-01,2.582882707886485774e-01,5.146465397337486591e-02
2.054419549242514076e-01,-5.071117101965130214e-01,8.370372253003266483e-01,8.046290071814161671e-01
0.000000000000000000e+00,0.000000000000000000e+00,0.000000000000000000e+00,1.000000000000000000e+00
7.115213069262602552e-01,-5.053932279401838201e-01,-4.881752912040386305e-01,4.903072126396179620e-01
6.716438543655602889e-01,6.933196406991372074e-01,2.611559088241992566e-01,5.126124343669537231e-02
2.064750897394663220e-01,-5.136979277484197137e-01,8.327559524518924894e-01,8.058631389212291829e-01
0.000000000000000000e+00,0.000000000000000000e+00,0.000000000000000000e+00,1.000000000000000000e+00
7.119316884561730507e-01,-5.030529217474891679e-01,-4.899908457239350312e-01,4.904220725324272556e-01
6.710457440070857205e-01,6.930060378261057030e-01,2.635151627260546858e-01,5.106237065785333706e-02
2.070045420321000307e-01,-5.164110663588423744e-01,8.309444807688440848e-01,8.066309162404247113e-01
0.000000000000000000e+00,0.000000000000000000e+00,0.000000000000000000e+00,1.000000000000000000e+00
7.121181790742064921e-01,-5.044850756059209296e-01,-4.882443113062606699e-01,4.902682362201979949e-01
6.709349376201649839e-01,6.938015563147871267e-01,2.616977453777634688e-01,5.119028335340147784e-02
2.067220561833250647e-01,-5.139398884559045477e-01,8.325453636536994662e-01,8.069168048618421407e-01
0.000000000000000000e+00,0.000000000000000000e+00,0.000000000000000000e+00,1.000000000000000000e+00
7.127731755769569633e-01,-5.013384614562095276e-01,-4.905243594793853301e-01,4.905304312061163907e-01
6.695802485000403870e-01,6.946015910449966357e-01,2.630416707223087736e-01,5.098180708024103308e-02
2.088460940419157863e-01,-5.159344694653381636e-01,8.307797134144256912e-01,8.084781796616069549e-01
0.000000000000000000e+00,0.000000000000000000e+00,0.000000000000000000e+00,1.000000000000000000e+00
7.114307507480290838e-01,-5.022985735574325705e-01,-4.914900099618141893e-01,4.905413460310477647e-01
6.707901292869735688e-01,6.939002964525688988e-01,2.618071447348265801e-01,5.108903051994544836e-02
2.095397082685311330e-01,-5.159443008554368548e-01,8.305989339467836352e-01,8.090086703365079179e-01
0.000000000000000000e+00,0.000000000000000000e+00,0.000000000000000000e+00,1.000000000000000000e+00
7.111690345348810061e-01,-5.013018232587719281e-01,-4.928844553403526341e-01,4.907295011277264529e-01
6.705315531788577088e-01,6.943461255224675499e-01,2.612869957795191933e-01,5.100206593681975986e-02
2.112487645177455464e-01,-5.163137999021222280e-01,8.299361538819460815e-01,8.103905980732186709e-01
0.000000000000000000e+00,0.000000000000000000e+00,0.000000000000000000e+00,1.000000000000000000e+00
7.110943935015519024e-01,-4.998916043327280012e-01,-4.944220337407217447e-01,4.910865804921646927e-01
6.702338541554221374e-01,6.944218614445956117e-01,2.618489241753552133e-01,5.079612634785073827e-02
2.124413902106375152e-01,-5.175776871789141698e-01,8.288437690300251015e-01,8.117963799053924401e-01
0.000000000000000000e+00,0.000000000000000000e+00,0.000000000000000000e+00,1.000000000000000000e+00
7.138028608469568770e-01,-4.933789964660030281e-01,-4.970539625562797603e-01,4.921291751245749913e-01
6.658010455836144148e-01,6.982064326657904108e-01,2.630907544629361161e-01,5.022396691308611549e-02
2.172428216224084607e-01,-5.187339811794779987e-01,8.268740008146485687e-01,8.141277809156838297e-01
0.000000000000000000e+00,0.000000000000000000e+00,0.000000000000000000e+00,1.000000000000000000e+00
7.134661006608205014e-01,-4.954685057694687145e-01,-4.954564390523285011e-01,4.927594614419160135e-01
6.652926146089851445e-01,7.009182658506700747e-01,2.570978831955445520e-01,5.039905908926114314e-02
2.198905640417164464e-01,-5.130541339736571782e-01,8.297129596781988026e-01,8.154332986733063837e-01
0.000000000000000000e+00,0.000000000000000000e+00,0.000000000000000000e+00,1.000000000000000000e+00
7.160312644546834582e-01,-4.871006046466802575e-01,-5.000322282376064020e-01,4.938926156225922903e-01
6.614021960955923651e-01,7.024884114680862712e-01,2.627873032567830114e-01,4.955163411292294595e-02
2.232629913876341687e-01,-5.188863389085159872e-01,8.251730751610609760e-01,8.170652867208301195e-01
0.000000000000000000e+00,0.000000000000000000e+00,0.000000000000000000e+00,1.000000000000000000e+00
7.161195928381571818e-01,-4.821924117194185677e-01,-5.046416618091721373e-01,4.947970119972492919e-01
6.584907950552750799e-01,7.064722046606408679e-01,2.593971797637847354e-01,4.935199189444827716e-02
2.314359556784204852e-01,-5.180612918585447702e-01,8.234378521157937891e-01,8.187451323060153108e-01
0.000000000000000000e+00,0.000000000000000000e+00,0.000000000000000000e+00,1.000000000000000000e+00
7.172430084993848265e-01,-4.821681347230563075e-01,-5.030669504314908558e-01,4.950082593696593092e-01
6.566857318688669176e-01,7.091932740936985891e-01,2.565321608300033529e-01,4.932330135409464245e-02
2.330800641809635809e-01,-5.143527873337021550e-01,8.252968519529498836e-01,8.193212358228696424e-01
0.000000000000000000e+00,0.000000000000000000e+00,0.000000000000000000e+00,1.000000000000000000e+00
7.179791760831893965e-01,-4.773831083192557334e-01,-5.065681302671439790e-01,4.956517714826494392e-01
6.551157959931304120e-01,7.093772008872372137e-01,2.600140009724001278e-01,4.873837089935657840e-02
2.352215903168576316e-01,-5.185454220729692754e-01,8.220592732254617951e-01,8.202530152211646719e-01
0.000000000000000000e+00,0.000000000000000000e+00,0.000000000000000000e+00,1.000000000000000000e+00
7.182371266262923548e-01,-4.743723654748942531e-01,-5.090248410533229073e-01,4.960664110490188849e-01
6.538815396856479945e-01,7.102529254053846497e-01,2.607291966992175691e-01,4.831973814163097874e-02
2.378536566755566073e-01,-5.201073358710164296e-01,8.203133530421287123e-01,8.212674579601396685e-01
0.000000000000000000e+00,0.000000000000000000e+00,0.000000000000000000e+00,1.000000000000000000e+00
7.190247510127725228e-01,-4.757236339542971759e-01,-5.066462587726650035e-01,4.960417877829708666e-01
6.532379759912081418e-01,7.114695384055257366e-01,2.590197726891476648e-01,4.829945352667321112e-02
2.372415523341771249e-01,-5.172022041893730160e-01,8.223249514806928451e-01,8.216435175217483566e-01
0.000000000000000000e+00,0.000000000000000000e+00,0.000000000000000000e+00,1.000000000000000000e+00
7.194564738274097371e-01,-4.731660730061900688e-01,-5.084252645411422300e-01,4.963763648800082473e-01
6.518890529215993768e-01,7.126133333940420922e-01,2.592737930258511847e-01,4.809519242182439674e-02
2.396310600669493418e-01,-5.179730730693754559e-01,8.211460592527114466e-01,8.225020028673443173e-01
0.000000000000000000e+00,0.000000000000000000e+00,0.000000000000000000e+00,1.000000000000000000e+00
7.194115157536059568e-01,-4.707141874900407363e-01,-5.107594587442214618e-01,4.966493439800269138e-01
6.507446979749968996e-01,7.138745923230326307e-01,2.586781871226373486e-01,4.800413763280703822e-02
2.428547077133348941e-01,-5.184700764086725977e-01,8.198843642918529628e-01,8.234789082957931772e-01
0.000000000000000000e+00,0.000000000000000000e+00,0.000000000000000000e+00,1.000000000000000000e+00
7.199711537327240229e-01,-4.693097915352938410e-01,-5.112630021445608852e-01,4.968184607219620075e-01
6.490692092261823865e-01,7.161186482350765381e-01,2.566773135367924064e-01,4.796310804894198671e-02
2.456637934805786794e-01,-5.166453340726746557e-01,8.201993046532445319e-01,8.245609719683891781e-01
0.000000000000000000e+00,0.000000000000000000e+00,0.000000000000000000e+00,1.000000000000000000e+00
7.205585566103380746e-01,-4.659368581212710025e-01,-5.135155408940461630e-01,4.971853784825337463e-01
6.477689429552230260e-01,7.165329279491596814e-01,2.587971400678092948e-01,4.760308600298174264e-02
2.473676677302418248e-01,-5.191179128181601099e-01,8.181233583959193201e-01,8.253930524060223428e-01
0.000000000000000000e+00,0.000000000000000000e+00,0.000000000000000000e+00,1.000000000000000000e+00
7.209566229420582006e-01,-4.610299864829362493e-01,-5.173711427974374555e-01,4.977311832795347502e-01
6.463561223232937580e-01,7.165936817750494514e-01,2.621397687785551600e-01,4.705327393141954528e-02
2.498905980047632647e-01,-5.233974080979219012e-01,8.146225151720267732e-01,8.263537596796952656e-01
0.000000000000000000e+00,0.000000000000000000e+00,0.000000000000000000e+00,1.000000000000000000e+00
7.201325757081540324e-01,-4.595079954328748495e-01,-5.198667863378086951e-01,4.980487623859631841e-01
6.470491038015000473e-01,7.152446445192990332e-01,2.641070914537075875e-01,4.676545603454125566e-02
2.504726146180761281e-01,-5.265714582273924860e-01,8.123952047536113774e-01,8.267785263080013047e-01
0.000000000000000000e+00,0.000000000000000000e+00,0.000000000000000000e+00,1.000000000000000000e+00
7.203271983899737219e-01,-4.613213173212716289e-01,-5.179878082007510764e-01,4.979141481487777687e-01
6.472370488106400366e-01,7.155622756927169092e-01,2.627828614129043006e-01,4.681184384376439744e-02
2.494251990207577985e-01,-5.245505426462039322e-01,8.140232172997453608e-01,8.266132370094765314e-01
0.000000000000000000e+00,0.000000000000000000e+00,0.000000000000000000e+00,1.000000000000000000e+00
7.228730770004522244e-01,-4.601263285063284525e-01,-5.154980857027353647e-01,4.985239618702330677e-01
6.460029205707499278e-01,7.147934452250851445e-01,2.678629449500519177e-01,4.557996519766963073e-02
2.452238592836343267e-01,-5.266441801430444825e-01,8.139478892161959855e-01,8.273819134661237751e-01
0.000000000000000000e+00,0.000000000000000000e+00,0.000000000000000000e+00,1.000000000000000000e+00
7.227684788891545198e-01,-4.585710765218329321e-01,-5.170283296898390279e-01,4.989147721228983645e-01
6.462446889022637198e-01,7.135790130903028050e-01,2.705047026258246001e-01,4.497030327822715279e-02
2.448949325524603093e-01,-5.296390845232974431e-01,8.121015405449304447e-01,8.278263805535996944e-01
0.000000000000000000e+00,0.000000000000000000e+00,0.000000000000000000e+00,1.000000000000000000e+00
7.230024407273791809e-01,-4.585508854050726613e-01,-5.167190302248180211e-01,4.990358396282686959e-01
6.459239613552411052e-01,7.139970934734573005e-01,2.701673308499900061e-01,4.474681125702603679e-02
2.450504169541554977e-01,-5.290928425197971574e-01,8.124106456373622054e-01,8.279649781765330285e-01
0.000000000000000000e+00,0.000000000000000000e+00,0.000000000000000000e+00,1.000000000000000000e+00
7.256440899136646916e-01,-4.584001141165585658e-01,-5.131373989014008652e-01,4.996679507862950009e-01
6.454581362250393362e-01,7.118595606369684248e-01,2.768388706642201935e-01,4.326883688625321467e-02
2.383787934239702810e-01,-5.320951994781275562e-01,8.124347663277733389e-01,8.282822316850755318e-01
0.000000000000000000e+00,0.000000000000000000e+00,0.000000000000000000e+00,1.000000000000000000e+00
7.277665725715116718e-01,-4.580894277003619841e-01,-5.104016967807507577e-01,5.002596256168077016e-01
6.458986872719587602e-01,7.080245754339938857e-01,2.855102211162905967e-01,4.200511211446392168e-02
2.305877308702157791e-01,-5.374525809880044136e-01,8.111559785648241316e-01,8.283833862185405739e-01
0.000000000000000000e+00,0.000000000000000000e+00,0.000000000000000000e+00,1.000000000000000000e+00
7.288465594919577573e-01,-4.572687937329921182e-01,-5.095958624191432307e-01,5.005061917603813582e-01
6.451647719042333806e-01,7.078609580301942206e-01,2.875678723194480257e-01,4.163951521493712560e-02
2.292272012883607157e-01,-5.383661527014399484e-01,8.109357408666578726e-01,8.284759108203009204e-01
0.000000000000000000e+00,0.000000000000000000e+00,0.000000000000000000e+00,1.000000000000000000e+00
7.295536290256880996e-01,-4.541987050920325841e-01,-5.113267435487502954e-01,5.009846079572957134e-01
6.435396215578266244e-01,7.089973944263018302e-01,2.884084779993890124e-01,4.131028252706323706e-02
2.315345716316634106e-01,-5.394684708019883423e-01,8.095464848604472241e-01,8.288649088169437462e-01
0.000000000000000000e+00,0.000000000000000000e+00,0.000000000000000000e+00,1.000000000000000000e+00
7.337524495676071012e-01,-4.497565158997088863e-01,-5.092410226594976663e-01,5.023372558452580128e-01
6.404934596465640118e-01,7.079492785742045324e-01,2.976171149585296050e-01,3.981781860179219035e-02
2.266615779163100863e-01,-5.445428315312011991e-01,8.075256241906323407e-01,8.295350378962697002e-01
0.000000000000000000e+00,0.000000000000000000e+00,0.000000000000000000e+00,1.000000000000000000e+00
7.360942028634127610e-01,-4.488429559351612141e-01,-5.066609570691863462e-01,5.031345990566608029e-01
6.392970688079693264e-01,7.069553259996376182e-01,3.025118590308232269e-01,3.921049259030980061e-02
2.224063450632995098e-01,-5.465840904637940811e-01,8.073297032362004577e-01,8.299283857150533406e-01
0.000000000000000000e+00,0.000000000000000000e+00,0.000000000000000000e+00,1.000000000000000000e+00
7.395105476910739384e-01,-4.440421240151549154e-01,-5.059157459041551119e-01,5.043000297010801214e-01
6.357063077456580613e-01,7.078422468220786357e-01,3.079559122768293355e-01,3.857112307934816575e-02
2.213631408930369082e-01,-5.493504762116633300e-01,8.057371867674893995e-01,8.306730511695648023e-01
0.000000000000000000e+00,0.000000000000000000e+00,0.000000000000000000e+00,1.000000000000000000e+00
7.391995323909755777e-01,-4.442014858773802310e-01,-5.062302749315678030e-01,5.046248634554172385e-01
6.361041460574803352e-01,7.074214148412725223e-01,3.081013748629762294e-01,3.862668770168195542e-02
2.212590488125783239e-01,-5.497635689715170138e-01,8.054839859055258344e-01,8.307395374587780434e-01
0.000000000000000000e+00,0.000000000000000000e+00,0.000000000000000000e+00,1.000000000000000000e+00
7.395075618985513799e-01,-4.443006832966274189e-01,-5.056930578097843521e-01,5.048836314833127226e-01
6.358916412161392806e-01,7.075437120558800697e-01,3.082591704420659662e-01,3.862903585924618022e-02
2.208401832237621709e-01,-5.495259760487539724e-01,8.057610161340391652e-01,8.308646748301269369e-01
0.000000000000000000e+00,0.000000000000000000e+00,0.000000000000000000e+00,1.000000000000000000e+00
7.398954807601393346e-01,-4.438625509719730244e-01,-5.055103494443758949e-01,5.052341011674928994e-01
6.354109094622363285e-01,7.078838426268674322e-01,3.084695146755901396e-01,3.864026523107641498e-02
2.209245429713413700e-01,-5.494419907437663175e-01,8.057951632520704566e-01,8.311168806034107126e-01
0.000000000000000000e+00,0.000000000000000000e+00,0.000000000000000000e+00,1.000000000000000000e+00
7.413203341158556281e-01,-4.425357692287865685e-01,-5.045852308376079787e-01,5.059958913916924317e-01
6.339196123708945585e-01,7.086131992451381034e-01,3.098600634271941878e-01,3.856448343528540851e-02
2.204315931936499662e-01,-5.495720396896627280e-01,8.058414769130792799e-01,8.316800171394962415e-01
0.000000000000000000e+00,0.000000000000000000e+00,0.000000000000000000e+00,1.000000000000000000e+00
7.422016686150574305e-01,-4.417125802999409268e-01,-5.040105946404230819e-01,5.062401465452837090e-01
6.331685425934312494e-01,7.086265904665307591e-01,3.113614490489953757e-01,3.846258002342898413e-02
2.196230401736914695e-01,-5.502166406866918491e-01,8.056223485829554498e-01,8.318536069216641016e-01
0.000000000000000000e+00,0.000000000000000000e+00,0.000000000000000000e+00,1.000000000000000000e+00
7.427329354208119794e-01,-4.414220731152357358e-01,-5.034822141921514449e-01,5.064612991688876020e-01
6.328807556692298553e-01,7.083430940361933326e-01,3.125892036439791299e-01,3.841829742284817023e-02
2.186543750870961478e-01,-5.508145009872924547e-01,8.054772807208105956e-01,8.320141914453961229e-01
0.000000000000000000e+00,0.000000000000000000e+00,0.000000000000000000e+00,1.000000000000000000e+00
7.417619936933437241e-01,-4.459241582953746841e-01,-5.009399063367158123e-01,5.066659303058500541e-01
6.332680503566509023e-01,7.116279189735278399e-01,3.042322818750377023e-01,3.925387882593359828e-02
2.208182988557836623e-01,-5.428971817811986122e-01,8.102480662762917563e-01,8.328410651404039022e-01
0.000000000000000000e+00,0.000000000000000000e+00,0.000000000000000000e+00,1.000000000000000000e+00
7.417619936933437241e-01,-4.459241582953746841e-01,-5.009399063367158123e-01,5.066659303058500541e-01
6.332680503566509023e-01,7.116279189735278399e-01,3.042322818750377023e-01,3.925387882593359828e-02
2.208182988557836623e-01,-5.428971817811986122e-01,8.102480662762917563e-01,8.328410651404039022e-01
0.000000000000000000e+00,0.000000000000000000e+00,0.000000000000000000e+00,1.000000000000000000e+00
7.417619936933437241e-01,-4.459241582953746841e-01,-5.009399063367158123e-01,5.066659303058500541e-01
6.332680503566509023e-01,7.116279189735278399e-01,3.042322818750377023e-01,3.925387882593359828e-02
2.208182988557836623e-01,-5.428971817811986122e-01,8.102480662762917563e-01,8.328410651404039022e-01
0.000000000000000000e+00,0.000000000000000000e+00,0.000000000000000000e+00,1.000000000000000000e+00
7.454543222408137604e-01,-4.389137882383711831e-01,-5.016498180471425927e-01,5.075517061678792574e-01
6.301180245687406645e-01,7.094595884953178722e-01,3.156237750956699672e-01,3.836093927759817029e-02
2.173686466951407492e-01,-5.513816997201633763e-01,8.054372058997688599e-01,8.351429591893739790e-01
0.000000000000000000e+00,0.000000000000000000e+00,0.000000000000000000e+00,1.000000000000000000e+00
7.455326813846410161e-01,-4.390949190449899286e-01,-5.013747830279271511e-01,5.075520800433904745e-01
6.300922440774290312e-01,7.095138705084705899e-01,3.155532150201589836e-01,3.836144224541355313e-02
2.171745494778263008e-01,-5.511675966754240319e-01,8.056360812638297952e-01,8.351953055891937483e-01
0.000000000000000000e+00,0.000000000000000000e+00,0.000000000000000000e+00,1.000000000000000000e+00
7.482826681112922929e-01,-4.379734853705538056e-01,-4.982492094490617029e-01,5.077077431779778438e-01
6.287811585262524927e-01,7.076540852127503056e-01,3.222730990388267269e-01,3.762723424948143797e-02
2.114410160934472038e-01,-5.544410895614384494e-01,8.049147625179300380e-01,8.367968320793943704e-01
0.000000000000000000e+00,0.000000000000000000e+00,0.000000000000000000e+00,1.000000000000000000e+00
7.486985895950915015e-01,-4.375530073234498163e-01,-4.979937627325525251e-01,5.077864044428191947e-01
6.284078661314017600e-01,7.076544949184253586e-01,3.229994885536609517e-01,3.746729293469609062e-02
2.110781270584400349e-01,-5.547724593055727293e-01,8.047816739175586154e-01,8.372173367495328034e-01
0.000000000000000000e+00,0.000000000000000000e+00,0.000000000000000000e+00,1.000000000000000000e+00
7.500672617655752550e-01,-4.399653231971434320e-01,-4.937910663545110324e-01,5.077541453676919225e-01
6.285824731330618143e-01,7.063848573395631325e-01,3.254297278849747066e-01,3.698732316390512115e-02
2.056287365555106716e-01,-5.544825945919296117e-01,8.063906466453999444e-01,8.378413680722011092e-01
0.000000000000000000e+00,0.000000000000000000e+00,0.000000000000000000e+00,1.000000000000000000e+00
7.525035063483762610e-01,-4.441924111920524387e-01,-4.862423004766140977e-01,5.075609580993295511e-01
6.282394903086913063e-01,7.056883345332378710e-01,3.275959665813678034e-01,3.649363745882843596e-02
1.976198769103831854e-01,-5.519937285360183576e-01,8.100921601316910525e-01,8.378684114263699190e-01
0.000000000000000000e+00,0.000000000000000000e+00,0.000000000000000000e+00,1.000000000000000000e+00
7.535786694897307347e-01,-4.464254481185179757e-01,-4.825178837745474070e-01,5.076082609706655813e-01
6.276295945480594440e-01,7.068713491288226569e-01,3.262115691207727597e-01,3.634837259600002396e-02
1.954489215563129101e-01,-5.486685839857960989e-01,8.128729937754701762e-01,8.377562251442387531e-01
0.000000000000000000e+00,0.000000000000000000e+00,0.000000000000000000e+00,1.000000000000000000e+00
7.545178890727013421e-01,-4.484644183402241024e-01,-4.791475978777721689e-01,5.076476163803494979e-01
6.270641988765711661e-01,7.080536672075896654e-01,3.247314195472435494e-01,3.626039807686028821e-02
1.936317266270143334e-01,-5.454719697992266303e-01,8.154551395428155658e-01,8.376103530573185685e-01
0.000000000000000000e+00,0.000000000000000000e+00,0.000000000000000000e+00,1.000000000000000000e+00
7.573991750904600639e-01,-4.500011307312863362e-01,-4.731231043955202997e-01,5.078464113049363515e-01
6.261742205189686494e-01,7.059562863411945610e-01,3.309555367912908053e-01,3.540425194210140847e-02
1.850738639834181576e-01,-5.469229416617236161e-01,8.164698161930630249e-01,8.371110540240180864e-01
0.000000000000000000e+00,0.000000000000000000e+00,0.000000000000000000e+00,1.000000000000000000e+00
7.591165187750719134e-01,-4.414545579702361389e-01,-4.783931272187336159e-01,5.085584886671389304e-01
6.251951593714025757e-01,6.991274923488253190e-01,3.469175148945493614e-01,3.370991720841414602e-02
1.813094691994397156e-01,-5.624398836225492637e-01,8.067144808972197545e-01,8.378443112271377613e-01
0.000000000000000000e+00,0.000000000000000000e+00,0.000000000000000000e+00,1.000000000000000000e+00
7.582139476837196357e-01,-4.486729968232428534e-01,-4.730794346190921873e-01,5.078562014830760862e-01
6.271997142028828964e-01,7.001437109537080872e-01,3.412027293498580693e-01,3.422969751228970015e-02
1.781351398284226895e-01,-5.554199545691717033e-01,8.122663024062289905e-01,8.375694577009552555e-01
0.000000000000000000e+00,0.000000000000000000e+00,0.000000000000000000e+00,1.000000000000000000e+00
7.589264099507584405e-01,-4.509352633747359951e-01,-4.697745124252813986e-01,5.075591920360166265e-01
6.271640296017196858e-01,7.002748186044552847e-01,3.409992058674484183e-01,3.421408219271909051e-02
1.752026947651966204e-01,-5.534189793218647901e-01,8.142674309300099722e-01,8.375474308987439498e-01
0.000000000000000000e+00,0.000000000000000000e+00,0.000000000000000000e+00,1.000000000000000000e+00
7.614488994625143725e-01,-4.522689621757242651e-01,-4.643795423571317471e-01,5.070018026339631056e-01
6.261297170022899206e-01,6.986025135568458833e-01,3.462890491174811514e-01,3.376657341634069914e-02
1.678009266778884845e-01,-5.544432467841503565e-01,8.151291524056121229e-01,8.378803027260190994e-01
0.000000000000000000e+00,0.000000000000000000e+00,0.000000000000000000e+00,1.000000000000000000e+00
7.626280405440576393e-01,-4.533353824247862707e-01,-4.613951699115453886e-01,5.067115800858449370e-01
6.257717825937294531e-01,6.976384776295301293e-01,3.488699337005378709e-01,3.354072186199433953e-02
1.637319391120656553e-01,-5.547860718984609640e-01,8.157231555755165564e-01,8.379626333979339758e-01
0.000000000000000000e+00,0.000000000000000000e+00,0.000000000000000000e+00,1.000000000000000000e+00
7.638829493374488244e-01,-4.532129118765730880e-01,-4.594354102807902684e-01,5.063157949640618716e-01
6.255172552215455539e-01,6.951165521035628236e-01,3.543178550563866880e-01,3.306241200166397387e-02
1.587797314887021416e-01,-5.580421449138159851e-01,8.144801786221461670e-01,8.383213115126078030e-01
0.000000000000000000e+00,0.000000000000000000e+00,0.000000000000000000e+00,1.000000000000000000e+00
7.648612924132256463e-01,-4.530898418496868141e-01,-4.579266301282289287e-01,5.058262662182716474e-01
6.250896739962746862e-01,6.938424750029636989e-01,3.575549179426746882e-01,3.273888599293316853e-02
1.557244451947127906e-01,-5.597251245874063086e-01,8.139150336948024478e-01,8.389536140125879449e-01
0.000000000000000000e+00,0.000000000000000000e+00,0.000000000000000000e+00,1.000000000000000000e+00
7.653874669892057891e-01,-4.529727598142775924e-01,-4.571626671569805067e-01,5.055382660507474757e-01
6.246789956455296444e-01,6.937471616518824380e-01,3.584564521657396252e-01,3.253440720084595922e-02
1.547842943426097628e-01,-5.599379917153269881e-01,8.139479514432521601e-01,8.394946370256234358e-01
0.000000000000000000e+00,0.000000000000000000e+00,0.000000000000000000e+00,1.000000000000000000e+00
7.686032454610151055e-01,-4.523887076809662844e-01,-4.523201390934741273e-01,5.049079043961746116e-01
6.221933565641148967e-01,6.930271507742702397e-01,3.641274438121591128e-01,3.176003956544153073e-02
1.487429934964156486e-01,-5.613001206595649162e-01,8.141361657814270014e-01,8.402149768416222742e-01
0.000000000000000000e+00,0.000000000000000000e+00,0.000000000000000000e+00,1.000000000000000000e+00
7.707157465380807260e-01,-4.518229307438963449e-01,-4.492808445641158777e-01,5.044439874123859413e-01
6.205489626632127997e-01,6.922926769582885553e-01,3.683067123574281787e-01,3.106846527100618621e-02
1.446244203993901634e-01,-5.626605448082556693e-01,8.139391183253311679e-01,8.409458212533281740e-01
0.000000000000000000e+00,0.000000000000000000e+00,0.000000000000000000e+00,1.000000000000000000e+00
7.703040938942856686e-01,-4.512257204358866569e-01,-4.505851219767676441e-01,5.043621101245954197e-01
6.204857015298171907e-01,6.933446822817248556e-01,3.664295918027153931e-01,3.109575724841896760e-02
1.470683416876459870e-01,-5.618438401982965846e-01,8.140653549344037954e-01,8.414765057642892288e-01
0.000000000000000000e+00,0.000000000000000000e+00,0.000000000000000000e+00,1.000000000000000000e+00
7.718160801258174830e-01,-4.505588812484779826e-01,-4.486609332082943657e-01,5.038944465870585088e-01
6.187749220657849936e-01,6.946289105260509134e-01,3.668900005231447992e-01,3.069519494585452868e-02
1.463473070531171316e-01,-5.607917360210574742e-01,8.149202994948581136e-01,8.424146290022821448e-01
0.000000000000000000e+00,0.000000000000000000e+00,0.000000000000000000e+00,1.000000000000000000e+00
7.740849241811224024e-01,-4.488216967058891171e-01,-4.464880902348380420e-01,5.034555873393057324e-01
6.166286828250608920e-01,6.942650379107906389e-01,3.711672462006297968e-01,2.988949001823481416e-02
1.433931576921871620e-01,-5.626323326123155999e-01,8.141764308958397978e-01,8.434990094022806195e-01
0.000000000000000000e+00,0.000000000000000000e+00,0.000000000000000000e+00,1.000000000000000000e+00
7.745950921986481941e-01,-4.480809138382942369e-01,-4.463473286529302531e-01,5.034008485155783141e-01
6.161163341043387476e-01,6.939918785225985820e-01,3.725264224112239675e-01,2.968068528043832366e-02
1.428394413024591802e-01,-5.635590183809624509e-01,8.136326731454971428e-01,8.437544083294410413e-01
0.000000000000000000e+00,0.000000000000000000e+00,0.000000000000000000e+00,1.000000000000000000e+00
7.754344492809170930e-01,-4.474650283922080307e-01,-4.455069732724294962e-01,5.032475017336963674e-01
6.152606493767870388e-01,6.940834665292399119e-01,3.737679424712717635e-01,2.913594795422337624e-02
1.419709413818725785e-01,-5.639354483065539547e-01,8.135238545650833597e-01,8.448926910525138556e-01
0.000000000000000000e+00,0.000000000000000000e+00,0.000000000000000000e+00,1.000000000000000000e+00
7.766064994628927298e-01,-4.456557973774905035e-01,-4.452788511212104616e-01,5.032587910910453211e-01
6.137877864579300846e-01,6.944985988187724057e-01,3.754147698663920507e-01,2.851208131882843055e-02
1.419397695752194488e-01,-5.648562706588241555e-01,8.128902111050044788e-01,8.459814531506321122e-01
0.000000000000000000e+00,0.000000000000000000e+00,0.000000000000000000e+00,1.000000000000000000e+00
7.769631234392628816e-01,-4.453771143736771077e-01,-4.449354231882208244e-01,5.032816162999809162e-01
6.135035538246824682e-01,6.941955153811040224e-01,3.764385419550557166e-01,2.825639090765172390e-02
1.412150638564794725e-01,-5.654483286887845850e-01,8.126047583684645748e-01,8.463371475088639073e-01
0.000000000000000000e+00,0.000000000000000000e+00,0.000000000000000000e+00,1.000000000000000000e+00
7.773300319346198028e-01,-4.451233165650630985e-01,-4.445483713867834918e-01,5.033366164385321140e-01
6.131864299070420854e-01,6.940053719259084986e-01,3.773048448083295425e-01,2.799850856233790375e-02
1.405717739461914695e-01,-5.658814158355971458e-01,8.124147952748773660e-01,8.466824286890500817e-01
0.000000000000000000e+00,0.000000000000000000e+00,0.000000000000000000e+00,1.000000000000000000e+00
7.814149151838752916e-01,-4.395125302822506796e-01,-4.429666647198979845e-01,5.037934097985093951e-01
6.084093438910815888e-01,6.943626683714653192e-01,3.843156971008106493e-01,2.642072535006610018e-02
1.386679508545522743e-01,-5.698150757017157453e-01,8.099888757932711680e-01,8.482228813553964741e-01
0.000000000000000000e+00,0.000000000000000000e+00,0.000000000000000000e+00,1.000000000000000000e+00
7.814378313523474562e-01,-4.395752750495540706e-01,-4.428639670332743528e-01,5.037957905879438814e-01
6.084144547433794070e-01,6.943143417347527047e-01,3.843949090723672857e-01,2.637011691100998173e-02
1.385163058656150026e-01,-5.698255631564330681e-01,8.100074447699832092e-01,8.482739894663067215e-01
0.000000000000000000e+00,0.000000000000000000e+00,0.000000000000000000e+00,1.000000000000000000e+00
7.814378313523474562e-01,-4.395752750495540706e-01,-4.428639670332743528e-01,5.037957905879438814e-01
6.084144547433794070e-01,6.943143417347527047e-01,3.843949090723672857e-01,2.637011691100998173e-02
1.385163058656150026e-01,-5.698255631564330681e-01,8.100074447699832092e-01,8.482739894663067215e-01
0.000000000000000000e+00,0.000000000000000000e+00,0.000000000000000000e+00,1.000000000000000000e+00
7.851180721205290869e-01,-4.392699474187245490e-01,-4.366137035463899529e-01,5.037474883170514062e-01
6.050856394272301486e-01,6.944279071692530669e-01,3.894114157333750659e-01,2.504888847159567750e-02
1.321400082816855115e-01,-5.699226219753716904e-01,8.110038367184423391e-01,8.494788428996412621e-01
0.000000000000000000e+00,0.000000000000000000e+00,0.000000000000000000e+00,1.000000000000000000e+00
7.919214389710932389e-01,-4.342804877626367799e-01,-4.292562083961037334e-01,5.041411875689967292e-01
5.971196242948261235e-01,6.977871248361925405e-01,3.956529826689613727e-01,2.314937629376249972e-02
1.277050851765841322e-01,-5.696433852521120000e-01,8.119099856871789811e-01,8.504920864813769743e-01
0.000000000000000000e+00,0.000000000000000000e+00,0.000000000000000000e+00,1.000000000000000000e+00
7.929865868672903995e-01,-4.340681915334199670e-01,-4.275009685924365810e-01,5.042645802493171958e-01
5.966927245855138118e-01,6.950201928378346716e-01,4.011293107893952881e-01,2.202483633329758300e-02
1.230043311240763826e-01,-5.731768807676782540e-01,8.101470223843034724e-01,8.510741031832245174e-01
0.000000000000000000e+00,0.000000000000000000e+00,0.000000000000000000e+00,1.000000000000000000e+00
7.957678253433957405e-01,-4.316132893378581414e-01,-4.248100006063852963e-01,5.043332850627608721e-01
5.929554417338733785e-01,6.979059587317020252e-01,4.016604497395415141e-01,2.146180345195744521e-02
1.231154428430072667e-01,-5.715218641782114917e-01,8.112985557116640933e-01,8.514341894838427516e-01
0.000000000000000000e+00,0.000000000000000000e+00,0.000000000000000000e+00,1.000000000000000000e+00
7.957127452401421275e-01,-4.354632600305644585e-01,-4.209667162923330097e-01,5.040404451362564542e-01
5.936638517607261134e-01,6.984779988492765268e-01,3.996144594933079275e-01,2.124833344244263927e-02
1.200185742917120879e-01,-5.678910408582469316e-01,8.143066422042262165e-01,8.515182125318625506e-01
0.000000000000000000e+00,0.000000000000000000e+00,0.000000000000000000e+00,1.000000000000000000e+00
7.969105060042824817e-01,-4.346759330598468640e-01,-4.195121912871543346e-01,5.040707917982204522e-01
5.927929634689401706e-01,6.963991932256614614e-01,4.045054587225731524e-01,2.048781502221368178e-02
1.163191638626678015e-01,-5.710385248765612598e-01,8.126406679616092754e-01,8.517350408659734029e-01
0.000000000000000000e+00,0.000000000000000000e+00,0.000000000000000000e+00,1.000000000000000000e+00
7.999829173124305415e-01,-4.323760884292110473e-01,-4.160267421247678676e-01,5.041181878099134650e-01
5.892552260587081703e-01,6.968857319331286382e-01,4.088135946743066684e-01,1.947866295120925795e-02
1.131618777274122356e-01,-5.721898240817313575e-01,8.122765505950073628e-01,8.520109170134166909e-01
0.000000000000000000e+00,0.000000000000000000e+00,0.000000000000000000e+00,1.000000000000000000e+00
7.997898717478288955e-01,-4.326177943437051199e-01,-4.161466148688212630e-01,5.040981646389229853e-01
5.894328809357352039e-01,6.971827109124769661e-01,4.080504214879933089e-01,1.944778137599269263e-02
1.136003517661404172e-01,-5.716450923623128677e-01,8.125988238095670502e-01,8.521063517357098105e-01
0.000000000000000000e+00,0.000000000000000000e+00,0.000000000000000000e+00,1.000000000000000000e+00
8.005000114023569369e-01,-4.330590202105504272e-01,-4.143182554016954233e-01,5.039291094340754285e-01
5.888462942237924214e-01,6.970474550348840781e-01,4.091269817651949081e-01,1.895834738730232949e-02
1.116233556373097680e-01,-5.714759228906055588e-01,8.129916949345776800e-01,8.524313595742712968e-01
0.000000000000000000e+00,0.000000000000000000e+00,0.000000000000000000e+00,1.000000000000000000e+00
8.016804781695958670e-01,-4.338616856542718558e-01,-4.111842028130480164e-01,5.036769849911504338e-01
5.875623570672399154e-01,6.984325090340859354e-01,4.086104586056756860e-01,1.858476753431257539e-02
1.099039920992740116e-01,-5.691713872337444968e-01,8.148405024758265114e-01,8.526696979937519183e-01
0.000000000000000000e+00,0.000000000000000000e+00,0.000000000000000000e+00,1.000000000000000000e+00
8.037704233659287434e-01,-4.346898017348865828e-01,-4.061993141178856792e-01,5.034045490112011301e-01
5.852794255866002882e-01,7.002723174981315690e-01,4.087379054245096066e-01,1.800850678856325687e-02
1.067759359929704444e-01,-5.662715405293481385e-01,8.172731745746607546e-01,8.528192964315226554e-01
0.000000000000000000e+00,0.000000000000000000e+00,0.000000000000000000e+00,1.000000000000000000e+00
8.047698343088077744e-01,-4.342983410750183570e-01,-4.046362128209254339e-01,5.032597780269657539e-01
5.849874776242208751e-01,6.958943688353410595e-01,4.165581333332889491e-01,1.666868320000459980e-02
1.006735556609869298e-01,-5.719405374361477001e-01,8.140938869859082327e-01,8.532421226969585382e-01
0.000000000000000000e+00,0.000000000000000000e+00,0.000000000000000000e+00,1.000000000000000000e+00
8.051816874925207257e-01,-4.328563647140688531e-01,-4.053613420803935385e-01,5.034028089053207422e-01
5.840164745496139176e-01,6.974894407826905951e-01,4.152508127039485908e-01,1.679901088514132446e-02
1.029912985709808548e-01,-5.710900520260974167e-01,8.144009730442937078e-01,8.533444592899156467e-01
0.000000000000000000e+00,0.000000000000000000e+00,0.000000000000000000e+00,1.000000000000000000e+00
8.055691990726334684e-01,-4.333306580002386776e-01,-4.040826726581529527e-01,5.032382666201188348e-01
5.833468620011319494e-01,6.994801382122515232e-01,4.128364989193685219e-01,1.661449236184536771e-02
1.037530919968560617e-01,-5.682887268665899327e-01,8.162617342601834469e-01,8.537665705040710096e-01
0.000000000000000000e+00,0.000000000000000000e+00,0.000000000000000000e+00,1.000000000000000000e+00
8.060860925349101480e-01,-4.359051884688435186e-01,-4.002647599873644380e-01,5.028771826586921900e-01
5.828001591001091830e-01,7.022123629240503151e-01,4.089520410873497824e-01,1.642016374745929735e-02
1.028065463610556562e-01,-5.629249186370808289e-01,8.200892329513589374e-01,8.542539843895343710e-01
0.000000000000000000e+00,0.000000000000000000e+00,0.000000000000000000e+00,1.000000000000000000e+00
8.088315833688358714e-01,-4.309940727958092577e-01,-4.000444712278156123e-01,5.030929127720789040e-01
5.793635654508058064e-01,7.005070977989804604e-01,4.166865308134876100e-01,1.519562406080403327e-02
1.006445665358633723e-01,-5.688004176757699426e-01,8.162945277770013996e-01,8.552271063750804814e-01
0.000000000000000000e+00,0.000000000000000000e+00,0.000000000000000000e+00,1.000000000000000000e+00
8.102015087620568767e-01,-4.294789577751237375e-01,-3.989001629832709117e-01,5.030736568687685928e-01
5.775137782689829802e-01,7.012956097337568195e-01,4.179261940554125365e-01,1.463451891526480059e-02
1.002564267724052605e-01,-5.689747732514612855e-01,8.162207766862330516e-01,8.558980396129749479e-01
0.000000000000000000e+00,0.000000000000000000e+00,0.000000000000000000e+00,1.000000000000000000e+00
8.109723352498088289e-01,-4.296363921097910432e-01,-3.971604739074037216e-01,5.029189690494162424e-01
5.764846883898240293e-01,7.027129019206516114e-01,4.169652042153447757e-01,1.430546136371181609e-02
9.994636317324995245e-02,-5.671041774216960540e-01,8.175595247071018035e-01,8.564551291928149679e-01
0.000000000000000000e+00,0.000000000000000000e+00,0.000000000000000000e+00,1.000000000000000000e+00
8.109723352498088289e-01,-4.296363921097910432e-01,-3.971604739074037216e-01,5.029189690494162424e-01
5.764846883898240293e-01,7.027129019206516114e-01,4.169652042153447757e-01,1.430546136371181609e-02
9.994636317324995245e-02,-5.671041774216960540e-01,8.175595247071018035e-01,8.564551291928149679e-01
0.000000000000000000e+00,0.000000000000000000e+00,0.000000000000000000e+00,1.000000000000000000e+00
8.112696543080942790e-01,-4.300620264460467967e-01,-3.960911529028953715e-01,5.027971143254497122e-01
5.762190623408635082e-01,7.028928649475567614e-01,4.170290308849393113e-01,1.410125530340878425e-02
9.906129513508882267e-02,-5.665582704496823219e-01,8.180455891887831177e-01,8.567488315189609738e-01
0.000000000000000000e+00,0.000000000000000000e+00,0.000000000000000000e+00,1.000000000000000000e+00
8.145467412785749595e-01,-4.280565717728259667e-01,-3.915114016660943275e-01,5.023984900724407510e-01
5.720078261456620350e-01,7.049969151099246822e-01,4.192688833118953795e-01,1.282494057721883518e-02
9.654352956344816605e-02,-5.654616883994751930e-01,8.191046489013760201e-01,8.583984088387075495e-01
0.000000000000000000e+00,0.000000000000000000e+00,0.000000000000000000e+00,1.000000000000000000e+00
8.163479123059487197e-01,-4.267292181324378042e-01,-3.892020817850249115e-01,5.021053854647500314e-01
5.696233034309782228e-01,7.062022273712930120e-01,4.204850844491446193e-01,1.213060375951353909e-02
9.542210573079315528e-02,-5.649606963744494559e-01,8.195816208834837413e-01,8.591876622385594686e-01
0.000000000000000000e+00,0.000000000000000000e+00,0.000000000000000000e+00,1.000000000000000000e+00
8.161444947717177989e-01,-4.276200702098408302e-01,-3.886505360957941968e-01,5.019780704859146958e-01
5.700256611665941442e-01,7.060810379059709874e-01,4.201432059681722286e-01,1.199733818229417603e-02
9.475710667493297823e-02,-5.644383433674200479e-01,8.200185651991287461e-01,8.593732285018901296e-01
0.000000000000000000e+00,0.000000000000000000e+00,0.000000000000000000e+00,1.000000000000000000e+00
8.174184948335716516e-01,-4.277442472543125929e-01,-3.858262086028629856e-01,5.016355525903962720e-01
5.686815107738162345e-01,7.059654908930521611e-01,4.221540772894917248e-01,1.130064300053761073e-02
9.180601074019287267e-02,-5.644887816502411892e-01,8.203194937236333306e-01,8.598848323996040044e-01
0.000000000000000000e+00,0.000000000000000000e+00,0.000000000000000000e+00,1.000000000000000000e+00
8.187247297689232983e-01,-4.266632040703268181e-01,-3.842503443814282993e-01,5.014686306434777974e-01
5.668892569778575252e-01,7.069920191404382992e-01,4.228461365494768920e-01,1.078602486712914449e-02
9.124903938067602249e-02,-5.640219811001774275e-01,8.207026365547603897e-01,8.602817371165822902e-01
0.000000000000000000e+00,0.000000000000000000e+00,0.000000000000000000e+00,1.000000000000000000e+00
8.206025898758579906e-01,-4.273508185298482975e-01,-3.794504808152218689e-01,5.009734147643755131e-01
5.640019354905463356e-01,7.127672346051343588e-01,4.169708455471042297e-01,1.033464748587471088e-02
9.226703773261635266e-02,-5.561781613612836184e-01,8.259253274799301936e-01,8.609149686058272799e-01
0.000000000000000000e+00,0.000000000000000000e+00,0.000000000000000000e+00,1.000000000000000000e+00
8.217406588777235177e-01,-4.270458140333343033e-01,-3.773250087972061517e-01,5.008241484105108166e-01
5.629160529521568535e-01,7.113578892297843792e-01,4.208271269289926009e-01,9.792282362849263899e-03
8.870065882488947784e-02,-5.582130651885108819e-01,8.249426446589349649e-01,8.610066062778003459e-01
0.000000000000000000e+00,0.000000000000000000e+00,0.000000000000000000e+00,1.000000000000000000e+00
8.234696195491022497e-01,-4.249406450319450634e-01,-3.759298257381175068e-01,5.007304869638952161e-01
5.604047069877938769e-01,7.126345842307416634e-01,4.220171960290278745e-01,9.339410210995616191e-03
8.856833556967066978e-02,-5.581911836979446262e-01,8.249716676203527888e-01,8.612853524012934470e-01
0.000000000000000000e+00,0.000000000000000000e+00,0.000000000000000000e+00,1.000000000000000000e+00
8.235645520003556097e-01,-4.245225216528621948e-01,-3.761941749920495459e-01,5.007119171116771739e-01
5.601948229235156340e-01,7.128151795008974556e-01,4.219908532691132308e-01,9.235516686646780271e-03
8.901229722990283699e-02,-5.582787372653542635e-01,8.248646328090791791e-01,8.614412405042601861e-01
0.000000000000000000e+00,0.000000000000000000e+00,0.000000000000000000e+00,1.000000000000000000e+00
8.243300233999943938e-01,-4.243115179709845419e-01,-3.747529162508593803e-01,5.005260868319638679e-01
5.592348566873236448e-01,7.132024890566907027e-01,4.226092576710187010e-01,8.897401831049568666e-03
8.795673702038556141e-02,-5.579443926777110097e-01,8.252040154363203817e-01,8.617561444023409400e-01
0.000000000000000000e+00,0.000000000000000000e+00,0.000000000000000000e+00,1.000000000000000000e+00
8.253014177251138950e-01,-4.237691673797311376e-01,-3.732254850344580710e-01,5.004269377010664988e-01
5.579295218789473987e-01,7.139076725399573498e-01,4.231435733938426202e-01,8.556970153737290807e-03
8.713333757435381965e-02,-5.574545074415224732e-01,8.256223432152760555e-01,8.619850674772189247e-01
0.000000000000000000e+00,0.000000000000000000e+00,0.000000000000000000e+00,1.000000000000000000e+00
8.265147255940983317e-01,-4.227143163959040661e-01,-3.717337960019988508e-01,5.004150178862069032e-01
5.561221428388644084e-01,7.154531724793546932e-01,4.229124261990139799e-01,8.136523888402052984e-03
8.718698653137388344e-02,-5.562727430884693014e-01,8.264133739699568437e-01,8.621800657941094403e-01
0.000000000000000000e+00,0.000000000000000000e+00,0.000000000000000000e+00,1.000000000000000000e+00
8.269551219156558997e-01,-4.225852063898511424e-01,-3.709002152572973277e-01,5.003581622791302141e-01
5.555142566621553701e-01,7.159855311503414699e-01,4.228103946551647341e-01,7.857004153190447204e-03
8.688576973564476891e-02,-5.556855788337593527e-01,8.268400090063580121e-01,8.622500490678418616e-01
0.000000000000000000e+00,0.000000000000000000e+00,0.000000000000000000e+00,1.000000000000000000e+00
8.275062525157864668e-01,-4.223769428498789780e-01,-3.699069074727713846e-01,5.002293349234319120e-01
5.546005729732618184e-01,7.175660482278383157e-01,4.213278662614344805e-01,7.288845841941532511e-03
8.747346171844977425e-02,-5.538020265216384574e-01,8.280408860168181340e-01,8.624844182972591922e-01
0.000000000000000000e+00,0.000000000000000000e+00,0.000000000000000000e+00,1.000000000000000000e+00
8.293766623003087091e-01,-4.199728988208174529e-01,-3.684523256645816924e-01,5.002227857062842009e-01
5.517990577212503744e-01,7.190212621990095254e-01,4.225236376863232279e-01,6.197393499465547739e-03
8.747657932006602799e-02,-5.537428904841872335e-01,8.280801044033587743e-01,8.627709591942522849e-01
0.000000000000000000e+00,0.000000000000000000e+00,0.000000000000000000e+00,1.000000000000000000e+00
8.302608686114587577e-01,-4.200866618773272387e-01,-3.663251104760771870e-01,5.000797189342740534e-01
5.507680612783688590e-01,7.192348814007640811e-01,4.235041062989776672e-01,5.497594998055813087e-03
8.556537108090497834e-02,-5.533790580508021195e-01,8.285228936985351567e-01,8.628036405022015964e-01
0.000000000000000000e+00,0.000000000000000000e+00,0.000000000000000000e+00,1.000000000000000000e+00
8.317988864893667289e-01,-4.197425685027303954e-01,-3.632172746742370895e-01,4.998259179287835030e-01
5.487325352445457938e-01,7.204593326615065241e-01,4.240648001721315508e-01,4.798963182184382004e-03
8.368522688708435187e-02,-5.520457645591235751e-01,8.296036744332740964e-01,8.628714496961560343e-01
0.000000000000000000e+00,0.000000000000000000e+00,0.000000000000000000e+00,1.000000000000000000e+00
8.329660101317752918e-01,-4.182436187031110530e-01,-3.622704809659186287e-01,4.996681147799725831e-01
5.471138265549552182e-01,7.203680387349212788e-01,4.263054650853043137e-01,4.161494363671004726e-03
8.266853547478500430e-02,-5.533011514386445562e-01,8.288689577123301566e-01,8.631886528767738209e-01
0.000000000000000000e+00,0.000000000000000000e+00,0.000000000000000000e+00,1.000000000000000000e+00
8.335958259763852629e-01,-4.175096328607508234e-01,-3.616679490682426223e-01,4.994943227285631449e-01
5.462922536821890329e-01,7.200301169519662814e-01,4.279268678746083188e-01,3.715529174978034199e-03
8.174822616780574869e-02,-5.542944498645270279e-01,8.282963783379705403e-01,8.635121248420200013e-01
0.000000000000000000e+00,0.000000000000000000e+00,0.000000000000000000e+00,1.000000000000000000e+00
8.338374573396079015e-01,-4.175715377236264292e-01,-3.610389253536848142e-01,4.992753687741063873e-01
5.459177767338055931e-01,7.207031350510848533e-01,4.272713097945571303e-01,3.507079436263341177e-03
8.178554752177408238e-02,-5.533723899967034621e-01,8.289089951290792291e-01,8.639125090041404054e-01
0.000000000000000000e+00,0.000000000000000000e+00,0.000000000000000000e+00,1.000000000000000000e+00
8.340109753029562034e-01,-4.176756138167569410e-01,-3.605173708672122501e-01,4.991587178847564088e-01
5.456767828049096103e-01,7.210671333370901603e-01,4.269649141659234703e-01,3.427961383826921837e-03
8.162439452697425879e-02,-5.528193835637696951e-01,8.292937883369672081e-01,8.640820329071238204e-01
0.000000000000000000e+00,0.000000000000000000e+00,0.000000000000000000e+00,1.000000000000000000e+00
8.339157861125632287e-01,-4.184384595176849908e-01,-3.598523548189346277e-01,4.986935787237597451e-01
5.457494633825363817e-01,7.222380158987764531e-01,4.248879518276226230e-01,3.277856985841057225e-03
8.210959073055509871e-02,-5.507099998974644972e-01,8.306482475289979073e-01,8.648735463807487589e-01
0.000000000000000000e+00,0.000000000000000000e+00,0.000000000000000000e+00,1.000000000000000000e+00
8.357372980072584889e-01,-4.159247375507070799e-01,-3.585383960092728417e-01,4.981416339869597087e-01
5.433825153426128374e-01,7.205986111491883284e-01,4.306658607665530547e-01,2.308693410661762091e-03
7.923768509656176073e-02,-5.547470182914338022e-01,8.282373663131250563e-01,8.662082025865915913e-01
0.000000000000000000e+00,0.000000000000000000e+00,0.000000000000000000e+00,1.000000000000000000e+00
8.353739231738375182e-01,-4.184665532732337878e-01,-3.564213128767291239e-01,4.973693758827414935e-01
5.438319419078171402e-01,7.235407998782030781e-01,4.251300152569596480e-01,2.430643420904675389e-03
7.998266963489064629e-02,-5.489758234232450240e-01,8.320025948606446509e-01,8.672337514319232721e-01
0.000000000000000000e+00,0.000000000000000000e+00,0.000000000000000000e+00,1.000000000000000000e+00
8.362455060360214354e-01,-4.186974617659529052e-01,-3.540986997226996946e-01,4.969929154212994193e-01
5.425777821645781929e-01,7.252795935761131574e-01,4.237674615203903539e-01,2.258787732639599977e-03
7.939020050312109444e-02,-5.464997224636224393e-01,8.336877409505657477e-01,8.677666588116164093e-01
0.000000000000000000e+00,0.000000000000000000e+00,0.000000000000000000e+00,1.000000000000000000e+00
8.372218367924406657e-01,-4.184574695593167859e-01,-3.520695132610963674e-01,4.967020646225235314e-01
5.413437639308228411e-01,7.254116800091590100e-01,4.251174234955547582e-01,1.850866668210084109e-03
7.750177579321240739e-02,-5.465082256254728543e-01,8.338598407841666393e-01,8.682110364788387935e-01
0.000000000000000000e+00,0.000000000000000000e+00,0.000000000000000000e+00,1.000000000000000000e+00
8.397647424159584428e-01,-4.133730127122903220e-01,-3.520197860294556058e-01,4.964754378540486290e-01
5.372845961986337793e-01,7.260991181674245620e-01,4.290749739662750306e-01,7.868701944905298618e-04
7.823324154558661259e-02,-5.494568435806885809e-01,8.318513911508573777e-01,8.694700910158862373e-01
0.000000000000000000e+00,0.000000000000000000e+00,0.000000000000000000e+00,1.000000000000000000e+00
8.405608790300973521e-01,-4.123792680938293542e-01,-3.512844259151659543e-01,4.963095280822196753e-01
5.359166896901846888e-01,7.276619436671706298e-01,4.281371245874733278e-01,5.712076051965081502e-04
7.906143406025695208e-02,-5.481345044648375797e-01,8.326450952593323906e-01,8.698968226406590398e-01
0.000000000000000000e+00,0.000000000000000000e+00,0.000000000000000000e+00,1.000000000000000000e+00
8.402393414327476995e-01,-4.179626001935719537e-01,-3.454057236759267568e-01,4.951923924004584809e-01
5.368266473262406357e-01,7.308445263161938987e-01,4.215251227081562302e-01,4.690197997058304091e-04
7.625614617281939456e-02,-5.396049881099009848e-01,8.384577848513203868e-01,8.707772992678883828e-01
0.000000000000000000e+00,0.000000000000000000e+00,0.000000000000000000e+00,1.000000000000000000e+00
8.422062180073642823e-01,-4.149850505002120604e-01,-3.442035650760585375e-01,4.949649689853720669e-01
5.336770306904836669e-01,7.324332664795454306e-01,4.227651086211960951e-01,-1.534587422937841450e-04
7.666494155166761471e-02,-5.397489398001996674e-01,8.383278408364115419e-01,8.715624584734313895e-01
0.000000000000000000e+00,0.000000000000000000e+00,0.000000000000000000e+00,1.000000000000000000e+00
8.439020057268724617e-01,-4.095414857107864126e-01,-3.465619370501662466e-01,4.949678204846921781e-01
5.307089301585588004e-01,7.318865008142925177e-01,4.274227197702157310e-01,-1.198371496217320864e-03
7.859666774183002302e-02,-5.446264053528915294e-01,8.349878097387219977e-01,8.729108816920423397e-01
0.000000000000000000e+00,0.000000000000000000e+00,0.000000000000000000e+00,1.000000000000000000e+00
8.436526904389585191e-01,-4.102866487538077145e-01,-3.462874582907622401e-01,4.948233319330938573e-01
5.312687826499055133e-01,7.310472637447759103e-01,4.281627946855768307e-01,-1.437369249957201611e-03
7.748302069998497243e-02,-5.451924100954135266e-01,8.347224793172639545e-01,8.732568733906631575e-01
0.000000000000000000e+00,0.000000000000000000e+00,0.000000000000000000e+00,1.000000000000000000e+00
8.443016400165312962e-01,-4.111563384287938994e-01,-3.436643799337118499e-01,4.943998333231391928e-01
5.305248187917240843e-01,7.316900535482725454e-01,4.279872453526325504e-01,-1.954039893997470967e-03
7.548613986291730082e-02,-5.436728160468878857e-01,8.358957541345947151e-01,8.740479194470694990e-01
0.000000000000000000e+00,0.000000000000000000e+00,0.000000000000000000e+00,1.000000000000000000e+00
8.468489272185329986e-01,-4.074047384945357897e-01,-3.418600203607006782e-01,4.941910321073325063e-01
5.263616937880316593e-01,7.340140887316073393e-01,4.291464608453648966e-01,-2.954658697495261832e-03
7.609376966226699679e-02,-5.433642393419968464e-01,8.360412918169047858e-01,8.754372662969502894e-01
0.000000000000000000e+00,0.000000000000000000e+00,0.000000000000000000e+00,1.000000000000000000e+00
8.477057485203892684e-01,-4.050803749735454318e-01,-3.424979616534650773e-01,4.942746790311336458e-01
5.250275104803322490e-01,7.329188987929815546e-01,4.326384183482876455e-01,-3.897926299047761722e-03
7.576989616141255324e-02,-5.465709264161194847e-01,8.339779045228438159e-01,8.764510068818857080e-01
0.000000000000000000e+00,0.000000000000000000e+00,0.000000000000000000e+00,1.000000000000000000e+00
8.483926472993769119e-01,-4.041022192390271717e-01,-3.419522077929140758e-01,4.942526435065666135e-01
5.240845514308530850e-01,7.322048827292184647e-01,4.349843590969829643e-01,-4.464161166537729264e-03
7.460093136065132358e-02,-5.482494013800514043e-01,8.329809691262691773e-01,8.769076596954310521e-01
0.000000000000000000e+00,0.000000000000000000e+00,0.000000000000000000e+00,1.000000000000000000e+00
8.497099127100173899e-01,-4.034895118742588549e-01,-3.393954596776556087e-01,4.941613600766373571e-01
5.222830560369416952e-01,7.322847612314022925e-01,4.370119424512115547e-01,-5.377166043700393194e-03
7.220438781021296104e-02,-5.485938773589627004e-01,8.329653558853524764e-01,8.776509256658659996e-01
0.000000000000000000e+00,0.000000000000000000e+00,0.000000000000000000e+00,1.000000000000000000e+00
8.541667489655174750e-01,-3.955626776846842274e-01,-3.375341952819022051e-01,4.946095492116768244e-01
5.146628342738275297e-01,7.358498066716659958e-01,4.400536660891517515e-01,-7.109844440227205964e-03
7.430566586007725238e-02,-5.495955149418474406e-01,8.321198459217855614e-01,8.791517759470952598e-01
0.000000000000000000e+00,0.000000000000000000e+00,0.000000000000000000e+00,1.000000000000000000e+00
8.540334571449347267e-01,-3.965348584014303235e-01,-3.367298028830068013e-01,4.947394245983911532e-01
5.150849204743801479e-01,7.352674530359328831e-01,4.405329694880436575e-01,-7.597022342012517415e-03
7.289978584997705569e-02,-5.496743386575452250e-01,8.321921308474490298e-01,8.793377844572889401e-01
0.000000000000000000e+00,0.000000000000000000e+00,0.000000000000000000e+00,1.000000000000000000e+00
8.544840045241904880e-01,-3.969173190197236578e-01,-3.351324034982265943e-01,4.947753937620664177e-01
5.145078698848988275e-01,7.356641919173756428e-01,4.405449449909267234e-01,-8.003361806560915781e-03
7.168499033136047083e-02,-5.488668678220152142e-01,8.328303690238746393e-01,8.795689668060289179e-01
0.000000000000000000e+00,0.000000000000000000e+00,0.000000000000000000e+00,1.000000000000000000e+00
8.574134099157976197e-01,-3.928927689337591844e-01,-3.323815828473774547e-01,4.952549538247035810e-01
5.095951574570155573e-01,7.382983349618928992e-01,4.418465164385208532e-01,-9.458244451386904617e-03
7.179846790095101294e-02,-5.482251733658900505e-01,8.332431453633541985e-01,8.805613944548928984e-01
0.000000000000000000e+00,0.000000000000000000e+00,0.000000000000000000e+00,1.000000000000000000e+00
8.586277102093491376e-01,-3.906683757757390407e-01,-3.318684610344826424e-01,4.955769457170689507e-01
5.074262311207318188e-01,7.395327071535968688e-01,4.422781873670484920e-01,-1.006109239248951376e-02
7.264348030800610312e-02,-5.481510697050753222e-01,8.332186565061550088e-01,8.810116290516128990e-01
0.000000000000000000e+00,0.000000000000000000e+00,0.000000000000000000e+00,1.000000000000000000e+00
8.597649163983559495e-01,-3.884532677869784734e-01,-3.315242785621380084e-01,4.960024828311812573e-01
5.053779737821246787e-01,7.405608648631467616e-01,4.429025954417317723e-01,-1.081840862821923516e-02
7.346694594443292647e-02,-5.483371811018893371e-01,8.330239754501856941e-01,8.815551485409058863e-01
0.000000000000000000e+00,0.000000000000000000e+00,0.000000000000000000e+00,1.000000000000000000e+00
8.621920959279633090e-01,-3.857006346848502742e-01,-3.284201731365620769e-01,4.965529779196342086e-01
5.011330684773582789e-01,7.442224436886212269e-01,4.415864603773585473e-01,-1.181009864905661205e-02
7.409748577254865465e-02,-5.453145649199558909e-01,8.349500511338066033e-01,8.821286597076509750e-01
0.000000000000000000e+00,0.000000000000000000e+00,0.000000000000000000e+00,1.000000000000000000e+00
8.643737656654043588e-01,-3.829651521771679779e-01,-3.258767948893067090e-01,4.969808082710432950e-01
4.973746235480859257e-01,7.465035251145811790e-01,4.419852608876269073e-01,-1.261379450186937701e-02
7.400322344201337721e-02,-5.441233125031699203e-01,8.357352114819436295e-01,8.824802856116188421e-01
0.000000000000000000e+00,0.000000000000000000e+00,0.000000000000000000e+00,1.000000000000000000e+00
8.657536206359187636e-01,-3.788944371082657581e-01,-3.269704480288825321e-01,4.977469713709892774e-01
4.945351431047482205e-01,7.479881998374590113e-01,4.426608692196360995e-01,-1.346651996423232911e-02
7.684829594834161060e-02,-5.449336275477298930e-01,8.349501068791524983e-01,8.830980439380077263e-01
0.000000000000000000e+00,0.000000000000000000e+00,0.000000000000000000e+00,1.000000000000000000e+00
8.673619738396201040e-01,-3.759929015879668324e-01,-3.260560447108741822e-01,4.982302106275754428e-01
4.916534766011987356e-01,7.489849365372148737e-01,4.441828720091517968e-01,-1.427698725294720972e-02
7.720145907295188070e-02,-5.455739205605464326e-01,8.344992701741577035e-01,8.835281555369747242e-01
0.000000000000000000e+00,0.000000000000000000e+00,0.000000000000000000e+00,1.000000000000000000e+00
8.675422678990979408e-01,-3.755798486425590554e-01,-3.260524355101832583e-01,4.984373570753039551e-01
4.913416163513082968e-01,7.488893808251886330e-01,4.446887803043262366e-01,-1.458989876149776460e-02
7.716106174602285761e-02,-5.459894436533531126e-01,8.342312017476499753e-01,8.837187206191182698e-01
0.000000000000000000e+00,0.000000000000000000e+00,0.000000000000000000e+00,1.000000000000000000e+00
8.691409073443620015e-01,-3.735390627033439159e-01,-3.241336943536207160e-01,4.992081973655997373e-01
4.883028322236016017e-01,7.521024094985144792e-01,4.426085286897870619e-01,-1.560919271939296277e-02
7.845015757172404958e-02,-5.429645791957667944e-01,8.360831528716120564e-01,8.843170636777880622e-01
0.000000000000000000e+00,0.000000000000000000e+00,0.000000000000000000e+00,1.000000000000000000e+00
8.732666362046754838e-01,-3.660252236191149366e-01,-3.216067750628829880e-01,5.008150612190083173e-01
4.808227394777946362e-01,7.541646085709302616e-01,4.472641684509551241e-01,-1.818780143467385244e-02
7.883448035498002993e-02,-5.452167264984012496e-01,8.345800416098673180e-01,8.852949356933785818e-01
0.000000000000000000e+00,0.000000000000000000e+00,0.000000000000000000e+00,1.000000000000000000e+00
8.747025086746487155e-01,-3.642580183261794335e-01,-3.197055166920972913e-01,5.013618109776321052e-01
4.778762685883907180e-01,7.581846668255295407e-01,4.436105081157310503e-01,-1.908881758997815759e-02
8.080713606057578213e-02,-5.408069036872085178e-01,8.372562927120595910e-01,8.858969937043018605e-01
0.000000000000000000e+00,0.000000000000000000e+00,0.000000000000000000e+00,1.000000000000000000e+00
8.762134779802017714e-01,-3.615304358012056962e-01,-3.186623369575210529e-01,5.016921118751034303e-01
4.748863002544189138e-01,7.603064969055205458e-01,4.431896124616702126e-01,-1.991204488978286571e-02
8.205451137206433432e-02,-5.396570899679220545e-01,8.378766510715319749e-01,8.864000366140964982e-01
0.000000000000000000e+00,0.000000000000000000e+00,0.000000000000000000e+00,1.000000000000000000e+00
8.757521789950823976e-01,-3.617188410528168196e-01,-3.197148745566463779e-01,5.018272095166128599e-01
4.758601348374157380e-01,7.583724389026244017e-01,4.454530008714744360e-01,-2.023795559019760451e-02
8.133420595224141736e-02,-5.422459994691453122e-01,8.362738923354154918e-01,8.865466221432845018e-01
0.000000000000000000e+00,0.000000000000000000e+00,0.000000000000000000e+00,1.000000000000000000e+00
8.767513682184669976e-01,-3.590455778656599928e-01,-3.199895488014575240e-01,5.023340483009508528e-01
4.737643756805263728e-01,7.592951220237768029e-01,4.461145973927986286e-01,-2.117755083015465320e-02
8.279103008833228750e-02,-5.427312324585825687e-01,8.358160411543325008e-01,8.870918297405265829e-01
0.000000000000000000e+00,0.000000000000000000e+00,0.000000000000000000e+00,1.000000000000000000e+00
8.783198084692217522e-01,-3.574090086972018243e-01,-3.175108101351405976e-01,5.027643688489871199e-01
4.705911993677075467e-01,7.633998428915935719e-01,4.424529386847294021e-01,-2.206991915386948694e-02
8.425103636307600119e-02,-5.380329733159240346e-01,8.387027378616179751e-01,8.875617166313225503e-01
0.000000000000000000e+00,0.000000000000000000e+00,0.000000000000000000e+00,1.000000000000000000e+00
8.794670554386696537e-01,-3.547235018256784667e-01,-3.173467120525497176e-01,5.031243946974388592e-01
4.685229421815385598e-01,7.626126258559190463e-01,4.459912953575380090e-01,-2.294720906950518252e-02
8.380901531214081379e-02,-5.409188665018700437e-01,8.368887792381621837e-01,8.879530113488501852e-01
0.000000000000000000e+00,0.000000000000000000e+00,0.000000000000000000e+00,1.000000000000000000e+00
8.800307477270289391e-01,-3.540508076377857360e-01,-3.165342140528224490e-01,5.033506611544671383e-01
4.675460717982621306e-01,7.628505609288963596e-01,4.466091047397964808e-01,-2.339645234056893577e-02
8.334598851186962587e-02,-5.410240727560094998e-01,8.368670138662890334e-01,8.882110740648391234e-01
0.000000000000000000e+00,0.000000000000000000e+00,0.000000000000000000e+00,1.000000000000000000e+00
8.803581885717461919e-01,-3.538391866613774805e-01,-3.158596045674225694e-01,5.035778490727282897e-01
4.668683816547474219e-01,7.639482231963766745e-01,4.454402614113099901e-01,-2.363318705607058215e-02
8.368616388478333779e-02,-5.396118440674869676e-01,8.377444023783956473e-01,8.884451243538360465e-01
0.000000000000000000e+00,0.000000000000000000e+00,0.000000000000000000e+00,1.000000000000000000e+00
8.814669131395609369e-01,-3.515156991221882743e-01,-3.153613709870835558e-01,5.043572018971631543e-01
4.642575993787226851e-01,7.673275231106679861e-01,4.423498091962431156e-01,-2.426163525181116234e-02
8.649255724811931445e-02,-5.363256338713323634e-01,8.395676577817861030e-01,8.892625874195851932e-01
0.000000000000000000e+00,0.000000000000000000e+00,0.000000000000000000e+00,1.000000000000000000e+00
8.822569680742112785e-01,-3.495460952347719807e-01,-3.153413540762198819e-01,5.048288801468887588e-01
4.626121801269070799e-01,7.678743996030443775e-01,4.431239975813702214e-01,-2.473973374967181754e-02
8.725028987189788199e-02,-5.368299858804348457e-01,8.391668208269925655e-01,8.897269640444063210e-01
0.000000000000000000e+00,0.000000000000000000e+00,0.000000000000000000e+00,1.000000000000000000e+00
8.830621906807526456e-01,-3.489386375392747874e-01,-3.137562662678544112e-01,5.051465035587229258e-01
4.611983610909912157e-01,7.687435291533608606e-01,4.430908012042445998e-01,-2.507721792463931190e-02
8.658659894633720377e-02,-5.359806093666731330e-01,8.397782726802568432e-01,8.900182987775934196e-01
0.000000000000000000e+00,0.000000000000000000e+00,0.000000000000000000e+00,1.000000000000000000e+00
8.833711734889884148e-01,-3.485823718638861868e-01,-3.132821410078062141e-01,5.054633715943079864e-01
4.605398730955251319e-01,7.696119264459897469e-01,4.422674620195907735e-01,-2.521049231902764212e-02
8.693903115313185437e-02,-5.349652443830719140e-01,8.403890718972462093e-01,8.902993910586349813e-01
0.000000000000000000e+00,0.000000000000000000e+00,0.000000000000000000e+00,1.000000000000000000e+00
8.838755492637190292e-01,-3.489704014573956625e-01,-3.114220164349705278e-01,5.060055287010194469e-01
4.593868885277234693e-01,7.728534149314767454e-01,4.377913723197063289e-01,-2.528371703508960552e-02
8.790733793362139059e-02,-5.300162808210884258e-01,8.434186635366834883e-01,8.909054783239531705e-01
0.000000000000000000e+00,0.000000000000000000e+00,0.000000000000000000e+00,1.000000000000000000e+00
8.848111833712795082e-01,-3.469063619947577171e-01,-3.110709658400765965e-01,5.065118349644478490e-01
4.576346471702195662e-01,7.725595953889867751e-01,4.401388431867762630e-01,-2.575733026983134319e-02
8.763389464416515562e-02,-5.317966223848804574e-01,8.423257403935417997e-01,8.913630658692683895e-01
0.000000000000000000e+00,0.000000000000000000e+00,0.000000000000000000e+00,1.000000000000000000e+00
8.851924698229951538e-01,-3.455407922752825600e-01,-3.115057820369246944e-01,5.069013784408217260e-01
4.567641376593946090e-01,7.726288466600446103e-01,4.409208408059648865e-01,-2.601576702341736394e-02
8.832221644034750352e-02,-5.325844779774748794e-01,8.417558790412604797e-01,8.916822065192294700e-01
0.000000000000000000e+00,0.000000000000000000e+00,0.000000000000000000e+00,1.000000000000000000e+00
8.853215219513861367e-01,-3.455586535771137946e-01,-3.111189799862001948e-01,5.072821844285717585e-01
4.564486539260173004e-01,7.734532810327507946e-01,4.398006916647581033e-01,-2.619434158730245960e-02
8.865906100793204125e-02,-5.313748573254525320e-01,8.424846181999685601e-01,8.920031320163032129e-01
0.000000000000000000e+00,0.000000000000000000e+00,0.000000000000000000e+00,1.000000000000000000e+00
8.857918601380496693e-01,-3.447643393162448944e-01,-3.106611189849917132e-01,5.079574158149466889e-01
4.553767859696762899e-01,7.747585832452507093e-01,4.386127226697142945e-01,-2.654648679631542441e-02
8.946934286727305230e-02,-5.299874413829493980e-01,8.432725233655210539e-01,8.924502938316685174e-01
0.000000000000000000e+00,0.000000000000000000e+00,0.000000000000000000e+00,1.000000000000000000e+00
8.869565231742703171e-01,-3.425820285081728200e-01,-3.097509963532572574e-01,5.086931781225620952e-01
4.531369695370038309e-01,7.751686401482474897e-01,4.402050274241962047e-01,-2.718598033840430306e-02
8.930292737324228847e-02,-5.308023484065819142e-01,8.427774641556495805e-01,8.927279724598902177e-01
0.000000000000000000e+00,0.000000000000000000e+00,0.000000000000000000e+00,1.000000000000000000e+00
8.870442594442815576e-01,-3.429030904184597883e-01,-3.091439023633099081e-01,5.088539238946026000e-01
4.530482809866945848e-01,7.754103843815501884e-01,4.398704251120523212e-01,-2.730940899909741620e-02
8.888046400614216247e-02,-5.302416490381778313e-01,8.431749858382461271e-01,8.927908989657414862e-01
0.000000000000000000e+00,0.000000000000000000e+00,0.000000000000000000e+00,1.000000000000000000e+00
8.894471554396211621e-01,-3.398611620446853610e-01,-3.055783830934420964e-01,5.097362626501712457e-01
4.486534305668424261e-01,7.767560830135125105e-01,4.419955732155117500e-01,-2.839949182780546547e-02
8.714273877363401533e-02,-5.302304951953833445e-01,8.433633647745725215e-01,8.932705117458318300e-01
0.000000000000000000e+00,0.000000000000000000e+00,0.000000000000000000e+00,1.000000000000000000e+00
8.902177167668924307e-01,-3.380434253747662265e-01,-3.053507152689114434e-01,5.101392590303324148e-01
4.470999663307839156e-01,7.767787076144447855e-01,4.435272928511219126e-01,-2.889030481009111778e-02
8.725844865314098808e-02,-5.313581484815376177e-01,8.426413716290693801e-01,8.934370980363912640e-01
0.000000000000000000e+00,0.000000000000000000e+00,0.000000000000000000e+00,1.000000000000000000e+00
8.903273735461462168e-01,-3.386447889136435796e-01,-3.043630642112389872e-01,5.104803071458632324e-01
4.469646242544779158e-01,7.775062488082119527e-01,4.423874520476774319e-01,-2.928852128693461288e-02
8.683197901392303297e-02,-5.299091809034983669e-01,8.435973372496554656e-01,8.935741355946607012e-01
0.000000000000000000e+00,0.000000000000000000e+00,0.000000000000000000e+00,1.000000000000000000e+00
8.904926076354643394e-01,-3.385240214387887359e-01,-3.040138198429495064e-01,5.105579503537452934e-01
4.466382631743791021e-01,7.778561575031873732e-01,4.421018662061387272e-01,-2.938137315233535496e-02
8.681692009720763659e-02,-5.294726481540732443e-01,8.438729390385426576e-01,8.936116008095109642e-01
0.000000000000000000e+00,0.000000000000000000e+00,0.000000000000000000e+00,1.000000000000000000e+00
8.916534751159772565e-01,-3.365134520696286269e-01,-3.028411743633667719e-01,5.109267715466084825e-01
4.443079866701086789e-01,7.788115825115735635e-01,4.427673564378624138e-01,-2.994795139131875561e-02
8.685904267694827263e-02,-5.293498044979333406e-01,8.439456683834829498e-01,8.938154833223096452e-01
0.000000000000000000e+00,0.000000000000000000e+00,0.000000000000000000e+00,1.000000000000000000e+00
8.930887377571299357e-01,-3.347585857140817356e-01,-3.005481588399505632e-01,5.113835244399348445e-01
4.418417567669938317e-01,7.784048979217209618e-01,4.459390954699214982e-01,-3.095144638113687258e-02
8.466621798824516820e-02,-5.310579103847177240e-01,8.430949693536214928e-01,8.941215106719001549e-01
0.000000000000000000e+00,0.000000000000000000e+00,0.000000000000000000e+00,1.000000000000000000e+00
8.934676471212207316e-01,-3.336360655448146195e-01,-3.006701503565756828e-01,5.116505605619056096e-01
4.410006604451550682e-01,7.784826450087568572e-01,4.466354093744770992e-01,-3.142438487025837890e-02
8.505281320806949708e-02,-5.316500232182312935e-01,8.426827824142648637e-01,8.945094020201236340e-01
0.000000000000000000e+00,0.000000000000000000e+00,0.000000000000000000e+00,1.000000000000000000e+00
8.938658996629346154e-01,-3.326527561421512846e-01,-3.005759425682681951e-01,5.119019200558158067e-01
4.400294119145704563e-01,7.793846238349509958e-01,4.460198703867006564e-01,-3.187497658502351505e-02
8.589452875410447108e-02,-5.309442079547364024e-01,8.430423346246782579e-01,8.949962483663458368e-01
0.000000000000000000e+00,0.000000000000000000e+00,0.000000000000000000e+00,1.000000000000000000e+00
8.945084787912375157e-01,-3.316143161320436183e-01,-2.998108181951799067e-01,5.121082196832010824e-01
4.386987485490279060e-01,7.801632759554747443e-01,4.459693609116422985e-01,-3.242081885435497274e-02
8.601156545548403753e-02,-5.304500053602591025e-01,8.433414506717893389e-01,8.954052798554698045e-01
0.000000000000000000e+00,0.000000000000000000e+00,0.000000000000000000e+00,1.000000000000000000e+00
8.950060470923648648e-01,-3.297890589735090194e-01,-3.003387291866749798e-01,5.123540984708209178e-01
4.374992055195051077e-01,7.802671704765652416e-01,4.469648619816735668e-01,-3.294734321510321001e-02
8.694032917985382303e-02,-5.314342097173102575e-01,8.426262872141104809e-01,8.957631092733395750e-01
0.000000000000000000e+00,0.000000000000000000e+00,0.000000000000000000e+00,1.000000000000000000e+00
8.954395310103354655e-01,-3.283115778875673740e-01,-3.006651860940442456e-01,5.124634167607335922e-01
4.363947529121777746e-01,7.808619738830452350e-01,4.470058135798612997e-01,-3.342023170551564060e-02
8.802082670998849501e-02,-5.314753856656487807e-01,8.424881295880910503e-01,8.960107885876325007e-01
0.000000000000000000e+00,0.000000000000000000e+00,0.000000000000000000e+00,1.000000000000000000e+00
8.964914490282182014e-01,-3.261841221020126413e-01,-2.998449604509387245e-01,5.126323834066721652e-01
4.340223264522015123e-01,7.825391731139732521e-01,4.463821935103566840e-01,-3.423653702832191864e-02
8.903764350152315599e-02,-5.303172267903789594e-01,8.431108687527740786e-01,8.961414250840877838e-01
0.000000000000000000e+00,0.000000000000000000e+00,0.000000000000000000e+00,1.000000000000000000e+00
8.980045631825177566e-01,-3.241175267975048846e-01,-2.975493796431847304e-01,5.128931107930695399e-01
4.311383915934419719e-01,7.831550558667671469e-01,4.480935680910190233e-01,-3.503470429742046310e-02
8.779232197404979177e-02,-5.306750298374605102e-01,8.430163230385371298e-01,8.960126605655114318e-01
0.000000000000000000e+00,0.000000000000000000e+00,0.000000000000000000e+00,1.000000000000000000e+00
9.000498794993827545e-01,-3.220982045870638411e-01,-2.935352806988225094e-01,5.132792315523281301e-01
4.273321910652712052e-01,7.843744753933445946e-01,4.496041379155332751e-01,-3.597784827425769272e-02
8.542489621006912892e-02,-5.301032248092868437e-01,8.436190835645513975e-01,8.957773148510690397e-01
0.000000000000000000e+00,0.000000000000000000e+00,0.000000000000000000e+00,1.000000000000000000e+00
9.008977534356037431e-01,-3.206711489701469797e-01,-2.924948752933079765e-01,5.135651895928573518e-01
4.254170497272285467e-01,7.859880792843583208e-01,4.486012405514123169e-01,-3.631757839707117075e-02
8.604400999525033122e-02,-5.285761567088049784e-01,8.445138689819641220e-01,8.957410845603666072e-01
0.000000000000000000e+00,0.000000000000000000e+00,0.000000000000000000e+00,1.000000000000000000e+00
9.015722608741246757e-01,-3.197988086866732638e-01,-2.913694911704102219e-01,5.139404623361374380e-01
4.239933665004175789e-01,7.870284507005093078e-01,4.481248073378649166e-01,-3.677043755946901582e-02
8.600629968764952893e-02,-5.275556271622363624e-01,8.451555931682033229e-01,8.957242561070909437e-01
0.000000000000000000e+00,0.000000000000000000e+00,0.000000000000000000e+00,1.000000000000000000e+00
9.029657026626650707e-01,-3.167473249949286362e-01,-2.903860739144986103e-01,5.144835586501506075e-01
4.208356096964208648e-01,7.884869443959788837e-01,4.485373207755785074e-01,-3.749199270027236963e-02
8.689263159993110275e-02,-5.272186174877073750e-01,8.452752214208039128e-01,8.958042645829468187e-01
0.000000000000000000e+00,0.000000000000000000e+00,0.000000000000000000e+00,1.000000000000000000e+00
9.039006561973039755e-01,-3.154232505790603991e-01,-2.889148260650922229e-01,5.147097344977370481e-01
4.188851280303097502e-01,7.894888293664558132e-01,4.486007554837756484e-01,-3.789166819257077518e-02
8.659591930982810104e-02,-5.265126411585219213e-01,8.457455796273268822e-01,8.958051725085716122e-01
0.000000000000000000e+00,0.000000000000000000e+00,0.000000000000000000e+00,1.000000000000000000e+00
9.049997431420646610e-01,-3.140276910011657319e-01,-2.869879338879481878e-01,5.149802711574026359e-01
4.168318582135576711e-01,7.893794319271001392e-01,4.507009146082146533e-01,-3.863006466195021554e-02
8.500980467586949363e-02,-5.275099257217109594e-01,8.452849291061833581e-01,8.959337998375099810e-01
0.000000000000000000e+00,0.000000000000000000e+00,0.000000000000000000e+00,1.000000000000000000e+00
9.053123605644173288e-01,-3.130797272741301374e-01,-2.870376528945964845e-01,5.153673070745907747e-01
4.158778345441699331e-01,7.907457853451007601e-01,4.491845163112948014e-01,-3.904712743821901061e-02
8.634324839924990835e-02,-5.260248923092101236e-01,8.460748525555816801e-01,8.962329827604973431e-01
0.000000000000000000e+00,0.000000000000000000e+00,0.000000000000000000e+00,1.000000000000000000e+00
9.067001384228248195e-01,-3.089981880580258133e-01,-2.870800911956230550e-01,5.161029394387469660e-01
4.123253210360425802e-01,7.926531108768609668e-01,4.490978461869519212e-01,-3.995013708034952232e-02
8.878450662449353936e-02,-5.255674700683934386e-01,8.461064624439135207e-01,8.967064711370548169e-01
0.000000000000000000e+00,0.000000000000000000e+00,0.000000000000000000e+00,1.000000000000000000e+00
9.069025211198145087e-01,-3.089650790225508814e-01,-2.864758229434261061e-01,5.163091876746446207e-01
4.120191417335995476e-01,7.925363053545166903e-01,4.495847323254208439e-01,-4.023362979568105569e-02
8.813650793872160327e-02,-5.257630498994781965e-01,8.460527000895194938e-01,8.967260755407348016e-01
0.000000000000000000e+00,0.000000000000000000e+00,0.000000000000000000e+00,1.000000000000000000e+00
9.071631247273899135e-01,-3.084229245190708846e-01,-2.862348070482370610e-01,5.166246625294925732e-01
4.114611582805672296e-01,7.925718885109933609e-01,4.500327952144503874e-01,-4.060507430469561391e-02
8.806123075026806024e-02,-5.260276619848246460e-01,8.458960447156180784e-01,8.968030193719335186e-01
0.000000000000000000e+00,0.000000000000000000e+00,0.000000000000000000e+00,1.000000000000000000e+00
9.082261340513944070e-01,-3.061505598619554958e-01,-2.853018123361114045e-01,5.172870275767875725e-01
4.090589869298484338e-01,7.933247754162401355e-01,4.508952715683524071e-01,-4.161689060732447210e-02
8.829515636763228537e-02,-5.262201396820378463e-01,8.457519316886198402e-01,8.969522050702278815e-01
0.000000000000000000e+00,0.000000000000000000e+00,0.000000000000000000e+00,1.000000000000000000e+00
9.094183184971378342e-01,-3.047997233740283307e-01,-2.829407192557374939e-01,5.176379444429688448e-01
4.065841435570140550e-01,7.946692326966078301e-01,4.507661753208572764e-01,-4.245545914570872381e-02
8.745087872541720819e-02,-5.249742272116796338e-01,8.466134918448040558e-01,8.968559435940628433e-01
0.000000000000000000e+00,0.000000000000000000e+00,0.000000000000000000e+00,1.000000000000000000e+00
9.100618024580194865e-01,-3.050202288330183253e-01,-2.806246170768238457e-01,5.177688578674513042e-01
4.055673643655111626e-01,7.949426757540011268e-01,4.511997952422869829e-01,-4.299958880757669827e-02
8.545541918727890540e-02,-5.244318852508131901e-01,8.471532146334594948e-01,8.966461922854369604e-01
0.000000000000000000e+00,0.000000000000000000e+00,0.000000000000000000e+00,1.000000000000000000e+00
9.104729755518810030e-01,-3.046349731361452928e-01,-2.797078724885013745e-01,5.178293848025599111e-01
4.048161113495749586e-01,7.948674620532762969e-01,4.520062319933119688e-01,-4.326486501130778761e-02
8.463378038060367925e-02,-5.247697122656025392e-01,8.470264885510749853e-01,8.965840884349637330e-01
0.000000000000000000e+00,0.000000000000000000e+00,0.000000000000000000e+00,1.000000000000000000e+00
9.109749900213985896e-01,-3.035390839504272242e-01,-2.792643766577619369e-01,5.179842929840783317e-01
4.037288822389741294e-01,7.947973729402378895e-01,4.531005689837134254e-01,-4.367347888981434195e-02
8.442486127664856899e-02,-5.255103809458304687e-01,8.465880239624151704e-01,8.965356995198899837e-01
0.000000000000000000e+00,0.000000000000000000e+00,0.000000000000000000e+00,1.000000000000000000e+00
9.117029796458674396e-01,-3.010450505576077185e-01,-2.795881872318901062e-01,5.182514573785006462e-01
4.018381570703393746e-01,7.951345471695521194e-01,4.541884492364204329e-01,-4.420310449596951546e-02
8.557904198552525321e-02,-5.264341643854799635e-01,8.458979241850644870e-01,8.966278748468459181e-01
0.000000000000000000e+00,0.000000000000000000e+00,0.000000000000000000e+00,1.000000000000000000e+00
9.122123265230239753e-01,-3.004276661402165982e-01,-2.785891038016286014e-01,5.183058622434685292e-01
4.006364603765937837e-01,7.964247839537386131e-01,4.529878476528423903e-01,-4.444657223206918001e-02
8.578518494685430373e-02,-5.248340508406283966e-01,8.468707818326540737e-01,8.966595540803202757e-01
0.000000000000000000e+00,0.000000000000000000e+00,0.000000000000000000e+00,1.000000000000000000e+00
9.121034931696985204e-01,-3.014635151952647085e-01,-2.778254249591787239e-01,5.183264314832749520e-01
4.009357646184863455e-01,7.973589346744411888e-01,4.510756499132157482e-01,-4.472751976601782586e-02
8.554373382909806478e-02,-5.228178251561003131e-01,8.481413745960173500e-01,8.968287977293122326e-01
0.000000000000000000e+00,0.000000000000000000e+00,0.000000000000000000e+00,1.000000000000000000e+00
9.138365550335422194e-01,-2.962300686879735800e-01,-2.777597830672150492e-01,5.189358575474567470e-01
3.962658458331796418e-01,7.999987405895613302e-01,4.505279064400234401e-01,-4.605733831654242744e-02
8.874756396962471539e-02,-5.217755853431954582e-01,8.484539518613978260e-01,8.976025759823453853e-01
0.000000000000000000e+00,0.000000000000000000e+00,0.000000000000000000e+00,1.000000000000000000e+00
9.148300094971697494e-01,-2.943408591587086676e-01,-2.764950494188302410e-01,5.193067076148489836e-01
3.938952143776176529e-01,8.013621245361064460e-01,4.501836352527582852e-01,-4.691649624866048307e-02
8.906522224650197106e-02,-5.207515760789314108e-01,8.490495758184500863e-01,8.978628889027905347e-01
0.000000000000000000e+00,0.000000000000000000e+00,0.000000000000000000e+00,1.000000000000000000e+00
9.147778009665805676e-01,-2.949989992568866626e-01,-2.759658770503748970e-01,5.195883182747137452e-01
3.939958053110946823e-01,8.023410796271528422e-01,4.483481876176113046e-01,-4.737499741842277068e-02
8.915649306701770027e-02,-5.188683671030352995e-01,8.501921767246629624e-01,8.980223397089974746e-01
0.000000000000000000e+00,0.000000000000000000e+00,0.000000000000000000e+00,1.000000000000000000e+00
9.179084367933711963e-01,-2.849788502545010926e-01,-2.760999032436850520e-01,5.207011999857213969e-01
3.855862969171282018e-01,8.048298261632351736e-01,4.511897145855531255e-01,-4.913477545960474174e-02
9.363391102205363692e-02,-5.206111848833823164e-01,8.486440271875097530e-01,8.988820331860927215e-01
0.000000000000000000e+00,0.000000000000000000e+00,0.000000000000000000e+00,1.000000000000000000e+00
9.165703985905298001e-01,-2.885935566548135101e-01,-2.767895653468933070e-01,5.206237700134035418e-01
3.888795872687936250e-01,8.045074109640002469e-01,4.489326144419161224e-01,-4.876425559473831356e-02
9.312019669894344709e-02,-5.191161572917243339e-01,8.496158215366659272e-01,8.988519524709550623e-01
0.000000000000000000e+00,0.000000000000000000e+00,0.000000000000000000e+00,1.000000000000000000e+00
9.160603442380473860e-01,-2.895321311439391088e-01,-2.774970103437491842e-01,5.208560605705780944e-01
3.898347430156945959e-01,8.052987916963979531e-01,4.466796718345359407e-01,-4.885547603487447321e-02
9.413988980425552766e-02,-5.173635096598621086e-01,8.505719722751698963e-01,8.992293708695199284e-01
0.000000000000000000e+00,0.000000000000000000e+00,0.000000000000000000e+00,1.000000000000000000e+00
9.162702596117902054e-01,-2.882751542803845823e-01,-2.781119320985043775e-01,5.211320749721951584e-01
3.890558587032335036e-01,8.056886233820097498e-01,4.466557745753340081e-01,-4.906388266854706803e-02
9.531185739262583445e-02,-5.174584790854455107e-01,8.503836618038620454e-01,8.995578510033002129e-01
0.000000000000000000e+00,0.000000000000000000e+00,0.000000000000000000e+00,1.000000000000000000e+00
9.170432289995403830e-01,-2.860236645661242694e-01,-2.778887897239860627e-01,5.216811797364325765e-01
3.869704152406155950e-01,8.066234163817951330e-01,4.467802165193380248e-01,-4.951978240975148104e-02
9.636189015685636683e-02,-5.172515127602105300e-01,8.503912385911979177e-01,8.998715468058109401e-01
0.000000000000000000e+00,0.000000000000000000e+00,0.000000000000000000e+00,1.000000000000000000e+00
9.186180890910456975e-01,-2.820285740614191239e-01,-2.767682962472369224e-01,5.225004986615889857e-01
3.831426589925813753e-01,8.070585724890743107e-01,4.492862822655417920e-01,-5.042733021448356917e-02
9.665665654682122077e-02,-5.187642470186050181e-01,8.494357814222388559e-01,9.000540566227982486e-01
0.000000000000000000e+00,0.000000000000000000e+00,0.000000000000000000e+00,1.000000000000000000e+00
9.189285605551504865e-01,-2.829848712806214972e-01,-2.747541869059126340e-01,5.229538483447619956e-01
3.822725948207344460e-01,8.105622415652411483e-01,4.436851539073109474e-01,-5.055003342940667804e-02
9.714918345030859603e-02,-5.127459557861199224e-01,8.530261549213580263e-01,9.000151729656393762e-01
0.000000000000000000e+00,0.000000000000000000e+00,0.000000000000000000e+00,1.000000000000000000e+00
9.194797432382095792e-01,-2.818098523064626604e-01,-2.741171445160002773e-01,5.232776244574059987e-01
3.806487002043137946e-01,8.125142292886051720e-01,4.415055993261131073e-01,-5.072662953025270510e-02
9.830345267264289921e-02,-5.102977898703399129e-01,8.543609289089031389e-01,9.001372538579285321e-01
0.000000000000000000e+00,0.000000000000000000e+00,0.000000000000000000e+00,1.000000000000000000e+00
9.206867557258981982e-01,-2.777071663155275538e-01,-2.742528534180094235e-01,5.237024803287639863e-01
3.772274014579617973e-01,8.134902094051568167e-01,4.426433855726615296e-01,-5.123277040677046840e-02
1.001767708612830016e-01,-5.109915938437286087e-01,8.537284144274759345e-01,9.003977291067563060e-01
0.000000000000000000e+00,0.000000000000000000e+00,0.000000000000000000e+00,1.000000000000000000e+00
9.211066160027706617e-01,-2.760523520321116475e-01,-2.745135714194539833e-01,5.239660446419134310e-01
3.758563315991652054e-01,8.143378808445390638e-01,4.422508720380816660e-01,-5.140576525594144769e-02
1.014624065984192774e-01,-5.105378680951730974e-01,8.538480340716916306e-01,9.005003984735798772e-01
0.000000000000000000e+00,0.000000000000000000e+00,0.000000000000000000e+00,1.000000000000000000e+00
9.207333615141130023e-01,-2.779466450905121455e-01,-2.738535000284832432e-01,5.243794872529480289e-01
3.763611204868591020e-01,8.178286538476119416e-01,4.353258548853705112e-01,-5.113378598063585134e-02
1.029678783932035241e-01,-5.038868478425801989e-01,8.576104363815022502e-01,9.004070898345145624e-01
0.000000000000000000e+00,0.000000000000000000e+00,0.000000000000000000e+00,1.000000000000000000e+00
9.220037031748810064e-01,-2.729367734538543644e-01,-2.746173501955133656e-01,5.247808557452355860e-01
3.723243280687568157e-01,8.196042038345625613e-01,4.354578553486682657e-01,-5.170532802858716220e-02
1.062250726521502819e-01,-5.037404755956308433e-01,8.572991118546274825e-01,9.006266119230460498e-01
0.000000000000000000e+00,0.000000000000000000e+00,0.000000000000000000e+00,1.000000000000000000e+00
9.230484471166428007e-01,-2.698228275608922644e-01,-2.741846202882270433e-01,5.248680481998315717e-01
3.693132523579158999e-01,8.210342729637479797e-01,4.353279732014794789e-01,-5.225411522635312750e-02
1.076535457306102422e-01,-5.030888235152264354e-01,8.575035566956517030e-01,9.008362418820000661e-01
0.000000000000000000e+00,0.000000000000000000e+00,0.000000000000000000e+00,1.000000000000000000e+00
9.239204864213473867e-01,-2.685814451167504169e-01,-2.724609001488815796e-01,5.248602431654092459e-01
3.668098020249337399e-01,8.242542646518886684e-01,4.313414846054146046e-01,-5.252371365666040626e-02
1.087267396244812334e-01,-4.984665631134873043e-01,8.600637078428888804e-01,9.009045162382609551e-01
0.000000000000000000e+00,0.000000000000000000e+00,0.000000000000000000e+00,1.000000000000000000e+00
9.246488513824506761e-01,-2.656668387745975690e-01,-2.728472693882545430e-01,5.250084523816843651e-01
3.645718078516970162e-01,8.245812450442386865e-01,4.326120285440968605e-01,-5.306964495431402279e-02
1.100540710599115096e-01,-4.994866375558060234e-01,8.593027407999667133e-01,9.011390663272034196e-01
0.000000000000000000e+00,0.000000000000000000e+00,0.000000000000000000e+00,1.000000000000000000e+00
9.249240289807298954e-01,-2.650623219441003431e-01,-2.725023047602643800e-01,5.249938085426874013e-01
3.641400398489919588e-01,8.235925174297543672e-01,4.348533047045800570e-01,-5.344756703692403466e-02
1.091676325328548997e-01,-5.014352707172899937e-01,8.582803139347013888e-01,9.012361975077584075e-01
0.000000000000000000e+00,0.000000000000000000e+00,0.000000000000000000e+00,1.000000000000000000e+00
9.245973307673955865e-01,-2.660779876915109754e-01,-2.726211297824203128e-01,5.249357969324804918e-01
3.650106778571021171e-01,8.236043770092070782e-01,4.341002594120102476e-01,-5.345926684914305976e-02
1.090274322732859291e-01,-5.008775645178289437e-01,8.586237152411887452e-01,9.012834354725369757e-01
0.000000000000000000e+00,0.000000000000000000e+00,0.000000000000000000e+00,1.000000000000000000e+00
9.244741991895023547e-01,-2.667048442456340651e-01,-2.724261020696077118e-01,5.248778515642044118e-01
3.652778527740795922e-01,8.242739461174281024e-01,4.326020712210714714e-01,-5.358138437138089405e-02
1.091766701529502115e-01,-4.994406749634186515e-01,8.594413690801709915e-01,9.014007583002022761e-01
0.000000000000000000e+00,0.000000000000000000e+00,0.000000000000000000e+00,1.000000000000000000e+00
9.244378616597536125e-01,-2.670441610260109178e-01,-2.722169281875321811e-01,5.248431120674095229e-01
3.653639963580713745e-01,8.246823023087481719e-01,4.317502176305203498e-01,-5.361522752475885584e-02
1.091961084251692610e-01,-4.985845127164063584e-01,8.599358659714934072e-01,9.014486778719503768e-01
0.000000000000000000e+00,0.000000000000000000e+00,0.000000000000000000e+00,1.000000000000000000e+00
9.248767998353544240e-01,-2.663463776272087524e-01,-2.714083864790808320e-01,5.247592380005848822e-01
3.641863821306420834e-01,8.257674658974379911e-01,4.306696777530518716e-01,-5.389068164744086065e-02
1.094129069027403589e-01,-4.971596316980975150e-01,8.607328949290274922e-01,9.015991153748454945e-01
0.000000000000000000e+00,0.000000000000000000e+00,0.000000000000000000e+00,1.000000000000000000e+00
9.255009932327147304e-01,-2.645884431532583569e-01,-2.709997551198038979e-01,5.246899746548997490e-01
3.626338205118044833e-01,8.255163291748741639e-01,4.324575152389574240e-01,-5.499376282723208997e-02
1.092914623667880641e-01,-4.985135364414648440e-01,8.599649005851072170e-01,9.020656427894414575e-01
0.000000000000000000e+00,0.000000000000000000e+00,0.000000000000000000e+00,1.000000000000000000e+00
9.259957960505258434e-01,-2.625585181633692811e-01,-2.712836342955627367e-01,5.247108861495907162e-01
3.609030014754229798e-01,8.265453556361233023e-01,4.319395774901684804e-01,-5.561194627023243603e-02
1.108188125851555100e-01,-4.978813107721659637e-01,8.601356818322363207e-01,9.024948169303634860e-01
0.000000000000000000e+00,0.000000000000000000e+00,0.000000000000000000e+00,1.000000000000000000e+00
9.264793465634331149e-01,-2.607400390500356768e-01,-2.713865369313296916e-01,5.247745665723926312e-01
3.594150040957659331e-01,8.268626050700562669e-01,4.325726380246452951e-01,-5.621861803555078946e-02
1.116103723774572593e-01,-4.983100083010034709e-01,8.597850082461424570e-01,9.028938116465242691e-01
0.000000000000000000e+00,0.000000000000000000e+00,0.000000000000000000e+00,1.000000000000000000e+00
9.265908913789391299e-01,-2.607447936211718664e-01,-2.710008719783671971e-01,5.247098502497610228e-01
3.591826289597244148e-01,8.271136617216471310e-01,4.322855880630183112e-01,-5.665271836452238918e-02
1.114323071068879650e-01,-4.978906940211487164e-01,8.600509855467727283e-01,9.032191429959091078e-01
0.000000000000000000e+00,0.000000000000000000e+00,0.000000000000000000e+00,1.000000000000000000e+00
9.268380669765303725e-01,-2.600958750102655981e-01,-2.707791229135897426e-01,5.246506592215565146e-01
3.586352973590860027e-01,8.267591159831959580e-01,4.334167597438339237e-01,-5.708838463348680364e-02
1.111391969170580779e-01,-4.988181030609540323e-01,8.595513823892686478e-01,9.036034919227106110e-01
0.000000000000000000e+00,0.000000000000000000e+00,0.000000000000000000e+00,1.000000000000000000e+00
9.270178675479104902e-01,-2.592519773203974531e-01,-2.709728501204298201e-01,5.245885399874645749e-01
3.579908349968544123e-01,8.270058202566012984e-01,4.334788752868598549e-01,-5.732247359218999722e-02
1.117158686363748099e-01,-4.988484594715815734e-01,8.594590037794996862e-01,9.040103131088217392e-01
0.000000000000000000e+00,0.000000000000000000e+00,0.000000000000000000e+00,1.000000000000000000e+00
9.267349090387750898e-01,-2.599320039244688574e-01,-2.712890740606837547e-01,5.244152791652807455e-01
3.586177461389921661e-01,8.273116268446673027e-01,4.323757442801566264e-01,-5.737680953299621051e-02
1.120523115472529252e-01,-4.979867723378201272e-01,8.599147946473985060e-01,9.044040487539942719e-01
0.000000000000000000e+00,0.000000000000000000e+00,0.000000000000000000e+00,1.000000000000000000e+00
9.255610745521244409e-01,-2.649407938991544254e-01,-2.704497605878075084e-01,5.237190102208381104e-01
3.614744235356254776e-01,8.308131035850520041e-01,4.231853353330676248e-01,-5.671707220697249502e-02
1.125741462481678196e-01,-4.894445450094008776e-01,8.647375896519340355e-01,9.050340394710248981e-01
0.000000000000000000e+00,0.000000000000000000e+00,0.000000000000000000e+00,1.000000000000000000e+00
9.263024660094592022e-01,-2.606896704985514623e-01,-2.720379333110578002e-01,5.238176960976945740e-01
3.592362151229485101e-01,8.288080493393799042e-01,4.289831687775066404e-01,-5.733306796847192910e-02
1.136357479358214156e-01,-4.950940446476899126e-01,8.613761105031052523e-01,9.054263525629284715e-01
0.000000000000000000e+00,0.000000000000000000e+00,0.000000000000000000e+00,1.000000000000000000e+00
9.260958303634059252e-01,-2.600517247254450215e-01,-2.733488859513334979e-01,5.235677196959630519e-01
3.594577893172816729e-01,8.282544284493635889e-01,4.298659086891525316e-01,-5.748424154932728347e-02
1.146150543456071619e-01,-4.963544119088088014e-01,8.605205907449362535e-01,9.059312388578990571e-01
0.000000000000000000e+00,0.000000000000000000e+00,0.000000000000000000e+00,1.000000000000000000e+00
9.248537655671823510e-01,-2.649092667838919279e-01,-2.728893414705381715e-01,5.227457668422007542e-01
3.625319545570990787e-01,8.309478719759132437e-01,4.220144736661418650e-01,-5.686885802444567595e-02
1.149612727887643210e-01,-4.892327814350976301e-01,8.645433426544126831e-01,9.065451540352682525e-01
0.000000000000000000e+00,0.000000000000000000e+00,0.000000000000000000e+00,1.000000000000000000e+00
9.251657794202570173e-01,-2.629294017209331535e-01,-2.737451557569201555e-01,5.228461736208411814e-01
3.615384987691725449e-01,8.300525994142106123e-01,4.246205319028332204e-01,-5.711575505194323166e-02
1.155776557014431549e-01,-4.918137980134190679e-01,8.629953612773214600e-01,9.066785901077972776e-01
0.000000000000000000e+00,0.000000000000000000e+00,0.000000000000000000e+00,1.000000000000000000e+00
9.251576423197631627e-01,-2.610467073494772139e-01,-2.755684187989136946e-01,5.224009913456875154e-01
3.608136097038944223e-01,8.302504052418504532e-01,4.248503308792273003e-01,-5.747094924600002624e-02
1.178850113872958322e-01,-4.924823663622277525e-01,8.623017122286593672e-01,9.075906827843337465e-01
0.000000000000000000e+00,0.000000000000000000e+00,0.000000000000000000e+00,1.000000000000000000e+00
9.248210393628804038e-01,-2.614304663069279000e-01,-2.763334153487481126e-01,5.219951284885954168e-01
3.611958743193860455e-01,8.313962325403281284e-01,4.222769765123395302e-01,-5.757247706902714202e-02
1.193464935656503439e-01,-4.903411218777096181e-01,8.633203337517849629e-01,9.082098254566903783e-01
0.000000000000000000e+00,0.000000000000000000e+00,0.000000000000000000e+00,1.000000000000000000e+00
9.251024450033350499e-01,-2.615730174526109675e-01,-2.752544691546126576e-01,5.215973175575023824e-01
3.600189955192625302e-01,8.346544029854982005e-01,4.168193258981917615e-01,-5.776738023046284337e-02
1.207136658135802704e-01,-4.846974150102905665e-01,8.663120839329148115e-01,9.087699293129433142e-01
0.000000000000000000e+00,0.000000000000000000e+00,0.000000000000000000e+00,1.000000000000000000e+00
9.256286936452234881e-01,-2.602395225989592165e-01,-2.747488168820803600e-01,5.215883225472953688e-01
3.585990445501172630e-01,8.351280313566418201e-01,4.170945893800624416e-01,-5.801628000083645931e-02
1.209059417414219267e-01,-4.845993831195472556e-01,8.663401128493209979e-01,9.088872683200952540e-01
0.000000000000000000e+00,0.000000000000000000e+00,0.000000000000000000e+00,1.000000000000000000e+00
9.266175513417052034e-01,-2.565361563068702111e-01,-2.748983704076825574e-01,5.216748313371951662e-01
3.559288067682460088e-01,8.341474215485065180e-01,4.213226360362221090e-01,-5.898060282974898483e-02
1.212212772496437801e-01,-4.882491982904583194e-01,8.642442492204907012e-01,9.093407002056791422e-01
0.000000000000000000e+00,0.000000000000000000e+00,0.000000000000000000e+00,1.000000000000000000e+00
9.265016065710425242e-01,-2.572528250427543739e-01,-2.746192947132435336e-01,5.217229270028207466e-01
3.560804703720484854e-01,8.353457738248145636e-01,4.188127705462698080e-01,-5.916366175153892071e-02
1.216612988624483915e-01,-4.858172723983203434e-01,8.655519084367835347e-01,9.094225674767928425e-01
0.000000000000000000e+00,0.000000000000000000e+00,0.000000000000000000e+00,1.000000000000000000e+00
9.272529226869629104e-01,-2.546930083550485446e-01,-2.744694679987926822e-01,5.219644499378750524e-01
3.538254727722193738e-01,8.358463458421154790e-01,4.197242201254273164e-01,-5.991720678298172176e-02
1.225134775687986705e-01,-4.863047991100210021e-01,8.651578411923234180e-01,9.096847534365944954e-01
0.000000000000000000e+00,0.000000000000000000e+00,0.000000000000000000e+00,1.000000000000000000e+00
9.283225810739250683e-01,-2.517926320690065944e-01,-2.735281629083334276e-01,5.221727748610125452e-01
3.510292570776436527e-01,8.359786628370333705e-01,4.218034328413216572e-01,-6.071748529907678577e-02
1.224567113055199385e-01,-4.875860392966226420e-01,8.644444505804111945e-01,9.098618893649274009e-01
0.000000000000000000e+00,0.000000000000000000e+00,0.000000000000000000e+00,1.000000000000000000e+00
9.284634454594364872e-01,-2.516229097442341800e-01,-2.732060426444423151e-01,5.222425854136998336e-01
3.505139030137508493e-01,8.369014140343605801e-01,4.203998417951112510e-01,-6.083634362579401489e-02
1.228642919633640002e-01,-4.860884019179357862e-01,8.652296985663451290e-01,9.098926961983831996e-01
0.000000000000000000e+00,0.000000000000000000e+00,0.000000000000000000e+00,1.000000000000000000e+00
9.285266178270228377e-01,-2.517771275860872793e-01,-2.728490388680321344e-01,5.222403055228412860e-01
3.504076083218279347e-01,8.371746597605016493e-01,4.199441594844066650e-01,-6.093754050663608562e-02
1.226899670587870139e-01,-4.855377092249246740e-01,8.655635764654877606e-01,9.099468698358220697e-01
0.000000000000000000e+00,0.000000000000000000e+00,0.000000000000000000e+00,1.000000000000000000e+00
9.287809614098736510e-01,-2.511808848198845978e-01,-2.725327298209346827e-01,5.222834475364667162e-01
3.497347900013672573e-01,8.373684783929921105e-01,4.201185642845416401e-01,-6.123442140345006224e-02
1.226845645761937414e-01,-4.855123010747564027e-01,8.655785944210062643e-01,9.101074354774258968e-01
0.000000000000000000e+00,0.000000000000000000e+00,0.000000000000000000e+00,1.000000000000000000e+00
9.297443550946798974e-01,-2.492429093786642791e-01,-2.710228888747897580e-01,5.225754789985407323e-01
3.472993184295776747e-01,8.381164474114144447e-01,4.206471252686989626e-01,-6.183338746531034241e-02
1.223054274671753622e-01,-4.852203547904072600e-01,8.657959284433848213e-01,9.103125314061096818e-01
0.000000000000000000e+00,0.000000000000000000e+00,0.000000000000000000e+00,1.000000000000000000e+00
9.306136611609415743e-01,-2.470294206385516000e-01,-2.700642127339528131e-01,5.230418660179640966e-01
3.453246715095396047e-01,8.371266418393634723e-01,4.242285430868351082e-01,-6.241299420948742682e-02
1.212810162698876454e-01,-4.880527131998465551e-01,8.643468425526940058e-01,9.105551317957960578e-01
0.000000000000000000e+00,0.000000000000000000e+00,0.000000000000000000e+00,1.000000000000000000e+00
9.303906189797360726e-01,-2.476302939125528124e-01,-2.702823221213076499e-01,5.234445303395552918e-01
3.457264351854320572e-01,8.378586304932208462e-01,4.224525385436779246e-01,-6.232437773927065883e-02
1.218463299754113521e-01,-4.864896225458535950e-01,8.651481486004093391e-01,9.108427566198576963e-01
0.000000000000000000e+00,0.000000000000000000e+00,0.000000000000000000e+00,1.000000000000000000e+00
9.306400136920442989e-01,-2.467665400863699454e-01,-2.702136924899873893e-01,5.236961771727137727e-01
3.450391159227692017e-01,8.376936940492936134e-01,4.233406234148598402e-01,-6.247048452343799407e-02
1.218900053265455641e-01,-4.872120171381760234e-01,8.647353797304955236e-01,9.111124481978937206e-01
0.000000000000000000e+00,0.000000000000000000e+00,0.000000000000000000e+00,1.000000000000000000e+00
9.306898095699482898e-01,-2.451935072296999030e-01,-2.714712183179875393e-01,5.242335510959117428e-01
3.444973089561044199e-01,8.370789455538293344e-01,4.249946388279403076e-01,-6.259629511869181651e-02
1.230369151297921460e-01,-4.890592836486065131e-01,8.635293478466473660e-01,9.120849824978719544e-01
0.000000000000000000e+00,0.000000000000000000e+00,0.000000000000000000e+00,1.000000000000000000e+00
9.306003997833052210e-01,-2.450314385201452505e-01,-2.719236842570003643e-01,5.244246913205995453e-01
3.445094639467806696e-01,8.373313561829798246e-01,4.244872544657535829e-01,-6.248015083720549756e-02
1.236775047219759588e-01,-4.887082914065607464e-01,8.636365443496619720e-01,9.128896976598100954e-01
0.000000000000000000e+00,0.000000000000000000e+00,0.000000000000000000e+00,1.000000000000000000e+00
9.304989351086589977e-01,-2.431635527916588269e-01,-2.739401729491128812e-01,5.247431879002332211e-01
3.440087441265888835e-01,8.370072216883037708e-01,4.255313088435137558e-01,-6.245233046530367094e-02
1.258161981864769075e-01,-4.901942445963283213e-01,8.624847168724418811e-01,9.141970318037022647e-01
0.000000000000000000e+00,0.000000000000000000e+00,0.000000000000000000e+00,1.000000000000000000e+00
9.304017814347118609e-01,-2.427729670186816457e-01,-2.746157526218423461e-01,5.248106703963606456e-01
3.439271402217120022e-01,8.373028073858495013e-01,4.250154479106492689e-01,-6.234837885875219726e-02
1.267542793046043115e-01,-4.898829403324034271e-01,8.625242358619549243e-01,9.147680515882876673e-01
0.000000000000000000e+00,0.000000000000000000e+00,0.000000000000000000e+00,1.000000000000000000e+00
9.301490067452689026e-01,-2.413939171083983593e-01,-2.766799631954822702e-01,5.248817561907324070e-01
3.434669967560371462e-01,8.384192182814873551e-01,4.231827460514524519e-01,-6.211137421632532962e-02
1.298200577344582607e-01,-4.886534469328169816e-01,8.627656468650675148e-01,9.161443555494654944e-01
0.000000000000000000e+00,0.000000000000000000e+00,0.000000000000000000e+00,1.000000000000000000e+00
9.295816663329404816e-01,-2.412525785583629900e-01,-2.787025635989280326e-01,5.248777853324890774e-01
3.441155148869639580e-01,8.390031501020022153e-01,4.214952271770071035e-01,-6.188269601282023191e-02
1.321455183945082767e-01,-4.877201118037454708e-01,8.629407016188241908e-01,9.171213373824516069e-01
0.000000000000000000e+00,0.000000000000000000e+00,0.000000000000000000e+00,1.000000000000000000e+00
9.296004478373871560e-01,-2.395619646650758439e-01,-2.800947562278492398e-01,5.248747372695824476e-01
3.432222706217200603e-01,8.396197233732248799e-01,4.209954786834890217e-01,-6.185952204374110808e-02
1.343185777537869718e-01,-4.874923437434461326e-01,8.627338723278005217e-01,9.180522442140727213e-01
0.000000000000000000e+00,0.000000000000000000e+00,0.000000000000000000e+00,1.000000000000000000e+00
9.294575466803344233e-01,-2.395599509924708492e-01,-2.805703099037011872e-01,5.248634970750331030e-01
3.432823158598564683e-01,8.401743108103717494e-01,4.198385154701870237e-01,-6.180001635116435382e-02
1.351514725664048067e-01,-4.865369023360938128e-01,8.631430484736180020e-01,9.185795844829804935e-01
0.000000000000000000e+00,0.000000000000000000e+00,0.000000000000000000e+00,1.000000000000000000e+00
9.296484842438357266e-01,-2.372564736359120130e-01,-2.818919322382081871e-01,5.248915649866545685e-01
3.419279175177019625e-01,8.405554678929820778e-01,4.201806809185991698e-01,-6.207188047507501000e-02
1.372552183530606484e-01,-4.870070544797702183e-01,8.625457285974997834e-01,9.196273470901588087e-01
0.000000000000000000e+00,0.000000000000000000e+00,0.000000000000000000e+00,1.000000000000000000e+00
9.299217165834235965e-01,-2.357737714261131656e-01,-2.822345296629127920e-01,5.249764238201114486e-01
3.408447702627090403e-01,8.407371754002005426e-01,4.206968558055235174e-01,-6.234890457587168727e-02
1.380957769488254661e-01,-4.874133057350807929e-01,8.621820142993594782e-01,9.199516315200161332e-01
0.000000000000000000e+00,0.000000000000000000e+00,0.000000000000000000e+00,1.000000000000000000e+00
9.302922058809884875e-01,-2.359425351287945394e-01,-2.808692432326507782e-01,5.250633166745793945e-01
3.398444066482439463e-01,8.425669209460801001e-01,4.178358086585505227e-01,-6.257368619615996663e-02
1.380658934965018902e-01,-4.841612374451711442e-01,8.640171903432090073e-01,9.200039207994780144e-01
0.000000000000000000e+00,0.000000000000000000e+00,0.000000000000000000e+00,1.000000000000000000e+00
9.308927208292619992e-01,-2.348549391847242762e-01,-2.797890273896263547e-01,5.251308743348263031e-01
3.384560388361546601e-01,8.426751164684979090e-01,4.187435466489517477e-01,-6.300359707816650945e-02
1.374272610599258648e-01,-4.845016053898509867e-01,8.639282043620430951e-01,9.199311208485285718e-01
0.000000000000000000e+00,0.000000000000000000e+00,0.000000000000000000e+00,1.000000000000000000e+00
9.315429806381025912e-01,-2.337175381278314701e-01,-2.785745637981780209e-01,5.251611673531113578e-01
3.369876184537876629e-01,8.427066337853948985e-01,4.198629233249021597e-01,-6.353143256412738249e-02
1.366273041259467025e-01,-4.849965378696572404e-01,8.637773660045290347e-01,9.198211526185313680e-01
0.000000000000000000e+00,0.000000000000000000e+00,0.000000000000000000e+00,1.000000000000000000e+00
9.316644987562985314e-01,-2.334976096586052208e-01,-2.783525247611244868e-01,5.251555763127763177e-01
3.366909255930061740e-01,8.427778461872648119e-01,4.199580009944801073e-01,-6.360965310292868158e-02
1.365301519097505412e-01,-4.849787296981926676e-01,8.638027259506811939e-01,9.198040278641045342e-01
0.000000000000000000e+00,0.000000000000000000e+00,0.000000000000000000e+00,1.000000000000000000e+00
9.320167251442920131e-01,-2.328103402428581270e-01,-2.777483924837621521e-01,5.251571386220693638e-01
3.357078272260028418e-01,8.433422593657144972e-01,4.196118305137837012e-01,-6.389500445817661300e-02
1.365469838206087028e-01,-4.843275534634972068e-01,8.641653442284976672e-01,9.197284268723505685e-01
0.000000000000000000e+00,0.000000000000000000e+00,0.000000000000000000e+00,1.000000000000000000e+00
9.326697567223991570e-01,-2.313840632174274936e-01,-2.767463462891141535e-01,5.251734368409233245e-01
3.336606455333950838e-01,8.449340047922607733e-01,4.180395928233951452e-01,-6.453202785722139678e-02
1.371046991084509670e-01,-4.822322498907610222e-01,8.652481485953470441e-01,9.196934166203816208e-01
0.000000000000000000e+00,0.000000000000000000e+00,0.000000000000000000e+00,1.000000000000000000e+00
9.328636752278185451e-01,-2.307132306456416981e-01,-2.766527943930766620e-01,5.250842542196834106e-01
3.330312900380926755e-01,8.451023775246291336e-01,4.182010657061778214e-01,-6.490307030058939386e-02
1.373154153618988960e-01,-4.822586201482250146e-01,8.652000346721671065e-01,9.198783664114307257e-01
0.000000000000000000e+00,0.000000000000000000e+00,0.000000000000000000e+00,1.000000000000000000e+00
9.329125526726373963e-01,-2.305374944428661976e-01,-2.766344749336731579e-01,5.250585581556350689e-01
3.328617731672693925e-01,8.451724659582010579e-01,4.181943839293813525e-01,-6.498105873669096644e-02
1.373943558875870830e-01,-4.822198320705390895e-01,8.652091218474849965e-01,9.199309858887853020e-01
0.000000000000000000e+00,0.000000000000000000e+00,0.000000000000000000e+00,1.000000000000000000e+00
9.329841656998235644e-01,-2.295908935636320480e-01,-2.771796676274385085e-01,5.249328655994398574e-01
3.320608353757507070e-01,8.461613937758261095e-01,4.168290984239342856e-01,-6.531180168687719667e-02
1.388385687154793935e-01,-4.809354606140041066e-01,8.656933259307436623e-01,9.203543507661680056e-01
0.000000000000000000e+00,0.000000000000000000e+00,0.000000000000000000e+00,1.000000000000000000e+00
9.332918410511648055e-01,-2.281009850479684686e-01,-2.773738993623475757e-01,5.248675585840029134e-01
3.306029346107489664e-01,8.473530741736704508e-01,4.155652383383275361e-01,-6.568642216801690026e-02
1.402427861035571988e-01,-4.795442714792625405e-01,8.662385656603700523e-01,9.207758984541517533e-01
0.000000000000000000e+00,0.000000000000000000e+00,0.000000000000000000e+00,1.000000000000000000e+00
9.338707707923927792e-01,-2.268197418650288177e-01,-2.764745705483667715e-01,5.247848180517560301e-01
3.290986631118219541e-01,8.476022060632837363e-01,4.162506098670202270e-01,-6.622986812123658751e-02
1.399266000359962736e-01,-4.797116894312003499e-01,8.661969993168008308e-01,9.210300705707111790e-01
0.000000000000000000e+00,0.000000000000000000e+00,0.000000000000000000e+00,1.000000000000000000e+00
9.337467368549080549e-01,-2.268302044404257034e-01,-2.768846145352354959e-01,5.247070976043969326e-01
3.291757382336601978e-01,8.479916360768966488e-01,4.153956168545268612e-01,-6.638222634444351788e-02
1.405715645894861365e-01,-4.790179991369246659e-01,8.664764230674261158e-01,9.212610802125213993e-01
0.000000000000000000e+00,0.000000000000000000e+00,0.000000000000000000e+00,1.000000000000000000e+00
9.336409045184180799e-01,-2.257037352919556705e-01,-2.781591006695429691e-01,5.244866369192976441e-01
3.285284976621649644e-01,8.490281042021509128e-01,4.137877529588598335e-01,-6.668691243124198753e-02
1.427714524471576374e-01,-4.777123634051774204e-01,8.668374762410591128e-01,9.219023512090503969e-01
0.000000000000000000e+00,0.000000000000000000e+00,0.000000000000000000e+00,1.000000000000000000e+00
9.338599976884955911e-01,-2.240203353556376453e-01,-2.787837765444584059e-01,5.243119608723514347e-01
3.274094487778495544e-01,8.491701443893814316e-01,4.143828166426568038e-01,-6.703636152251497837e-02
1.439046822317731067e-01,-4.782519787986921345e-01,8.663524035904256460e-01,9.223106762283910243e-01
0.000000000000000000e+00,0.000000000000000000e+00,0.000000000000000000e+00,1.000000000000000000e+00
9.340713534739735202e-01,-2.221078250408184407e-01,-2.796047579619068135e-01,5.238888524490573628e-01
3.257283976479940502e-01,8.508379174025930691e-01,4.122812744664599016e-01,-6.742611190727859638e-02
1.463274327833627431e-01,-4.761753378385480406e-01,8.670901510508437493e-01,9.229171493662375880e-01
0.000000000000000000e+00,0.000000000000000000e+00,0.000000000000000000e+00,1.000000000000000000e+00
9.338951828376259590e-01,-2.224179415890977785e-01,-2.799465069114914773e-01,5.236887834653393137e-01
3.261009008535887821e-01,8.509272577123346837e-01,4.118021424721388657e-01,-6.754999174586637234e-02
1.466219285617091361e-01,-4.758708452315970616e-01,8.672075580409861484e-01,9.231276277427580279e-01
0.000000000000000000e+00,0.000000000000000000e+00,0.000000000000000000e+00,1.000000000000000000e+00
9.337154444910187312e-01,-2.212539098880804966e-01,-2.814643424630844937e-01,5.234151594449292233e-01
3.258379571742975322e-01,8.509195853302606860e-01,4.120260731626798623e-01,-6.795011857233737573e-02
1.483411419108670859e-01,-4.764268744105589204e-01,8.666096808575158850e-01,9.236440680312469897e-01
0.000000000000000000e+00,0.000000000000000000e+00,0.000000000000000000e+00,1.000000000000000000e+00
9.343095289652514346e-01,-2.174566040273961109e-01,-2.824505787737073836e-01,5.233837249030787175e-01
3.231345101918086105e-01,8.512147020762459437e-01,4.135427659775320897e-01,-6.850689627867456721e-02
1.504984797525542595e-01,-4.776464763128899782e-01,8.655657405755208256e-01,9.240054858504335167e-01
0.000000000000000000e+00,0.000000000000000000e+00,0.000000000000000000e+00,1.000000000000000000e+00
9.342267443016258888e-01,-2.187836511801372064e-01,-2.816986052643366545e-01,5.233538456448588727e-01
3.237913154118100545e-01,8.514548043844717418e-01,4.125335139773383397e-01,-6.851607869665451989e-02
1.495980424185900659e-01,-4.766114036265698961e-01,8.662920960262979753e-01,9.238687380612782274e-01
0.000000000000000000e+00,0.000000000000000000e+00,0.000000000000000000e+00,1.000000000000000000e+00
9.341466529344021330e-01,-2.199897592164589133e-01,-2.810240855359874557e-01,5.232538928529747446e-01
3.244397624966887106e-01,8.515257754218046315e-01,4.118770378442898616e-01,-6.869864341688400322e-02
1.486905219660815403e-01,-4.759289438899243496e-01,8.668233782295419187e-01,9.237788103532424966e-01
0.000000000000000000e+00,0.000000000000000000e+00,0.000000000000000000e+00,1.000000000000000000e+00
9.345406883622718874e-01,-2.184120901970297290e-01,-2.809445864421230010e-01,5.231598346967597513e-01
3.230663943724725873e-01,8.517536912563298257e-01,4.124848533684439822e-01,-6.915010232363394405e-02
1.492039095417440620e-01,-4.762476333662786221e-01,8.665600874091061723e-01,9.238567109531574673e-01
0.000000000000000000e+00,0.000000000000000000e+00,0.000000000000000000e+00,1.000000000000000000e+00
9.344082135676724521e-01,-2.190868313201054796e-01,-2.808598418417747045e-01,5.228801036306236494e-01
3.232395325102918604e-01,8.528079927783968062e-01,4.101642744996325529e-01,-6.921016241071197006e-02
1.496579267523074352e-01,-4.740458709823318628e-01,8.676883179833663196e-01,9.239697390887215978e-01
0.000000000000000000e+00,0.000000000000000000e+00,0.000000000000000000e+00,1.000000000000000000e+00
9.343155308512601787e-01,-2.191768237343813541e-01,-2.810978632929034271e-01,5.227569988508155019e-01
3.234062902648222049e-01,8.528396512802570717e-01,4.099669506451894541e-01,-6.924712939177710136e-02
1.498761496278626371e-01,-4.739473062924585700e-01,8.677044949928800488e-01,9.240715247682370626e-01
0.000000000000000000e+00,0.000000000000000000e+00,0.000000000000000000e+00,1.000000000000000000e+00
9.342880780233729920e-01,-2.190630287996452041e-01,-2.812777571663240828e-01,5.227253778667145800e-01
3.234132400766921434e-01,8.527782926186738832e-01,4.100890876156976228e-01,-6.927743056822470435e-02
1.500322078971300099e-01,-4.741102962934946596e-01,8.675884759158614123e-01,9.241173227427083026e-01
0.000000000000000000e+00,0.000000000000000000e+00,0.000000000000000000e+00,1.000000000000000000e+00
9.341984580165184626e-01,-2.179565400154033217e-01,-2.824326250702511865e-01,5.223860766947709955e-01
3.230461916986845372e-01,8.527337503112037975e-01,4.104708383176158826e-01,-6.952463176587324323e-02
1.513750278894638313e-01,-4.747000081574714869e-01,8.670325848471674979e-01,9.245487774683179838e-01
0.000000000000000000e+00,0.000000000000000000e+00,0.000000000000000000e+00,1.000000000000000000e+00
9.338418577985405644e-01,-2.174286034936780687e-01,-2.840144133774891166e-01,5.217329817845701712e-01
3.227625179511905973e-01,8.544451891604544214e-01,4.071213280170452586e-01,-6.963085744976418856e-02
1.541549273593863512e-01,-4.718561445009953337e-01,8.680944863708547343e-01,9.252881806606165771e-01
0.000000000000000000e+00,0.000000000000000000e+00,0.000000000000000000e+00,1.000000000000000000e+00
9.335750120938117735e-01,-2.174298569610178533e-01,-2.848893716795178888e-01,5.211848099688300984e-01
3.223081342361979185e-01,8.569664769596798681e-01,4.021516181398447909e-01,-6.964216247747392896e-02
1.567008723626649447e-01,-4.672608636181997399e-01,8.701219006159734981e-01,9.259931832862466905e-01
0.000000000000000000e+00,0.000000000000000000e+00,0.000000000000000000e+00,1.000000000000000000e+00
9.336313186870894842e-01,-2.161731834502811367e-01,-2.856601398928059754e-01,5.210556544789054501e-01
3.211723586136894237e-01,8.583237284348796958e-01,4.001608342506377536e-01,-6.987018634494100711e-02
1.586848349059418739e-01,-4.653488282596377479e-01,8.707867656368326603e-01,9.264648297565878377e-01
0.000000000000000000e+00,0.000000000000000000e+00,0.000000000000000000e+00,1.000000000000000000e+00
9.351468310909691883e-01,-2.104563210468807233e-01,-2.849711235054015468e-01,5.210267612828091144e-01
3.149780127940855490e-01,8.621100818542960509e-01,3.969320574373756405e-01,-7.074974794476837636e-02
1.621396180975132051e-01,-4.609493938564095949e-01,8.724886248809214928e-01,9.271009173248245805e-01
0.000000000000000000e+00,0.000000000000000000e+00,0.000000000000000000e+00,1.000000000000000000e+00
9.359407683832303704e-01,-2.065815621642812239e-01,-2.851998181135003141e-01,5.213207411747472486e-01
3.115394106240382266e-01,8.633018032234766048e-01,3.970556537553905363e-01,-7.165697016368291483e-02
1.641891400374438093e-01,-4.604715569118889018e-01,8.723576511780622988e-01,9.274147631030704719e-01
0.000000000000000000e+00,0.000000000000000000e+00,0.000000000000000000e+00,1.000000000000000000e+00
9.356393729485884547e-01,-2.081896524469429022e-01,-2.850193544347355279e-01,5.213653431839951891e-01
3.129442842294679616e-01,8.627697890568432060e-01,3.971072475527439583e-01,-7.167006012170899776e-02
1.632324684506065438e-01,-4.607443539587126047e-01,8.723931462011209614e-01,9.272925293681839598e-01
0.000000000000000000e+00,0.000000000000000000e+00,0.000000000000000000e+00,1.000000000000000000e+00
9.366054254035097726e-01,-2.053126508570507491e-01,-2.839313165234882974e-01,5.216345512601811008e-01
3.095247140901075111e-01,8.645809968850862726e-01,3.958461205981783637e-01,-7.250591348191146035e-02
1.642094043352806954e-01,-4.586353837453464033e-01,8.733205919389575023e-01,9.274756987343178993e-01
0.000000000000000000e+00,0.000000000000000000e+00,0.000000000000000000e+00,1.000000000000000000e+00
9.375540679055326398e-01,-2.020766663624155024e-01,-2.831208057802196976e-01,5.219262133982527363e-01
3.060631515134291103e-01,8.660088475613467729e-01,3.954162657644925694e-01,-7.322775350662497074e-02
1.652807219232043934e-01,-4.573769745596307224e-01,8.737783392275316752e-01,9.276569718899504435e-01
0.000000000000000000e+00,0.000000000000000000e+00,0.000000000000000000e+00,1.000000000000000000e+00
9.384453674347892349e-01,-1.986066201841811263e-01,-2.826228985047029574e-01,5.223464499952367168e-01
3.026694275105673015e-01,8.670743681221775301e-01,3.956933886179450077e-01,-7.389487572195729825e-02
1.664677445951878165e-01,-4.568779383648798875e-01,8.738140760166593912e-01,9.277948031322758027e-01
0.000000000000000000e+00,0.000000000000000000e+00,0.000000000000000000e+00,1.000000000000000000e+00
9.385804251555556199e-01,-1.986113807065477688e-01,-2.821707018254289157e-01,5.225505376389318890e-01
3.022957166370955906e-01,8.675874475336377012e-01,3.948535432092919462e-01,-7.406671172216171273e-02
1.663853515718290155e-01,-4.559008009818650842e-01,8.743399650287139169e-01,9.277425836195282161e-01
0.000000000000000000e+00,0.000000000000000000e+00,0.000000000000000000e+00,1.000000000000000000e+00
9.397085635794889535e-01,-1.953556974436729821e-01,-2.806848179215784000e-01,5.231965386548833585e-01
2.980719204134064659e-01,8.702293014383762904e-01,3.922423908492546074e-01,-7.460360745289784656e-02
1.676333671929231273e-01,-4.522577963887097763e-01,8.759919747401747614e-01,9.276450706143918312e-01
0.000000000000000000e+00,0.000000000000000000e+00,0.000000000000000000e+00,1.000000000000000000e+00
9.404794839436869669e-01,-1.927903984485373479e-01,-2.798753339382918370e-01,5.236643970626132516e-01
2.957110903607131913e-01,8.700871822249905962e-01,3.943389992955984580e-01,-7.499695642709443277e-02
1.674911678826507266e-01,-4.536299787203553757e-01,8.753094030612692533e-01,9.275851767831587713e-01
0.000000000000000000e+00,0.000000000000000000e+00,0.000000000000000000e+00,1.000000000000000000e+00
9.409746787169294135e-01,-1.914636943617069320e-01,-2.791205971528045171e-01,5.241464318053152827e-01
2.938371765795133594e-01,8.713937304737646716e-01,3.928519824956924755e-01,-7.503955018830416046e-02
1.680070464991013091e-01,-4.516797762047609077e-01,8.762185869372242086e-01,9.274781862519974052e-01
0.000000000000000000e+00,0.000000000000000000e+00,0.000000000000000000e+00,1.000000000000000000e+00
9.415172569031629024e-01,-1.901241919333950536e-01,-2.782050441584712486e-01,5.246317020704017731e-01
2.914793953480304123e-01,8.737727197224739450e-01,3.893083563916108214e-01,-7.493511488653172015e-02
1.690710414029852060e-01,-4.476315738533916400e-01,8.780893787356988112e-01,9.273129393008551213e-01
0.000000000000000000e+00,0.000000000000000000e+00,0.000000000000000000e+00,1.000000000000000000e+00
9.419535230829186867e-01,-1.881038010934154570e-01,-2.781016367551368829e-01,5.250067394041566526e-01
2.897384197702818076e-01,8.739291744663190142e-01,3.902556163921770960e-01,-7.505082629659032278e-02
1.696325689857265673e-01,-4.481793815324695007e-01,8.777015628950854964e-01,9.273270582403586593e-01
0.000000000000000000e+00,0.000000000000000000e+00,0.000000000000000000e+00,1.000000000000000000e+00
9.421786863112190380e-01,-1.869575182416705339e-01,-2.781118649640483831e-01,5.254100580237790474e-01
2.886073296497191909e-01,8.744697615118171008e-01,3.898826047336867440e-01,-7.501732958993657940e-02
1.703089320421098118e-01,-4.476042030347584522e-01,8.778640812177559427e-01,9.274568775939623366e-01
0.000000000000000000e+00,0.000000000000000000e+00,0.000000000000000000e+00,1.000000000000000000e+00
9.425729061223486749e-01,-1.851973062528939340e-01,-2.779537270855381714e-01,5.258328407533532367e-01
2.863650628552888988e-01,8.764193457527500453e-01,3.871487842757717068e-01,-7.482993917254236738e-02
1.719051116748901986e-01,-4.445121912242603335e-01,8.791231679537572230e-01,9.277139121167862212e-01
0.000000000000000000e+00,0.000000000000000000e+00,0.000000000000000000e+00,1.000000000000000000e+00
9.423597037185632574e-01,-1.856810385747185432e-01,-2.783536253065072574e-01,5.260682102192235643e-01
2.864326918262756205e-01,8.776760935746018566e-01,3.842407940611986539e-01,-7.456169218533406640e-02
1.729580927872858276e-01,-4.418226190242420803e-01,8.802717032018829713e-01,9.280065687186049850e-01
0.000000000000000000e+00,0.000000000000000000e+00,0.000000000000000000e+00,1.000000000000000000e+00
9.423597037185632574e-01,-1.856810385747185432e-01,-2.783536253065072574e-01,5.260682102192235643e-01
2.864326918262756205e-01,8.776760935746018566e-01,3.842407940611986539e-01,-7.456169218533406640e-02
1.729580927872858276e-01,-4.418226190242420803e-01,8.802717032018829713e-01,9.280065687186049850e-01
0.000000000000000000e+00,0.000000000000000000e+00,0.000000000000000000e+00,1.000000000000000000e+00
9.421267254463909779e-01,-1.851261293141973907e-01,-2.795094800624903231e-01,5.263238311864677499e-01
2.861194131416142650e-01,8.785207524591900352e-01,3.825401533460727754e-01,-7.435593587131852922e-02
1.747367008477579697e-01,-4.403743904266932963e-01,8.806460592276328381e-01,9.284616728699398580e-01
0.000000000000000000e+00,0.000000000000000000e+00,0.000000000000000000e+00,1.000000000000000000e+00
9.418608097516983912e-01,-1.837864912327986100e-01,-2.812840925011783066e-01,5.267498935738719190e-01
2.845330785408278218e-01,8.815267993266521218e-01,3.767644214691556748e-01,-7.386842762205761415e-02
1.787152547208942788e-01,-4.348942718744923663e-01,8.825688811763086061e-01,9.294148507982519236e-01
0.000000000000000000e+00,0.000000000000000000e+00,0.000000000000000000e+00,1.000000000000000000e+00
9.402366858489596968e-01,-1.821638027467856191e-01,-2.877000583117683141e-01,5.274434660352680382e-01
2.826543545225813636e-01,8.886730668634533759e-01,3.610632854513555756e-01,-7.269880004421530595e-02
1.898986320466463928e-01,-4.208046211727413111e-01,8.870524112736958289e-01,9.323669354331725057e-01
0.000000000000000000e+00,0.000000000000000000e+00,0.000000000000000000e+00,1.000000000000000000e+00
9.403795984591255541e-01,-1.772523387911395520e-01,-2.902891992391811726e-01,5.278845121212552005e-01
2.790872412300043903e-01,8.899555667539258419e-01,3.606790831006478348e-01,-7.311624510091704887e-02
1.944132777988151484e-01,-4.201912631133229437e-01,8.863649247453054825e-01,9.335422202888608023e-01
0.000000000000000000e+00,0.000000000000000000e+00,0.000000000000000000e+00,1.000000000000000000e+00
9.405559836580361655e-01,-1.754913611056033718e-01,-2.907872483145827469e-01,5.280774802005593349e-01
2.775642284206885635e-01,8.905777686386164849e-01,3.603183829724633247e-01,-7.323028263764994050e-02
1.957358952933567209e-01,-4.196117493397505394e-01,8.863483734456460983e-01,9.341381833483756170e-01
0.000000000000000000e+00,0.000000000000000000e+00,0.000000000000000000e+00,1.000000000000000000e+00
9.391670340583505583e-01,-1.830899922648220324e-01,-2.905913571848075527e-01,5.283447954686275594e-01
2.784796509450233604e-01,9.011437821935521786e-01,3.322483526271238774e-01,-7.133480449690732250e-02
2.010332463737749820e-01,-3.929604796240547260e-01,8.973113703202774127e-01,9.357591831718512498e-01
0.000000000000000000e+00,0.000000000000000000e+00,0.000000000000000000e+00,1.000000000000000000e+00
9.398922949375573266e-01,-1.764624384991965445e-01,-2.923413787268731578e-01,5.285903826982314424e-01
2.754972739143617400e-01,8.976923025634166997e-01,3.438746602821238785e-01,-7.258553733919981266e-02
2.017516443124242054e-01,-4.037443965150578906e-01,8.923489991589191872e-01,9.357471985870517983e-01
0.000000000000000000e+00,0.000000000000000000e+00,0.000000000000000000e+00,1.000000000000000000e+00
9.404511013397774954e-01,-1.702318190069161408e-01,-2.942326524816649691e-01,5.289720595318523344e-01
2.723784234915780922e-01,8.952367073449244428e-01,3.526488795366585771e-01,-7.359706903204416006e-02
2.033758107667729131e-01,-4.117916531691903081e-01,8.882938218715377143e-01,9.365091594362958682e-01
0.000000000000000000e+00,0.000000000000000000e+00,0.000000000000000000e+00,1.000000000000000000e+00
9.398808460087382244e-01,-1.735422798603408756e-01,-2.941208466035238334e-01,5.288678676234647158e-01
2.738010212498900864e-01,8.976679893890409101e-01,3.452899963635696623e-01,-7.306581462362946033e-02
2.041004558260851032e-01,-4.050620420714730607e-01,8.912170027577304143e-01,9.366220302145747967e-01
0.000000000000000000e+00,0.000000000000000000e+00,0.000000000000000000e+00,1.000000000000000000e+00
9.400031058295643671e-01,-1.743365971611209875e-01,-2.932591207806740652e-01,5.288246090007997502e-01
2.728935250020890768e-01,9.000990949721203727e-01,3.396332481402611903e-01,-7.288672118251703080e-02
2.047517644434526662e-01,-3.992848233036800920e-01,8.936712733643406015e-01,9.369098532067907659e-01
0.000000000000000000e+00,0.000000000000000000e+00,0.000000000000000000e+00,1.000000000000000000e+00
9.403394972925245288e-01,-1.723500155791685973e-01,-2.933549078531031418e-01,5.289280929627961925e-01
2.720147552106232380e-01,8.987390710732150456e-01,3.439128597103620066e-01,-7.332094098002246707e-02
2.043761306497092201e-01,-4.031917090619731026e-01,8.920015935884522129e-01,9.369903550635951817e-01
0.000000000000000000e+00,0.000000000000000000e+00,0.000000000000000000e+00,1.000000000000000000e+00
9.406674226184988941e-01,-1.697787734900833290e-01,-2.938026005611137359e-01,5.291077991580752649e-01
2.701506916131812819e-01,8.986349745675320522e-01,3.456498029869697342e-01,-7.367748460915136965e-02
2.053372928748944948e-01,-4.045124850436808139e-01,8.911824984808642824e-01,9.372206914072305217e-01
0.000000000000000000e+00,0.000000000000000000e+00,0.000000000000000000e+00,1.000000000000000000e+00
9.404124443740918826e-01,-1.712976795082181147e-01,-2.937371945488780334e-01,5.291656496358089212e-01
2.702798207361579719e-01,9.007364393389514223e-01,3.400333591720345883e-01,-7.348654267430557163e-02
2.063328693378152501e-01,-3.991628387539193357e-01,8.933620627655601831e-01,9.373649865037645412e-01
0.000000000000000000e+00,0.000000000000000000e+00,0.000000000000000000e+00,1.000000000000000000e+00
9.407227717274724288e-01,-1.697728900337475144e-01,-2.936287325228425504e-01,5.291556438161141296e-01
2.689885933656915862e-01,9.007705941701977803e-01,3.409655016529024585e-01,-7.371342942107539375e-02
2.066054292426232064e-01,-3.997367915114367620e-01,8.930423809201966101e-01,9.374471235747597886e-01
0.000000000000000000e+00,0.000000000000000000e+00,0.000000000000000000e+00,1.000000000000000000e+00
9.410432379380474499e-01,-1.688010015938940234e-01,-2.931618088905401653e-01,5.291916972201708980e-01
2.681270210747196403e-01,9.005861184383316953e-01,3.421294255771872295e-01,-7.400143554723886963e-02
2.062656658309187374e-01,-4.005631849497372499e-01,8.927505866490653696e-01,9.375195942818218553e-01
0.000000000000000000e+00,0.000000000000000000e+00,0.000000000000000000e+00,1.000000000000000000e+00
9.414118156466227960e-01,-1.679525713235557327e-01,-2.924649160954781446e-01,5.292786388158819966e-01
2.665329361115401641e-01,9.018505861661130218e-01,3.400378128967422309e-01,-7.408566363481280947e-02
2.066494309904840232e-01,-3.980671476241717799e-01,8.937776897269615883e-01,9.375147591132595437e-01
0.000000000000000000e+00,0.000000000000000000e+00,0.000000000000000000e+00,1.000000000000000000e+00
9.417247559013534053e-01,-1.666565397831087925e-01,-2.921987027179576701e-01,5.293241057313086140e-01
2.652054187570930810e-01,9.021968391627257500e-01,3.401572419729755326e-01,-7.425134454420295738e-02
2.069313170702086202e-01,-3.978271749796732926e-01,8.938193155572781157e-01,9.375521808398217249e-01
0.000000000000000000e+00,0.000000000000000000e+00,0.000000000000000000e+00,1.000000000000000000e+00
9.421387634720699289e-01,-1.652037291313275258e-01,-2.916886666369161718e-01,5.294026569969207952e-01
2.637391473092408067e-01,9.023936920118175165e-01,3.407745395329228044e-01,-7.451359484165751002e-02
2.069207880806411826e-01,-3.979866235169016164e-01,8.937507678104127384e-01,9.375753755316224014e-01
0.000000000000000000e+00,0.000000000000000000e+00,0.000000000000000000e+00,1.000000000000000000e+00
9.432334010213831998e-01,-1.618104823346603882e-01,-2.900484769900697479e-01,5.298135273684722035e-01
2.594038135825783020e-01,9.042774705412820468e-01,3.391045823492742084e-01,-7.489873427314988619e-02
2.074136270751019140e-01,-3.950944495662844780e-01,8.949189702009144876e-01,9.374362365842053846e-01
0.000000000000000000e+00,0.000000000000000000e+00,0.000000000000000000e+00,1.000000000000000000e+00
9.440918521097239058e-01,-1.593698558603776905e-01,-2.886032290586393323e-01,5.300776842075691775e-01
2.563771215984179674e-01,9.052632292802471614e-01,3.387761166818120118e-01,-7.516763807656753893e-02
2.072711902338118806e-01,-3.938270365987346922e-01,8.955104236930566675e-01,9.373191011477686185e-01
0.000000000000000000e+00,0.000000000000000000e+00,0.000000000000000000e+00,1.000000000000000000e+00
9.445204886680350631e-01,-1.577970291241509726e-01,-2.880644790422590695e-01,5.302851735808739031e-01
2.547400152467408363e-01,9.055666560045690927e-01,3.391998764221364482e-01,-7.535510720969113008e-02
2.073368542213045174e-01,-3.937627828176429867e-01,8.955234780558907204e-01,9.372438200212152015e-01
0.000000000000000000e+00,0.000000000000000000e+00,0.000000000000000000e+00,1.000000000000000000e+00
9.444462029669563607e-01,-1.581204217244436827e-01,-2.881307028676096671e-01,5.303045477467975832e-01
2.551765834849855086e-01,9.052839969980439605e-01,3.396259648792708252e-01,-7.537516736500453340e-02
2.071383135545640242e-01,-3.942826613141003356e-01,8.953406625664007690e-01,9.372298514243774248e-01
0.000000000000000000e+00,0.000000000000000000e+00,0.000000000000000000e+00,1.000000000000000000e+00
9.443066462888786150e-01,-1.585805395282461616e-01,-2.883351699976626215e-01,5.304264900947580630e-01
2.557516304557350684e-01,9.050443356700272890e-01,3.398320967637284973e-01,-7.541520201504589571e-02
2.070653551270317250e-01,-3.946478974409078910e-01,8.951966129022087548e-01,9.372291205646212653e-01
0.000000000000000000e+00,0.000000000000000000e+00,0.000000000000000000e+00,1.000000000000000000e+00
9.455602719892015617e-01,-1.546392265561905011e-01,-2.863607543742863193e-01,5.311992380777386114e-01
2.500803398179524684e-01,9.083324325899824192e-01,3.352491842521060916e-01,-7.547836057009298105e-02
2.082680860627584840e-01,-3.886115046100260817e-01,8.975552923427543295e-01,9.370770072425249619e-01
0.000000000000000000e+00,0.000000000000000000e+00,0.000000000000000000e+00,1.000000000000000000e+00
9.462416197768906967e-01,-1.523990977269100155e-01,-2.853091516478744039e-01,5.315817271955549650e-01
2.477117768050209334e-01,9.086301915643063554e-01,3.361994208946699758e-01,-7.558249006259834535e-02
2.080040207162004717e-01,-3.888003214888532955e-01,8.975347555254107323e-01,9.370400728031200721e-01
0.000000000000000000e+00,0.000000000000000000e+00,0.000000000000000000e+00,1.000000000000000000e+00
9.468353125789008562e-01,-1.496391428652700528e-01,-2.847999609834286905e-01,5.320246659617848817e-01
2.442979732306833351e-01,9.104266625188713880e-01,3.338289868332727228e-01,-7.535794013724372853e-02
2.093355945103353433e-01,-3.856571263406088357e-01,8.985806529041832080e-01,9.372553824244168608e-01
0.000000000000000000e+00,0.000000000000000000e+00,0.000000000000000000e+00,1.000000000000000000e+00
9.471616351801601663e-01,-1.462645676993190036e-01,-2.854671838908574011e-01,5.324358335327037395e-01
2.412023515237465832e-01,9.114464851078137864e-01,3.332967602663230444e-01,-7.526031468756443077e-02
2.114385548150105598e-01,-3.845412604914369981e-01,8.985665008876063675e-01,9.375820171581326079e-01
0.000000000000000000e+00,0.000000000000000000e+00,0.000000000000000000e+00,1.000000000000000000e+00
9.480763969278971359e-01,-1.414459358482971774e-01,-2.848581977409388455e-01,5.332721134661870810e-01
2.359651002613638027e-01,9.133526008718523270e-01,3.318244987026534032e-01,-7.511680561572461889e-02
2.132407490299660369e-01,-3.818115683326293031e-01,8.993043473933154397e-01,9.378264600447917543e-01
0.000000000000000000e+00,0.000000000000000000e+00,0.000000000000000000e+00,1.000000000000000000e+00
9.490418249205972989e-01,-1.382441097521820705e-01,-2.832104882771981913e-01,5.340595955366899128e-01
2.318756938259504963e-01,9.149067067412250953e-01,3.304230327514414145e-01,-7.484615388977418349e-02
2.134321371399265921e-01,-3.792549064662878444e-01,9.003401794639239730e-01,9.378436914254837387e-01
0.000000000000000000e+00,0.000000000000000000e+00,0.000000000000000000e+00,1.000000000000000000e+00
9.498340385581386380e-01,-1.225389519527994853e-01,-2.877490303209481182e-01,5.361673346382180849e-01
2.233324829251674137e-01,9.098362085603102223e-01,3.497437285543223973e-01,-7.571080590537238031e-02
2.189472568150060694e-01,-3.964622035540200096e-01,8.915603287979309011e-01,9.386848059694141710e-01
0.000000000000000000e+00,0.000000000000000000e+00,0.000000000000000000e+00,1.000000000000000000e+00
9.504005472255432352e-01,-1.056028703995649798e-01,-2.925522749813455614e-01,5.377012604605692081e-01
2.139424618294946401e-01,9.046922454555418325e-01,3.684570043287885288e-01,-7.666032994802961242e-02
2.257596572900556209e-01,-4.127710924664932945e-01,8.824129432211963442e-01,9.398644903766060210e-01
0.000000000000000000e+00,0.000000000000000000e+00,0.000000000000000000e+00,1.000000000000000000e+00
9.510211941912878331e-01,-1.071067388248636565e-01,-2.899773003137989802e-01,5.375810905824781605e-01
2.125728397197622632e-01,9.076532421895612268e-01,3.619093529549269328e-01,-7.606155803083493316e-02
2.244359062459769794e-01,-4.058247632181654629e-01,8.859654539238349669e-01,9.397603955188830183e-01
0.000000000000000000e+00,0.000000000000000000e+00,0.000000000000000000e+00,1.000000000000000000e+00
9.511818368596123285e-01,-1.148807714062259344e-01,-2.864533497613252488e-01,5.372529817002971164e-01
2.142880791837948884e-01,9.137813242860467478e-01,3.450859465492012168e-01,-7.454749546784232572e-02
2.221119815500580130e-01,-3.896230226092254334e-01,8.937897783622038572e-01,9.393528079395118136e-01
0.000000000000000000e+00,0.000000000000000000e+00,0.000000000000000000e+00,1.000000000000000000e+00
9.513801141921331972e-01,-1.130631396370521680e-01,-2.865180705909768921e-01,5.382115603061660147e-01
2.117283929340512127e-01,9.156410851002543261e-01,3.417199012378309697e-01,-7.349965977811551143e-02
2.237117921463407655e-01,-3.857695292941646925e-01,8.950613969571199480e-01,9.395935854149380928e-01
0.000000000000000000e+00,0.000000000000000000e+00,0.000000000000000000e+00,1.000000000000000000e+00
9.515236069546910702e-01,-1.091668368377901321e-01,-2.875507383797961669e-01,5.387409514223089335e-01
2.086350530392392655e-01,9.160115031077230574e-01,3.426285755999398663e-01,-7.334701757459377580e-02
2.259961062745295957e-01,-3.860123416539440466e-01,8.943825982428271759e-01,9.398301610818673435e-01
0.000000000000000000e+00,0.000000000000000000e+00,0.000000000000000000e+00,1.000000000000000000e+00
9.535457330769542272e-01,-9.200246744056878034e-02,-2.868555052906968661e-01,5.405123747975870696e-01
1.929601014490636146e-01,9.177740106619358684e-01,3.470695385686733969e-01,-7.302901724185770216e-02
2.313372736493214121e-01,-3.862983449852611662e-01,8.928922972465084262e-01,9.401471372349863298e-01
0.000000000000000000e+00,0.000000000000000000e+00,0.000000000000000000e+00,1.000000000000000000e+00
9.538727277115816028e-01,-9.170883968579991719e-02,-2.858606444608124408e-01,5.406487067016940706e-01
1.915070766433437099e-01,9.191799696262521469e-01,3.441412835354145106e-01,-7.248055284591539693e-02
2.311965806918157285e-01,-3.830113211921630789e-01,8.943435966758225275e-01,9.400319477440524096e-01
0.000000000000000000e+00,0.000000000000000000e+00,0.000000000000000000e+00,1.000000000000000000e+00
9.538727277115816028e-01,-9.170883968579991719e-02,-2.858606444608124408e-01,5.406487067016940706e-01
1.915070766433437099e-01,9.191799696262521469e-01,3.441412835354145106e-01,-7.248055284591539693e-02
2.311965806918157285e-01,-3.830113211921630789e-01,8.943435966758225275e-01,9.400319477440524096e-01
0.000000000000000000e+00,0.000000000000000000e+00,0.000000000000000000e+00,1.000000000000000000e+00
9.532790811907208006e-01,-9.186126288357870928e-02,-2.877855134394523007e-01,5.411129306409834250e-01
1.910595429298792003e-01,9.212496854369621735e-01,3.388145040250255535e-01,-7.148972116659013665e-02
2.339983855063978713e-01,-3.779689477506484874e-01,8.957590245800858275e-01,9.401141009559611517e-01
0.000000000000000000e+00,0.000000000000000000e+00,0.000000000000000000e+00,1.000000000000000000e+00
9.550904150749316424e-01,-7.890689301783777865e-02,-2.856151278666212434e-01,5.429401457341953563e-01
1.755835864439411753e-01,9.271498850850643514e-01,3.310037684955189352e-01,-6.993125003928621353e-02
2.386895540309167396e-01,-3.662878551372179547e-01,8.993667238537895736e-01,9.398331040811327419e-01
0.000000000000000000e+00,0.000000000000000000e+00,0.000000000000000000e+00,1.000000000000000000e+00
9.566496251873399803e-01,-5.572674202914434938e-02,-2.858601491144560081e-01,5.450373054333461642e-01
1.537847132692386209e-01,9.301885993328405933e-01,3.333158136601173105e-01,-6.939015671382214867e-02
2.473292473477810838e-01,-3.628273692736329048e-01,8.984344959496796124e-01,9.400037396692082492e-01
0.000000000000000000e+00,0.000000000000000000e+00,0.000000000000000000e+00,1.000000000000000000e+00
9.572369260574283834e-01,-5.003745472954299056e-02,-2.849451184286444505e-01,5.453645497573647027e-01
1.478842402832499514e-01,9.311563970657925626e-01,3.332836864883999550e-01,-6.942478155154939434e-02
2.486518024627436263e-01,-3.611703439204844712e-01,8.987370381843554634e-01,9.400396465479191610e-01
0.000000000000000000e+00,0.000000000000000000e+00,0.000000000000000000e+00,1.000000000000000000e+00
9.569545049357697231e-01,-5.897988085660985785e-02,-2.841820704007835263e-01,5.453617542864810375e-01
1.543721635650978086e-01,9.325819705973020790e-01,3.262822447407818238e-01,-6.831906233067092105e-02
2.457789873023454308e-01,-3.561070650394244641e-01,9.015433697996123596e-01,9.397739812257401848e-01
0.000000000000000000e+00,0.000000000000000000e+00,0.000000000000000000e+00,1.000000000000000000e+00
9.570869089665343665e-01,-4.806424669128158550e-02,-2.857874680158042913e-01,5.465723329396358077e-01
1.428562455856637325e-01,9.362580351294456094e-01,3.209563595766847799e-01,-6.725540321618686534e-02
2.521442876252668053e-01,-3.480096548165715342e-01,9.029465866663417550e-01,9.400830882800337296e-01
0.000000000000000000e+00,0.000000000000000000e+00,0.000000000000000000e+00,1.000000000000000000e+00
9.581323781522343985e-01,-2.757280345150103784e-02,-2.849948884562117923e-01,5.477033009552180198e-01
1.229356866514578761e-01,9.385532638087977775e-01,3.224974231546473002e-01,-6.751653329650600388e-02
2.585907246671431681e-01,-3.440312652996497245e-01,9.026479522008808987e-01,9.403897969472088114e-01
0.000000000000000000e+00,0.000000000000000000e+00,0.000000000000000000e+00,1.000000000000000000e+00
9.575585377623013761e-01,-3.037572355389749068e-02,-2.866338468797786088e-01,5.478981831520570722e-01
1.262770397473662598e-01,9.381304248821330516e-01,3.224366839289700692e-01,-6.724991678664840600e-02
2.591056849842651721e-01,-3.449472732593282798e-01,9.021505543310324171e-01,9.403346976267381585e-01
0.000000000000000000e+00,0.000000000000000000e+00,0.000000000000000000e+00,1.000000000000000000e+00
9.579485208210593017e-01,-3.080239060670166007e-02,-2.852820432303037612e-01,5.479820014743363998e-01
1.248910733352667085e-01,9.398650656541989168e-01,3.178928721503418431e-01,-6.660487226756038603e-02
2.583347658715522965e-01,-3.401541872382886633e-01,9.041892930389905381e-01,9.401783081704644385e-01
0.000000000000000000e+00,0.000000000000000000e+00,0.000000000000000000e+00,1.000000000000000000e+00
9.579349792303460953e-01,-2.783010635804395588e-02,-2.856327375268045698e-01,5.482565283340242734e-01
1.211564220991224738e-01,9.414617944942326178e-01,3.145962664938009579e-01,-6.627926358210839419e-02
2.601570620819195212e-01,-3.359690085228090317e-01,9.052309806679756932e-01,9.402417735008645749e-01
0.000000000000000000e+00,0.000000000000000000e+00,0.000000000000000000e+00,1.000000000000000000e+00
9.582141384378434212e-01,-1.621685931030643346e-02,-2.855918037548189070e-01,5.491333316886237714e-01
1.083079214903316656e-01,9.446277974639226693e-01,3.097542871388583863e-01,-6.574093871887184970e-02
2.647547148593683564e-01,-3.277427920375486914e-01,9.069121254163308166e-01,9.402387550194097887e-01
0.000000000000000000e+00,0.000000000000000000e+00,0.000000000000000000e+00,1.000000000000000000e+00
9.584896562761380245e-01,-1.939590756076381428e-02,-2.844668303713899782e-01,5.490856469434389764e-01
1.109542506723505684e-01,9.444176093303834341e-01,3.094584518871965617e-01,-6.547304977032483708e-02
2.626532563464386572e-01,-3.281755291861010448e-01,9.073665681377259817e-01,9.399524601977453653e-01
0.000000000000000000e+00,0.000000000000000000e+00,0.000000000000000000e+00,1.000000000000000000e+00
9.589539148591695872e-01,-1.979138754899215091e-02,-2.828704476525574774e-01,5.492341013320396481e-01
1.094582387998250805e-01,9.460802777819334874e-01,3.048786675890919895e-01,-6.482728209547101994e-02
2.615841798257553807e-01,-3.233270928501742469e-01,9.094137165745531659e-01,9.396288803345338447e-01
0.000000000000000000e+00,0.000000000000000000e+00,0.000000000000000000e+00,1.000000000000000000e+00
9.609573674518389064e-01,-2.256310844273336225e-03,-2.766872729299372224e-01,5.499621727482485456e-01
8.964689476714729488e-02,9.485678599214046880e-01,3.036156276984675051e-01,-6.482032746679139423e-02
2.617716031173732416e-01,-3.165658291501159960e-01,9.117355447803162649e-01,9.391205511152372898e-01
0.000000000000000000e+00,0.000000000000000000e+00,0.000000000000000000e+00,1.000000000000000000e+00
9.608057646434090548e-01,-8.452850190897864824e-03,-2.770935436845187172e-01,5.501513517713476631e-01
9.412874700839392317e-02,9.501007206832809970e-01,2.974027564494649556e-01,-6.379063529251963183e-02
2.607528746047180213e-01,-3.118287508886251058e-01,9.136579056214727546e-01,9.388337767681776969e-01
0.000000000000000000e+00,0.000000000000000000e+00,0.000000000000000000e+00,1.000000000000000000e+00
9.622837869798858135e-01,-1.120336676874882087e-03,-2.720453237263603663e-01,5.508826710056783371e-01
8.391627762245768007e-02,9.524510784983101219e-01,2.929078377534417577e-01,-6.300419120748121382e-02
2.587817065900145375e-01,-3.046894942611845236e-01,9.166222452140375676e-01,9.379584276203469795e-01
0.000000000000000000e+00,0.000000000000000000e+00,0.000000000000000000e+00,1.000000000000000000e+00
9.640926872890488442e-01,5.038948272160240216e-03,-2.655181713481974404e-01,5.513847107345384302e-01
7.485784443297910373e-02,9.541203681070518083e-01,2.899148604161433385e-01,-6.271925805307083934e-02
2.547971613708208682e-01,-2.993809148285415667e-01,9.194832648796807950e-01,9.371511420849529816e-01
0.000000000000000000e+00,0.000000000000000000e+00,0.000000000000000000e+00,1.000000000000000000e+00
9.639522824346842267e-01,3.354197471109009177e-03,-2.660540293780336296e-01,5.516644720406265190e-01
7.335549695536208725e-02,9.578187083937320656e-01,2.778530059534982111e-01,-6.140815611618706538e-02
2.557635006317254267e-01,-2.873535648122146902e-01,9.230454812923997165e-01,9.369953826862364998e-01
0.000000000000000000e+00,0.000000000000000000e+00,0.000000000000000000e+00,1.000000000000000000e+00
9.638716007596830337e-01,4.576582654734102917e-03,-2.663279785155338031e-01,5.516890957763577186e-01
7.280119895558664900e-02,9.572574027348101922e-01,2.799254371078745973e-01,-6.143260274066501825e-02
2.562255308894789696e-01,-2.892011753098696070e-01,9.223400444086740091e-01,9.371622454037021877e-01
0.000000000000000000e+00,0.000000000000000000e+00,0.000000000000000000e+00,1.000000000000000000e+00
9.643318853619354813e-01,1.136580310304206171e-02,-2.644519491214195051e-01,5.519718367340670229e-01
6.571726427268698156e-02,9.575158860213485168e-01,2.807927513189498736e-01,-6.154705976151131352e-02
2.564083774973212049e-01,-2.881564619032075392e-01,9.226161701447772590e-01,9.371232863900155197e-01
0.000000000000000000e+00,0.000000000000000000e+00,0.000000000000000000e+00,1.000000000000000000e+00
9.645976940372888997e-01,1.457955521929762618e-02,-2.633224738368379336e-01,5.522621160421127273e-01
6.136669422009766173e-02,9.586548850755766127e-01,2.778757638967998544e-01,-6.131106156331878054e-02
2.564866809377083223e-01,-2.841975508169281572e-01,9.238215924144758118e-01,9.369856351851016951e-01
0.000000000000000000e+00,0.000000000000000000e+00,0.000000000000000000e+00,1.000000000000000000e+00
9.652337278889366878e-01,1.371740780515890920e-02,-2.610281273516955602e-01,5.523376111809005229e-01
6.046364787545242814e-02,9.598204792905060678e-01,2.740233472172334817e-01,-6.082406643698366755e-02
2.542990323049211243e-01,-2.802792897408764028e-01,9.256216948144260215e-01,9.367376745867069809e-01
0.000000000000000000e+00,0.000000000000000000e+00,0.000000000000000000e+00,1.000000000000000000e+00
9.648785132244294127e-01,1.505485956271204392e-02,-2.622647630189036128e-01,5.527887829724565938e-01
5.774852437487242030e-02,9.617791857575689329e-01,2.676675284303880464e-01,-5.991082919254515915e-02
2.562704872792405664e-01,-2.734120499302377660e-01,9.271306748795478114e-01,9.367048651499668699e-01
0.000000000000000000e+00,0.000000000000000000e+00,0.000000000000000000e+00,1.000000000000000000e+00
9.652840223799560304e-01,3.039056141386776641e-02,-2.594285449115467657e-01,5.530335643983451677e-01
4.292194103995461418e-02,9.612519231037390810e-01,2.723094697338415693e-01,-6.006402011745259895e-02
2.576518253677531067e-01,-2.739911569856101070e-01,9.265767009688682387e-01,9.370870614497220918e-01
0.000000000000000000e+00,0.000000000000000000e+00,0.000000000000000000e+00,1.000000000000000000e+00
9.667711189006370498e-01,2.467476628464833344e-02,-2.544499156384379956e-01,5.527076762685784184e-01
4.207670863680280926e-02,9.663980410626986650e-01,2.535830767627685889e-01,-5.774092844494654875e-02
2.521570031744188034e-01,-2.558632098191855331e-01,9.332474825099287274e-01,9.371212755602223998e-01
0.000000000000000000e+00,0.000000000000000000e+00,0.000000000000000000e+00,1.000000000000000000e+00
9.670620613189822024e-01,2.813779675305208561e-02,-2.529806987723867695e-01,5.525566023229420143e-01
3.857518838904655523e-02,9.661910934639865722e-01,2.549249414074964970e-01,-5.758857143567588932e-02
2.516007241607836620e-01,-2.562870174330917350e-01,9.332813296627224808e-01,9.377049323799082625e-01
0.000000000000000000e+00,0.000000000000000000e+00,0.000000000000000000e+00,1.000000000000000000e+00
9.673468922844169482e-01,3.660724691625702465e-02,-2.507985236417725194e-01,5.523698471969235024e-01
2.988981400063644989e-02,9.661333045290108057e-01,2.563065291771964294e-01,-5.748517576983983024e-02
2.516874828168614298e-01,-2.554336456950530021e-01,9.334918658672105574e-01,9.383198118827438261e-01
0.000000000000000000e+00,0.000000000000000000e+00,0.000000000000000000e+00,1.000000000000000000e+00
9.694015741474903969e-01,2.985713546328150336e-02,-2.436578328359155221e-01,5.518810356985172083e-01
3.182605071753319415e-02,9.689122992228086373e-01,2.453488514554236222e-01,-5.576834612563634497e-02
2.434084849303587705e-01,-2.455962293617265368e-01,9.383148733699202548e-01,9.382809106062133253e-01
0.000000000000000000e+00,0.000000000000000000e+00,0.000000000000000000e+00,1.000000000000000000e+00
9.722704542006265216e-01,2.243331390010756474e-02,-2.327808203352814964e-01,5.509137649047015639e-01
3.135479495726677807e-02,9.738964183617307979e-01,2.248169102522773188e-01,-5.328905021111070284e-02
2.317477955055778083e-01,-2.258816343345602939e-01,9.461873210673734658e-01,9.382695622695269577e-01
0.000000000000000000e+00,0.000000000000000000e+00,0.000000000000000000e+00,1.000000000000000000e+00
9.723188685003127940e-01,2.235060504813790594e-02,-2.325864751275392439e-01,5.508974201757003142e-01
3.131182760303889007e-02,9.739725935527404621e-01,2.244926646024445749e-01,-5.324476078635301257e-02
2.315503992879926753e-01,-2.255611612448611691e-01,9.463120918214248389e-01,9.382739684964825910e-01
0.000000000000000000e+00,0.000000000000000000e+00,0.000000000000000000e+00,1.000000000000000000e+00
9.709971908223317127e-01,2.944112950231118908e-02,-2.372713116008093870e-01,5.511481207506837565e-01
2.689379713637742031e-02,9.726422008057240554e-01,2.307463388385283809e-01,-5.413552606978768583e-02
2.375735235474012441e-01,-2.304351733252233136e-01,9.436410608933073485e-01,9.388427001975425679e-01
0.000000000000000000e+00,0.000000000000000000e+00,0.000000000000000000e+00,1.000000000000000000e+00
9.743568726324915996e-01,1.812670203789296455e-02,-2.242768544167225986e-01,5.499690944321308228e-01
2.930331332186572948e-02,9.780384517676768974e-01,2.063543134810756630e-01,-5.145275144529132955e-02
2.230919106157614740e-01,-2.076347984734614183e-01,9.524273147493692582e-01,9.392021729234401040e-01
0.000000000000000000e+00,0.000000000000000000e+00,0.000000000000000000e+00,1.000000000000000000e+00
9.753428499520880868e-01,1.558342003302496011e-02,-2.201442301479028529e-01,5.497097878203079935e-01
2.850955273458060518e-02,9.802493134575871458e-01,1.956999971098699054e-01,-5.050997970087153788e-02
2.188459057195557000e-01,-1.971508064553711970e-01,9.556348827160842108e-01,9.389969096388852687e-01
0.000000000000000000e+00,0.000000000000000000e+00,0.000000000000000000e+00,1.000000000000000000e+00
9.753411884765321727e-01,1.619320474922890385e-02,-2.201075786544735569e-01,5.497151143907380577e-01
2.781035721345673228e-02,9.803379538766721080e-01,1.953562904555668500e-01,-5.052813606215116743e-02
2.189432577012720982e-01,-1.966603068970691481e-01,9.557136462342183947e-01,9.389624376147585050e-01
0.000000000000000000e+00,0.000000000000000000e+00,0.000000000000000000e+00,1.000000000000000000e+00
9.754733373242228112e-01,2.383031887708363106e-02,-2.188238654072256761e-01,5.497202200696478247e-01
2.064254089845025952e-02,9.798375799321109580e-01,1.987264513295597390e-01,-5.128322771260943047e-02
2.191475614165006303e-01,-1.983694352842709785e-01,9.553135158000228833e-01,9.388892611146976153e-01
0.000000000000000000e+00,0.000000000000000000e+00,0.000000000000000000e+00,1.000000000000000000e+00
9.741790939130886562e-01,5.523229094919075710e-02,-2.189166211578681964e-01,5.499565302898393737e-01
-6.136249717964517569e-03,9.757347548966243123e-01,2.188699031987341725e-01,-5.437987498106898465e-02
2.256932418617633718e-01,-2.118751569281505653e-01,9.508793185544626159e-01,9.397012805296131033e-01
0.000000000000000000e+00,0.000000000000000000e+00,0.000000000000000000e+00,1.000000000000000000e+00
9.756547252154322836e-01,3.820712072457147640e-02,-2.159584985378841249e-01,5.494999845986709985e-01
7.222856878284085805e-03,9.785758676640164966e-01,2.057598152315778250e-01,-5.242876087646830552e-02
2.191932651869465953e-01,-2.023103733167314622e-01,9.544762047034642816e-01,9.397760928131914104e-01
0.000000000000000000e+00,0.000000000000000000e+00,0.000000000000000000e+00,1.000000000000000000e+00
9.764704389345948421e-01,4.199887477115899631e-02,-2.115220470892724414e-01,5.488874318737396729e-01
1.993151793208206013e-03,9.790526437201526599e-01,2.035975151383461745e-01,-5.214667281681882594e-02
2.156420859498653642e-01,-1.992285505205927398e-01,9.559322546209298999e-01,9.399996816467338645e-01
0.000000000000000000e+00,0.000000000000000000e+00,0.000000000000000000e+00,1.000000000000000000e+00
9.783550397604996451e-01,4.473587511268027617e-02,-2.020398912421350612e-01,5.474103787435610213e-01
-7.036847138616800917e-03,9.829800884449214626e-01,1.835773093363177455e-01,-5.005303151630888930e-02
2.068136817465876520e-01,-1.781820619442850140e-01,9.620183230290907384e-01,9.401817035664892241e-01
0.000000000000000000e+00,0.000000000000000000e+00,0.000000000000000000e+00,1.000000000000000000e+00
9.811013934993828567e-01,3.358382034289094514e-02,-1.905575574065367928e-01,5.459089971915764838e-01
-1.778290814645540341e-03,9.863458305623583611e-01,1.646776858412514755e-01,-4.763536048456952499e-02
1.934861580458604458e-01,-1.612266403031080708e-01,9.677649906362724153e-01,9.398673034691458206e-01
0.000000000000000000e+00,0.000000000000000000e+00,0.000000000000000000e+00,1.000000000000000000e+00
9.815065356600781721e-01,3.991403667862818139e-02,-1.872212331242605055e-01,5.455127676283609839e-01
-8.425130142621434920e-03,9.860804043707942501e-01,1.660555729206664166e-01,-4.790359179728897326e-02
1.912431374942156481e-01,-1.614072668498788277e-01,9.681806425298021823e-01,9.398963034981654419e-01
0.000000000000000000e+00,0.000000000000000000e+00,0.000000000000000000e+00,1.000000000000000000e+00
9.810612289936219144e-01,4.713992971725843029e-02,-1.878741386986943762e-01,5.451653033553148786e-01
-1.553283463043610493e-02,9.859566340409205987e-01,1.662776197780138909e-01,-4.801333364702443929e-02
1.930740687245903475e-01,-1.602103080858100215e-01,9.680160438593887751e-01,9.404206894605533495e-01
0.000000000000000000e+00,0.000000000000000000e+00,0.000000000000000000e+00,1.000000000000000000e+00
9.822240631012139067e-01,3.208327978445704720e-02,-1.849501365860939661e-01,5.439408091366607634e-01
-4.496492561949907985e-03,9.890240566859408444e-01,1.476861430572452005e-01,-4.522766580642487849e-02
1.876583902189904729e-01,-1.442292565839435325e-01,9.715874896918239578e-01,9.409220148168961906e-01
0.000000000000000000e+00,0.000000000000000000e+00,0.000000000000000000e+00,1.000000000000000000e+00
9.824513912481168676e-01,3.062974086612656882e-02,-1.839866375830420120e-01,5.437429769898448617e-01
-3.599696102960158947e-03,9.893540403544207607e-01,1.454841057378762903e-01,-4.487127494387019300e-02
1.864840637228984410e-01,-1.422687661043602891e-01,9.721025111419766551e-01,9.409308200968053981e-01
0.000000000000000000e+00,0.000000000000000000e+00,0.000000000000000000e+00,1.000000000000000000e+00
9.829080068762097167e-01,3.428728548634063511e-02,-1.808762894152106671e-01,5.431781359544742838e-01
-7.115487704476168573e-03,9.888445935634608830e-01,1.487808442476427351e-01,-4.465971737963102262e-02
1.839598321736686248e-01,-1.449508600674450920e-01,9.721872393280748259e-01,9.409804107295443032e-01
0.000000000000000000e+00,0.000000000000000000e+00,0.000000000000000000e+00,1.000000000000000000e+00
9.831873954555412354e-01,3.562804069867280682e-02,-1.790898884173050543e-01,5.424576534511911241e-01
-9.418658320649654289e-03,9.893696631527290064e-01,1.451170510604951613e-01,-4.383843478476125155e-02
1.823563387787436318e-01,-1.409904690006711925e-01,9.730713505998328516e-01,9.412495452129171492e-01
0.000000000000000000e+00,0.000000000000000000e+00,0.000000000000000000e+00,1.000000000000000000e+00
9.856513179615119524e-01,2.399380777370112294e-02,-1.670801501952079160e-01,5.400232455452040892e-01
-3.599664952406296872e-03,9.926081854637798241e-01,1.213096556854926789e-01,-4.024227936344849238e-02
1.687558052718927393e-01,-1.189675894469625905e-01,9.784519358906772490e-01,9.413543546353148050e-01
0.000000000000000000e+00,0.000000000000000000e+00,0.000000000000000000e+00,1.000000000000000000e+00
9.861187948311063156e-01,2.619514475810048523e-02,-1.639619982555369504e-01,5.396121268194481457e-01
-6.016060206073290534e-03,9.924654178142962024e-01,1.223772914485823787e-01,-4.013541966492827767e-02
1.659323039689482859e-01,-1.196921419049577079e-01,9.788463932945556945e-01,9.413200882940134795e-01
0.000000000000000000e+00,0.000000000000000000e+00,0.000000000000000000e+00,1.000000000000000000e+00
9.861902125039864186e-01,3.650298431862041004e-02,-1.615437925058614832e-01,5.389511525243566581e-01
-1.667002774944736226e-02,9.923329499634321316e-01,1.224639807931513780e-01,-4.012736201209116810e-02
1.647755289361103048e-01,-1.180798397386583765e-01,9.792375485606737984e-01,9.415599837239702063e-01
0.000000000000000000e+00,0.000000000000000000e+00,0.000000000000000000e+00,1.000000000000000000e+00
9.880985224498664010e-01,3.744683294823688419e-02,-1.491946535052035838e-01,5.365097966377885275e-01
-2.151444379973859594e-02,9.940255779573470285e-01,1.070059768169519948e-01,-3.799066860055452799e-02
1.523103366169834272e-01,-1.025226075980757573e-01,9.830008526399720559e-01,9.416237417517628883e-01
0.000000000000000000e+00,0.000000000000000000e+00,0.000000000000000000e+00,1.000000000000000000e+00
9.891004414642159404e-01,3.621500450552263273e-02,-1.427192704015756708e-01,5.351428844865631085e-01
-2.312925862242441039e-02,9.954622411358856615e-01,9.230365035195914336e-02,-3.642913781142777252e-02
1.454144218806033839e-01,-8.799659039635965296e-02,9.854497683736828106e-01,9.418027889733238123e-01
0.000000000000000000e+00,0.000000000000000000e+00,0.000000000000000000e+00,1.000000000000000000e+00
9.891313138673714089e-01,3.844317152068984361e-02,-1.419202821672729264e-01,5.342594092043126963e-01
-2.620938937129481047e-02,9.958559231409014334e-01,8.708644127513101574e-02,-3.555860667197606462e-02
1.446800326091731148e-01,-8.242028214349794712e-02,9.860398497300171261e-01,9.420331655529431414e-01
0.000000000000000000e+00,0.000000000000000000e+00,0.000000000000000000e+00,1.000000000000000000e+00
9.900795694598433228e-01,3.198194852493248946e-02,-1.368195932853177865e-01,5.323192479050303794e-01
-2.182348577558642505e-02,9.969361688156622714e-01,7.511331956285770273e-02,-3.322771857475577406e-02
1.388026714685779428e-01,-7.138228264561012615e-02,9.877440903986660636e-01,9.420430866437381479e-01
0.000000000000000000e+00,0.000000000000000000e+00,0.000000000000000000e+00,1.000000000000000000e+00
9.915175926304050646e-01,2.926346188311680294e-02,-1.266353556595530006e-01,5.305643393107637440e-01
-2.150899255128380441e-02,9.978334868687785963e-01,6.217471932163239762e-02,-3.162820344978895665e-02
1.281804460276017854e-01,-5.892352910264558180e-02,9.899988843298029861e-01,9.413665954718655193e-01
0.000000000000000000e+00,0.000000000000000000e+00,0.000000000000000000e+00,1.000000000000000000e+00
9.915795414178618650e-01,3.188158079982721105e-02,-1.255132576553041890e-01,5.302548021673240131e-01
-2.360745982655571007e-02,9.974826024704684935e-01,6.686662552633365619e-02,-3.202826574197552983e-02
1.273291046150888395e-01,-6.334052868776410272e-02,9.898359846679015694e-01,9.410744655868721331e-01
0.000000000000000000e+00,0.000000000000000000e+00,0.000000000000000000e+00,1.000000000000000000e+00
9.913202398799874082e-01,3.307518108795349382e-02,-1.272407733404794239e-01,5.305705000407395788e-01
-2.385604209437666018e-02,9.970239821043486161e-01,7.330803751553291447e-02,-3.269837188285765889e-02
1.292867791379903875e-01,-6.963628009009770192e-02,9.891590960180965952e-01,9.410702935621269027e-01
0.000000000000000000e+00,0.000000000000000000e+00,0.000000000000000000e+00,1.000000000000000000e+00
9.914830722950739306e-01,3.555221943718857303e-02,-1.252890938805573673e-01,5.298792312166376028e-01
-2.636255377009134176e-02,9.968905900639170037e-01,7.425743868956409532e-02,-3.277355490436988789e-02
1.275395354822972949e-01,-7.032205297845987857e-02,9.893373922751804717e-01,9.408434798995186643e-01
0.000000000000000000e+00,0.000000000000000000e+00,0.000000000000000000e+00,1.000000000000000000e+00
9.924822336862012540e-01,3.455009288162020492e-02,-1.174108465991113293e-01,5.276804326230081221e-01
-2.715142034053882533e-02,9.975778436597033672e-01,6.404097292162044819e-02,-3.191274069738771202e-02
1.193390807352730232e-01,-6.037165660413638946e-02,9.910163706458799959e-01,9.405852456381514903e-01
0.000000000000000000e+00,0.000000000000000000e+00,0.000000000000000000e+00,1.000000000000000000e+00
9.924325452063995634e-01,3.720177733009086274e-02,-1.170199597446098527e-01,5.273769158335671614e-01
-2.933100770739766050e-02,9.972350912793586097e-01,6.827784932112301863e-02,-3.237853740473623648e-02
1.192364675844447830e-01,-6.432884644179265310e-02,9.907797254251078378e-01,9.406495684185013362e-01
0.000000000000000000e+00,0.000000000000000000e+00,0.000000000000000000e+00,1.000000000000000000e+00
9.925072930880036726e-01,3.713485385759181939e-02,-1.164056519078813662e-01,5.269639049724657021e-01
-2.925104014057342688e-02,9.972071432127560531e-01,6.871892152928754660e-02,-3.240710837828125745e-02
1.186324147011183078e-01,-6.479904439441305786e-02,9.908215954589165708e-01,9.407054248700023047e-01
0.000000000000000000e+00,0.000000000000000000e+00,0.000000000000000000e+00,1.000000000000000000e+00
9.926216259877972403e-01,3.666701279832672994e-02,-1.155761125570022863e-01,5.266616476496497334e-01
-2.889932544006774268e-02,9.972542358544329577e-01,6.818224152592895770e-02,-3.236188199793364750e-02
1.177588069337090759e-01,-6.433909575707759398e-02,9.909557730528194552e-01,9.407067974890331863e-01
0.000000000000000000e+00,0.000000000000000000e+00,0.000000000000000000e+00,1.000000000000000000e+00
9.926501312806615962e-01,3.761008995746764616e-02,-1.150269446776558679e-01,5.262975287741374908e-01
-3.008961613177817129e-02,9.973371518379020584e-01,6.643207482010188292e-02,-3.224276974388054495e-02
1.172191616994744945e-01,-6.248269118125892446e-02,9.911385278724764714e-01,9.407410623651988324e-01
0.000000000000000000e+00,0.000000000000000000e+00,0.000000000000000000e+00,1.000000000000000000e+00
9.926501312806615962e-01,3.761008995746764616e-02,-1.150269446776558679e-01,5.262975287741374908e-01
-3.008961613177817129e-02,9.973371518379020584e-01,6.643207482010188292e-02,-3.224276974388054495e-02
1.172191616994744945e-01,-6.248269118125892446e-02,9.911385278724764714e-01,9.407410623651988324e-01
0.000000000000000000e+00,0.000000000000000000e+00,0.000000000000000000e+00,1.000000000000000000e+00
9.926837002900994467e-01,3.776939913329829812e-02,-1.146845397927099552e-01,5.261581398685454269e-01
-3.033453805707281292e-02,9.973652764805513993e-01,6.589629027295321184e-02,-3.221361604325065353e-02
1.168712410271238178e-01,-6.193527072664584132e-02,9.912139704729736600e-01,9.407478240560473992e-01
0.000000000000000000e+00,0.000000000000000000e+00,0.000000000000000000e+00,1.000000000000000000e+00
9.926837002900994467e-01,3.776939913329829812e-02,-1.146845397927099552e-01,5.261581398685454269e-01
-3.033453805707281292e-02,9.973652764805513993e-01,6.589629027295321184e-02,-3.221361604325065353e-02
1.168712410271238178e-01,-6.193527072664584132e-02,9.912139704729736600e-01,9.407478240560473992e-01
0.000000000000000000e+00,0.000000000000000000e+00,0.000000000000000000e+00,1.000000000000000000e+00
9.926837002900994467e-01,3.776939913329829812e-02,-1.146845397927099552e-01,5.261581398685454269e-01
-3.033453805707281292e-02,9.973652764805513993e-01,6.589629027295321184e-02,-3.221361604325065353e-02
1.168712410271238178e-01,-6.193527072664584132e-02,9.912139704729736600e-01,9.407478240560473992e-01
0.000000000000000000e+00,0.000000000000000000e+00,0.000000000000000000e+00,1.000000000000000000e+00
9.962797118831470122e-01,2.063299301786658893e-02,-8.367206994665583875e-02,5.158682392394788874e-01
-1.615168640428714039e-02,9.984164768478337448e-01,5.388563616638933351e-02,-2.761325334322129593e-02
8.465139524149005446e-02,-5.233372103991448809e-02,9.950353375261530298e-01,9.408435725660433402e-01
0.000000000000000000e+00,0.000000000000000000e+00,0.000000000000000000e+00,1.000000000000000000e+00
9.980016079303095644e-01,1.727451104190581149e-02,-6.078142674188925787e-02,5.125594176677855662e-01
-1.477877587306229007e-02,9.990385817042924943e-01,4.127347877232334650e-02,-2.471171505293546719e-02
6.143596953097076041e-02,-4.029272309659286122e-02,9.972974070523049628e-01,9.403140383700864247e-01
0.000000000000000000e+00,0.000000000000000000e+00,0.000000000000000000e+00,1.000000000000000000e+00
9.979440819924857431e-01,2.177829653388707251e-02,-6.027698579273045587e-02,5.122065680295476708e-01
-1.905040064520905144e-02,9.987842004709258648e-01,4.546650552781043853e-02,-2.416383332212838214e-02
6.119388410153391022e-02,-4.422472939131998071e-02,9.971456673218976885e-01,9.407266934321836249e-01
0.000000000000000000e+00,0.000000000000000000e+00,0.000000000000000000e+00,1.000000000000000000e+00
9.987159714505451369e-01,2.009080210523004825e-02,-4.650556999287619453e-02,5.102313364942626661e-01
-1.889348124254875208e-02,9.994822461933811075e-01,2.604373073833612245e-02,-2.131757613141779112e-02
4.700473099732921378e-02,-2.513163773019934377e-02,9.985784676473185018e-01,9.405099685985025548e-01
0.000000000000000000e+00,0.000000000000000000e+00,0.000000000000000000e+00,1.000000000000000000e+00
9.991116824203553071e-01,2.405444622341127228e-02,-3.460100674911294194e-02,5.088597141985331529e-01
-2.372639294111220445e-02,9.996698584148067113e-01,9.860651850883453765e-03,-1.985537746656643524e-02
3.482677603757036722e-02,-9.030935378210027883e-03,9.993525593488133962e-01,9.399437001073979170e-01
0.000000000000000000e+00,0.000000000000000000e+00,0.000000000000000000e+00,1.000000000000000000e+00
9.993174128615868179e-01,2.199624159317789887e-02,-2.967951663015110098e-02,5.081851999712206913e-01
-2.180807716970741342e-02,9.997400669179103971e-01,6.648787042167590353e-03,-1.920909945886434614e-02
2.981805026799960734e-02,-5.996995476616608783e-03,9.995373529405834345e-01,9.394263039706497453e-01
0.000000000000000000e+00,0.000000000000000000e+00,0.000000000000000000e+00,1.000000000000000000e+00
9.996938556710136536e-01,1.599217282792892922e-02,-1.887976011140478708e-02,5.069846151715303728e-01
-1.611719073526411347e-02,9.998490576472910396e-01,-6.488303678708885920e-03,-1.740827056925363381e-02
1.877314828220498846e-02,6.790606016084449990e-03,9.998007084281890222e-01,9.386187066776823240e-01
0.000000000000000000e+00,0.000000000000000000e+00,0.000000000000000000e+00,1.000000000000000000e+00
9.993920212719765717e-01,1.932639981957671657e-02,-2.901858176973694942e-02,5.079692832131678104e-01
-1.905133083895738447e-02,9.997712012920092484e-01,9.725834688980456930e-03,-1.899145389030947734e-02
2.919990772549865138e-02,-9.167078986604687216e-03,9.995315553056219882e-01,9.389784440258681641e-01
0.000000000000000000e+00,0.000000000000000000e+00,0.000000000000000000e+00,1.000000000000000000e+00
9.992225739548256103e-01,1.944444813658326512e-02,-3.429520572553477337e-02,5.083632837925927683e-01
-1.903136361876863955e-02,9.997428489140750552e-01,1.233058165615986100e-02,-1.922701520141254644e-02
3.452614803164753138e-02,-1.166831101028508420e-02,9.993356771477059919e-01,9.392500274152125739e-01
0.000000000000000000e+00,0.000000000000000000e+00,0.000000000000000000e+00,1.000000000000000000e+00
9.992387906542350429e-01,1.907029823326997567e-02,-3.403179362237600258e-02,5.081451706399159329e-01
-1.868993394846637027e-02,9.997596473931364969e-01,1.146009656824104571e-02,-1.890536999481294556e-02
3.424216145140104861e-02,-1.081532106067988573e-02,9.993550436203795240e-01,9.391982829852907333e-01
0.000000000000000000e+00,0.000000000000000000e+00,0.000000000000000000e+00,1.000000000000000000e+00
9.993516226065836117e-01,1.709218714299411135e-02,-3.168898124360102625e-02,5.074197895587126972e-01
-1.685406572384576251e-02,9.998277977568987840e-01,7.766292626873503788e-03,-1.793270128688140980e-02
3.181626725693505880e-02,-7.227168965702215203e-03,9.994676048609961727e-01,9.389302128968869399e-01
0.000000000000000000e+00,0.000000000000000000e+00,0.000000000000000000e+00,1.000000000000000000e+00
9.995058960024557626e-01,1.599949336444812450e-02,-2.705513016803115858e-02,5.066208959723912386e-01
-1.582441689602680571e-02,9.998525193455157778e-01,6.672884558100307742e-03,-1.740657355176338308e-02
2.715790283193587548e-02,-6.241455800209802854e-03,9.996116708718767452e-01,9.384360920647606408e-01
0.000000000000000000e+00,0.000000000000000000e+00,0.000000000000000000e+00,1.000000000000000000e+00
9.994143553565489890e-01,1.881516133465413118e-02,-2.858209249170587038e-02,5.063536665728916031e-01
-1.854694493217521820e-02,9.997817055715018109e-01,9.620396988777750458e-03,-1.762705108833849399e-02
2.875686250160738519e-02,-9.084652359323392573e-03,9.995451525321774611e-01,9.382980267129196195e-01
0.000000000000000000e+00,0.000000000000000000e+00,0.000000000000000000e+00,1.000000000000000000e+00
9.994412031690994569e-01,1.944646378061524322e-02,-2.718669627468879232e-02,5.055752430644303574e-01
-1.923985714243514611e-02,9.997841530517544983e-01,7.840612458510174548e-03,-1.743759338945580217e-02
2.733330029545728498e-02,-7.313162996616252853e-03,9.995996240205091699e-01,9.381124789138772790e-01
0.000000000000000000e+00,0.000000000000000000e+00,0.000000000000000000e+00,1.000000000000000000e+00
9.993843288695299920e-01,1.950580979849812768e-02,-2.916310330030076267e-02,5.052735911915811062e-01
-1.923981438714054276e-02,9.997709532011062050e-01,9.373936083625033361e-03,-1.765958238465518970e-02
2.933926979915449026e-02,-8.807072127348682805e-03,9.995307112481317535e-01,9.382257413858183792e-01
0.000000000000000000e+00,0.000000000000000000e+00,0.000000000000000000e+00,1.000000000000000000e+00
9.993739487577966152e-01,1.919599810864774589e-02,-2.971908815663189957e-02,5.050742156242113978e-01
-1.888954706913976642e-02,9.997658267259994513e-01,1.055825375720485272e-02,-1.779540926387070121e-02
2.991480495961187924e-02,-9.990263634738044338e-03,9.995025257980776345e-01,9.382458285798990216e-01
0.000000000000000000e+00,0.000000000000000000e+00,0.000000000000000000e+00,1.000000000000000000e+00
9.994635450100197716e-01,1.969953071444210252e-02,-2.616391953884442817e-02,5.041261556722703707e-01
-1.946280675348081163e-02,9.997675894765781779e-01,9.271795158922995633e-03,-1.790770079894852748e-02
2.634048878212085637e-02,-8.757597948245765540e-03,9.996146673238123226e-01,9.379668119319852782e-01
0.000000000000000000e+00,0.000000000000000000e+00,0.000000000000000000e+00,1.000000000000000000e+00
9.994570199722119241e-01,2.016822938947989557e-02,-2.605585829633840639e-02,5.038078913336709874e-01
-1.993791801425738586e-02,9.997600882174801917e-01,9.068926763008820779e-03,-1.798344391997141328e-02
2.623251138420220480e-02,-8.544502950399532337e-03,9.996193509610586947e-01,9.379980571755304197e-01
0.000000000000000000e+00,0.000000000000000000e+00,0.000000000000000000e+00,1.000000000000000000e+00
9.994123303021734683e-01,2.067876220074904917e-02,-2.733830341890789578e-02,5.033232544038569456e-01
-2.038661806754181113e-02,9.997325103165063398e-01,1.092216187505109376e-02,-1.823249375406778977e-02
2.755684749291138769e-02,-1.035840770106652084e-02,9.995665678413574451e-01,9.381463502284196343e-01
0.000000000000000000e+00,0.000000000000000000e+00,0.000000000000000000e+00,1.000000000000000000e+00
9.994177704001094842e-01,2.045979767777011613e-02,-2.730415513175037459e-02,5.032773700561361530e-01
-2.016973614374727511e-02,9.997376210082202785e-01,1.085683585192828357e-02,-1.821764251067457471e-02
2.751911976000672236e-02,-1.029979707609878989e-02,9.995682128938603306e-01,9.381598299654854145e-01
0.000000000000000000e+00,0.000000000000000000e+00,0.000000000000000000e+00,1.000000000000000000e+00
9.995359936822060254e-01,1.554532558504771039e-02,-2.619427773731779555e-02,5.019224977458123238e-01
-1.529875537578510164e-02,9.998370016210980094e-01,9.587401800497415486e-03,-1.789886608635148091e-02
2.633904739501350886e-02,-9.182213338142156470e-03,9.996108950689442940e-01,9.384132923603641929e-01
0.000000000000000000e+00,0.000000000000000000e+00,0.000000000000000000e+00,1.000000000000000000e+00
9.995299376405798464e-01,1.538203845557588323e-02,-2.651974082018257461e-02,5.016399831748888927e-01
-1.514207210493220476e-02,9.998427887705486627e-01,9.225800556111074871e-03,-1.787473035755749590e-02
2.665748323806107350e-02,-8.819900026830812187e-03,9.996057162456251088e-01,9.384884383685776488e-01
0.000000000000000000e+00,0.000000000000000000e+00,0.000000000000000000e+00,1.000000000000000000e+00
9.995035332070522083e-01,1.521399775574822089e-02,-2.759024064605218249e-02,5.008308599068663769e-01
-1.494989839267035076e-02,9.998406735786490307e-01,9.753358182811379049e-03,-1.785351257192097779e-02
2.773423236125013500e-02,-9.336044670066085890e-03,9.995717336065734759e-01,9.387036755717195202e-01
0.000000000000000000e+00,0.000000000000000000e+00,0.000000000000000000e+00,1.000000000000000000e+00
9.995243615290785311e-01,1.239712925627309455e-02,-2.823759720817441837e-02,5.001782613110460352e-01
-1.210763594127770883e-02,9.998726137486818599e-01,1.040006861960950969e-02,-1.766425710212958522e-02
2.836293112147125067e-02,-1.005323140002078487e-02,9.995471357953141789e-01,9.388041014451848909e-01
0.000000000000000000e+00,0.000000000000000000e+00,0.000000000000000000e+00,1.000000000000000000e+00
9.995657212352798693e-01,7.788762053189567623e-03,-2.842013576803479810e-02,4.992504940519916223e-01
-7.621499539019005974e-03,9.999530215724026228e-01,5.988939221498360867e-03,-1.679169520942508029e-02
2.846544705729157562e-02,-5.769734300716329763e-03,9.995781252558139096e-01,9.388411840360232352e-01
0.000000000000000000e+00,0.000000000000000000e+00,0.000000000000000000e+00,1.000000000000000000e+00
9.995425698935058723e-01,9.246676657120003057e-03,-2.879496382155221496e-02,4.992181087555306873e-01
-9.035107481592974388e-03,9.999312888091443918e-01,7.468901745206564004e-03,-1.695137133062887824e-02
2.886204780471911951e-02,-7.205319651629554963e-03,9.995574348506622853e-01,9.388361454929565753e-01
0.000000000000000000e+00,0.000000000000000000e+00,0.000000000000000000e+00,1.000000000000000000e+00
9.995254060776415095e-01,7.182498958158129061e-03,-2.995620660300516575e-02,4.987614373834109993e-01
-6.927703754757200648e-03,9.999390153848903839e-01,8.600722747669299617e-03,-1.670058480438377235e-02
3.001615441744987650e-02,-8.389113171963443610e-03,9.995142086304604767e-01,9.387750894067473650e-01
0.000000000000000000e+00,0.000000000000000000e+00,0.000000000000000000e+00,1.000000000000000000e+00
9.995887402039718150e-01,3.937263212758146044e-03,-2.840507728963436590e-02,4.982450654994771133e-01
-3.761911665219809086e-03,9.999735542777489217e-01,6.224047376826326999e-03,-1.607129890350152482e-02
2.842883180962108708e-02,-6.114630284764317400e-03,9.995771169941921608e-01,9.384968883911011250e-01
0.000000000000000000e+00,0.000000000000000000e+00,0.000000000000000000e+00,1.000000000000000000e+00
9.996394428649642006e-01,4.820345781576891933e-03,-2.641493015644818046e-02,4.978304952711923859e-01
-4.746781382095999202e-03,9.999846813474398965e-01,2.846952224708336390e-03,-1.557802955525731427e-02
2.642824880945743651e-02,-2.720539837094617264e-03,9.996470108632647955e-01,9.381336743756519825e-01
0.000000000000000000e+00,0.000000000000000000e+00,0.000000000000000000e+00,1.000000000000000000e+00
9.996447783905295648e-01,5.263705092714073865e-03,-2.612681467852467562e-02,4.976796353192273203e-01
-5.215357215651999188e-03,9.999845599573252697e-01,1.918305519888720756e-03,-1.540177462130848385e-02
2.613650867392550495e-02,-1.781363424858843419e-03,9.996567959348280352e-01,9.380189816207453735e-01
0.000000000000000000e+00,0.000000000000000000e+00,0.000000000000000000e+00,1.000000000000000000e+00
9.996355523544379063e-01,5.047188170892599746e-03,-2.651958447271288155e-02,4.976813769929258058e-01
-4.983892341085477753e-03,9.999845733686850702e-01,2.452313556888232812e-03,-1.539238445313793197e-02
2.653155265283624331e-02,-2.319249063043922303e-03,9.996452859877913433e-01,9.380333729002635623e-01
0.000000000000000000e+00,0.000000000000000000e+00,0.000000000000000000e+00,1.000000000000000000e+00
9.996115713695278293e-01,3.539059784558483933e-03,-2.764383186145965426e-02,4.974598665976611156e-01
-3.484257441036983996e-03,9.999918687595426015e-01,2.030360776419131829e-03,-1.489276234035937993e-02
2.765079265098759065e-02,-1.933253899301317020e-03,9.996157742828656323e-01,9.378570573617235340e-01
0.000000000000000000e+00,0.000000000000000000e+00,0.000000000000000000e+00,1.000000000000000000e+00
9.995883772930012068e-01,-2.616430513933569631e-03,-2.856974399798386036e-02,4.970412485037913330e-01
2.499032094782476995e-03,9.999882904864836330e-01,-4.144119750835420675e-03,-1.339976360578853422e-02
2.858025226154983431e-02,4.071017229854774662e-03,9.995832111432145783e-01,9.374781976466772804e-01
0.000000000000000000e+00,0.000000000000000000e+00,0.000000000000000000e+00,1.000000000000000000e+00
9.996533373756884000e-01,-2.444400831822905046e-03,-2.621507158528096904e-02,4.968701399090765802e-01
2.299172175579189577e-03,9.999818520679751854e-01,-5.568603236836970269e-03,-1.306519956498737416e-02
2.622820773432802538e-02,5.506399847055443511e-03,9.996408158332518168e-01,9.371388255612583817e-01
0.000000000000000000e+00,0.000000000000000000e+00,0.000000000000000000e+00,1.000000000000000000e+00
9.996765036757030432e-01,-1.399626085490160085e-02,-2.123658825714880988e-02,4.960864968846149248e-01
1.369683113073078690e-02,9.998056396751586750e-01,-1.418025707535321145e-02,-1.063088339270094190e-02
2.143093128397283859e-02,1.388479585116072015e-02,9.996739106471036473e-01,9.356559902480247048e-01
0.000000000000000000e+00,0.000000000000000000e+00,0.000000000000000000e+00,1.000000000000000000e+00
9.997148217650876356e-01,-1.639358262149246195e-02,-1.736449227681136770e-02,4.957503949506499863e-01
1.601421915002281329e-02,9.996348406712500800e-01,-2.176534174276963107e-02,-9.613797129623341889e-03
1.771496339861259456e-02,2.148105595627942954e-02,9.996122969965851590e-01,9.351582172608533527e-01
0.000000000000000000e+00,0.000000000000000000e+00,0.000000000000000000e+00,1.000000000000000000e+00
9.997133210742378262e-01,-1.159429085742430358e-02,-2.094870130178266496e-02,4.960578505847345054e-01
1.125131566196266135e-02,9.998019336618013675e-01,-1.641649603288864237e-02,-1.043506266059602595e-02
2.113488969909086898e-02,1.617608931838663069e-02,9.996457625437976668e-01,9.354648835767167547e-01
0.000000000000000000e+00,0.000000000000000000e+00,0.000000000000000000e+00,1.000000000000000000e+00
9.997115337751625308e-01,-1.144637910128707380e-02,-2.111467836321018893e-02,4.960394692105922765e-01
1.111128211367438424e-02,9.998115293242035850e-01,-1.591996357368991380e-02,-1.040508377012309277e-02
2.129292480385298891e-02,1.568076005386513302e-02,9.996503014141648880e-01,9.353788138036339683e-01
0.000000000000000000e+00,0.000000000000000000e+00,0.000000000000000000e+00,1.000000000000000000e+00
9.996898979606022584e-01,-1.645255550308606998e-02,-1.869281500840376184e-02,4.954906163533697727e-01
1.604703941571883688e-02,9.996370263883255225e-01,-2.164042512282144531e-02,-8.850605999787980807e-03
1.904207030527139619e-02,2.133375004362682986e-02,9.995910517144324103e-01,9.342310761475562941e-01
0.000000000000000000e+00,0.000000000000000000e+00,0.000000000000000000e+00,1.000000000000000000e+00
9.997016259419069240e-01,-1.779527153215816962e-02,-1.673282403554387024e-02,4.952649072876788017e-01
1.743611893904631685e-02,9.996195738810313980e-01,-2.137028942828388470e-02,-8.474595044172618385e-03
1.710674853533376491e-02,2.107215757823466609e-02,9.996315938032105386e-01,9.338894300413678184e-01
0.000000000000000000e+00,0.000000000000000000e+00,0.000000000000000000e+00,1.000000000000000000e+00
9.996634457990948297e-01,-1.808004642877348786e-02,-1.860395265027257536e-02,4.953924590993031840e-01
1.770312447766214312e-02,9.996386206723371082e-01,-2.022937082649431395e-02,-8.388150119457839921e-03
1.896297753013983720e-02,1.989321445721668052e-02,9.996222614076532009e-01,9.338330259443078374e-01
0.000000000000000000e+00,0.000000000000000000e+00,0.000000000000000000e+00,1.000000000000000000e+00
9.995877765773918400e-01,-2.156116773873142586e-02,-1.895766237721298320e-02,4.953541080560415200e-01
2.116010679480112913e-02,9.995532590667421946e-01,-2.110763296740924069e-02,-7.694599987873144281e-03
1.940429842840808716e-02,2.069778574622264597e-02,9.995974564131827611e-01,9.335242332612355698e-01
0.000000000000000000e+00,0.000000000000000000e+00,0.000000000000000000e+00,1.000000000000000000e+00
9.994375618930467775e-01,-3.004530411158842090e-02,-1.489428004720198817e-02,4.949020779848854468e-01
2.962876003884561127e-02,9.991842584602165234e-01,-2.744001136785104850e-02,-6.051498823427416303e-03
1.570657365063484606e-02,2.698327901033262255e-02,9.995124842632070461e-01,9.327900778787582281e-01
0.000000000000000000e+00,0.000000000000000000e+00,0.000000000000000000e+00,1.000000000000000000e+00
9.993422251736501227e-01,-3.298119480449427515e-02,-1.507838765404304927e-02,4.948685631221934611e-01
3.250027331352017129e-02,9.989877947141234671e-01,-3.109852483251808117e-02,-5.376382679834378758e-03
1.608879173599081502e-02,3.058801728586302629e-02,9.994025835362823074e-01,9.325799026039947037e-01
0.000000000000000000e+00,0.000000000000000000e+00,0.000000000000000000e+00,1.000000000000000000e+00
9.993519257298620895e-01,-3.208608529520701191e-02,-1.631599431370287998e-02,4.949588954114682582e-01
3.166658027373772666e-02,9.991769507874875833e-01,-2.535051693329840733e-02,-5.769371497403615393e-03
1.711596429603103389e-02,2.481741617185852233e-02,9.995454665100380609e-01,9.324920242162111350e-01
0.000000000000000000e+00,0.000000000000000000e+00,0.000000000000000000e+00,1.000000000000000000e+00
9.993646699581199000e-01,-3.141856940403772031e-02,-1.682646534783136666e-02,4.949742691635005687e-01
3.098657319809036692e-02,9.991983652422959938e-01,-2.534677846517387895e-02,-5.717538428854503432e-03
1.760933618673607426e-02,2.480928039518436740e-02,9.995370983036776513e-01,9.323760803255694007e-01
0.000000000000000000e+00,0.000000000000000000e+00,0.000000000000000000e+00,1.000000000000000000e+00
9.993234682115066381e-01,-3.267282054760782539e-02,-1.688468771370995117e-02,4.949642351783689609e-01
3.220633511778932256e-02,9.991111123678129147e-01,-2.719810878410477625e-02,-5.363785740845155442e-03
1.775831805116526510e-02,2.663591448805846876e-02,9.994874537478588561e-01,9.321824785370965705e-01
0.000000000000000000e+00,0.000000000000000000e+00,0.000000000000000000e+00,1.000000000000000000e+00
9.992858837081031176e-01,-3.340033528982065680e-02,-1.766749060401631363e-02,4.950524652775156187e-01
3.291792345671100406e-02,9.990953105789939226e-01,-2.692527983813409673e-02,-5.266193536753120859e-03
1.855082038653706536e-02,2.632447495376263533e-02,9.994813100210504508e-01,9.320762944128213601e-01
0.000000000000000000e+00,0.000000000000000000e+00,0.000000000000000000e+00,1.000000000000000000e+00
9.993015833062279807e-01,-3.271925344046577866e-02,-1.804982149397358834e-02,4.951834365246262082e-01
3.223994881940706048e-02,9.991357708329865472e-01,-2.623541770385365290e-02,-5.210814267651147150e-03
1.889262559274798234e-02,2.563516912899605621e-02,9.994928247876219141e-01,9.318712526344811176e-01
0.000000000000000000e+00,0.000000000000000000e+00,0.000000000000000000e+00,1.000000000000000000e+00
9.992640285338212358e-01,-3.373085770640964903e-02,-1.826555547330772564e-02,4.953345849914874144e-01
3.323082528936687624e-02,9.990823914831695740e-01,-2.702012729167450195e-02,-4.881386825311688493e-03
1.916020691292532815e-02,2.639326176622858178e-02,9.994679995899785618e-01,9.315955720424371478e-01
0.000000000000000000e+00,0.000000000000000000e+00,0.000000000000000000e+00,1.000000000000000000e+00
9.991210508733610052e-01,-3.760251829498208187e-02,-1.852501874726104891e-02,4.954799194403414764e-01
3.711077860929738736e-02,9.989673955688241902e-01,-2.620940101284594329e-02,-4.153566995170445211e-03
1.949142921190107069e-02,2.549888641325328067e-02,9.994848127805452398e-01,9.310586318772134939e-01
0.000000000000000000e+00,0.000000000000000000e+00,0.000000000000000000e+00,1.000000000000000000e+00
9.991347127782854720e-01,-3.729263385435213629e-02,-1.841426571053332920e-02,4.954830665010402369e-01
3.680924993615911078e-02,9.989859339230120483e-01,-2.592649114525134510e-02,-4.162368166466485185e-03
1.936245956975159513e-02,2.522624197482959893e-02,9.994942380400384518e-01,9.310193563628559321e-01
0.000000000000000000e+00,0.000000000000000000e+00,0.000000000000000000e+00,1.000000000000000000e+00
9.991601351583573321e-01,-3.647881094865431523e-02,-1.866335077378702967e-02,4.955978068050869711e-01
3.599210541120777956e-02,9.990194659039735026e-01,-2.578129347042254146e-02,-4.022366125811267096e-03
1.958552165252654825e-02,2.508790738008817231e-02,9.994933737873835655e-01,9.307816358130057699e-01
0.000000000000000000e+00,0.000000000000000000e+00,0.000000000000000000e+00,1.000000000000000000e+00
9.992077900111403510e-01,-3.581227327531000953e-02,-1.735723088246871049e-02,4.959461433963354704e-01
3.530240628930297192e-02,9.989604208783029460e-01,-2.884124873906650580e-02,-3.131360755506617469e-03
1.837205734907745858e-02,2.820564839705408736e-02,9.994332938757163332e-01,9.297615540838634063e-01
0.000000000000000000e+00,0.000000000000000000e+00,0.000000000000000000e+00,1.000000000000000000e+00
9.992392219409559351e-01,-3.499987822779734165e-02,-1.720423956100565130e-02,4.960515787945640742e-01
3.448764696625219311e-02,9.989778960999298185e-01,-2.921926266162329713e-02,-3.036466314521988567e-03
1.820932567571544383e-02,2.860369954738609458e-02,9.994249590792890769e-01,9.295874667352936882e-01
0.000000000000000000e+00,0.000000000000000000e+00,0.000000000000000000e+00,1.000000000000000000e+00
9.992570516366611200e-01,-3.454688960045183832e-02,-1.708382783047713085e-02,4.961369161804544126e-01
3.403301581539351639e-02,9.989850270400766341e-01,-2.950711074040697490e-02,-2.956334038367878884e-03
1.808586710435435355e-02,2.890377429803344528e-02,9.994185675893819676e-01,9.294671282544990643e-01
0.000000000000000000e+00,0.000000000000000000e+00,0.000000000000000000e+00,1.000000000000000000e+00
9.993778025293590384e-01,-3.164168074755895066e-02,-1.558242121941148285e-02,4.965873705962090545e-01
3.114505588638569189e-02,9.990295520784622241e-01,-3.114385280823749741e-02,-2.508761234347419485e-03
1.655274313893379673e-02,3.063915980207042311e-02,9.993934403332852545e-01,9.288496889255050126e-01
0.000000000000000000e+00,0.000000000000000000e+00,0.000000000000000000e+00,1.000000000000000000e+00
9.993789017070247027e-01,-3.121746941438559644e-02,-1.634871328951857661e-02,4.968798518254651797e-01
3.067695504913794599e-02,9.990063638700541482e-01,-3.232969805064717095e-02,-2.041146251758017404e-03
1.734171997738838400e-02,3.180808938768170391e-02,9.993435396287559946e-01,9.287188236484236192e-01
0.000000000000000000e+00,0.000000000000000000e+00,0.000000000000000000e+00,1.000000000000000000e+00
9.993985952833220887e-01,-3.056253449198818167e-02,-1.638228406384778513e-02,4.969564964006082941e-01
3.002468455755159110e-02,9.990326623668897010e-01,-3.212876968300541064e-02,-1.946682337808940903e-03
1.734837349557852293e-02,3.161757437802776433e-02,9.993494698690282840e-01,9.286612198685556541e-01
0.000000000000000000e+00,0.000000000000000000e+00,0.000000000000000000e+00,1.000000000000000000e+00
9.994742902739763846e-01,-2.764806801393212415e-02,-1.693302738520520781e-02,4.973242783343687079e-01
2.707325899326860214e-02,9.990792128930130467e-01,-3.328310401030406401e-02,-1.326678734933529370e-03
1.783764919529831974e-02,3.280717452287382901e-02,9.993025105397319585e-01,9.283932501591376507e-01
0.000000000000000000e+00,0.000000000000000000e+00,0.000000000000000000e+00,1.000000000000000000e+00
9.994689674952711433e-01,-2.764129687247372444e-02,-1.725519403381245778e-02,4.974357825824996526e-01
2.705595106603589720e-02,9.990797400610126333e-01,-3.328135381158429940e-02,-1.066579880501025181e-03
1.815925455102751843e-02,3.279682464549517340e-02,9.992970578198074882e-01,9.282766245156499618e-01
0.000000000000000000e+00,0.000000000000000000e+00,0.000000000000000000e+00,1.000000000000000000e+00
9.994772888559589896e-01,-2.749810114194452954e-02,-1.700010278584912146e-02,4.975210406383354100e-01
2.691929526221092245e-02,9.990799184574796765e-01,-3.338664519806822800e-02,-7.153522219999386596e-04
1.790253065150161291e-02,3.291156284018083994e-02,9.992979177541044811e-01,9.280724555124502118e-01
0.000000000000000000e+00,0.000000000000000000e+00,0.000000000000000000e+00,1.000000000000000000e+00
9.994902132240021109e-01,-2.755896299099805380e-02,-1.611884699039419638e-02,4.976123606635058372e-01
2.700648490546319475e-02,9.990723173870436069e-01,-3.354332130146788632e-02,-2.565262452980734964e-04
1.702831296664261002e-02,3.309090796190580080e-02,9.993072742494006899e-01,9.277483071151869654e-01
0.000000000000000000e+00,0.000000000000000000e+00,0.000000000000000000e+00,1.000000000000000000e+00
9.995185503187213882e-01,-2.686101819916303368e-02,-1.552911040806360943e-02,4.976970429272345453e-01
2.634154813046139104e-02,9.991167110223001524e-01,-3.274019850385772451e-02,-5.327945485072592066e-05
1.639482878386301634e-02,3.231537493648579257e-02,9.993432474039448676e-01,9.274849538936916771e-01
0.000000000000000000e+00,0.000000000000000000e+00,0.000000000000000000e+00,1.000000000000000000e+00
9.995362106148218961e-01,-2.632651898596288093e-02,-1.530614477404944503e-02,4.977164259841141414e-01
2.581245572681318406e-02,9.991264226607957655e-01,-3.286500677608726606e-02,6.158201325031763956e-06
1.615799489768871694e-02,3.245467515047235907e-02,9.993425905372810281e-01,9.274369518793913469e-01
0.000000000000000000e+00,0.000000000000000000e+00,0.000000000000000000e+00,1.000000000000000000e+00
9.995657694666477688e-01,-2.489357987267165964e-02,-1.576648951642093538e-02,4.978046216649495981e-01
2.435015300337329755e-02,9.991329889406757037e-01,-3.376892742128362324e-02,1.207939881028548615e-04
1.659344928761965349e-02,3.337034748986780763e-02,9.993052973686993301e-01,9.274592717223394400e-01
0.000000000000000000e+00,0.000000000000000000e+00,0.000000000000000000e+00,1.000000000000000000e+00
9.996191117048421892e-01,-2.246326921491865330e-02,-1.603225032864017893e-02,4.979881479090141894e-01
2.192246262545900076e-02,9.992100482317357590e-01,-3.314641979411223072e-02,6.866444869061544276e-05
1.676416257548966546e-02,3.278232830215464799e-02,9.993219109997699690e-01,9.275893922115238110e-01
0.000000000000000000e+00,0.000000000000000000e+00,0.000000000000000000e+00,1.000000000000000000e+00
9.996953354328935726e-01,-1.879619416942318599e-02,-1.599810608977672230e-02,4.982073939802919016e-01
1.826403199176787617e-02,9.992955611281210127e-01,-3.278424385337318225e-02,-7.496076117587558568e-05
1.660305541513635783e-02,3.248206573448030043e-02,9.993344054702124613e-01,9.276003090338331702e-01
0.000000000000000000e+00,0.000000000000000000e+00,0.000000000000000000e+00,1.000000000000000000e+00
9.997035137867212873e-01,-1.851505858964578796e-02,-1.581382711126128743e-02,4.983634511060155425e-01
1.797306686810360224e-02,9.992685553093313411e-01,-3.375386255462382162e-02,7.973477440356528667e-05
1.642721491420731650e-02,3.345963202762013838e-02,9.993050583454177183e-01,9.275960964612492976e-01
0.000000000000000000e+00,0.000000000000000000e+00,0.000000000000000000e+00,1.000000000000000000e+00
9.997326535217182508e-01,-1.731058071517874511e-02,-1.532857715925737760e-02,4.984875277359831491e-01
1.678634660504212464e-02,9.992912760344961898e-01,-3.369219804351877151e-02,1.211124975041928328e-04
1.590094494297165581e-02,3.342587974386884014e-02,9.993147004388902577e-01,9.276006685045750100e-01
0.000000000000000000e+00,0.000000000000000000e+00,0.000000000000000000e+00,1.000000000000000000e+00
9.997635447943838960e-01,-1.580653858029062303e-02,-1.493344696571106099e-02,4.985978417609510660e-01
1.530742066798269907e-02,9.993392506157271482e-01,-3.296581640564125865e-02,8.530199798386988927e-05
1.544465514866994078e-02,3.272942891201761212e-02,9.993449089830956922e-01,9.275789219202497105e-01
0.000000000000000000e+00,0.000000000000000000e+00,0.000000000000000000e+00,1.000000000000000000e+00
9.997874362199640208e-01,-1.459446908454226956e-02,-1.456309887529498755e-02,4.987055807335930568e-01
1.412843255170899946e-02,9.994005240159202774e-01,-3.160664471809034037e-02,1.124772832235016590e-05
1.501565084646975211e-02,3.139417253001133834e-02,9.993942846348545794e-01,9.275182715402924272e-01
0.000000000000000000e+00,0.000000000000000000e+00,0.000000000000000000e+00,1.000000000000000000e+00
9.998625022301882437e-01,-9.168391665586122369e-03,-1.381728005988673222e-02,4.989100984861983279e-01
8.748962602599115457e-03,9.995081178334829231e-01,-3.011607607818124477e-02,-3.925461259082414257e-04
1.408659956715085579e-02,2.999104831837142576e-02,9.994509016121801981e-01,9.273006216831392035e-01
0.000000000000000000e+00,0.000000000000000000e+00,0.000000000000000000e+00,1.000000000000000000e+00
9.999032037375892301e-01,-2.845419178815504577e-03,-1.361935185689974563e-02,4.990494529171891069e-01
2.506035647892867601e-03,9.996875094138537587e-01,-2.487173711781243135e-02,-1.286015208306413079e-03
1.368586645546053353e-02,2.483519904536517914e-02,9.995978741212590002e-01,9.270646100284498647e-01
0.000000000000000000e+00,0.000000000000000000e+00,0.000000000000000000e+00,1.000000000000000000e+00
9.999028014764870242e-01,-4.961604867716425289e-03,-1.302958466757365812e-02,4.989775320130938607e-01
4.617337223095189895e-03,9.996428931140458607e-01,-2.632045675037613525e-02,-1.045842726336069801e-03
1.315552341950093108e-02,2.625773645455475869e-02,9.995686387036369913e-01,9.270216358941735235e-01
0.000000000000000000e+00,0.000000000000000000e+00,0.000000000000000000e+00,1.000000000000000000e+00
9.999021212646547196e-01,-5.160034721226709406e-03,-1.300468885131277584e-02,4.989735852961108553e-01
4.814855237620206327e-03,9.996389212468043128e-01,-2.643566336535156311e-02,-1.024058841686113167e-03
1.313640207532052080e-02,2.637046018182398130e-02,9.995659226735944536e-01,9.270209270032829796e-01
0.000000000000000000e+00,0.000000000000000000e+00,0.000000000000000000e+00,1.000000000000000000e+00
9.999171376944545608e-01,-7.812776162308042449e-03,-1.023124007962157231e-02,4.988148633482408223e-01
7.517346427924497324e-03,9.995626078035865225e-01,-2.860214298922509474e-02,-6.832882006152026129e-04
1.045022715598825647e-02,2.852286117364768309e-02,9.995385130863427836e-01,9.266185638955636295e-01
0.000000000000000000e+00,0.000000000000000000e+00,0.000000000000000000e+00,1.000000000000000000e+00
9.999210255273219827e-01,-7.726421893609458809e-03,-9.911867286765903978e-03,4.988397882641802394e-01
7.459929471796008203e-03,9.996170665200612149e-01,-2.664713444450121996e-02,-7.920315849941242207e-04
1.011395870390703958e-02,2.657108817021701028e-02,9.995957608517486159e-01,9.264437287518441089e-01
0.000000000000000000e+00,0.000000000000000000e+00,0.000000000000000000e+00,1.000000000000000000e+00
9.999625772862059669e-01,-5.399609296561191062e-03,-6.759308143076892678e-03,4.987046883928085150e-01
5.255696296426860294e-03,9.997629057493182536e-01,-2.113078190979791188e-02,-1.395844072335916154e-03
6.871803516421335495e-03,2.109446626782027906e-02,9.997538706148165755e-01,9.255644043913664465e-01
0.000000000000000000e+00,0.000000000000000000e+00,0.000000000000000000e+00,1.000000000000000000e+00
9.999727030799636651e-01,-6.071854376826118713e-03,-4.210187570336619729e-03,4.984953744135298681e-01
5.987479114893494436e-03,9.997865905933545072e-01,-1.977178200276479350e-02,-1.523240562713843761e-03
4.329340457796507398e-03,1.974603388386531391e-02,9.997956546000075218e-01,9.251026897488991985e-01
0.000000000000000000e+00,0.000000000000000000e+00,0.000000000000000000e+00,1.000000000000000000e+00
9.999636910545438573e-01,-7.462939978544576129e-03,-4.113526400729100238e-03,4.984430599824754560e-01
7.388335323224211500e-03,9.998131516716299849e-01,-1.786264945616651209e-02,-1.585665781286765960e-03
4.246065675946569806e-03,1.783160876979218365e-02,9.998319882134981684e-01,9.249175092199029002e-01
0.000000000000000000e+00,0.000000000000000000e+00,0.000000000000000000e+00,1.000000000000000000e+00
9.999502368760562199e-01,-9.420138746528881890e-03,-3.284015455976120948e-03,4.983188355996935326e-01
9.362957424034458465e-03,9.998114289994808335e-01,-1.701297946544762241e-02,-1.513156625326171579e-03
3.443660812952230137e-03,1.698138474954765526e-02,9.998498756174314384e-01,9.247249978735958553e-01
0.000000000000000000e+00,0.000000000000000000e+00,0.000000000000000000e+00,1.000000000000000000e+00
9.999403723924833454e-01,-1.047939085302153003e-02,-3.071486111188467729e-03,4.982497988125080268e-01
1.042348296597383692e-02,9.997892633714346999e-01,-1.768558311342692188e-02,-1.402912147760313399e-03
3.256172974469908731e-03,1.765251298125813592e-02,9.998388800816893074e-01,9.245450859115452724e-01
0.000000000000000000e+00,0.000000000000000000e+00,0.000000000000000000e+00,1.000000000000000000e+00
9.999256455247734765e-01,-1.201681717699363237e-02,-2.073530033494829384e-03,4.981116403584667229e-01
1.198196696516986258e-02,9.997990381318188069e-01,-1.607220639288175351e-02,-1.606786638336738307e-03
2.266250098879736465e-03,1.604616638404705864e-02,9.998686837054477916e-01,9.241437512364860662e-01
0.000000000000000000e+00,0.000000000000000000e+00,0.000000000000000000e+00,1.000000000000000000e+00
9.999056672386958944e-01,-1.365754540149119109e-02,-1.458793180877960075e-03,4.980446650942208509e-01
1.363295922095936544e-02,9.997836485133144713e-01,-1.570982457842676205e-02,-1.626313156132830296e-03
1.673035211233836212e-03,1.568845495934795276e-02,9.998755289205605301e-01,9.240464527567219255e-01
0.000000000000000000e+00,0.000000000000000000e+00,0.000000000000000000e+00,1.000000000000000000e+00
9.998964670115105813e-01,-1.431867756090757227e-02,-1.425037124355552640e-03,4.979876113423707951e-01
1.429578947107228507e-02,9.997860386760581974e-01,-1.495015959226297757e-02,-1.767498482200781850e-03
1.638798736211482523e-03,1.492823972684374952e-02,9.998872246395390517e-01,9.240652322498077442e-01
0.000000000000000000e+00,0.000000000000000000e+00,0.000000000000000000e+00,1.000000000000000000e+00
9.999608320284901763e-01,-8.354062093706848477e-03,-2.923021625646547630e-03,4.979718327382544607e-01
8.313385100447148388e-03,9.998721109931915096e-01,-1.366196494617142460e-02,-2.684606628071257300e-03
3.036780706796326969e-03,1.363712963028670955e-02,9.999023985661728009e-01,9.241538417484012058e-01
0.000000000000000000e+00,0.000000000000000000e+00,0.000000000000000000e+00,1.000000000000000000e+00
9.999758732933208272e-01,-6.103811686092247037e-03,-3.316069082707521435e-03,4.979728331500602456e-01
6.059848128587158773e-03,9.998956997388160906e-01,-1.310983922410806531e-02,-3.076651640304814937e-03
3.395743205694992401e-03,1.308942805183738352e-02,9.999085637203818377e-01,9.241859336549405057e-01
0.000000000000000000e+00,0.000000000000000000e+00,0.000000000000000000e+00,1.000000000000000000e+00
9.999457755083339672e-01,-1.017111210953229247e-02,-2.234842610078016656e-03,4.977353862101430715e-01
1.013602059834023753e-02,9.998332624178750683e-01,-1.518908981007296120e-02,-3.087619204657448754e-03
2.388959913124788850e-03,1.516561377866934048e-02,9.998821415693199821e-01,9.241943083475753218e-01
0.000000000000000000e+00,0.000000000000000000e+00,0.000000000000000000e+00,1.000000000000000000e+00
9.999434798498699761e-01,-1.054789327621248433e-02,-1.333811518335728790e-03,4.975001894921476930e-01
1.053143166106722088e-02,9.998749286960582072e-01,-1.179897928724928796e-02,-3.621755643769698080e-03
1.458099071080065038e-03,1.178426546231449434e-02,9.999295000321836158e-01,9.240321667466688815e-01
0.000000000000000000e+00,0.000000000000000000e+00,0.000000000000000000e+00,1.000000000000000000e+00
9.999638566674586837e-01,-8.355643704928609680e-03,-1.571170588589299033e-03,4.973978361559190375e-01
8.335903947156097019e-03,9.998911175939687590e-01,-1.217643880894709457e-02,-3.982968583273975918e-03
1.672741500037754851e-03,1.216290158475897762e-02,9.999246300401413157e-01,9.239563807908452997e-01
0.000000000000000000e+00,0.000000000000000000e+00,0.000000000000000000e+00,1.000000000000000000e+00
9.999632697434597262e-01,-8.469410369600678321e-03,-1.314629970837020469e-03,4.972701942019816523e-01
8.454172308398144944e-03,9.999016115724085330e-01,-1.119348674364666237e-02,-4.264164122032570656e-03
1.409302859159953982e-03,1.118196149571174837e-02,9.999364867843155702e-01,9.239053336178232323e-01
0.000000000000000000e+00,0.000000000000000000e+00,0.000000000000000000e+00,1.000000000000000000e+00
9.999607498899197866e-01,-8.757368347178950269e-03,-1.344313661746191239e-03,4.971774464639907021e-01
8.742206672332015344e-03,9.999024008481758319e-01,-1.089782549650052286e-02,-4.405525061112195578e-03
1.439618729929152642e-03,1.088564548778672529e-02,9.999397132928699028e-01,9.238849296741878936e-01
0.000000000000000000e+00,0.000000000000000000e+00,0.000000000000000000e+00,1.000000000000000000e+00
9.999527015466448399e-01,-9.591555799458540907e-03,-1.611436288637065799e-03,4.970817236558738861e-01
9.571880080046639080e-03,9.998845198804049428e-01,-1.180364415192179141e-02,-4.339582830276095086e-03
1.724465511301844509e-03,1.178766138289798378e-02,9.999290361109743897e-01,9.238743647625141664e-01
0.000000000000000000e+00,0.000000000000000000e+00,0.000000000000000000e+00,1.000000000000000000e+00
9.999614364379164622e-01,-8.490971432558298143e-03,-2.242552374030579599e-03,4.969854541707121598e-01
8.468670436848055316e-03,9.999163768780915396e-01,-9.773477990073506719e-03,-4.588155028027392050e-03
2.325351167210471404e-03,9.754109652955226736e-03,9.999497237795644811e-01,9.237685435888149943e-01
0.000000000000000000e+00,0.000000000000000000e+00,0.000000000000000000e+00,1.000000000000000000e+00
9.999635936482808019e-01,-8.275192343784416524e-03,-2.081482570029239906e-03,4.968886734459980192e-01
8.256498869766986867e-03,9.999268874604650970e-01,-8.834588843854150608e-03,-4.680460054661095964e-03
2.154438309513692293e-03,8.817081450218519634e-03,9.999588078867402974e-01,9.236254633837224226e-01
0.000000000000000000e+00,0.000000000000000000e+00,0.000000000000000000e+00,1.000000000000000000e+00
9.999648795054776329e-01,-8.093750956905529023e-03,-2.175074951170280057e-03,4.967962802574461545e-01
8.078001178052665945e-03,9.999417756630281096e-01,-7.154801243760868824e-03,-4.818638071270749806e-03
2.232857488286542260e-03,7.136979705585072033e-03,9.999720385431379865e-01,9.234729540107852186e-01
0.000000000000000000e+00,0.000000000000000000e+00,0.000000000000000000e+00,1.000000000000000000e+00
9.999609125762026762e-01,-8.515143705771234181e-03,-2.380262052362769679e-03,4.967107471224195825e-01
8.500606663516313902e-03,9.999455541224984145e-01,-6.052146478870980631e-03,-4.818342839436853126e-03
2.431667353902608811e-03,6.031676244593447631e-03,9.999788527141763028e-01,9.233264487440828727e-01
0.000000000000000000e+00,0.000000000000000000e+00,0.000000000000000000e+00,1.000000000000000000e+00
9.999451896615290103e-01,-1.026351289395374157e-02,-2.068326822442122324e-03,4.964694918261227663e-01
1.024805907935457706e-02,9.999204841789525178e-01,-7.348646435591849393e-03,-4.497955093916244235e-03
2.143585285181445668e-03,7.327047318321610117e-03,9.999708592852695199e-01,9.230964160639747451e-01
0.000000000000000000e+00,0.000000000000000000e+00,0.000000000000000000e+00,1.000000000000000000e+00
9.999465920920410644e-01,-1.021924232514951660e-02,-1.542741006460302813e-03,4.963587836941686371e-01
1.020835728767979962e-02,9.999240459455672747e-01,-6.905923640915418403e-03,-4.487926903165254111e-03
1.613197136191415809e-03,6.889805958584931632e-03,9.999749637710200201e-01,9.229636212496993286e-01
0.000000000000000000e+00,0.000000000000000000e+00,0.000000000000000000e+00,1.000000000000000000e+00
9.999433956189713868e-01,-1.056392669216023317e-02,-1.268467912044054331e-03,4.962520864288965106e-01
1.055566420322141125e-02,9.999241073701174987e-01,-6.352751632362692823e-03,-4.482490206050461848e-03
1.335481647216068624e-03,6.339002517456616449e-03,9.999790165477742132e-01,9.228702017873053887e-01
0.000000000000000000e+00,0.000000000000000000e+00,0.000000000000000000e+00,1.000000000000000000e+00
9.999387947032147839e-01,-1.099759745034019874e-02,-1.208179540539161805e-03,4.961335765824457789e-01
1.098996163474127812e-02,9.999206670341670433e-01,-6.154703990718018991e-03,-4.462858136960684216e-03
1.275770648988871180e-03,6.141049443435237301e-03,9.999803297670332158e-01,9.228244358691120031e-01
0.000000000000000000e+00,0.000000000000000000e+00,0.000000000000000000e+00,1.000000000000000000e+00
9.999398894749921274e-01,-1.089955236386238105e-02,-1.190459998487424301e-03,4.960813926098434634e-01
1.089202231222856018e-02,9.999217150022214895e-01,-6.158548283967596633e-03,-4.462670252609353752e-03
1.257492222835567084e-03,6.145211573531620015e-03,9.999803273505064594e-01,9.228136061192226958e-01
0.000000000000000000e+00,0.000000000000000000e+00,0.000000000000000000e+00,1.000000000000000000e+00
9.999421897964101413e-01,-1.067982175421773768e-02,-1.248387943791662118e-03,4.960232981521824347e-01
1.067175541669340873e-02,9.999232169416416571e-01,-6.298718711376022350e-03,-4.465992613372581251e-03
1.315561281864771788e-03,6.285032090363669097e-03,9.999793836225508992e-01,9.227982137950661023e-01
0.000000000000000000e+00,0.000000000000000000e+00,0.000000000000000000e+00,1.000000000000000000e+00
9.999462209082546904e-01,-1.020101753241744839e-02,-1.869366899073622969e-03,4.958708894740541107e-01
1.018657014520283656e-02,9.999193735274146677e-01,-7.581571949104247074e-03,-4.436957303267709610e-03
1.946555926990679733e-03,7.562121782006287624e-03,9.999695121523342056e-01,9.228302154922334299e-01
0.000000000000000000e+00,0.000000000000000000e+00,0.000000000000000000e+00,1.000000000000000000e+00
9.999446489040574315e-01,-1.026715797023548989e-02,-2.298824777060168908e-03,4.955693083644256980e-01
1.024839584550942158e-02,9.999152425346501394e-01,-8.029827486665365791e-03,-4.394282855130134460e-03
2.381073441778113701e-03,8.005823760618971038e-03,9.999651180292135066e-01,9.229491502839765049e-01
0.000000000000000000e+00,0.000000000000000000e+00,0.000000000000000000e+00,1.000000000000000000e+00
9.999428629496114329e-01,-1.043991111033326473e-02,-2.297627503126078996e-03,4.955344744465736140e-01
1.042365714560163602e-02,9.999213380945338736e-01,-6.976030027734639490e-03,-4.420780892129464075e-03
2.370275900761197214e-03,6.951681756614540471e-03,9.999730275926991263e-01,9.229737416441556874e-01
0.000000000000000000e+00,0.000000000000000000e+00,0.000000000000000000e+00,1.000000000000000000e+00
9.999423096963546698e-01,-1.028856764494435506e-02,-3.085879928800348837e-03,4.956005285726308718e-01
1.026296808245194016e-02,9.999137129486337372e-01,-8.199886792863000928e-03,-4.204471716938679854e-03
3.169978747269679674e-03,8.167743451688507655e-03,9.999616188642688197e-01,9.231612324475483300e-01
0.000000000000000000e+00,0.000000000000000000e+00,0.000000000000000000e+00,1.000000000000000000e+00
9.999214182584248434e-01,-1.205186543819199325e-02,-3.451064693680921513e-03,4.955477251957959295e-01
1.202346643111762946e-02,9.998946247537503496e-01,-8.134841334437785051e-03,-3.930493921885689496e-03
3.548741050012688223e-03,8.092708323942198259e-03,9.999609564922740113e-01,9.233011410030496080e-01
0.000000000000000000e+00,0.000000000000000000e+00,0.000000000000000000e+00,1.000000000000000000e+00
9.999212858265927872e-01,-1.194813651593128710e-02,-3.829384374819806182e-03,4.954520012827938746e-01
1.191923645485409682e-02,9.999009639497717927e-01,-7.482920195390976512e-03,-3.805637759777033991e-03
3.918412079748868557e-03,7.436687845673122660e-03,9.999646702362335882e-01,9.233950566305498819e-01
0.000000000000000000e+00,0.000000000000000000e+00,0.000000000000000000e+00,1.000000000000000000e+00
9.999432427298842185e-01,-9.702832957455958043e-03,-4.400721695771245105e-03,4.954569246955123352e-01
9.668757963368248068e-03,9.999236147925530949e-01,-7.699331116393884344e-03,-3.773579229453233319e-03
4.475090869438110193e-03,7.656344610437444340e-03,9.999606762012777095e-01,9.234896200131678112e-01
0.000000000000000000e+00,0.000000000000000000e+00,0.000000000000000000e+00,1.000000000000000000e+00
9.999432427298842185e-01,-9.702832957455958043e-03,-4.400721695771245105e-03,4.954569246955123352e-01
9.668757963368248068e-03,9.999236147925530949e-01,-7.699331116393884344e-03,-3.773579229453233319e-03
4.475090869438110193e-03,7.656344610437444340e-03,9.999606762012777095e-01,9.234896200131678112e-01
0.000000000000000000e+00,0.000000000000000000e+00,0.000000000000000000e+00,1.000000000000000000e+00
9.999454606235017584e-01,-9.556937589808066694e-03,-4.211973689073686064e-03,4.954400992768191458e-01
9.510511199946189084e-03,9.998952772450498960e-01,-1.090801172352859859e-02,-3.415180786614790097e-03
4.315779786855846595e-03,1.086735878442654686e-02,9.999316349420503958e-01,9.236269757834977279e-01
0.000000000000000000e+00,0.000000000000000000e+00,0.000000000000000000e+00,1.000000000000000000e+00
9.999407429805017289e-01,-1.004640699099073643e-02,-4.192878983888566682e-03,4.954716529748324216e-01
9.992909024497472967e-03,9.998707972377142150e-01,-1.259089355231749439e-02,-2.929362517335139596e-03
4.318830493348741265e-03,1.254824839525603940e-02,9.999119407054706254e-01,9.238147141369837945e-01
0.000000000000000000e+00,0.000000000000000000e+00,0.000000000000000000e+00,1.000000000000000000e+00
9.999492011209651920e-01,-8.619510724000481461e-03,-5.224864823354189586e-03,4.955465735092171586e-01
8.551916189236157678e-03,9.998811947443546622e-01,-1.282423978621113729e-02,-2.802751182127146724e-03
5.334782754317538706e-03,1.277890572313611188e-02,9.999041152337975191e-01,9.239595740733018703e-01
0.000000000000000000e+00,0.000000000000000000e+00,0.000000000000000000e+00,1.000000000000000000e+00
9.999312775512282370e-01,-1.007563500914938036e-02,-5.993475947306735503e-03,4.955152347605462637e-01
9.995582408250389475e-03,9.998623873004546248e-01,-1.323989403868401117e-02,-2.190350966996205094e-03
6.126051508795559049e-03,1.317907587800102275e-02,9.998943861488139850e-01,9.241973210335977518e-01
0.000000000000000000e+00,0.000000000000000000e+00,0.000000000000000000e+00,1.000000000000000000e+00
9.999207550217187324e-01,-1.097691814296806144e-02,-6.163679491881063691e-03,4.954801308274097149e-01
1.089011974265992853e-02,9.998434797714443878e-01,-1.394350208949943562e-02,-1.866957533736808257e-03
6.315771432420990913e-03,1.387527392925722719e-02,9.998837871495874774e-01,9.242744780300177210e-01
0.000000000000000000e+00,0.000000000000000000e+00,0.000000000000000000e+00,1.000000000000000000e+00
9.999305259164519288e-01,-9.536648804505146529e-03,-6.927890734374190715e-03,4.955505966910077609e-01
9.442592418409287772e-03,9.998644917949804922e-01,-1.348463926047822024e-02,-1.720189836540504192e-03
7.055550217218826969e-03,1.341828517899965219e-02,9.998850778134392714e-01,9.243947344463090410e-01
0.000000000000000000e+00,0.000000000000000000e+00,0.000000000000000000e+00,1.000000000000000000e+00
9.999250615724869506e-01,-9.696073189900315456e-03,-7.473781101579340079e-03,4.955584263440134807e-01
9.570903424076042040e-03,9.998163105928032923e-01,-1.660550752739305830e-02,-1.204469970914818925e-03
7.633416463500315892e-03,1.653273229963499874e-02,9.998341861107787887e-01,9.246204217375343370e-01
0.000000000000000000e+00,0.000000000000000000e+00,0.000000000000000000e+00,1.000000000000000000e+00
9.999142109337568751e-01,-1.076611946047335150e-02,-7.460659788864955691e-03,4.954759282881475158e-01
1.064068374842073658e-02,9.998046996752343318e-01,-1.665347881616616524e-02,-1.071164942526802149e-03
7.638496061952531474e-03,1.657266360840095251e-02,9.998334862360003239e-01,9.247253941745738892e-01
0.000000000000000000e+00,0.000000000000000000e+00,0.000000000000000000e+00,1.000000000000000000e+00
9.999195452141188545e-01,-9.699043152635306378e-03,-8.175063346129225750e-03,4.954153590563243892e-01
9.567968293595035048e-03,9.998274421741470963e-01,-1.592293497554517906e-02,-1.024376230031073635e-03
8.328089908416425741e-03,1.584343515232722321e-02,9.998398014087314101e-01,9.249025105541963665e-01
0.000000000000000000e+00,0.000000000000000000e+00,0.000000000000000000e+00,1.000000000000000000e+00
9.999290352772517432e-01,-8.271437720471466748e-03,-8.573664767233889206e-03,4.953138743034086744e-01
8.115600864235281153e-03,9.998040691124603363e-01,-1.805437367451334998e-02,-7.664923246878687334e-04
8.721320548917433496e-03,1.798351200969651800e-02,9.998002459810059195e-01,9.250781045409658399e-01
0.000000000000000000e+00,0.000000000000000000e+00,0.000000000000000000e+00,1.000000000000000000e+00
9.999240114829504034e-01,-8.465895492009876608e-03,-8.961019660890112357e-03,4.952729355349021478e-01
8.301096454596973775e-03,9.997986147163046011e-01,-1.827079114350662822e-02,-6.634131166470638198e-04
9.113893651780771363e-03,1.819501648464572421e-02,9.997929177172778514e-01,9.251118230162617140e-01
0.000000000000000000e+00,0.000000000000000000e+00,0.000000000000000000e+00,1.000000000000000000e+00
9.999222359491054535e-01,-8.532041975886426113e-03,-9.095400720322837848e-03,4.951736239745534451e-01
8.366945957002909842e-03,9.998022987273871287e-01,-1.803767376313108323e-02,-5.343807655159330764e-04
9.247500737719885691e-03,1.796017035426632213e-02,9.997959371846595333e-01,9.251245605013876938e-01
0.000000000000000000e+00,0.000000000000000000e+00,0.000000000000000000e+00,1.000000000000000000e+00
9.999281030247461066e-01,-7.965280224460594138e-03,-8.963430831917187577e-03,4.950419850911034758e-01
7.781632583564207506e-03,9.997628330155516885e-01,-2.034020440045780989e-02,-2.283888445526165850e-04
9.123320429928924793e-03,2.026899187586319803e-02,9.997529359760185530e-01,9.251052811264821596e-01
0.000000000000000000e+00,0.000000000000000000e+00,0.000000000000000000e+00,1.000000000000000000e+00
9.999295943658430552e-01,-7.505326775875272548e-03,-9.191103380332755687e-03,4.950069491998644322e-01
7.309581588890783251e-03,9.997496182101429651e-01,-2.114878024068476275e-02,-1.422812450891271230e-04
9.347530602035138483e-03,2.108010812734979755e-02,9.997340910026942806e-01,9.250859515812210887e-01
0.000000000000000000e+00,0.000000000000000000e+00,0.000000000000000000e+00,1.000000000000000000e+00
9.999316064230479029e-01,-7.107562744623080637e-03,-9.287896858490173393e-03,4.949715773248536954e-01
6.911428830422005308e-03,9.997559786823315697e-01,-2.098130692915153167e-02,-1.495047328328169556e-04
9.434756369123534561e-03,2.091567930439976186e-02,9.997367252089375267e-01,9.250755289408748583e-01
0.000000000000000000e+00,0.000000000000000000e+00,0.000000000000000000e+00,1.000000000000000000e+00
9.999450491988532974e-01,-4.156369648256340137e-03,-9.624093414444154573e-03,4.946175336683950041e-01
3.930973191481276947e-03,9.997202846145514243e-01,-2.332166331907491522e-02,3.706215352425367218e-05
9.718334861011394474e-03,2.328254972178696661e-02,9.996816877616503394e-01,9.247902353166691514e-01
0.000000000000000000e+00,0.000000000000000000e+00,0.000000000000000000e+00,1.000000000000000000e+00
9.999423500393110897e-01,-5.793379462369806915e-03,-9.040649991282659684e-03,4.944012072740977537e-01
5.573628108356524016e-03,9.996929107222124467e-01,-2.414578475552789719e-02,3.337887221971369556e-04
9.177759398111584241e-03,2.409400353107670964e-02,9.996675686078222434e-01,9.245422166490904203e-01
0.000000000000000000e+00,0.000000000000000000e+00,0.000000000000000000e+00,1.000000000000000000e+00
9.999437864877869231e-01,-5.781075457023425283e-03,-8.888364924284929136e-03,4.943150657696634420e-01
5.569982325932194660e-03,9.997061187681214323e-01,-2.359346084124849807e-02,3.927031970692193390e-04
9.022148378067178925e-03,2.354262653441464848e-02,9.996821222641251170e-01,9.243648503456631804e-01
0.000000000000000000e+00,0.000000000000000000e+00,0.000000000000000000e+00,1.000000000000000000e+00
9.999450091555125431e-01,-6.408350326753731868e-03,-8.301307792837534297e-03,4.940797853565587205e-01
6.206557927052080634e-03,9.996900370363515087e-01,-2.411033987641457779e-02,5.533801772089085892e-04
8.453242199297073337e-03,2.405749148077735919e-02,9.996748370345091006e-01,9.239688843669283669e-01
0.000000000000000000e+00,0.000000000000000000e+00,0.000000000000000000e+00,1.000000000000000000e+00
9.999465230022646089e-01,-6.750390421514772081e-03,-7.834753655257544261e-03,4.938504470033191485e-01
6.544307499119879183e-03,9.996395379248217417e-01,-2.603778517473929327e-02,5.511507655855166742e-04
8.007694739337477621e-03,2.598511971506060891e-02,9.996302568341735029e-01,9.235846284176629784e-01
0.000000000000000000e+00,0.000000000000000000e+00,0.000000000000000000e+00,1.000000000000000000e+00
9.999475952211552832e-01,-6.736895969683715825e-03,-7.708504661882827763e-03,4.937881702325048194e-01
6.537852650144049087e-03,9.996518734979533694e-01,-2.556146112327968914e-02,4.352812262594478454e-04
7.878026031539525978e-03,2.550972451293023399e-02,9.996435317957700351e-01,9.234571344591377962e-01
0.000000000000000000e+00,0.000000000000000000e+00,0.000000000000000000e+00,1.000000000000000000e+00
9.999511097971442997e-01,-7.127639484114437624e-03,-6.853814328103367999e-03,4.936521797829586666e-01
6.947001723667729431e-03,9.996370770903364456e-01,-2.602793255985024964e-02,3.478510199445006279e-04
7.036844641668575477e-03,2.597904658899645100e-02,9.996377203546371604e-01,9.232195459432950280e-01
0.000000000000000000e+00,0.000000000000000000e+00,0.000000000000000000e+00,1.000000000000000000e+00
9.999491338871588919e-01,-7.666391975482174902e-03,-6.554088220257442941e-03,4.936251681307966543e-01
7.492123527595518327e-03,9.996283133492678274e-01,-2.621265411104196572e-02,3.163497004928430417e-04
6.752608634291235208e-03,2.616221673666315958e-02,9.996349036983731562e-01,9.231622374672184828e-01
0.000000000000000000e+00,0.000000000000000000e+00,0.000000000000000000e+00,1.000000000000000000e+00
9.999481711973298159e-01,-7.229350930178418504e-03,-7.168779829491767064e-03,4.936312187123523820e-01
7.053407602849336676e-03,9.996805134577541052e-01,-2.427180368306169206e-02,2.468168119688484569e-05
7.341958887345170423e-03,2.421998137838566462e-02,9.996796927725035697e-01,9.231293717980459945e-01
0.000000000000000000e+00,0.000000000000000000e+00,0.000000000000000000e+00,1.000000000000000000e+00
9.999468108057576465e-01,-7.012005512871670454e-03,-7.563553270905937209e-03,4.936573177635387721e-01
6.826801397784229564e-03,9.996828492201217387e-01,-2.424037453948730061e-02,-3.337123516306429033e-05
7.731128123992377435e-03,2.418745033745537884e-02,9.996775464639102715e-01,9.231804839409851748e-01
0.000000000000000000e+00,0.000000000000000000e+00,0.000000000000000000e+00,1.000000000000000000e+00
9.999295916084860458e-01,-8.820116785530688480e-03,-7.938347786279439239e-03,4.935012889958799165e-01
8.630357830303934941e-03,9.996835429820331020e-01,-2.362902483409824034e-02,1.201640703291681316e-04
8.144246398976359713e-03,2.355885037048963820e-02,9.996892776357130250e-01,9.233436797647035510e-01
0.000000000000000000e+00,0.000000000000000000e+00,0.000000000000000000e+00,1.000000000000000000e+00
9.999232427239380661e-01,-9.265180245525651490e-03,-8.225879616324564478e-03,4.934230185402896374e-01
9.077305342154095777e-03,9.997035956184672223e-01,-2.259033942271160972e-02,1.929801302506515583e-04
8.432744996123351169e-03,2.251393662880703250e-02,9.997109639637370426e-01,9.233367852297533762e-01
0.000000000000000000e+00,0.000000000000000000e+00,0.000000000000000000e+00,1.000000000000000000e+00
9.999217433762079832e-01,-9.766560523178475020e-03,-7.818018868735574292e-03,4.933561249529141435e-01
9.604035730375935428e-03,9.997424324831720721e-01,-2.056285948791448243e-02,2.174959569991486048e-04
8.016833612747372925e-03,2.048616577539935646e-02,9.997579944119718842e-01,9.232320475783609703e-01
0.000000000000000000e+00,0.000000000000000000e+00,0.000000000000000000e+00,1.000000000000000000e+00
9.999136034163262909e-01,-1.088455197905657985e-02,-7.369683249160719103e-03,4.933207422162881328e-01
1.072982423754994911e-02,9.997277624005382890e-01,-2.071887925163811567e-02,3.666640025445449223e-04
7.593192662446427051e-03,2.063801380530331381e-02,9.997581786669029746e-01,9.231524585079755596e-01
0.000000000000000000e+00,0.000000000000000000e+00,0.000000000000000000e+00,1.000000000000000000e+00
9.999071224749104259e-01,-1.189358440699660006e-02,-6.655003673789087505e-03,4.932624128802371444e-01
1.174850398625953800e-02,9.997013115797710459e-01,-2.143035883438138348e-02,5.649221393584731490e-04
6.907899682924086536e-03,2.135018209850098395e-02,9.997481936199391628e-01,9.230650619603362195e-01
0.000000000000000000e+00,0.000000000000000000e+00,0.000000000000000000e+00,1.000000000000000000e+00
9.999017470074437197e-01,-1.212426438133726650e-02,-7.035520213410186192e-03,4.933180463420879236e-01
1.196975099096090830e-02,9.996949627317872622e-01,-2.160339209255569132e-02,6.609610815795138178e-04
7.295299354807668370e-03,2.151705606958684291e-02,9.997418641356486946e-01,9.229936170619603697e-01
0.000000000000000000e+00,0.000000000000000000e+00,0.000000000000000000e+00,1.000000000000000000e+00
9.998918923961007676e-01,-1.276979457422448318e-02,-7.289435305748229177e-03,4.934200565541449479e-01
1.262023281132640222e-02,9.997161525809939997e-01,-2.020752316447303396e-02,7.991886475229585847e-04
7.545412138014883849e-03,2.011334420694134081e-02,9.997692334436385497e-01,9.227773943385833011e-01
0.000000000000000000e+00,0.000000000000000000e+00,0.000000000000000000e+00,1.000000000000000000e+00
9.998918923961007676e-01,-1.276979457422448318e-02,-7.289435305748229177e-03,4.934200565541449479e-01
1.262023281132640222e-02,9.997161525809939997e-01,-2.020752316447303396e-02,7.991886475229585847e-04
7.545412138014883849e-03,2.011334420694134081e-02,9.997692334436385497e-01,9.227773943385833011e-01
0.000000000000000000e+00,0.000000000000000000e+00,0.000000000000000000e+00,1.000000000000000000e+00
9.998918923961007676e-01,-1.276979457422448318e-02,-7.289435305748229177e-03,4.934200565541449479e-01
1.262023281132640222e-02,9.997161525809939997e-01,-2.020752316447303396e-02,7.991886475229585847e-04
7.545412138014883849e-03,2.011334420694134081e-02,9.997692334436385497e-01,9.227773943385833011e-01
0.000000000000000000e+00,0.000000000000000000e+00,0.000000000000000000e+00,1.000000000000000000e+00
9.998918923961007676e-01,-1.276979457422448318e-02,-7.289435305748229177e-03,4.934200565541449479e-01
1.262023281132640222e-02,9.997161525809939997e-01,-2.020752316447303396e-02,7.991886475229585847e-04
7.545412138014883849e-03,2.011334420694134081e-02,9.997692334436385497e-01,9.227773943385833011e-01
0.000000000000000000e+00,0.000000000000000000e+00,0.000000000000000000e+00,1.000000000000000000e+00
9.998902663826951809e-01,-1.285249170260009330e-02,-7.366725879084022773e-03,4.934340761284851662e-01
1.270150731558589152e-02,9.997155113607634203e-01,-2.018831485289158609e-02,8.385005872742791726e-04
7.624100278399320064e-03,2.009253099343038737e-02,9.997690549788100789e-01,9.227494128096931369e-01
0.000000000000000000e+00,0.000000000000000000e+00,0.000000000000000000e+00,1.000000000000000000e+00
9.998612587264492646e-01,-1.537647242809468857e-02,-6.405262963267766875e-03,4.934413747166981890e-01
1.522853318298259505e-02,9.996299936791929186e-01,-2.253813466175820512e-02,1.940256937491974254e-03
6.749449981692135815e-03,2.243746493266992464e-02,9.997254648613987937e-01,9.221700443868452446e-01
0.000000000000000000e+00,0.000000000000000000e+00,0.000000000000000000e+00,1.000000000000000000e+00
9.998731116804078223e-01,-1.470799352281513400e-02,-6.118452833158763253e-03,4.934075398682319369e-01
1.456108425781602392e-02,9.996201423193608049e-01,-2.339969860185650910e-02,2.239428805292148841e-03
6.460291307328390985e-03,2.330763814619086008e-02,9.997074665322204234e-01,9.219418872139151233e-01
0.000000000000000000e+00,0.000000000000000000e+00,0.000000000000000000e+00,1.000000000000000000e+00
9.998720616191854038e-01,-1.480117241736563991e-02,-6.065120647714642571e-03,4.933928199870384890e-01
1.465178874864656033e-02,9.996051723663620381e-01,-2.397549717692681187e-02,2.338433957811924830e-03
6.417591437989332570e-03,2.388356492417340049e-02,9.996941481506470550e-01,9.219084756664079894e-01
0.000000000000000000e+00,0.000000000000000000e+00,0.000000000000000000e+00,1.000000000000000000e+00
9.998624546065019159e-01,-1.539396402324855022e-02,-6.172336665477441003e-03,4.933661968448769253e-01
1.523870366769361669e-02,9.995847064708970331e-01,-2.445805593294372512e-02,2.526048789059675594e-03
6.546279767111159650e-03,2.436063343063377476e-02,9.996818022551321459e-01,9.218427634665938841e-01
0.000000000000000000e+00,0.000000000000000000e+00,0.000000000000000000e+00,1.000000000000000000e+00
9.998414670395401327e-01,-1.647448036827938930e-02,-6.755167267762164293e-03,4.932614498122133151e-01
1.630993207231120137e-02,9.995853416521621737e-01,-2.373037863007888479e-02,2.854764188213164324e-03
7.143311838136616812e-03,2.361644026362752155e-02,9.996955720844510340e-01,9.216827982892592530e-01
0.000000000000000000e+00,0.000000000000000000e+00,0.000000000000000000e+00,1.000000000000000000e+00
9.998468611702978626e-01,-1.565204790837535290e-02,-7.827362530059167600e-03,4.931511020218611319e-01
1.545645668903432128e-02,9.995814715415141105e-01,-2.445362340270268789e-02,2.933860022179728480e-03
8.206835841117924440e-03,2.432889531349759563e-02,9.996703220053607675e-01,9.216602316724451516e-01
0.000000000000000000e+00,0.000000000000000000e+00,0.000000000000000000e+00,1.000000000000000000e+00
9.998477024667894453e-01,-1.539756167019442137e-02,-8.215045130421955166e-03,4.931098971709986789e-01
1.519097438320174756e-02,9.995808785074378200e-01,-2.464349040999986792e-02,2.890381257434986115e-03
8.591051691802246287e-03,2.451494272706764357e-02,9.996625487702924806e-01,9.216272462022746526e-01
0.000000000000000000e+00,0.000000000000000000e+00,0.000000000000000000e+00,1.000000000000000000e+00
9.998470313043853475e-01,-1.553784551214041319e-02,-8.030526050530418028e-03,4.930399494462298637e-01
1.533053371158450869e-02,9.995632942370644702e-01,-2.526253253467608886e-02,2.898252117338974941e-03
8.419544401293966099e-03,2.513555590768692602e-02,9.996485958081900991e-01,9.215458303338522894e-01
0.000000000000000000e+00,0.000000000000000000e+00,0.000000000000000000e+00,1.000000000000000000e+00
9.998759387482051286e-01,-1.323536285326880682e-02,-8.540039961141871958e-03,4.929889941359781869e-01
1.302999800835520292e-02,9.996348911003675175e-01,-2.367073396958439477e-02,2.552670965851984702e-03
8.850212669639487620e-03,2.355652064501227369e-02,9.996833318960576253e-01,9.213531051487581225e-01
0.000000000000000000e+00,0.000000000000000000e+00,0.000000000000000000e+00,1.000000000000000000e+00
9.998744880315870720e-01,-1.344567499026402824e-02,-8.379857255817173972e-03,4.929229752259770003e-01
1.323139369824289160e-02,9.995968198352769285e-01,-2.512226096518782245e-02,2.599584009896939440e-03
8.714264419546931262e-03,2.500823063027630619e-02,9.996492634901348318e-01,9.212779712287710865e-01
0.000000000000000000e+00,0.000000000000000000e+00,0.000000000000000000e+00,1.000000000000000000e+00
9.998767644582127190e-01,-1.337528334069531741e-02,-8.219348644016879341e-03,4.928863425846557456e-01
1.316583451667863863e-02,9.996000265519191519e-01,-2.502893762991046170e-02,2.582965044695732793e-03
8.550830255315396144e-03,2.491763859113926491e-02,9.996529370681537241e-01,9.212328810134460255e-01
0.000000000000000000e+00,0.000000000000000000e+00,0.000000000000000000e+00,1.000000000000000000e+00
9.998886732593157411e-01,-1.247579121250505518e-02,-8.185091407395388499e-03,4.927603069606654174e-01
1.228185199452643331e-02,9.996523417548052182e-01,-2.333134663320167446e-02,2.528964376536373126e-03
8.473322802182341532e-03,2.322822114919792513e-02,9.996942795389668346e-01,9.209662320677169944e-01
0.000000000000000000e+00,0.000000000000000000e+00,0.000000000000000000e+00,1.000000000000000000e+00
9.998716485210269456e-01,-1.379434902532392267e-02,-8.148767932113935852e-03,4.926404974809737713e-01
1.359479643934371172e-02,9.996181618704036431e-01,-2.405643299843689825e-02,2.810240815338219122e-03
8.477499254892981173e-03,2.394256447841418972e-02,9.996773907679318283e-01,9.207973100555191248e-01
0.000000000000000000e+00,0.000000000000000000e+00,0.000000000000000000e+00,1.000000000000000000e+00
9.998809406344253414e-01,-1.331636739532393240e-02,-7.796083337773917869e-03,4.924870446254595580e-01
1.313715343840508518e-02,9.996581687923935533e-01,-2.260444129312286915e-02,2.892019673838217009e-03
8.094427438217220716e-03,2.249933167965641190e-02,9.997140892867402151e-01,9.204996217588224949e-01
0.000000000000000000e+00,0.000000000000000000e+00,0.000000000000000000e+00,1.000000000000000000e+00
9.998863473975425631e-01,-1.305068446171740032e-02,-7.547974766890317572e-03,4.924258053883731612e-01
1.288304240204101933e-02,9.996782953734811850e-01,-2.184795133732447825e-02,2.930072963413083396e-03
7.830677267525339852e-03,2.174822738182524001e-02,9.997328118548877152e-01,9.203465439730191822e-01
0.000000000000000000e+00,0.000000000000000000e+00,0.000000000000000000e+00,1.000000000000000000e+00
9.998886486534362961e-01,-1.333123508949931452e-02,-6.705853039969723178e-03,4.922630357896368714e-01
1.317021129256574358e-02,9.996368654333579462e-01,-2.350920673012720646e-02,3.282432896568165687e-03
7.016824674619052959e-03,2.341827144686786655e-02,9.997011297052367240e-01,9.200593030755079837e-01
0.000000000000000000e+00,0.000000000000000000e+00,0.000000000000000000e+00,1.000000000000000000e+00
9.998733909046703117e-01,-1.433016017455519993e-02,-6.917273318863774619e-03,4.922020677885023399e-01
1.417523945301400572e-02,9.996586064741638245e-01,-2.194841881736860068e-02,3.379851347597650005e-03
7.229436163767388214e-03,2.184758594226137579e-02,9.997351740542339549e-01,9.199127194853868872e-01
0.000000000000000000e+00,0.000000000000000000e+00,0.000000000000000000e+00,1.000000000000000000e+00
9.998700106277313981e-01,-1.459919020636604899e-02,-6.842915505741128425e-03,4.921453917548441748e-01
1.445430254442186570e-02,9.996798923729161013e-01,-2.076501681264239160e-02,3.420119240108487890e-03
7.143877466382405651e-03,2.066340801013586900e-02,9.997609657233833547e-01,9.198409300476299011e-01
0.000000000000000000e+00,0.000000000000000000e+00,0.000000000000000000e+00,1.000000000000000000e+00
9.998685865506675707e-01,-1.471248773316991346e-02,-6.808254833028895558e-03,4.920943443752185398e-01
1.456490664367358912e-02,9.996682847646367609e-01,-2.124109060736341370e-02,3.529822877862113465e-03
7.118505716174530068e-03,2.113913764632971426e-02,9.997512009174773784e-01,9.197892207050410995e-01
0.000000000000000000e+00,0.000000000000000000e+00,0.000000000000000000e+00,1.000000000000000000e+00
9.998742643540512454e-01,-1.418975229566815134e-02,-7.078588293758430149e-03,4.920492338884039918e-01
1.405613667348828109e-02,9.997285389987369264e-01,-1.858153204844180048e-02,3.396028567013726490e-03
7.340334070134085613e-03,1.847969808299454800e-02,9.998022905827432805e-01,9.196590429246860321e-01
0.000000000000000000e+00,0.000000000000000000e+00,0.000000000000000000e+00,1.000000000000000000e+00
9.998754185107425752e-01,-1.416867030644287408e-02,-6.956740595627509439e-03,4.920571526516474559e-01
1.403317049434261131e-02,9.997180470549412723e-01,-1.915454302590179070e-02,3.446845203180835468e-03
7.226173527133139020e-03,1.905453159754222359e-02,9.997923320578899764e-01,9.196378736320084402e-01
0.000000000000000000e+00,0.000000000000000000e+00,0.000000000000000000e+00,1.000000000000000000e+00
9.998769621214311787e-01,-1.404855538613220337e-02,-6.978446129399172061e-03,4.920584791743928266e-01
1.391738444094611782e-02,9.997319489914063828e-01,-1.850233974844847293e-02,3.416802163964416730e-03
7.236506694604883348e-03,1.840294154223398246e-02,9.998044632394137432e-01,9.195851180547206516e-01
0.000000000000000000e+00,0.000000000000000000e+00,0.000000000000000000e+00,1.000000000000000000e+00
9.998635621840460397e-01,-1.495906976153963883e-02,-7.005943797933669379e-03,4.920335951830861476e-01
1.483886694195530806e-02,9.997469661492097703e-01,-1.690596650090946812e-02,3.404337532844129832e-03
7.257068589269414713e-03,1.679969961994313976e-02,9.998325385024086076e-01,9.195578722650007419e-01
0.000000000000000000e+00,0.000000000000000000e+00,0.000000000000000000e+00,1.000000000000000000e+00
9.998635674472999835e-01,-1.521427036739594722e-02,-6.432143402199315928e-03,4.919774868421276648e-01
1.513209588972351007e-02,9.998056459576628585e-01,-1.263685028655706262e-02,3.161264004658655841e-03
6.623153745980189626e-03,1.253779439807584627e-02,9.998994637192725188e-01,9.194085055050552624e-01
0.000000000000000000e+00,0.000000000000000000e+00,0.000000000000000000e+00,1.000000000000000000e+00
9.998770698955219416e-01,-1.466695555431798796e-02,-5.543059797003142657e-03,4.919701166889897670e-01
1.461583724576250888e-02,9.998512916792932081e-01,-9.152695168867146583e-03,2.925053949977749618e-03
5.676477671133149140e-03,9.070553567257255353e-03,9.999427496908173119e-01,9.191994854070004717e-01
0.000000000000000000e+00,0.000000000000000000e+00,0.000000000000000000e+00,1.000000000000000000e+00
9.998855070384979893e-01,-1.396920397278489032e-02,-5.816713396098373116e-03,4.920545098364961789e-01
1.391772447059109324e-02,9.998644312074255192e-01,-8.798644884982014316e-03,2.852889745595638561e-03
5.938834896368926607e-03,8.716682087700636586e-03,9.999443732995628720e-01,9.191613973634952250e-01
0.000000000000000000e+00,0.000000000000000000e+00,0.000000000000000000e+00,1.000000000000000000e+00
9.998947276673957330e-01,-1.336502751090682360e-02,-5.648860290127652277e-03,4.921633670400281657e-01
1.331804934789448079e-02,9.998770796202534061e-01,-8.273766472442933839e-03,2.735244829897843545e-03
5.758745046598672847e-03,8.197663673643672960e-03,9.999498163236903991e-01,9.190251840104979308e-01
0.000000000000000000e+00,0.000000000000000000e+00,0.000000000000000000e+00,1.000000000000000000e+00
9.999942673076235300e-01,-2.470033807945104000e-03,2.316092588129233746e-03,4.926728444171285526e-01
2.473958353572012873e-03,9.999955063981371683e-01,-1.693137205884948787e-03,1.608629700809092056e-03
-2.311900074391239675e-03,1.698857416256244982e-03,9.999958844922939294e-01,9.171715059550475946e-01
0.000000000000000000e+00,0.000000000000000000e+00,0.000000000000000000e+00,1.000000000000000000e+00
9.999683457695922595e-01,-4.707931510044622257e-03,6.414268447914200401e-03,4.926841332156408626e-01
4.735968204691422788e-03,9.999792679288320718e-01,-4.362833675641547906e-03,1.710383285428899915e-03
-6.393595544709611798e-03,4.393073344924825624e-03,9.999699109686234211e-01,9.155538642147473816e-01
0.000000000000000000e+00,0.000000000000000000e+00,0.000000000000000000e+00,1.000000000000000000e+00
