1. Time,2. q_1,3. q_2,4. q_3,5. q_4,6. q_5,7. q_6,8. q_7,9. O_T_EE_11,10. O_T_EE_21,11. O_T_EE_31,12. O_T_EE_41,13. O_T_EE_12,14. O_T_EE_22,15. O_T_EE_32,16. O_T_EE_42,17. O_T_EE_13,18. O_T_EE_23,19. O_T_EE_33,20. O_T_EE_43,21. O_T_EE_14,22. O_T_EE_24,23. O_T_EE_34,24. O_T_EE_44,25. q_1_d,26. q_2_d,27. q_3_d,28. q_4_d,29. q_5_d,30. q_6_d,31. q_7_d,32. dq_1,33. dq_2,34. dq_3,35. dq_4,36. dq_5,37. dq_6,38. dq_7,39. dq_1_d,40. dq_2_d,41. dq_3_d,42. dq_4_d,43. dq_5_d,44. dq_6_d,45. dq_7_d,46. tau_J_1,47. tau_J_2,48. tau_J_3,49. tau_J_4,50. tau_J_5,51. tau_J_6,52. tau_J_7,53. joint_contact_1,54. joint_contact_2,55. joint_contact_3,56. joint_contact_4,57. joint_contact_5,58. joint_contact_6,59. joint_contact_7,60. joint_collision_1,61. joint_collision_2,62. joint_collision_3,63. joint_collision_4,64. joint_collision_5,65. joint_collision_6,66. joint_collision_7,67. cartesian_contact_x,68. cartesian_contact_y,69. cartesian_contact_z,70. cartesian_contact_R,71. cartesian_contact_P,72. cartesian_contact_Y,73. cartesian_collision_x,74. cartesian_collision_y,75. cartesian_collision_z,76. cartesian_collision_R,77. cartesian_collision_P,78. cartesian_collision_Y,79. tau_ext_1,80. tau_ext_2,81. tau_ext_3,82. tau_ext_4,83. tau_ext_5,84. tau_ext_6,85. tau_ext_7,86. O_F_ext_x,87. O_F_ext_y,88. O_F_ext_z,89. O_F_ext_R,90. O_F_ext_P,91. O_F_ext_Y,92. Gripper Width,93. Object Grasped
683.847,0.275417,0.0694578,-0.140783,-1.75514,0.0852768,1.70846,0.967221,0.990087,-0.0602251,-0.126815,0,-0.0671004,-0.99645,-0.0506559,0,-0.123317,0.0586642,-0.990632,0,0.552359,0.0926182,0.407679,1,0.27543,0.069416,-0.140781,-1.75511,0.0852851,1.70846,0.967222,0.000684419,0.00204481,0.000628607,-8.76752e-05,0.000251277,-7.55225e-05,-0.000929851,0,0,0,0,0,0,0,0.0811829,-32.5217,-0.0616905,23.4562,0.889061,2.33293,-0.0700806,0,0,0,0,0,0,0,0,0,0,0,0,0,0,0,0,0,0,0,0,0,0,0,0,0,0,0.0984356,-0.638424,0.1649,1.02243,0.0585017,0.282993,-0.0980002,1.81686,0.339259,1.78117,0.0359264,-0.0156069,0.132098,0.0798868,0
683.881,0.275417,0.069455,-0.140783,-1.75515,0.0852768,1.70846,0.967217,0.990087,-0.0602208,-0.126816,0,-0.0670962,-0.99645,-0.0506566,0,-0.123318,0.0586644,-0.990632,0,0.552358,0.092618,0.407679,1,0.27543,0.069416,-0.140781,-1.75511,0.0852851,1.70846,0.967222,0.000265153,7.76973e-06,0.000213552,-0.00133839,5.62153e-06,-0.000463171,-0.0017562,0,0,0,0,0,0,0,0.0811829,-32.482,-0.0616905,23.4959,0.889061,2.343,-0.0600098,0,0,0,0,0,0,0,0,0,0,0,0,0,0,0,0,0,0,0,0,0,0,0,0,0,0,0.0934525,-0.656875,0.158871,1.0239,0.0595831,0.285263,-0.0961931,1.76406,0.326063,1.78194,0.0449052,-0.0510731,0.126609,0.0798868,0
683.915,0.275415,0.0694497,-0.140783,-1.75514,0.0852768,1.70846,0.967219,0.990088,-0.0602252,-0.126807,0,-0.0671004,-0.99645,-0.0506591,0,-0.123308,0.0586668,-0.990633,0,0.552359,0.0926166,0.407684,1,0.27543,0.069416,-0.140781,-1.75511,0.0852851,1.70846,0.967222,-0.000906816,-0.000938294,0.000917124,-0.000559467,0.00011554,8.01301e-05,-0.00223721,0,0,0,0,0,0,0,0.116888,-32.4067,-0.0616905,23.4562,0.889061,2.32286,-0.049939,0,0,0,0,0,0,0,0,0,0,0,0,0,0,0,0,0,0,0,0,0,0,0,0,0,0,0.10449,-0.648593,0.169373,1.02137,0.0611622,0.285467,-0.101028,1.77786,0.338901,1.77295,0.0393024,-0.0382529,0.137365,0.0798868,0
683.949,0.275417,0.0694497,-0.140786,-1.75514,0.0852757,1.70846,0.96722,0.990088,-0.0602265,-0.126805,0,-0.0671015,-0.99645,-0.0506579,0,-0.123307,0.0586657,-0.990633,0,0.552359,0.0926163,0.407684,1,0.27543,0.069416,-0.140781,-1.75511,0.0852851,1.70846,0.967222,0.000765486,-0.000939109,-0.000227025,-0.000165277,-0.00429044,-0.000274503,-0.00187253,0,0,0,0,0,0,0,0.0811829,-32.4067,-0.0220177,23.4562,0.898217,2.32286,-0.0600098,0,0,0,0,0,0,0,0,0,0,0,0,0,0,0,0,0,0,0,0,0,0,0,0,0,0,0.10909,-0.643767,0.176749,1.02104,0.0621137,0.282728,-0.0944904,1.78875,0.361805,1.77925,0.0249622,-0.0314923,0.143528,0.0798868,0
683.983,0.275412,0.0694525,-0.140786,-1.75514,0.0852768,1.70846,0.967229,0.990087,-0.0602406,-0.126804,0,-0.0671156,-0.996449,-0.0506577,0,-0.123305,0.0586673,-0.990633,0,0.552361,0.0926138,0.407684,1,0.27543,0.069416,-0.140781,-1.75511,0.0852851,1.70846,0.967222,-0.00020863,0.000316519,-0.000401522,0.0023314,0.000151029,-0.00011291,0.00182253,0,0,0,0,0,0,0,0.116888,-32.4463,-0.0220177,23.3808,0.889061,2.32286,-0.139661,0,0,0,0,0,0,0,0,0,0,0,0,0,0,0,0,0,0,0,0,0,0,0,0,0,0,0.10144,-0.584269,0.173087,0.977488,0.0594032,0.275804,-0.0966282,1.81317,0.350524,1.68507,0.0221934,0.0366255,0.137477,0.0798868,0
684.017,0.275415,0.0694525,-0.140786,-1.75514,0.0852779,1.70846,0.967223,0.990087,-0.0602327,-0.12681,0,-0.0671081,-0.996449,-0.0506582,0,-0.123311,0.0586671,-0.990632,0,0.552359,0.0926153,0.407682,1,0.27543,0.069416,-0.140781,-1.75511,0.0852851,1.70846,0.967222,-0.000111637,0.000298585,-0.000788462,-0.000628411,0.000446907,5.27581e-06,-0.000595915,0,0,0,0,0,0,0,0.116888,-32.4463,-0.0220177,23.4562,0.879906,2.32286,-0.0902222,0,0,0,0,0,0,0,0,0,0,0,0,0,0,0,0,0,0,0,0,0,0,0,0,0,0,0.10476,-0.631062,0.174007,1.01392,0.0596307,0.281184,-0.0917486,1.80161,0.361476,1.76524,0.0208332,-0.0151982,0.139997,0.0798868,0
684.051,0.275415,0.0694525,-0.140783,-1.75514,0.0852779,1.70846,0.967226,0.990087,-0.0602321,-0.126806,0,-0.0671073,-0.996449,-0.0506589,0,-0.123307,0.0586675,-0.990633,0,0.55236,0.092617,0.407683,1,0.27543,0.069416,-0.140781,-1.75511,0.0852851,1.70846,0.967222,-0.000396423,0.000411072,0.00109386,0.000489552,0.000146117,0.000376402,0.00141661,0,0,0,0,0,0,0,0.116888,-32.4463,-0.0616905,23.4205,0.879906,2.31279,-0.139661,0,0,0,0,0,0,0,0,0,0,0,0,0,0,0,0,0,0,0,0,0,0,0,0,0,0,0.115508,-0.63851,0.178354,1.02371,0.0585472,0.282811,-0.0941179,1.81235,0.372398,1.78478,0.0150869,-0.0199865,0.147752,0.0798868,0
684.085,0.275415,0.0694497,-0.140783,-1.75514,0.0852768,1.70846,0.967226,0.990087,-0.0602319,-0.126806,0,-0.067107,-0.996449,-0.0506584,0,-0.123307,0.058667,-0.990633,0,0.552359,0.0926167,0.407684,1,0.27543,0.069416,-0.140781,-1.75511,0.0852851,1.70846,0.967222,2.36994e-05,-0.000899162,0.000617943,-0.000501774,1.61196e-05,0.000662481,0.000762504,0,0,0,0,0,0,0,0.116888,-32.4067,-0.0616905,23.4562,0.889061,2.31279,-0.110364,0,0,0,0,0,0,0,0,0,0,0,0,0,0,0,0,0,0,0,0,0,0,0,0,0,0,0.105546,-0.641131,0.178526,1.01901,0.0601915,0.282425,-0.0972795,1.79059,0.35508,1.77447,0.0276607,-0.0279864,0.142548,0.0798868,0
684.119,0.275415,0.0694525,-0.140791,-1.75514,0.0852758,1.70846,0.967228,0.990087,-0.0602415,-0.126803,0,-0.0671163,-0.996449,-0.0506568,0,-0.123303,0.0586663,-0.990633,0,0.552361,0.0926125,0.407685,1,0.27543,0.069416,-0.140781,-1.75511,0.0852851,1.70846,0.967222,-0.00126749,7.40311e-05,-0.00205176,0.00120195,-9.01123e-06,0.000423401,0.00165919,0,0,0,0,0,0,0,0.116888,-32.4463,0.0493934,23.3808,0.898217,2.31279,-0.12959,0,0,0,0,0,0,0,0,0,0,0,0,0,0,0,0,0,0,0,0,0,0,0,0,0,0,0.0989083,-0.64328,0.16381,1.01994,0.0609499,0.28356,-0.0960929,1.79101,0.339061,1.77474,0.037581,-0.0288295,0.131788,0.0798868,0
684.153,0.275417,0.069455,-0.140788,-1.75514,0.0852768,1.70846,0.96723,0.990087,-0.0602391,-0.126806,0,-0.0671141,-0.996449,-0.0506568,0,-0.123306,0.0586662,-0.990633,0,0.552361,0.0926155,0.407683,1,0.27543,0.069416,-0.140781,-1.75511,0.0852851,1.70846,0.967222,0.000137477,0.00134986,-0.000885718,0.00149203,6.83671e-05,0.00028512,0.00222469,0,0,0,0,0,0,0,0.0811829,-32.482,0.0136879,23.3808,0.889061,2.31279,-0.149731,0,0,0,0,0,0,0,0,0,0,0,0,0,0,0,0,0,0,0,0,0,0,0,0,0,0,0.101988,-0.629299,0.169791,1.01715,0.0604758,0.283213,-0.0960161,1.82241,0.351211,1.76694,0.0292026,-0.00505187,0.136314,0.0798868,0
684.187,0.275422,0.0694497,-0.140781,-1.75514,0.0852768,1.70846,0.967224,0.990089,-0.0602206,-0.126802,0,-0.0670956,-0.99645,-0.0506596,0,-0.123303,0.0586664,-0.990633,0,0.552359,0.0926224,0.407686,1,0.27543,0.069416,-0.140781,-1.75511,0.0852851,1.70846,0.967222,0.00175785,-0.000593828,0.00107546,0.00126891,4.17966e-05,0.000135462,0.00028843,0,0,0,0,0,0,0,0.00977179,-32.4067,-0.0973961,23.3808,0.889061,2.32286,-0.100293,0,0,0,0,0,0,0,0,0,0,0,0,0,0,0,0,0,0,0,0,0,0,0,0,0,0,0.0993735,-0.631398,0.171459,1.01028,0.0605459,0.283778,-0.0970215,1.78867,0.344087,1.74933,0.0329097,-0.0180749,0.135779,0.0798868,0
684.221,0.275415,0.0694525,-0.140786,-1.75514,0.0852758,1.70846,0.967228,0.990087,-0.0602366,-0.126807,0,-0.0671116,-0.996449,-0.0506564,0,-0.123308,0.0586656,-0.990633,0,0.55236,0.0926151,0.407683,1,0.27543,0.069416,-0.140781,-1.75511,0.0852851,1.70846,0.967222,1.84347e-06,0.000620214,-0.00136481,0.000426467,-0.000230221,-9.19627e-05,0.00142693,0,0,0,0,0,0,0,0.116888,-32.4463,-0.0220177,23.4205,0.898217,2.32286,-0.12959,0,0,0,0,0,0,0,0,0,0,0,0,0,0,0,0,0,0,0,0,0,0,0,0,0,0,0.10058,-0.629697,0.163396,1.00883,0.061213,0.284659,-0.0956224,1.78832,0.341155,1.74379,0.034302,-0.016353,0.132396,0.0798868,0
684.255,0.275415,0.0694578,-0.140786,-1.75514,0.0852768,1.70846,0.967227,0.990087,-0.0602359,-0.126811,0,-0.067111,-0.996449,-0.0506559,0,-0.123312,0.0586653,-0.990632,0,0.552361,0.0926154,0.40768,1,0.27543,0.069416,-0.140781,-1.75511,0.0852851,1.70846,0.967222,-0.000576404,0.00217107,-0.000777749,0.000304932,8.64025e-05,-2.72643e-05,0.000848142,0,0,0,0,0,0,0,0.116888,-32.5217,-0.0220177,23.4205,0.889061,2.32286,-0.120435,0,0,0,0,0,0,0,0,0,0,0,0,0,0,0,0,0,0,0,0,0,0,0,0,0,0,0.0943101,-0.640322,0.164781,1.01994,0.061448,0.28377,-0.0959471,1.80154,0.337357,1.77387,0.0392262,-0.0219131,0.129855,0.0798868,0
684.289,0.275418,0.0694497,-0.140783,-1.75514,0.0852768,1.70846,0.967226,0.990088,-0.0602289,-0.126804,0,-0.067104,-0.996449,-0.0506587,0,-0.123306,0.0586668,-0.990633,0,0.552359,0.0926183,0.407685,1,0.27543,0.069416,-0.140781,-1.75511,0.0852851,1.70846,0.967222,0.000766079,-0.000524711,0.000431626,0.000250245,-1.98726e-05,0.000238973,-0.000417122,0,0,0,0,0,0,0,0.0454774,-32.4067,-0.0616905,23.4205,0.889061,2.32286,-0.110364,0,0,0,0,0,0,0,0,0,0,0,0,0,0,0,0,0,0,0,0,0,0,0,0,0,0,0.0941179,-0.63278,0.163795,1.01494,0.059858,0.282597,-0.0965955,1.80654,0.335601,1.76391,0.0379876,-0.0129323,0.129266,0.0798861,0
684.323,0.275415,0.069455,-0.140786,-1.75514,0.0852768,1.70846,0.96722,0.990087,-0.0602292,-0.12681,0,-0.0671044,-0.996449,-0.0506573,0,-0.123311,0.0586657,-0.990632,0,0.55236,0.0926153,0.407682,1,0.27543,0.069416,-0.140781,-1.75511,0.0852851,1.70846,0.967222,-0.000634402,0.000868559,0.000302195,0.000584491,0.000257742,-0.000301445,-0.000647404,0,0,0,0,0,0,0,0.116888,-32.482,-0.0220177,23.4205,0.889061,2.33293,-0.0700806,0,0,0,0,0,0,0,0,0,0,0,0,0,0,0,0,0,0,0,0,0,0,0,0,0,0,0.104213,-0.641611,0.176309,1.02153,0.0593075,0.284763,-0.0983391,1.7981,0.351377,1.7746,0.0295087,-0.0258144,0.140767,0.0798861,0
684.357,0.275417,0.0694525,-0.140788,-1.75514,0.0852779,1.70846,0.967228,0.990087,-0.0602368,-0.126807,0,-0.067112,-0.996449,-0.0506581,0,-0.123308,0.0586674,-0.990633,0,0.55236,0.0926155,0.407683,1,0.27543,0.069416,-0.140781,-1.75511,0.0852851,1.70846,0.967222,0.000662606,4.63382e-05,-0.00136218,-0.000174093,0.000373044,-1.93481e-05,0.0017951,0,0,0,0,0,0,0,0.0811829,-32.4463,0.0136879,23.4205,0.879906,2.32286,-0.12959,0,0,0,0,0,0,0,0,0,0,0,0,0,0,0,0,0,0,0,0,0,0,0,0,0,0,0.10173,-0.635076,0.177705,1.02014,0.0593296,0.2848,-0.102189,1.81565,0.345953,1.76965,0.0335523,-0.0125279,0.140037,0.0798861,0
684.391,0.275417,0.0694497,-0.140783,-1.75514,0.0852758,1.70846,0.967224,0.990088,-0.0602281,-0.126807,0,-0.0671031,-0.99645,-0.0506574,0,-0.123308,0.0586655,-0.990633,0,0.552359,0.0926178,0.407684,1,0.27543,0.069416,-0.140781,-1.75511,0.0852851,1.70846,0.967222,0.000737628,-0.00054928,0.000167416,-0.00129909,-0.000300645,1.18433e-05,6.86732e-05,0,0,0,0,0,0,0,0.0811829,-32.4067,-0.0616905,23.4562,0.898217,2.32286,-0.100293,0,0,0,0,0,0,0,0,0,0,0,0,0,0,0,0,0,0,0,0,0,0,0,0,0,0,0.131495,-0.640208,0.200443,1.02042,0.0617644,0.281332,-0.0978441,1.78921,0.396377,1.77931,0.00454233,-0.0301483,0.166871,0.0798861,0
684.425,0.275415,0.0694497,-0.140783,-1.75514,0.0852768,1.70846,0.967223,0.990088,-0.0602295,-0.126804,0,-0.0671046,-0.996449,-0.050659,0,-0.123305,0.0586671,-0.990633,0,0.55236,0.0926167,0.407685,1,0.27543,0.069416,-0.140781,-1.75511,0.0852851,1.70846,0.967222,-0.000280464,-0.000312823,-2.88492e-05,-7.38086e-05,9.56136e-05,6.46678e-05,-0.000292548,0,0,0,0,0,0,0,0.116888,-32.4067,-0.0616905,23.4205,0.889061,2.32286,-0.0902222,0,0,0,0,0,0,0,0,0,0,0,0,0,0,0,0,0,0,0,0,0,0,0,0,0,0,0.0871547,-0.632639,0.15151,1.01194,0.0593263,0.282298,-0.0948429,1.7986,0.320806,1.75824,0.0452933,-0.0147841,0.119594,0.0798861,0
684.459,0.275415,0.0694472,-0.140783,-1.75514,0.0852768,1.70846,0.967229,0.990088,-0.0602349,-0.126798,0,-0.0671098,-0.996449,-0.0506599,0,-0.123299,0.0586683,-0.990634,0,0.55236,0.0926168,0.407687,1,0.27543,0.069416,-0.140781,-1.75511,0.0852851,1.70846,0.967222,-0.000105115,-0.00179629,0.000395614,0.00151555,-0.00046424,0.000367391,0.00137449,0,0,0,0,0,0,0,0.116888,-32.3709,-0.0616905,23.3808,0.889061,2.31279,-0.139661,0,0,0,0,0,0,0,0,0,0,0,0,0,0,0,0,0,0,0,0,0,0,0,0,0,0,0.107825,-0.64005,0.178225,1.01714,0.057212,0.283602,-0.0967886,1.78346,0.356619,1.76715,0.0231745,-0.0303755,0.143691,0.0798861,0
684.493,0.275415,0.069455,-0.140788,-1.75514,0.0852758,1.70846,0.96723,0.990087,-0.0602414,-0.126807,0,-0.0671163,-0.996449,-0.0506556,0,-0.123307,0.0586654,-0.990633,0,0.552361,0.0926139,0.407683,1,0.27543,0.069416,-0.140781,-1.75511,0.0852851,1.70846,0.967222,-0.000408243,0.000906131,-0.000707302,0.00197398,-0.000260498,-2.8627e-05,0.00244083,0,0,0,0,0,0,0,0.116888,-32.482,0.0136879,23.3808,0.898217,2.32286,-0.149731,0,0,0,0,0,0,0,0,0,0,0,0,0,0,0,0,0,0,0,0,0,0,0,0,0,0,0.101576,-0.64378,0.176626,1.02567,0.0577905,0.282254,-0.103295,1.81251,0.341849,1.79026,0.0359393,-0.0223322,0.139477,0.0798861,0
684.527,0.275415,0.0694525,-0.140783,-1.75514,0.0852768,1.70846,0.967219,0.990088,-0.060225,-0.126808,0,-0.0671002,-0.99645,-0.0506584,0,-0.123309,0.0586663,-0.990633,0,0.55236,0.0926168,0.407683,1,0.27543,0.069416,-0.140781,-1.75511,0.0852851,1.70846,0.967222,-0.000223599,0.000279393,-0.000198393,0.000349657,-1.1596e-05,-0.000367251,-0.0021099,0,0,0,0,0,0,0,0.116888,-32.4463,-0.0616905,23.4205,0.889061,2.33293,-0.049939,0,0,0,0,0,0,0,0,0,0,0,0,0,0,0,0,0,0,0,0,0,0,0,0,0,0,0.0932483,-0.645539,0.169041,1.02195,0.0594505,0.284707,-0.0972354,1.79142,0.336117,1.77682,0.0388827,-0.0308902,0.131493,0.0798861,0
684.561,0.275417,0.0694472,-0.140783,-1.75514,0.0852768,1.70846,0.967229,0.990088,-0.0602323,-0.126801,0,-0.0671073,-0.996449,-0.0506595,0,-0.123301,0.0586677,-0.990634,0,0.55236,0.0926181,0.407687,1,0.27543,0.069416,-0.140781,-1.75511,0.0852851,1.70846,0.967222,0.000376755,-0.00159006,0.000420286,0.00143152,0.000347041,-0.000265667,0.00188306,0,0,0,0,0,0,0,0.0811829,-32.3709,-0.0616905,23.3808,0.889061,2.33293,-0.139661,0,0,0,0,0,0,0,0,0,0,0,0,0,0,0,0,0,0,0,0,0,0,0,0,0,0,0.102033,-0.647868,0.168767,1.02411,0.0608336,0.284282,-0.0983227,1.79156,0.342339,1.78289,0.0368136,-0.0333079,0.135848,0.0798861,0
684.595,0.275415,0.069455,-0.140788,-1.75514,0.0852768,1.70846,0.967221,0.990087,-0.0602328,-0.126809,0,-0.0671079,-0.996449,-0.0506572,0,-0.12331,0.058666,-0.990633,0,0.552361,0.0926139,0.407682,1,0.27543,0.069416,-0.140781,-1.75511,0.0852851,1.70846,0.967222,-0.000495112,0.00105125,-0.00128965,0.00697571,0.000118189,8.32146e-05,-0.00154729,0,0,0,0,0,0,0,0.116888,-32.482,0.0136879,23.4205,0.889061,2.32286,-0.0700806,0,0,0,0,0,0,0,0,0,0,0,0,0,0,0,0,0,0,0,0,0,0,0,0,0,0,0.109176,-0.624768,0.16767,1.00893,0.0621865,0.281441,-0.0971322,1.80504,0.352037,1.75082,0.0290175,-0.00615141,0.138893,0.0798861,0
684.629,0.275417,0.0694525,-0.140783,-1.75514,0.0852768,1.70846,0.967223,0.990087,-0.0602278,-0.126808,0,-0.067103,-0.99645,-0.0506579,0,-0.123309,0.058666,-0.990633,0,0.552359,0.0926178,0.407683,1,0.27543,0.069416,-0.140781,-1.75511,0.0852851,1.70846,0.967222,0.000215224,1.03386e-05,0.000607487,1.67341e-05,6.06496e-05,-1.19234e-05,-0.00038743,0,0,0,0,0,0,0,0.0811829,-32.4463,-0.0616905,23.4205,0.889061,2.33293,-0.0902222,0,0,0,0,0,0,0,0,0,0,0,0,0,0,0,0,0,0,0,0,0,0,0,0,0,0,0.0930326,-0.658923,0.160534,1.03125,0.0604672,0.284158,-0.09944,1.78966,0.32472,1.80181,0.0487364,-0.043711,0.127111,0.0798868,0
684.663,0.275415,0.0694525,-0.140781,-1.75514,0.0852779,1.70846,0.967225,0.990087,-0.0602292,-0.12681,0,-0.0671045,-0.996449,-0.0506585,0,-0.123311,0.0586669,-0.990632,0,0.552359,0.0926183,0.407682,1,0.27543,0.069416,-0.140781,-1.75511,0.0852851,1.70846,0.967222,-0.0007842,-0.000272527,0.000965097,-0.000626716,0.000476182,0.000228835,0.000468259,0,0,0,0,0,0,0,0.116888,-32.4463,-0.0973961,23.4562,0.879906,2.32286,-0.110364,0,0,0,0,0,0,0,0,0,0,0,0,0,0,0,0,0,0,0,0,0,0,0,0,0,0,0.0946323,-0.651907,0.164187,1.02638,0.0603868,0.284395,-0.0974099,1.79014,0.332923,1.78897,0.0423754,-0.0372769,0.12978,0.0798868,0
684.697,0.275415,0.0694525,-0.140786,-1.75514,0.0852758,1.70846,0.967224,0.990087,-0.0602336,-0.126807,0,-0.0671086,-0.996449,-0.0506568,0,-0.123308,0.0586656,-0.990633,0,0.55236,0.0926149,0.407683,1,0.27543,0.069416,-0.140781,-1.75511,0.0852851,1.70846,0.967222,-0.000146509,0.000937548,-0.000624959,0.000155116,-0.000256553,7.89342e-05,-0.000254994,0,0,0,0,0,0,0,0.116888,-32.4463,-0.0220177,23.4205,0.898217,2.32286,-0.100293,0,0,0,0,0,0,0,0,0,0,0,0,0,0,0,0,0,0,0,0,0,0,0,0,0,0,0.105107,-0.628434,0.176182,1.01427,0.0612083,0.282416,-0.0989869,1.81395,0.353179,1.76122,0.0291676,-0.00677806,0.14102,0.0798868,0
684.731,0.275417,0.0694497,-0.140786,-1.75514,0.0852768,1.70846,0.967227,0.990087,-0.0602333,-0.126806,0,-0.0671084,-0.996449,-0.0506582,0,-0.123306,0.0586669,-0.990633,0,0.552359,0.0926164,0.407685,1,0.27543,0.069416,-0.140781,-1.75511,0.0852851,1.70846,0.967222,0.000994658,-0.00068782,-0.000442936,0.00118111,-4.24882e-05,-0.00037345,0.000768614,0,0,0,0,0,0,0,0.0811829,-32.4067,-0.0220177,23.4205,0.889061,2.33293,-0.120435,0,0,0,0,0,0,0,0,0,0,0,0,0,0,0,0,0,0,0,0,0,0,0,0,0,0,0.113284,-0.647673,0.175496,1.02213,0.0616422,0.283396,-0.0953573,1.77934,0.361921,1.78051,0.024625,-0.0387979,0.14509,0.0798868,0
684.765,0.275415,0.0694497,-0.140783,-1.75515,0.0852758,1.70846,0.967223,0.990087,-0.0602294,-0.12681,0,-0.0671046,-0.99645,-0.0506568,0,-0.123312,0.0586653,-0.990632,0,0.552358,0.0926163,0.407682,1,0.27543,0.069416,-0.140781,-1.75511,0.0852851,1.70846,0.967222,-0.000316882,-0.000126671,0.000655292,-0.0016868,-0.000315573,-0.000432697,-0.000444327,0,0,0,0,0,0,0,0.116888,-32.4067,-0.0616905,23.4959,0.898217,2.33293,-0.0902222,0,0,0,0,0,0,0,0,0,0,0,0,0,0,0,0,0,0,0,0,0,0,0,0,0,0,0.103349,-0.624884,0.167312,1.01225,0.0604019,0.282608,-0.099401,1.8191,0.344135,1.75561,0.033255,-0.00109961,0.135691,0.0798868,0
684.799,0.275417,0.0694525,-0.140786,-1.75514,0.0852779,1.70846,0.967227,0.990087,-0.0602334,-0.12681,0,-0.0671087,-0.996449,-0.0506579,0,-0.12331,0.0586669,-0.990632,0,0.552359,0.0926167,0.407682,1,0.27543,0.069416,-0.140781,-1.75511,0.0852851,1.70846,0.967222,0.000347052,-0.000113846,-0.000538556,-0.000221658,0.000323728,-3.72616e-05,0.00130096,0,0,0,0,0,0,0,0.0811829,-32.4463,-0.0220177,23.4562,0.879906,2.32286,-0.120435,0,0,0,0,0,0,0,0,0,0,0,0,0,0,0,0,0,0,0,0,0,0,0,0,0,0,0.108829,-0.644648,0.173081,1.03074,0.0607049,0.28486,-0.0946839,1.82324,0.362797,1.7972,0.02431,-0.0210254,0.141604,0.0798868,0
684.832,0.275415,0.0694525,-0.140788,-1.75514,0.0852758,1.70846,0.967221,0.990087,-0.0602326,-0.12681,0,-0.0671077,-0.996449,-0.0506563,0,-0.123311,0.0586652,-0.990633,0,0.55236,0.0926136,0.407682,1,0.27543,0.069416,-0.140781,-1.75511,0.0852851,1.70846,0.967222,-0.00103808,-0.000644777,-0.000653664,-0.000392463,-0.000116403,-0.000311691,-0.000886745,0,0,0,0,0,0,0,0.116888,-32.4463,0.0136879,23.4562,0.898217,2.33293,-0.0700806,0,0,0,0,0,0,0,0,0,0,0,0,0,0,0,0,0,0,0,0,0,0,0,0,0,0,0.101879,-0.647461,0.17058,1.03316,0.0608899,0.285073,-0.0963193,1.82717,0.35195,1.80268,0.0320334,-0.0214533,0.136721,0.0798868,0
684.866,0.27542,0.0694525,-0.140783,-1.75514,0.0852768,1.70846,0.967222,0.990088,-0.0602236,-0.126807,0,-0.0670987,-0.99645,-0.0506582,0,-0.123308,0.0586658,-0.990633,0,0.552359,0.0926196,0.407683,1,0.27543,0.069416,-0.140781,-1.75511,0.0852851,1.70846,0.967222,0.00153847,-0.000171756,0.000351541,0.000832966,8.24235e-05,4.84885e-05,-0.00106145,0,0,0,0,0,0,0,0.0454774,-32.4463,-0.0616905,23.4205,0.889061,2.32286,-0.0801514,0,0,0,0,0,0,0,0,0,0,0,0,0,0,0,0,0,0,0,0,0,0,0,0,0,0,0.0941066,-0.603107,0.164267,0.986015,0.0591285,0.279228,-0.100816,1.79,0.326353,1.69888,0.0389719,0.0117955,0.129281,0.0798868,0
684.9,0.275412,0.0694525,-0.140786,-1.75514,0.0852758,1.70846,0.967216,0.990087,-0.0602274,-0.126809,0,-0.0671025,-0.99645,-0.0506574,0,-0.12331,0.0586656,-0.990633,0,0.55236,0.0926134,0.407682,1,0.27543,0.069416,-0.140781,-1.75511,0.0852851,1.70846,0.967222,-0.00115382,5.69747e-05,-0.000749019,-0.000196479,-0.000184772,0.000191238,-0.00322281,0,0,0,0,0,0,0,0.156561,-32.4463,-0.0220177,23.4562,0.898217,2.32286,-0.0206421,0,0,0,0,0,0,0,0,0,0,0,0,0,0,0,0,0,0,0,0,0,0,0,0,0,0,0.109183,-0.655853,0.175226,1.03328,0.0613682,0.285691,-0.100769,1.79963,0.351377,1.80148,0.0339636,-0.038871,0.142751,0.0798868,0
684.934,0.27542,0.0694497,-0.140786,-1.75514,0.0852779,1.70846,0.967224,0.990087,-0.0602286,-0.126808,0,-0.0671039,-0.996449,-0.0506589,0,-0.123309,0.0586672,-0.990633,0,0.552359,0.0926181,0.407684,1,0.27543,0.069416,-0.140781,-1.75511,0.0852851,1.70846,0.967222,0.00140207,-0.000822751,-0.000523265,-0.000228223,0.000194526,-0.000445949,-0.000112135,0,0,0,0,0,0,0,0.0454774,-32.4067,-0.0220177,23.4562,0.879906,2.33293,-0.100293,0,0,0,0,0,0,0,0,0,0,0,0,0,0,0,0,0,0,0,0,0,0,0,0,0,0,0.105493,-0.664337,0.171609,1.03767,0.060859,0.285712,-0.0943566,1.78861,0.354366,1.81434,0.030955,-0.051922,0.139236,0.0798868,0
684.968,0.275415,0.0694525,-0.140788,-1.75514,0.0852758,1.70846,0.967227,0.990087,-0.0602383,-0.126808,0,-0.0671133,-0.996449,-0.0506561,0,-0.123309,0.0586656,-0.990633,0,0.55236,0.0926135,0.407683,1,0.27543,0.069416,-0.140781,-1.75511,0.0852851,1.70846,0.967222,-0.000201001,-9.36441e-05,-0.00176529,0.00107584,-0.000317088,-0.000383118,0.0019899,0,0,0,0,0,0,0,0.116888,-32.4463,0.0136879,23.4205,0.898217,2.33293,-0.12959,0,0,0,0,0,0,0,0,0,0,0,0,0,0,0,0,0,0,0,0,0,0,0,0,0,0,0.097802,-0.635504,0.163803,1.01933,0.0604094,0.283896,-0.0946267,1.81246,0.343451,1.7717,0.0338258,-0.0142428,0.131229,0.0798868,0
685.002,0.275415,0.0694497,-0.140783,-1.75514,0.0852779,1.70846,0.967224,0.990087,-0.0602309,-0.126807,0,-0.0671062,-0.996449,-0.0506593,0,-0.123308,0.0586678,-0.990633,0,0.552359,0.0926168,0.407684,1,0.27543,0.069416,-0.140781,-1.75511,0.0852851,1.70846,0.967222,-8.61283e-05,-0.000994242,0.000674313,-0.000687842,0.000203163,0.000122813,0.00086732,0,0,0,0,0,0,0,0.116888,-32.4067,-0.0616905,23.4562,0.879906,2.32286,-0.110364,0,0,0,0,0,0,0,0,0,0,0,0,0,0,0,0,0,0,0,0,0,0,0,0,0,0,0.112739,-0.648973,0.178022,1.02868,0.0609351,0.284165,-0.0933031,1.79913,0.36963,1.7947,0.0199111,-0.0341459,0.146145,0.0798868,0
685.036,0.275412,0.0694525,-0.140783,-1.75514,0.0852789,1.70846,0.967223,0.990087,-0.0602325,-0.126806,0,-0.0671079,-0.996449,-0.0506604,0,-0.123306,0.058669,-0.990633,0,0.55236,0.0926157,0.407684,1,0.27543,0.069416,-0.140781,-1.75511,0.0852851,1.70846,0.967222,-0.00139455,0.000563826,0.000329273,-0.00293849,0.000678803,-0.000323004,-0.000378287,0,0,0,0,0,0,0,0.156561,-32.4463,-0.0616905,23.3808,0.870751,2.33293,-0.0902222,0,0,0,0,0,0,0,0,0,0,0,0,0,0,0,0,0,0,0,0,0,0,0,0,0,0,0.107872,-0.669621,0.172152,1.04152,0.06,0.287059,-0.0947507,1.785,0.355875,1.82073,0.0298361,-0.0588022,0.14079,0.0798868,0
685.07,0.275415,0.0694497,-0.140783,-1.75514,0.0852779,1.70846,0.967225,0.990087,-0.0602322,-0.126807,0,-0.0671075,-0.996449,-0.0506592,0,-0.123308,0.0586678,-0.990633,0,0.552359,0.0926167,0.407684,1,0.27543,0.069416,-0.140781,-1.75511,0.0852851,1.70846,0.967222,2.53975e-05,-0.000925177,0.000526073,-0.000967882,0.000270695,2.88349e-06,0.00103597,0,0,0,0,0,0,0,0.116888,-32.4067,-0.0616905,23.4562,0.879906,2.32286,-0.110364,0,0,0,0,0,0,0,0,0,0,0,0,0,0,0,0,0,0,0,0,0,0,0,0,0,0,0.107771,-0.633395,0.171013,1.01261,0.0595928,0.281657,-0.0938477,1.78922,0.356603,1.76089,0.0238189,-0.0213943,0.140031,0.0798868,0
685.104,0.275415,0.0694606,-0.140788,-1.75515,0.085278,1.70846,0.967217,0.990086,-0.0602296,-0.12682,0,-0.0671052,-0.99645,-0.0506558,0,-0.123321,0.0586649,-0.990631,0,0.55236,0.0926141,0.407676,1,0.27543,0.069416,-0.140781,-1.75511,0.0852851,1.70846,0.967222,-0.000541622,0.00282623,-0.00165491,-0.00130663,0.000318056,0.000283539,-0.00253231,0,0,0,0,0,0,0,0.116888,-32.5614,0.0136879,23.4959,0.879906,2.32286,-0.049939,0,0,0,0,0,0,0,0,0,0,0,0,0,0,0,0,0,0,0,0,0,0,0,0,0,0,0.093099,-0.641137,0.166525,1.0222,0.0601969,0.281979,-0.0951709,1.80874,0.339487,1.78402,0.0371185,-0.0207349,0.13016,0.0798868,0
685.138,0.275414,0.0694497,-0.140786,-1.75515,0.0852768,1.70846,0.96723,0.990086,-0.0602398,-0.126812,0,-0.0671151,-0.996449,-0.0506564,0,-0.123313,0.0586664,-0.990632,0,0.552358,0.0926145,0.407681,1,0.27543,0.069416,-0.140781,-1.75511,0.0852851,1.70846,0.967222,-0.00087282,-0.000740195,-0.000722034,-0.00172374,-5.43637e-05,5.53527e-05,0.00233779,0,0,0,0,0,0,0,0.116888,-32.4067,-0.0220177,23.5316,0.889061,2.32286,-0.149731,0,0,0,0,0,0,0,0,0,0,0,0,0,0,0,0,0,0,0,0,0,0,0,0,0,0,0.101791,-0.640407,0.165364,1.01562,0.0603897,0.284562,-0.0963839,1.78074,0.341304,1.76143,0.0348931,-0.0298127,0.134058,0.0798868,0
685.172,0.275415,0.0694525,-0.140786,-1.75515,0.0852758,1.70846,0.967223,0.990087,-0.0602324,-0.126812,0,-0.0671076,-0.996449,-0.0506559,0,-0.123313,0.0586649,-0.990632,0,0.552359,0.0926149,0.407681,1,0.27543,0.069416,-0.140781,-1.75511,0.0852851,1.70846,0.967222,-0.000108073,0.000435444,-0.000441933,-0.000982927,-0.000494967,0.000108163,0.000468195,0,0,0,0,0,0,0,0.116888,-32.4463,-0.0220177,23.4959,0.898217,2.32286,-0.0902222,0,0,0,0,0,0,0,0,0,0,0,0,0,0,0,0,0,0,0,0,0,0,0,0,0,0,0.100687,-0.649146,0.169966,1.02626,0.0609435,0.286367,-0.0976773,1.79415,0.343841,1.78305,0.0361887,-0.033791,0.135774,0.0798868,0
685.206,0.275417,0.0694525,-0.140781,-1.75515,0.0852768,1.70846,0.96722,0.990087,-0.0602214,-0.126812,0,-0.0670967,-0.99645,-0.0506576,0,-0.123314,0.0586652,-0.990632,0,0.552358,0.0926193,0.407681,1,0.27543,0.069416,-0.140781,-1.75511,0.0852851,1.70846,0.967222,0.000856124,0.000580773,0.00122065,-0.00179303,-9.30655e-05,0.000137792,-0.00162366,0,0,0,0,0,0,0,0.0811829,-32.4463,-0.0973961,23.4959,0.889061,2.32286,-0.0600098,0,0,0,0,0,0,0,0,0,0,0,0,0,0,0,0,0,0,0,0,0,0,0,0,0,0,0.100205,-0.636224,0.176966,1.01473,0.0601987,0.284812,-0.0955329,1.78803,0.351934,1.75812,0.0283787,-0.0238112,0.139029,0.0798868,0
685.24,0.275415,0.0694497,-0.140783,-1.75514,0.0852758,1.70846,0.967231,0.990087,-0.0602371,-0.126805,0,-0.067112,-0.996449,-0.0506571,0,-0.123305,0.0586661,-0.990633,0,0.55236,0.0926165,0.407685,1,0.27543,0.069416,-0.140781,-1.75511,0.0852851,1.70846,0.967222,-0.000781065,-0.000902375,0.000608182,0.000522575,-0.000345306,5.84353e-05,0.00208629,0,0,0,0,0,0,0,0.116888,-32.4067,-0.0616905,23.4205,0.898217,2.32286,-0.159802,0,0,0,0,0,0,0,0,0,0,0,0,0,0,0,0,0,0,0,0,0,0,0,0,0,0,0.0949004,-0.64564,0.167861,1.02219,0.0617122,0.284853,-0.0966931,1.79232,0.338082,1.77702,0.0397168,-0.0302896,0.131692,0.0798868,0
685.274,0.275415,0.0694497,-0.140781,-1.75514,0.0852758,1.70846,0.967218,0.990088,-0.0602214,-0.126804,0,-0.0670963,-0.99645,-0.0506589,0,-0.123305,0.058666,-0.990633,0,0.552359,0.0926179,0.407685,1,0.27543,0.069416,-0.140781,-1.75511,0.0852851,1.70846,0.967222,-5.20746e-05,-0.000836871,0.000447614,0.000590511,-0.000613218,-0.000123889,-0.00238411,0,0,0,0,0,0,0,0.116888,-32.4067,-0.0973961,23.4205,0.898217,2.32286,-0.0398682,0,0,0,0,0,0,0,0,0,0,0,0,0,0,0,0,0,0,0,0,0,0,0,0,0,0,0.0915024,-0.643077,0.165026,1.01885,0.0616307,0.284413,-0.0967513,1.78905,0.332019,1.76996,0.0427867,-0.0284171,0.128517,0.0798868,0
685.308,0.275417,0.069455,-0.140786,-1.75514,0.0852758,1.70846,0.967226,0.990087,-0.0602322,-0.126809,0,-0.0671072,-0.996449,-0.0506558,0,-0.12331,0.0586646,-0.990633,0,0.55236,0.0926165,0.407682,1,0.27543,0.069416,-0.140781,-1.75511,0.0852851,1.70846,0.967222,0.000207935,0.000915561,-0.000598855,0.000366204,-0.000205399,4.26668e-05,0.00210034,0,0,0,0,0,0,0,0.0811829,-32.482,-0.0220177,23.4205,0.898217,2.32286,-0.139661,0,0,0,0,0,0,0,0,0,0,0,0,0,0,0,0,0,0,0,0,0,0,0,0,0,0,0.0909232,-0.645306,0.161323,1.02094,0.060801,0.283596,-0.0965755,1.79152,0.328741,1.77741,0.0442011,-0.0298334,0.126401,0.0798868,0
685.342,0.275415,0.0694497,-0.140786,-1.75514,0.0852758,1.70846,0.96723,0.990087,-0.0602387,-0.126809,0,-0.0671138,-0.996449,-0.0506561,0,-0.12331,0.0586657,-0.990633,0,0.552359,0.0926149,0.407683,1,0.27543,0.069416,-0.140781,-1.75511,0.0852851,1.70846,0.967222,-0.000175658,-0.00128657,-0.000589564,-0.000152817,-0.000439271,-0.000648172,0.0026311,0,0,0,0,0,0,0,0.116888,-32.4067,-0.0220177,23.4562,0.898217,2.343,-0.149731,0,0,0,0,0,0,0,0,0,0,0,0,0,0,0,0,0,0,0,0,0,0,0,0,0,0,0.105626,-0.651162,0.173374,1.0168,0.0606044,0.282821,-0.100115,1.75194,0.34091,1.76914,0.0369109,-0.0500259,0.139989,0.0798868,0
685.376,0.275415,0.0694497,-0.140783,-1.75514,0.0852758,1.70846,0.967221,0.990088,-0.0602272,-0.126806,0,-0.0671023,-0.99645,-0.0506578,0,-0.123308,0.0586658,-0.990633,0,0.552359,0.0926164,0.407684,1,0.27543,0.069416,-0.140781,-1.75511,0.0852851,1.70846,0.967222,-0.000492099,-9.45249e-05,2.65298e-05,0.000355915,-0.000648017,-2.62312e-05,-0.00137895,0,0,0,0,0,0,0,0.116888,-32.4067,-0.0616905,23.4562,0.898217,2.32286,-0.0700806,0,0,0,0,0,0,0,0,0,0,0,0,0,0,0,0,0,0,0,0,0,0,0,0,0,0,0.0976068,-0.590745,0.155198,0.977188,0.0563903,0.279055,-0.0976451,1.79231,0.327646,1.67747,0.0325923,0.0236665,0.126702,0.0798868,0
685.41,0.27541,0.0694525,-0.140783,-1.75514,0.0852768,1.70846,0.967228,0.990087,-0.0602392,-0.126804,0,-0.0671142,-0.996449,-0.0506581,0,-0.123305,0.0586674,-0.990633,0,0.552361,0.092614,0.407684,1,0.27543,0.069416,-0.140781,-1.75511,0.0852851,1.70846,0.967222,-0.00147206,0.000372708,0.000269178,0.00105641,9.22083e-05,-8.63627e-05,0.00094767,0,0,0,0,0,0,0,0.192267,-32.4463,-0.0616905,23.3808,0.889061,2.32286,-0.12959,0,0,0,0,0,0,0,0,0,0,0,0,0,0,0,0,0,0,0,0,0,0,0,0,0,0,0.110552,-0.647492,0.165626,1.02503,0.0576133,0.283341,-0.0973096,1.79363,0.349094,1.78762,0.0290379,-0.0338464,0.13884,0.0798868,0
685.444,0.275415,0.0694444,-0.140786,-1.75515,0.0852779,1.70846,0.967227,0.990087,-0.0602358,-0.126804,0,-0.0671111,-0.996449,-0.0506603,0,-0.123304,0.0586692,-0.990633,0,0.552359,0.0926151,0.407685,1,0.27543,0.069416,-0.140781,-1.75511,0.0852851,1.70846,0.967222,-0.000206962,-0.00192578,9.20778e-05,-0.00148439,0.00026725,0.000372977,0.00119836,0,0,0,0,0,0,0,0.116888,-32.3313,-0.0220177,23.4959,0.879906,2.31279,-0.120435,0,0,0,0,0,0,0,0,0,0,0,0,0,0,0,0,0,0,0,0,0,0,0,0,0,0,0.114265,-0.631573,0.168708,1.01772,0.05943,0.283245,-0.0978823,1.81451,0.357348,1.768,0.0245196,-0.0108531,0.142154,0.0798868,0
685.478,0.275415,0.0694497,-0.140783,-1.75514,0.0852779,1.70846,0.967231,0.990087,-0.0602374,-0.126807,0,-0.0671127,-0.996449,-0.0506585,0,-0.123308,0.0586678,-0.990633,0,0.552359,0.0926168,0.407684,1,0.27543,0.069416,-0.140781,-1.75511,0.0852851,1.70846,0.967222,-8.27296e-06,-0.00019985,-3.80648e-06,-0.00056823,0.000378345,-0.000192423,0.00164122,0,0,0,0,0,0,0,0.116888,-32.4067,-0.0616905,23.4562,0.879906,2.32286,-0.159802,0,0,0,0,0,0,0,0,0,0,0,0,0,0,0,0,0,0,0,0,0,0,0,0,0,0,0.106505,-0.632796,0.169404,1.02049,0.0581839,0.28324,-0.096606,1.82274,0.353745,1.7752,0.0259533,-0.00927287,0.138542,0.0798868,0
685.512,0.275417,0.0694525,-0.140783,-1.75514,0.0852768,1.70846,0.967223,0.990088,-0.0602272,-0.126806,0,-0.0671023,-0.99645,-0.0506583,0,-0.123307,0.0586662,-0.990633,0,0.55236,0.0926182,0.407683,1,0.27543,0.069416,-0.140781,-1.75511,0.0852851,1.70846,0.967222,-4.70132e-05,-0.000323931,-8.10243e-06,-2.38773e-05,-7.84054e-05,0.000789859,-0.000555286,0,0,0,0,0,0,0,0.0811829,-32.4463,-0.0616905,23.4205,0.889061,2.31279,-0.0902222,0,0,0,0,0,0,0,0,0,0,0,0,0,0,0,0,0,0,0,0,0,0,0,0,0,0,0.0941119,-0.640946,0.161397,1.02059,0.0592574,0.284981,-0.0994378,1.80261,0.328348,1.77203,0.0432685,-0.0219291,0.128063,0.0798868,0
685.546,0.275412,0.0694497,-0.140786,-1.75514,0.0852779,1.70846,0.967219,0.990088,-0.0602309,-0.1268,0,-0.067106,-0.996449,-0.0506611,0,-0.123301,0.0586691,-0.990634,0,0.552361,0.092614,0.407686,1,0.27543,0.069416,-0.140781,-1.75511,0.0852851,1.70846,0.967222,-0.00110216,-0.00083825,-0.000545003,0.00138967,0.000283183,0.000653943,-0.00103564,0,0,0,0,0,0,0,0.156561,-32.4067,-0.0220177,23.3808,0.879906,2.31279,-0.0801514,0,0,0,0,0,0,0,0,0,0,0,0,0,0,0,0,0,0,0,0,0,0,0,0,0,0,0.112628,-0.640183,0.17712,1.01559,0.0591165,0.283896,-0.0997929,1.77761,0.354567,1.76203,0.0265269,-0.0317401,0.145504,0.0798868,0
685.58,0.275415,0.0694497,-0.140783,-1.75514,0.0852758,1.70846,0.967213,0.990088,-0.0602196,-0.126807,0,-0.0670947,-0.99645,-0.0506586,0,-0.123309,0.0586657,-0.990633,0,0.552359,0.0926164,0.407684,1,0.27543,0.069416,-0.140781,-1.75511,0.0852851,1.70846,0.967222,-9.82522e-05,-0.000719804,0.000779948,-0.000739684,-0.000316643,-0.000281158,-0.0031808,0,0,0,0,0,0,0,0.116888,-32.4067,-0.0616905,23.4562,0.898217,2.33293,-0.0297974,0,0,0,0,0,0,0,0,0,0,0,0,0,0,0,0,0,0,0,0,0,0,0,0,0,0,0.12566,-0.632402,0.192524,1.01411,0.0603453,0.282051,-0.0980405,1.79097,0.384289,1.76177,0.00921023,-0.0212798,0.159913,0.0798868,0
685.614,0.27542,0.0694497,-0.140786,-1.75514,0.0852758,1.70846,0.967222,0.990088,-0.060226,-0.126805,0,-0.067101,-0.99645,-0.0506578,0,-0.123306,0.0586656,-0.990633,0,0.552359,0.0926178,0.407685,1,0.27543,0.069416,-0.140781,-1.75511,0.0852851,1.70846,0.967222,0.0017607,-0.000812763,-0.00111573,0.000680255,-8.72803e-05,-0.00036624,-0.000226878,0,0,0,0,0,0,0,0.0454774,-32.4067,-0.0220177,23.4205,0.898217,2.33293,-0.0801514,0,0,0,0,0,0,0,0,0,0,0,0,0,0,0,0,0,0,0,0,0,0,0,0,0,0,0.120175,-0.642989,0.184035,1.01735,0.0608221,0.282912,-0.0977747,1.7727,0.370261,1.76902,0.0186208,-0.0370462,0.152875,0.0798868,0
685.648,0.275417,0.069455,-0.140786,-1.75514,0.0852779,1.70846,0.967228,0.990087,-0.0602345,-0.12681,0,-0.0671098,-0.996449,-0.0506575,0,-0.12331,0.0586666,-0.990633,0,0.55236,0.0926169,0.407682,1,0.27543,0.069416,-0.140781,-1.75511,0.0852851,1.70846,0.967222,0.000500537,0.000811824,-8.07626e-06,0.000644513,0.000368456,-6.39263e-05,0.00142974,0,0,0,0,0,0,0,0.0811829,-32.482,-0.0220177,23.4205,0.879906,2.32286,-0.12959,0,0,0,0,0,0,0,0,0,0,0,0,0,0,0,0,0,0,0,0,0,0,0,0,0,0,0.114538,-0.641789,0.176907,1.0154,0.0604858,0.284217,-0.0987231,1.77098,0.357388,1.76107,0.0258179,-0.0355614,0.146375,0.0798868,0
685.682,0.275415,0.0694497,-0.140783,-1.75515,0.0852758,1.70846,0.967218,0.990088,-0.0602243,-0.126808,0,-0.0670994,-0.99645,-0.0506579,0,-0.123309,0.0586656,-0.990633,0,0.552359,0.0926162,0.407682,1,0.27543,0.069416,-0.140781,-1.75511,0.0852851,1.70846,0.967222,-0.000563203,0.000219487,-0.000240423,-0.000998133,-0.000173698,7.78701e-05,-0.0025968,0,0,0,0,0,0,0,0.116888,-32.4067,-0.0616905,23.4959,0.898217,2.31279,-0.0398682,0,0,0,0,0,0,0,0,0,0,0,0,0,0,0,0,0,0,0,0,0,0,0,0,0,0,0.0989827,-0.625502,0.162905,1.00605,0.0575463,0.283067,-0.099076,1.79274,0.333165,1.7402,0.0359725,-0.010791,0.131346,0.0798868,0
685.716,0.27542,0.0694497,-0.140791,-1.75514,0.0852758,1.70846,0.967224,0.990087,-0.060233,-0.126808,0,-0.067108,-0.996449,-0.0506567,0,-0.123309,0.0586655,-0.990633,0,0.552359,0.0926151,0.407684,1,0.27543,0.069416,-0.140781,-1.75511,0.0852851,1.70846,0.967222,0.000943265,-0.000903527,-0.0015725,-0.0002975,-0.000259762,-0.000306827,-0.000157228,0,0,0,0,0,0,0,0.0454774,-32.4067,0.0136879,23.4562,0.898217,2.33293,-0.100293,0,0,0,0,0,0,0,0,0,0,0,0,0,0,0,0,0,0,0,0,0,0,0,0,0,0,0.0966854,-0.648367,0.16155,1.02142,0.0589782,0.28241,-0.0957453,1.78185,0.333989,1.78205,0.0390146,-0.0372292,0.129606,0.0798868,0
685.75,0.275415,0.0694525,-0.140786,-1.75514,0.0852779,1.70846,0.967232,0.990087,-0.0602416,-0.126809,0,-0.0671168,-0.996449,-0.0506575,0,-0.123309,0.0586675,-0.990633,0,0.55236,0.0926153,0.407683,1,0.27543,0.069416,-0.140781,-1.75511,0.0852851,1.70846,0.967222,-0.000146106,-7.26024e-05,-0.000400124,-0.000281053,-0.00256221,-0.000153421,0.00252047,0,0,0,0,0,0,0,0.116888,-32.4463,-0.0220177,23.4205,0.879906,2.33293,-0.179944,0,0,0,0,0,0,0,0,0,0,0,0,0,0,0,0,0,0,0,0,0,0,0,0,0,0,0.105338,-0.635136,0.172455,1.00821,0.0617524,0.282248,-0.0968684,1.76832,0.347941,1.74857,0.0313633,-0.028833,0.139344,0.0798868,0
685.784,0.275417,0.0694525,-0.140783,-1.75514,0.0852758,1.70846,0.967226,0.990087,-0.0602293,-0.12681,0,-0.0671044,-0.99645,-0.0506561,0,-0.123312,0.0586646,-0.990632,0,0.552359,0.0926179,0.407682,1,0.27543,0.069416,-0.140781,-1.75511,0.0852851,1.70846,0.967222,0.000431652,0.000738454,0.00066943,-0.00132861,0.000505865,-0.000205528,0.000490314,0,0,0,0,0,0,0,0.0811829,-32.4463,-0.0616905,23.4562,0.898217,2.33293,-0.110364,0,0,0,0,0,0,0,0,0,0,0,0,0,0,0,0,0,0,0,0,0,0,0,0,0,0,0.105148,-0.630346,0.170558,1.00332,0.0587303,0.283768,-0.0981841,1.76251,0.343037,1.73245,0.0306373,-0.0264652,0.138362,0.0798868,0
685.818,0.275412,0.0694497,-0.140783,-1.75514,0.0852768,1.70846,0.967222,0.990087,-0.0602309,-0.126807,0,-0.0671061,-0.996449,-0.0506587,0,-0.123308,0.0586672,-0.990633,0,0.552359,0.0926151,0.407684,1,0.27543,0.069416,-0.140781,-1.75511,0.0852851,1.70846,0.967222,-0.00155549,-0.000712153,0.000298709,-0.000459005,0.000141242,-4.40135e-05,-0.000783239,0,0,0,0,0,0,0,0.156561,-32.4067,-0.0616905,23.4562,0.889061,2.32286,-0.0801514,0,0,0,0,0,0,0,0,0,0,0,0,0,0,0,0,0,0,0,0,0,0,0,0,0,0,0.0974923,-0.637239,0.167635,1.01311,0.0585469,0.283529,-0.0972529,1.78222,0.337484,1.75763,0.0354595,-0.0261983,0.132987,0.0798868,0
685.852,0.275412,0.0694525,-0.140783,-1.75515,0.0852758,1.70846,0.967216,0.990087,-0.0602248,-0.126812,0,-0.0671,-0.99645,-0.050657,0,-0.123313,0.058665,-0.990632,0,0.552359,0.0926149,0.407681,1,0.27543,0.069416,-0.140781,-1.75511,0.0852851,1.70846,0.967222,-0.0013796,-0.00032963,0.000867944,-0.000851338,-0.000580254,-1.50494e-05,-0.00219054,0,0,0,0,0,0,0,0.156561,-32.4463,-0.0616905,23.4959,0.898217,2.32286,-0.049939,0,0,0,0,0,0,0,0,0,0,0,0,0,0,0,0,0,0,0,0,0,0,0,0,0,0,0.103449,-0.64352,0.169045,1.01731,0.0602765,0.283201,-0.0962731,1.7775,0.345413,1.76921,0.0327676,-0.0343308,0.13678,0.0798868,0
685.886,0.275417,0.0694497,-0.140783,-1.75514,0.0852779,1.70846,0.967229,0.990087,-0.0602327,-0.126808,0,-0.067108,-0.996449,-0.0506586,0,-0.123309,0.0586674,-0.990633,0,0.552359,0.0926182,0.407684,1,0.27543,0.069416,-0.140781,-1.75511,0.0852851,1.70846,0.967222,-2.10207e-05,-0.000429851,0.000720705,-0.000589469,0.000155658,-0.000366709,0.00206255,0,0,0,0,0,0,0,0.0811829,-32.4067,-0.0616905,23.4562,0.879906,2.33293,-0.139661,0,0,0,0,0,0,0,0,0,0,0,0,0,0,0,0,0,0,0,0,0,0,0,0,0,0,0.0983205,-0.62367,0.170288,1.01139,0.0576734,0.2829,-0.0958587,1.81736,0.347427,1.75351,0.0278499,-0.00159654,0.134727,0.0798868,0
685.92,0.275415,0.069455,-0.140781,-1.75514,0.0852789,1.70846,0.967229,0.990087,-0.060233,-0.12681,0,-0.0671084,-0.996449,-0.0506586,0,-0.123311,0.0586676,-0.990632,0,0.55236,0.0926186,0.407682,1,0.27543,0.069416,-0.140781,-1.75511,0.0852851,1.70846,0.967222,-0.000176288,0.000741467,0.00142982,0.00010153,0.000564659,0.000208739,0.00143198,0,0,0,0,0,0,0,0.116888,-32.482,-0.0973961,23.4205,0.870751,2.32286,-0.139661,0,0,0,0,0,0,0,0,0,0,0,0,0,0,0,0,0,0,0,0,0,0,0,0,0,0,0.11043,-0.64909,0.17481,1.02236,0.0574108,0.283812,-0.094535,1.77427,0.358851,1.78065,0.0222237,-0.0429152,0.143432,0.0798868,0
685.954,0.275415,0.0694497,-0.140786,-1.75514,0.0852758,1.70846,0.96722,0.990087,-0.0602286,-0.126809,0,-0.0671037,-0.99645,-0.0506574,0,-0.12331,0.0586657,-0.990633,0,0.552359,0.0926149,0.407683,1,0.27543,0.069416,-0.140781,-1.75511,0.0852851,1.70846,0.967222,0.000464861,-0.000595265,-0.000369021,-0.00042281,-0.00175444,-0.000591303,0.000482006,0,0,0,0,0,0,0,0.116888,-32.4067,-0.0220177,23.4562,0.898217,2.343,-0.0902222,0,0,0,0,0,0,0,0,0,0,0,0,0,0,0,0,0,0,0,0,0,0,0,0,0,0,0.13476,-0.636441,0.1963,1.02216,0.0616352,0.281813,-0.0960944,1.80667,0.401413,1.78204,0.000826355,-0.021027,0.166535,0.0798868,0
685.988,0.275417,0.0694497,-0.140783,-1.75514,0.0852768,1.70846,0.96723,0.990087,-0.0602337,-0.126807,0,-0.0671088,-0.996449,-0.0506577,0,-0.123308,0.0586665,-0.990633,0,0.552359,0.092618,0.407684,1,0.27543,0.069416,-0.140781,-1.75511,0.0852851,1.70846,0.967222,0.0009574,-0.000460276,-0.000113343,-0.000697468,2.44174e-05,8.64164e-05,0.00222647,0,0,0,0,0,0,0,0.0811829,-32.4067,-0.0616905,23.4562,0.889061,2.32286,-0.149731,0,0,0,0,0,0,0,0,0,0,0,0,0,0,0,0,0,0,0,0,0,0,0,0,0,0,0.113234,-0.632168,0.177931,1.01588,0.0600929,0.282657,-0.096135,1.80371,0.365616,1.76531,0.019924,-0.0155375,0.146232,0.0798868,0
686.022,0.275417,0.0694497,-0.140786,-1.75515,0.0852768,1.70846,0.967224,0.990087,-0.0602311,-0.12681,0,-0.0671063,-0.996449,-0.0506576,0,-0.12331,0.0586663,-0.990633,0,0.552358,0.0926164,0.407682,1,0.27543,0.069416,-0.140781,-1.75511,0.0852851,1.70846,0.967222,0.000230115,-0.000811662,-0.00055409,-0.000854397,6.82348e-05,-3.46903e-05,-0.000154093,0,0,0,0,0,0,0,0.0811829,-32.4067,-0.0220177,23.4959,0.889061,2.32286,-0.100293,0,0,0,0,0,0,0,0,0,0,0,0,0,0,0,0,0,0,0,0,0,0,0,0,0,0,0.102124,-0.639793,0.165195,1.02099,0.0606212,0.284438,-0.0946897,1.80353,0.347423,1.77473,0.0318504,-0.0218701,0.13418,0.0798868,0
686.055,0.275417,0.0694525,-0.140786,-1.75514,0.0852779,1.70846,0.967226,0.990087,-0.0602323,-0.126807,0,-0.0671075,-0.996449,-0.0506586,0,-0.123308,0.0586672,-0.990633,0,0.55236,0.0926168,0.407683,1,0.27543,0.069416,-0.140781,-1.75511,0.0852851,1.70846,0.967222,0.00061543,0.000529919,0.00354995,-7.55062e-05,6.04258e-05,0.000479228,0.000188731,0,0,0,0,0,0,0,0.0811829,-32.4463,-0.0220177,23.4205,0.879906,2.32286,-0.110364,0,0,0,0,0,0,0,0,0,0,0,0,0,0,0,0,0,0,0,0,0,0,0,0,0,0,0.083695,-0.637481,0.148569,1.01531,0.0591882,0.281689,-0.0950646,1.79882,0.314599,1.7685,0.0496406,-0.0190964,0.116348,0.0798868,0
686.092,0.275415,0.0694525,-0.140783,-1.75514,0.0852758,1.70846,0.967226,0.990087,-0.0602318,-0.126809,0,-0.0671069,-0.996449,-0.0506563,0,-0.12331,0.0586651,-0.990633,0,0.552359,0.0926165,0.407682,1,0.27543,0.069416,-0.140781,-1.75511,0.0852851,1.70846,0.967222,-0.00022664,0.0008512,0.00056815,-0.000776954,-0.000445957,0.000161248,0.00104977,0,0,0,0,0,0,0,0.116888,-32.4463,-0.0616905,23.4562,0.898217,2.32286,-0.110364,0,0,0,0,0,0,0,0,0,0,0,0,0,0,0,0,0,0,0,0,0,0,0,0,0,0,0.103943,-0.629168,0.179854,1.01418,0.0575622,0.282763,-0.0931376,1.80625,0.363717,1.76142,0.017949,-0.012252,0.142514,0.0798868,0
686.126,0.275415,0.0694525,-0.140781,-1.75514,0.0852758,1.70846,0.967221,0.990088,-0.0602246,-0.126806,0,-0.0670996,-0.99645,-0.0506577,0,-0.123308,0.0586654,-0.990633,0,0.55236,0.092618,0.407684,1,0.27543,0.069416,-0.140781,-1.75511,0.0852851,1.70846,0.967222,-0.000334272,0.000513441,0.000621108,0.00139886,-0.000472745,-0.00064716,-0.00107393,0,0,0,0,0,0,0,0.116888,-32.4463,-0.0973961,23.3808,0.898217,2.343,-0.0700806,0,0,0,0,0,0,0,0,0,0,0,0,0,0,0,0,0,0,0,0,0,0,0,0,0,0,0.0972003,-0.638481,0.167392,1.02573,0.0576245,0.283566,-0.0938692,1.82685,0.348559,1.78835,0.0290722,-0.0133809,0.13283,0.0798868,0
686.16,0.27542,0.069455,-0.140786,-1.75514,0.0852768,1.70846,0.967223,0.990087,-0.0602272,-0.126813,0,-0.0671024,-0.99645,-0.0506564,0,-0.123314,0.0586648,-0.990632,0,0.552359,0.092618,0.407681,1,0.27543,0.069416,-0.140781,-1.75511,0.0852851,1.70846,0.967222,0.000677503,0.000990824,-0.00128694,-0.000472494,-3.07283e-05,-0.000478858,-3.04145e-07,0,0,0,0,0,0,0,0.0454774,-32.482,-0.0220177,23.4562,0.889061,2.33293,-0.0902222,0,0,0,0,0,0,0,0,0,0,0,0,0,0,0,0,0,0,0,0,0,0,0,0,0,0,0.0908182,-0.658662,0.159042,1.04167,0.0579605,0.285755,-0.0917215,1.82701,0.339507,1.82414,0.0370351,-0.0329022,0.125489,0.0798868,0
686.194,0.275412,0.0694525,-0.140781,-1.75514,0.0852768,1.70846,0.967223,0.990087,-0.0602299,-0.126811,0,-0.0671052,-0.996449,-0.0506575,0,-0.123312,0.0586661,-0.990632,0,0.552359,0.0926165,0.407682,1,0.27543,0.069416,-0.140781,-1.75511,0.0852851,1.70846,0.967222,-0.000907517,0.000417513,0.00197004,-0.000877512,6.9996e-05,-0.000383502,-0.000100345,0,0,0,0,0,0,0,0.156561,-32.4463,-0.0973961,23.4562,0.889061,2.33293,-0.0902222,0,0,0,0,0,0,0,0,0,0,0,0,0,0,0,0,0,0,0,0,0,0,0,0,0,0,0.0950015,-0.604415,0.161038,0.99572,0.0585495,0.280863,-0.0948856,1.82048,0.33888,1.71915,0.0306874,0.0194124,0.128308,0.0798868,0
686.228,0.275417,0.069455,-0.140783,-1.75514,0.0852758,1.70846,0.967219,0.990088,-0.0602229,-0.126808,0,-0.0670979,-0.99645,-0.0506571,0,-0.123309,0.0586646,-0.990633,0,0.55236,0.0926179,0.407683,1,0.27543,0.069416,-0.140781,-1.75511,0.0852851,1.70846,0.967222,0.000802939,0.00133365,0.00105322,0.00022071,-8.62954e-05,-0.000104834,-0.00186312,0,0,0,0,0,0,0,0.0811829,-32.482,-0.0616905,23.4205,0.898217,2.33293,-0.049939,0,0,0,0,0,0,0,0,0,0,0,0,0,0,0,0,0,0,0,0,0,0,0,0,0,0,0.0911704,-0.639008,0.169417,1.02863,0.0590117,0.284552,-0.0951655,1.8385,0.344237,1.79264,0.0340964,-0.008992,0.130632,0.0798868,0
686.262,0.27542,0.0694525,-0.140783,-1.75514,0.0852758,1.70846,0.967226,0.990088,-0.0602267,-0.126805,0,-0.0671016,-0.99645,-0.0506572,0,-0.123307,0.058665,-0.990633,0,0.55236,0.0926194,0.407684,1,0.27543,0.069416,-0.140781,-1.75511,0.0852851,1.70846,0.967222,0.000334154,-0.000225637,-9.24324e-05,0.00131308,-0.000456669,-0.000163818,0.00147095,0,0,0,0,0,0,0,0.0454774,-32.4463,-0.0616905,23.3808,0.898217,2.33293,-0.120435,0,0,0,0,0,0,0,0,0,0,0,0,0,0,0,0,0,0,0,0,0,0,0,0,0,0,0.0881583,-0.650971,0.164241,1.02423,0.0597779,0.283368,-0.0968453,1.78681,0.327233,1.7866,0.0450384,-0.0371639,0.126474,0.0798861,0
686.295,0.275417,0.0694525,-0.140783,-1.75514,0.0852768,1.70846,0.967229,0.990088,-0.0602326,-0.126805,0,-0.0671075,-0.996449,-0.0506579,0,-0.123305,0.0586665,-0.990633,0,0.55236,0.0926183,0.407684,1,0.27543,0.069416,-0.140781,-1.75511,0.0852851,1.70846,0.967222,0.000339635,0.000137552,0.000604487,0.00138642,0.000114978,0.000220503,0.00196906,0,0,0,0,0,0,0,0.0811829,-32.4463,-0.0616905,23.3808,0.889061,2.32286,-0.139661,0,0,0,0,0,0,0,0,0,0,0,0,0,0,0,0,0,0,0,0,0,0,0,0,0,0,0.0982232,-0.644359,0.168515,1.02124,0.0601411,0.281564,-0.0964957,1.79368,0.341539,1.78285,0.0359598,-0.0292553,0.133789,0.0798861,0
686.332,0.275415,0.0694525,-0.140783,-1.75514,0.0852768,1.70846,0.967228,0.990087,-0.0602338,-0.126807,0,-0.0671089,-0.996449,-0.0506577,0,-0.123307,0.0586665,-0.990633,0,0.55236,0.0926168,0.407684,1,0.27543,0.069416,-0.140781,-1.75511,0.0852851,1.70846,0.967222,-0.000296803,0.000183374,0.000399612,0.00101815,-0.000156795,-0.00078791,0.00122925,0,0,0,0,0,0,0,0.116888,-32.4463,-0.0616905,23.3808,0.889061,2.343,-0.12959,0,0,0,0,0,0,0,0,0,0,0,0,0,0,0,0,0,0,0,0,0,0,0,0,0,0,0.093917,-0.640517,0.170606,1.01779,0.0599752,0.283003,-0.0950222,1.79094,0.341674,1.77086,0.0348964,-0.0264276,0.132623,0.0798861,0
686.366,0.27542,0.0694525,-0.140781,-1.75514,0.0852758,1.70846,0.967223,0.990088,-0.0602216,-0.126809,0,-0.0670966,-0.99645,-0.0506569,0,-0.123311,0.0586644,-0.990633,0,0.552359,0.0926207,0.407683,1,0.27543,0.069416,-0.140781,-1.75511,0.0852851,1.70846,0.967222,0.00100184,0.000480155,0.000772851,0.000237364,0.00501989,-0.00088514,-0.000614133,0,0,0,0,0,0,0,0.0454774,-32.4463,-0.0973961,23.4205,0.898217,2.343,-0.0902222,0,0,0,0,0,0,0,0,0,0,0,0,0,0,0,0,0,0,0,0,0,0,0,0,0,0,0.0836114,-0.637751,0.155013,1.02087,0.0590842,0.283767,-0.0923796,1.81582,0.327024,1.77692,0.0424078,-0.0145509,0.119591,0.0798861,0
686.4,0.27541,0.0694472,-0.140788,-1.75514,0.0852768,1.70846,0.967223,0.990087,-0.0602399,-0.126803,0,-0.067115,-0.996449,-0.0506593,0,-0.123303,0.0586686,-0.990633,0,0.55236,0.0926108,0.407686,1,0.27543,0.069416,-0.140781,-1.75511,0.0852851,1.70846,0.967222,-0.00211133,-0.00155936,-0.00111269,0.00655417,7.05902e-05,-0.000316514,0.000100469,0,0,0,0,0,0,0,0.192267,-32.3709,0.0136879,23.4205,0.889061,2.33293,-0.0902222,0,0,0,0,0,0,0,0,0,0,0,0,0,0,0,0,0,0,0,0,0,0,0,0,0,0,0.0955003,-0.619913,0.167791,1.01265,0.0595589,0.283465,-0.091648,1.83392,0.352575,1.75538,0.0256746,0.00769211,0.132049,0.0798861,0
686.434,0.275417,0.0694525,-0.140778,-1.75514,0.0852768,1.70846,0.967226,0.990088,-0.0602255,-0.126807,0,-0.0671007,-0.99645,-0.050658,0,-0.123309,0.0586659,-0.990633,0,0.552359,0.0926207,0.407683,1,0.27543,0.069416,-0.140781,-1.75511,0.0852851,1.70846,0.967222,0.000857586,-8.19053e-05,0.00152735,-0.000131754,-0.000258105,-3.70244e-05,0.00117412,0,0,0,0,0,0,0,0.0811829,-32.4463,-0.137069,23.4205,0.889061,2.32286,-0.120435,0,0,0,0,0,0,0,0,0,0,0,0,0,0,0,0,0,0,0,0,0,0,0,0,0,0,0.098161,-0.63942,0.16768,1.0305,0.0576751,0.283409,-0.0951471,1.84341,0.349624,1.79995,0.0295552,-0.00860838,0.133434,0.0798861,0
686.467,0.275417,0.0694525,-0.140786,-1.75514,0.0852748,1.70846,0.967215,0.990088,-0.0602216,-0.126804,0,-0.0670964,-0.99645,-0.0506574,0,-0.123306,0.0586646,-0.990633,0,0.55236,0.0926159,0.407684,1,0.27543,0.069416,-0.140781,-1.75511,0.0852851,1.70846,0.967222,-6.15444e-05,-0.000190186,-0.00057986,0.00153968,-0.000679198,7.87545e-06,-0.00188438,0,0,0,0,0,0,0,0.0811829,-32.4463,-0.0220177,23.3808,0.907372,2.33293,-0.049939,0,0,0,0,0,0,0,0,0,0,0,0,0,0,0,0,0,0,0,0,0,0,0,0,0,0,0.0939589,-0.644901,0.158399,1.02704,0.0582193,0.283768,-0.0951766,1.81505,0.334322,1.79182,0.0386567,-0.0226456,0.12665,0.0798861,0
686.501,0.275412,0.069455,-0.140786,-1.75514,0.0852768,1.70846,0.96722,0.990087,-0.0602321,-0.126805,0,-0.0671072,-0.996449,-0.0506582,0,-0.123306,0.0586668,-0.990633,0,0.552361,0.0926138,0.407683,1,0.27543,0.069416,-0.140781,-1.75511,0.0852851,1.70846,0.967222,-0.000776443,0.000615256,-0.000456386,0.00139022,7.03714e-05,0.000924893,-0.00143604,0,0,0,0,0,0,0,0.156561,-32.482,-0.0220177,23.3808,0.889061,2.31279,-0.0600098,0,0,0,0,0,0,0,0,0,0,0,0,0,0,0,0,0,0,0,0,0,0,0,0,0,0,0.103507,-0.644454,0.175119,1.01507,0.0609787,0.284473,-0.0927461,1.76178,0.354796,1.76133,0.0267524,-0.0413281,0.139908,0.0798861,0
686.535,0.275414,0.069455,-0.140783,-1.75514,0.0852768,1.70846,0.967217,0.990088,-0.0602237,-0.126805,0,-0.0670988,-0.99645,-0.0506589,0,-0.123306,0.0586663,-0.990633,0,0.552361,0.0926166,0.407683,1,0.27543,0.069416,-0.140781,-1.75511,0.0852851,1.70846,0.967222,-0.00021588,0.0010555,0.000420364,0.000813655,-0.000133486,0.000465462,-0.00277378,0,0,0,0,0,0,0,0.116888,-32.482,-0.0616905,23.3808,0.889061,2.31279,-0.0297974,0,0,0,0,0,0,0,0,0,0,0,0,0,0,0,0,0,0,0,0,0,0,0,0,0,0,0.112468,-0.639979,0.175396,1.01339,0.0600804,0.284692,-0.0946182,1.76698,0.360826,1.75569,0.0219806,-0.0357744,0.144669,0.0798861,0
686.569,0.275415,0.0694525,-0.140786,-1.75514,0.0852768,1.70846,0.967223,0.990087,-0.0602326,-0.126809,0,-0.0671078,-0.996449,-0.0506574,0,-0.12331,0.0586662,-0.990633,0,0.55236,0.0926151,0.407682,1,0.27543,0.069416,-0.140781,-1.75511,0.0852851,1.70846,0.967222,-0.00042601,5.51014e-05,-0.000455916,-0.000605423,3.44233e-05,0.000365819,-0.000392294,0,0,0,0,0,0,0,0.116888,-32.4463,-0.0220177,23.4562,0.889061,2.32286,-0.0902222,0,0,0,0,0,0,0,0,0,0,0,0,0,0,0,0,0,0,0,0,0,0,0,0,0,0,0.100089,-0.637793,0.167548,1.01091,0.0595509,0.283726,-0.0959826,1.7705,0.340669,1.7521,0.0337612,-0.0308703,0.134294,0.0798861,0
686.603,0.27541,0.0694525,-0.140786,-1.75514,0.0852748,1.70846,0.967219,0.990088,-0.060233,-0.126803,0,-0.0671078,-0.996449,-0.0506573,0,-0.123303,0.0586657,-0.990633,0,0.552362,0.0926121,0.407685,1,0.27543,0.069416,-0.140781,-1.75511,0.0852851,1.70846,0.967222,-0.00139592,0.00032103,0.000270073,0.000895769,-0.000629384,0.000382537,-0.00187812,0,0,0,0,0,0,0,0.192267,-32.4463,-0.0220177,23.3808,0.907372,2.31279,-0.0600098,0,0,0,0,0,0,0,0,0,0,0,0,0,0,0,0,0,0,0,0,0,0,0,0,0,0,0.117402,-0.635429,0.190846,1.00813,0.0612755,0.284027,-0.0954478,1.75745,0.375655,1.74364,0.0139402,-0.0350424,0.154844,0.0798861,0
686.637,0.275415,0.0694525,-0.140781,-1.75514,0.0852758,1.70846,0.967227,0.990087,-0.0602303,-0.126808,0,-0.0671053,-0.996449,-0.0506567,0,-0.123309,0.0586651,-0.990633,0,0.552359,0.0926179,0.407683,1,0.27543,0.069416,-0.140781,-1.75511,0.0852851,1.70846,0.967222,-0.000493677,0.000183013,0.000324398,0.00229869,-0.000269418,-0.000370671,0.00121938,0,0,0,0,0,0,0,0.116888,-32.4463,-0.0973961,23.4205,0.898217,2.33293,-0.120435,0,0,0,0,0,0,0,0,0,0,0,0,0,0,0,0,0,0,0,0,0,0,0,0,0,0,0.104954,-0.597683,0.16897,0.981462,0.0596944,0.278499,-0.0956887,1.78334,0.348399,1.68973,0.0239487,0.013012,0.137339,0.0798861,0
686.671,0.275417,0.0694525,-0.140788,-1.75514,0.0852758,1.70846,0.967223,0.990087,-0.0602323,-0.126807,0,-0.0671073,-0.996449,-0.0506568,0,-0.123308,0.0586654,-0.990633,0,0.55236,0.0926151,0.407683,1,0.27543,0.069416,-0.140781,-1.75511,0.0852851,1.70846,0.967222,0.000859369,-0.000378854,-0.00223277,0.000377206,-0.000403112,6.97218e-05,-0.000281179,0,0,0,0,0,0,0,0.0811829,-32.4463,0.0136879,23.4205,0.898217,2.32286,-0.0902222,0,0,0,0,0,0,0,0,0,0,0,0,0,0,0,0,0,0,0,0,0,0,0,0,0,0,0.103609,-0.658757,0.160118,1.02769,0.059833,0.283862,-0.0977039,1.77208,0.334813,1.7942,0.040604,-0.0507985,0.132466,0.0798861,0
686.705,0.275415,0.0694497,-0.140783,-1.75514,0.0852768,1.70846,0.967231,0.990087,-0.0602373,-0.126808,0,-0.0671124,-0.996449,-0.0506573,0,-0.123309,0.0586667,-0.990633,0,0.552359,0.0926166,0.407684,1,0.27543,0.069416,-0.140781,-1.75511,0.0852851,1.70846,0.967222,-1.61608e-05,-8.51125e-05,0.000889252,-0.000758951,9.11304e-05,-0.000371966,0.00236016,0,0,0,0,0,0,0,0.116888,-32.4067,-0.0616905,23.4562,0.889061,2.33293,-0.159802,0,0,0,0,0,0,0,0,0,0,0,0,0,0,0,0,0,0,0,0,0,0,0,0,0,0,0.11142,-0.657419,0.171427,1.03565,0.058721,0.284719,-0.0946544,1.80103,0.360485,1.81101,0.0245911,-0.0418493,0.14225,0.0798861,0
686.739,0.275415,0.0694497,-0.140783,-1.75514,0.0852779,1.70846,0.96723,0.990087,-0.0602362,-0.126808,0,-0.0671115,-0.996449,-0.0506584,0,-0.123309,0.0586677,-0.990633,0,0.552359,0.0926168,0.407684,1,0.27543,0.069416,-0.140781,-1.75511,0.0852851,1.70846,0.967222,-0.000272056,-0.000377176,0.000173382,-0.000470266,0.00036747,0.000328145,0.00151236,0,0,0,0,0,0,0,0.116888,-32.4067,-0.0616905,23.4562,0.879906,2.33293,-0.149731,0,0,0,0,0,0,0,0,0,0,0,0,0,0,0,0,0,0,0,0,0,0,0,0,0,0,0.0980838,-0.612979,0.163624,1.00146,0.0588138,0.278378,-0.0959094,1.81755,0.341272,1.73985,0.0309589,0.00984122,0.131188,0.0798861,0
686.773,0.275415,0.069455,-0.140786,-1.75514,0.0852779,1.70846,0.967229,0.990087,-0.060238,-0.126807,0,-0.0671132,-0.996449,-0.0506579,0,-0.123308,0.0586672,-0.990633,0,0.552361,0.0926156,0.407683,1,0.27543,0.069416,-0.140781,-1.75511,0.0852851,1.70846,0.967222,-0.000229541,0.00125113,-0.000778051,0.00110791,0.000272089,0.000174414,0.00199179,0,0,0,0,0,0,0,0.116888,-32.482,-0.0220177,23.3808,0.879906,2.32286,-0.139661,0,0,0,0,0,0,0,0,0,0,0,0,0,0,0,0,0,0,0,0,0,0,0,0,0,0,0.105625,-0.631627,0.173281,1.01031,0.0593944,0.285629,-0.0971442,1.78383,0.350665,1.74465,0.0275352,-0.020847,0.139971,0.0798861,0
686.807,0.275415,0.069455,-0.140783,-1.75514,0.0852779,1.70846,0.967218,0.990088,-0.0602246,-0.126805,0,-0.0670998,-0.99645,-0.0506596,0,-0.123307,0.0586672,-0.990633,0,0.552361,0.0926174,0.407683,1,0.27543,0.069416,-0.140781,-1.75511,0.0852851,1.70846,0.967222,0.000427464,0.0011452,0.000551834,0.000228533,-0.00101104,0.000170857,-0.00211552,0,0,0,0,0,0,0,0.0811829,-32.482,-0.0616905,23.3808,0.879906,2.31279,-0.049939,0,0,0,0,0,0,0,0,0,0,0,0,0,0,0,0,0,0,0,0,0,0,0,0,0,0,0.102419,-0.708004,0.170664,1.06716,0.0612918,0.291761,-0.0968448,1.76453,0.343614,1.87476,0.0436673,-0.102728,0.13731,0.0798861,0
686.841,0.275417,0.0694497,-0.140788,-1.75514,0.0852779,1.70846,0.967222,0.990088,-0.0602315,-0.126804,0,-0.0671067,-0.996449,-0.0506597,0,-0.123305,0.0586681,-0.990633,0,0.55236,0.0926154,0.407685,1,0.27543,0.069416,-0.140781,-1.75511,0.0852851,1.70846,0.967222,0.000560651,-0.00115597,-0.00119182,0.000800621,0.000456408,-8.47301e-05,0.0008415,0,0,0,0,0,0,0,0.0811829,-32.4067,0.0136879,23.4205,0.879906,2.32286,-0.110364,0,0,0,0,0,0,0,0,0,0,0,0,0,0,0,0,0,0,0,0,0,0,0,0,0,0,0.107642,-0.632808,0.174155,0.996998,0.0580316,0.282256,-0.0988512,1.72929,0.342454,1.72134,0.0296327,-0.040425,0.141464,0.0798868,0
686.875,0.275415,0.0694472,-0.140781,-1.75513,0.0852758,1.70846,0.967223,0.990089,-0.0602267,-0.126796,0,-0.0671014,-0.99645,-0.0506602,0,-0.123297,0.0586675,-0.990634,0,0.552361,0.0926181,0.407689,1,0.27543,0.069416,-0.140781,-1.75511,0.0852851,1.70846,0.967222,-0.000536411,-0.00196995,0.000716183,-0.000367077,-0.00047072,1.79927e-05,-2.8959e-05,0,0,0,0,0,0,0,0.116888,-32.3709,-0.0973961,23.3451,0.898217,2.32286,-0.0902222,0,0,0,0,0,0,0,0,0,0,0,0,0,0,0,0,0,0,0,0,0,0,0,0,0,0,0.0935505,-0.700524,0.163792,1.06017,0.0618951,0.289061,-0.0957078,1.76642,0.331648,1.86442,0.0502119,-0.093592,0.129247,0.0798868,0
686.909,0.275415,0.0694497,-0.140783,-1.75514,0.0852779,1.70846,0.967223,0.990088,-0.0602299,-0.126804,0,-0.0671051,-0.996449,-0.05066,0,-0.123305,0.0586682,-0.990633,0,0.55236,0.0926169,0.407685,1,0.27543,0.069416,-0.140781,-1.75511,0.0852851,1.70846,0.967222,-0.00027648,-0.00100317,0.000365941,0.000491559,0.000502355,0.000147002,0.000658899,0,0,0,0,0,0,0,0.116888,-32.4067,-0.0616905,23.4205,0.879906,2.32286,-0.120435,0,0,0,0,0,0,0,0,0,0,0,0,0,0,0,0,0,0,0,0,0,0,0,0,0,0,0.103471,-0.64479,0.161703,1.01411,0.0605015,0.283276,-0.0994513,1.76362,0.332077,1.76116,0.0410353,-0.039236,0.133048,0.0798868,0
686.943,0.275412,0.069455,-0.140785,-1.75514,0.0852779,1.70846,0.967225,0.990086,-0.0602369,-0.126813,0,-0.0671123,-0.996449,-0.0506571,0,-0.123314,0.0586667,-0.990632,0,0.55236,0.0926143,0.407681,1,0.27543,0.069416,-0.140781,-1.75511,0.0852851,1.70846,0.967222,-0.00111884,0.000586654,-0.000601703,-0.000733079,0.000101392,-0.000540367,0.000258353,0,0,0,0,0,0,0,0.156561,-32.482,-0.0220177,23.4562,0.879906,2.33293,-0.110364,0,0,0,0,0,0,0,0,0,0,0,0,0,0,0,0,0,0,0,0,0,0,0,0,0,0,0.102175,-0.635188,0.162424,1.0121,0.0594823,0.282866,-0.100948,1.78712,0.331875,1.75588,0.0401218,-0.0216954,0.132687,0.0798868,0
686.977,0.275417,0.0694525,-0.140781,-1.75514,0.0852779,1.70846,0.967223,0.990088,-0.0602246,-0.126807,0,-0.0670999,-0.99645,-0.0506592,0,-0.123308,0.0586669,-0.990633,0,0.552359,0.0926197,0.407683,1,0.27543,0.069416,-0.140781,-1.75511,0.0852851,1.70846,0.967222,0.00041413,0.000533603,0.000867136,0.000756891,0.000148631,-6.8617e-05,0.000340764,0,0,0,0,0,0,0,0.0811829,-32.4463,-0.0973961,23.4205,0.879906,2.32286,-0.0902222,0,0,0,0,0,0,0,0,0,0,0,0,0,0,0,0,0,0,0,0,0,0,0,0,0,0,0.0965433,-0.648261,0.164094,1.02793,0.0581938,0.283974,-0.102263,1.8093,0.328431,1.79243,0.0442341,-0.0270153,0.130662,0.0798868,0
687.011,0.275412,0.0694472,-0.140783,-1.75514,0.0852779,1.70846,0.96723,0.990087,-0.060239,-0.126805,0,-0.0671143,-0.996449,-0.0506595,0,-0.123305,0.0586688,-0.990633,0,0.552359,0.0926152,0.407685,1,0.27543,0.069416,-0.140781,-1.75511,0.0852851,1.70846,0.967222,-0.00154629,-0.00145018,-0.000416739,-0.00100427,0.00339516,0.00393883,0.00210073,0,0,0,0,0,0,0,0.156561,-32.3709,-0.0616905,23.4562,0.879906,2.32286,-0.149731,0,0,0,0,0,0,0,0,0,0,0,0,0,0,0,0,0,0,0,0,0,0,0,0,0,0,0.0842329,-0.627471,0.154752,1.0104,0.0554926,0.281097,-0.098972,1.81069,0.314508,1.75633,0.0462896,-0.00566774,0.119682,0.0798868,0
687.045,0.275415,0.0694525,-0.140786,-1.75514,0.0852768,1.70846,0.967222,0.990087,-0.0602312,-0.126807,0,-0.0671063,-0.996449,-0.050658,0,-0.123308,0.0586665,-0.990633,0,0.55236,0.0926153,0.407683,1,0.27543,0.069416,-0.140781,-1.75511,0.0852851,1.70846,0.967222,-0.000148663,0.000179685,-0.000753624,0.000461441,7.88615e-05,-0.000331782,-0.000954097,0,0,0,0,0,0,0,0.116888,-32.4463,-0.0220177,23.4205,0.889061,2.33293,-0.0801514,0,0,0,0,0,0,0,0,0,0,0,0,0,0,0,0,0,0,0,0,0,0,0,0,0,0,0.100343,-0.629854,0.154072,1.01582,0.056936,0.28345,-0.0952516,1.81687,0.336788,1.76391,0.0334539,-0.00769921,0.127781,0.0798868,0
687.079,0.275415,0.069455,-0.140786,-1.75514,0.0852768,1.70846,0.967228,0.990086,-0.060237,-0.126811,0,-0.0671122,-0.996449,-0.0506562,0,-0.123312,0.0586657,-0.990632,0,0.55236,0.0926152,0.407681,1,0.27543,0.069416,-0.140781,-1.75511,0.0852851,1.70846,0.967222,0.000397325,0.00136257,4.22627e-05,-0.000470919,-2.37877e-05,0.000219435,0.001165,0,0,0,0,0,0,0,0.116888,-32.482,-0.0220177,23.4562,0.889061,2.31279,-0.12959,0,0,0,0,0,0,0,0,0,0,0,0,0,0,0,0,0,0,0,0,0,0,0,0,0,0,0.122798,-0.624736,0.181192,1.01304,0.0586883,0.281995,-0.0925827,1.81087,0.384112,1.75964,0.00570465,-0.00774013,0.152927,0.0798868,0
687.113,0.27542,0.0694525,-0.140788,-1.75514,0.0852758,1.70846,0.967227,0.990087,-0.0602332,-0.126807,0,-0.0671081,-0.996449,-0.0506563,0,-0.123308,0.0586651,-0.990633,0,0.55236,0.0926165,0.407683,1,0.27543,0.069416,-0.140781,-1.75511,0.0852851,1.70846,0.967222,0.00106411,-0.000147768,-0.00211068,-0.00050744,-0.000226348,0.000129209,8.59422e-05,0,0,0,0,0,0,0,0.0454774,-32.4463,0.0136879,23.4205,0.898217,2.32286,-0.120435,0,0,0,0,0,0,0,0,0,0,0,0,0,0,0,0,0,0,0,0,0,0,0,0,0,0,0.105914,-0.632388,0.162511,1.01594,0.0581329,0.281545,-0.0929646,1.80703,0.351482,1.76937,0.0255088,-0.0144544,0.134899,0.0798868,0
687.147,0.275415,0.0694497,-0.140788,-1.75514,0.0852758,1.70846,0.967227,0.990087,-0.0602381,-0.126803,0,-0.0671129,-0.996449,-0.0506574,0,-0.123304,0.0586665,-0.990633,0,0.55236,0.0926137,0.407685,1,0.27543,0.069416,-0.140781,-1.75511,0.0852851,1.70846,0.967222,-0.000483774,-0.000869685,-0.00371763,0.00025545,-0.000436224,0.000495327,0.00235597,0,0,0,0,0,0,0,0.116888,-32.4067,0.0136879,23.4205,0.898217,2.31279,-0.149731,0,0,0,0,0,0,0,0,0,0,0,0,0,0,0,0,0,0,0,0,0,0,0,0,0,0,0.155932,-0.63505,0.212839,1.01298,0.0596984,0.281566,-0.0947086,1.7637,0.431309,1.76027,-0.02113,-0.0373125,0.185863,0.0798868,0
687.181,0.275415,0.0694497,-0.140786,-1.75514,0.0852758,1.70846,0.967228,0.990088,-0.0602365,-0.126802,0,-0.0671113,-0.996449,-0.0506579,0,-0.123302,0.0586667,-0.990634,0,0.552361,0.0926151,0.407686,1,0.27543,0.069416,-0.140781,-1.75511,0.0852851,1.70846,0.967222,8.5658e-05,-0.000292454,-0.000552987,0.00127683,-0.000477822,-0.000272149,0.000365226,0,0,0,0,0,0,0,0.116888,-32.4067,-0.0220177,23.3808,0.898217,2.32286,-0.12959,0,0,0,0,0,0,0,0,0,0,0,0,0,0,0,0,0,0,0,0,0,0,0,0,0,0,0.0773818,-0.629556,0.143184,1.01155,0.0563682,0.282167,-0.0947426,1.81023,0.306061,1.75775,0.0511912,-0.0074227,0.110454,0.0798868,0
687.215,0.275417,0.069455,-0.140781,-1.75515,0.0852779,1.70846,0.96723,0.990086,-0.0602316,-0.126815,0,-0.067107,-0.996449,-0.0506565,0,-0.123316,0.0586656,-0.990632,0,0.552358,0.0926196,0.407679,1,0.27543,0.069416,-0.140781,-1.75511,0.0852851,1.70846,0.967222,0.000364966,0.00105767,0.00103228,-0.000826276,0.000255486,1.86887e-05,0.00169551,0,0,0,0,0,0,0,0.0811829,-32.482,-0.0973961,23.4959,0.879906,2.32286,-0.149731,0,0,0,0,0,0,0,0,0,0,0,0,0,0,0,0,0,0,0,0,0,0,0,0,0,0,0.107156,-0.64841,0.179412,1.02137,0.0585978,0.2826,-0.095465,1.77455,0.358034,1.78098,0.0243374,-0.04155,0.143953,0.0798868,0
687.249,0.275417,0.069455,-0.140786,-1.75515,0.0852779,1.70846,0.967224,0.990086,-0.060231,-0.126816,0,-0.0671065,-0.996449,-0.0506566,0,-0.123317,0.0586657,-0.990632,0,0.552359,0.0926167,0.407679,1,0.27543,0.069416,-0.140781,-1.75511,0.0852851,1.70846,0.967222,0.000368131,0.00085188,-0.000492073,-0.00137873,0.000400164,-0.000346012,-0.0008207,0,0,0,0,0,0,0,0.0811829,-32.482,-0.0220177,23.4959,0.879906,2.33293,-0.100293,0,0,0,0,0,0,0,0,0,0,0,0,0,0,0,0,0,0,0,0,0,0,0,0,0,0,0.111801,-0.632165,0.176448,1.02075,0.0586973,0.281779,-0.0967336,1.82444,0.364395,1.77908,0.020255,-0.00864402,0.14478,0.0798868,0
687.283,0.275412,0.0694525,-0.140783,-1.75514,0.0852779,1.70846,0.967225,0.990088,-0.0602338,-0.126803,0,-0.0671089,-0.996449,-0.0506596,0,-0.123304,0.0586682,-0.990633,0,0.552361,0.0926156,0.407685,1,0.27543,0.069416,-0.140781,-1.75511,0.0852851,1.70846,0.967222,-0.00112473,0.000597728,0.000523992,0.00061774,0.000421463,0.000385037,0.00173213,0,0,0,0,0,0,0,0.156561,-32.4463,-0.0616905,23.3808,0.879906,2.31279,-0.139661,0,0,0,0,0,0,0,0,0,0,0,0,0,0,0,0,0,0,0,0,0,0,0,0,0,0,0.0951481,-0.635152,0.159716,1.01878,0.0608247,0.281815,-0.0992431,1.8172,0.329991,1.77484,0.0434698,-0.010854,0.127674,0.0798868,0
687.317,0.27542,0.069455,-0.140781,-1.75514,0.0852758,1.70846,0.967224,0.990087,-0.0602232,-0.126814,0,-0.0670984,-0.99645,-0.0506554,0,-0.123315,0.0586634,-0.990632,0,0.552358,0.0926206,0.40768,1,0.27543,0.069416,-0.140781,-1.75511,0.0852851,1.70846,0.967222,0.00114197,0.000882359,0.00136168,-0.00016272,-0.00023212,-0.000492975,0.000417487,0,0,0,0,0,0,0,0.0454774,-32.482,-0.0973961,23.4562,0.898217,2.343,-0.100293,0,0,0,0,0,0,0,0,0,0,0,0,0,0,0,0,0,0,0,0,0,0,0,0,0,0,0.0984645,-0.6474,0.17002,1.02606,0.0602161,0.283829,-0.0985982,1.80199,0.340795,1.78861,0.037732,-0.0292028,0.134632,0.0798868,0
687.351,0.275419,0.0694525,-0.140783,-1.75515,0.0852768,1.70846,0.967223,0.990087,-0.0602254,-0.126814,0,-0.0671007,-0.99645,-0.0506566,0,-0.123316,0.0586649,-0.990632,0,0.552358,0.0926189,0.407681,1,0.27543,0.069416,-0.140781,-1.75511,0.0852851,1.70846,0.967222,0.00117449,-0.000127848,0.000840247,-0.00141025,6.67281e-05,-0.00064111,-0.000586443,0,0,0,0,0,0,0,0.0454774,-32.4463,-0.0616905,23.4959,0.889061,2.343,-0.0902222,0,0,0,0,0,0,0,0,0,0,0,0,0,0,0,0,0,0,0,0,0,0,0,0,0,0,0.107293,-0.638484,0.172597,1.02517,0.0603458,0.284414,-0.0968672,1.82244,0.357072,1.7839,0.0270196,-0.014652,0.140499,0.0798868,0
687.385,0.275415,0.0694525,-0.140781,-1.75515,0.0852758,1.70846,0.96723,0.990087,-0.0602338,-0.126812,0,-0.0671089,-0.996449,-0.0506554,0,-0.123313,0.0586646,-0.990632,0,0.552358,0.0926178,0.407681,1,0.27543,0.069416,-0.140781,-1.75511,0.0852851,1.70846,0.967222,-7.65267e-05,-0.000265385,0.00130113,-0.00154042,-0.000364691,9.11743e-05,0.00223598,0,0,0,0,0,0,0,0.116888,-32.4463,-0.0973961,23.4959,0.898217,2.32286,-0.149731,0,0,0,0,0,0,0,0,0,0,0,0,0,0,0,0,0,0,0,0,0,0,0,0,0,0,0.106605,-0.64527,0.178857,1.02202,0.0593505,0.283245,-0.0970985,1.78794,0.356247,1.78017,0.0265588,-0.0333703,0.143313,0.0798868,0
687.419,0.275417,0.0694525,-0.140783,-1.75515,0.0852748,1.70846,0.967223,0.990087,-0.0602267,-0.126812,0,-0.0671017,-0.99645,-0.0506551,0,-0.123313,0.0586634,-0.990632,0,0.552358,0.0926176,0.407681,1,0.27543,0.069416,-0.140781,-1.75511,0.0852851,1.70846,0.967222,0.000505354,-0.000308592,0.00109456,-0.000717362,-0.000769701,0.000170618,-0.000632644,0,0,0,0,0,0,0,0.0811829,-32.4463,-0.0616905,23.4959,0.907372,2.32286,-0.0902222,0,0,0,0,0,0,0,0,0,0,0,0,0,0,0,0,0,0,0,0,0,0,0,0,0,0,0.1034,-0.63212,0.175054,1.01463,0.0591004,0.281433,-0.100859,1.80531,0.345785,1.76485,0.0322209,-0.0133105,0.139613,0.0798868,0
687.453,0.275417,0.069455,-0.140783,-1.75514,0.0852758,1.70846,0.967223,0.990088,-0.060227,-0.126806,0,-0.067102,-0.99645,-0.0506568,0,-0.123308,0.0586648,-0.990633,0,0.55236,0.0926181,0.407683,1,0.27543,0.069416,-0.140781,-1.75511,0.0852851,1.70846,0.967222,0.000441487,0.00128991,0.00138623,0.00121368,-0.00012242,-7.33779e-05,-9.43311e-05,0,0,0,0,0,0,0,0.0811829,-32.482,-0.0616905,23.3808,0.898217,2.32286,-0.0902222,0,0,0,0,0,0,0,0,0,0,0,0,0,0,0,0,0,0,0,0,0,0,0,0,0,0,0.0360829,-0.639478,0.111517,1.0183,0.0585705,0.281437,-0.104138,1.83001,0.227758,1.7766,0.104617,-0.0033749,0.072967,0.0798868,0
687.487,0.275414,0.0694525,-0.140783,-1.75514,0.0852779,1.70846,0.967209,0.990088,-0.0602163,-0.12681,0,-0.0670917,-0.99645,-0.0506601,0,-0.123312,0.058667,-0.990632,0,0.552359,0.0926165,0.407682,1,0.27543,0.069416,-0.140781,-1.75511,0.0852851,1.70846,0.967222,-7.15648e-05,0.000555274,-0.000147615,-0.000113795,0.000349604,-0.000331834,-0.00460547,0,0,0,0,0,0,0,0.116888,-32.4463,-0.0616905,23.4562,0.879906,2.33293,0.00957027,0,0,0,0,0,0,0,0,0,0,0,0,0,0,0,0,0,0,0,0,0,0,0,0,0,0,0.101108,-0.641747,0.16572,1.02333,0.0599791,0.281483,-0.102259,1.81291,0.334509,1.78662,0.0415125,-0.0192547,0.133757,0.0798868,0
687.521,0.275415,0.0694525,-0.140783,-1.75514,0.0852779,1.70846,0.967224,0.990087,-0.0602308,-0.126809,0,-0.0671062,-0.996449,-0.0506585,0,-0.12331,0.0586671,-0.990632,0,0.552359,0.0926169,0.407683,1,0.27543,0.069416,-0.140781,-1.75511,0.0852851,1.70846,0.967222,-0.000436317,0.000115341,4.22715e-05,0.00230892,0.000605638,-0.0056713,-0.000197258,0,0,0,0,0,0,0,0.116888,-32.4463,-0.0616905,23.4205,0.879906,2.343,-0.100293,0,0,0,0,0,0,0,0,0,0,0,0,0,0,0,0,0,0,0,0,0,0,0,0,0,0,0.0915432,-0.584622,0.156827,0.978013,0.0584651,0.278747,-0.100829,1.81927,0.321702,1.67879,0.0393503,0.0403962,0.124177,0.0798868,0
687.555,0.275415,0.0694525,-0.140783,-1.75514,0.0852768,1.70846,0.967225,0.990087,-0.0602314,-0.126807,0,-0.0671065,-0.996449,-0.0506578,0,-0.123308,0.0586664,-0.990633,0,0.55236,0.0926168,0.407683,1,0.27543,0.069416,-0.140781,-1.75511,0.0852851,1.70846,0.967222,-0.000287994,-3.39234e-06,0.000396197,0.000108627,3.39035e-08,0.000130718,5.22669e-05,0,0,0,0,0,0,0,0.116888,-32.4463,-0.0616905,23.4205,0.889061,2.32286,-0.110364,0,0,0,0,0,0,0,0,0,0,0,0,0,0,0,0,0,0,0,0,0,0,0,0,0,0,0.121121,-0.644295,0.189124,1.02558,0.0607717,0.28334,-0.0960877,1.79903,0.381738,1.78788,0.0127002,-0.0302015,0.155943,0.0798868,0
687.589,0.275415,0.0694472,-0.140783,-1.75514,0.0852779,1.70846,0.967228,0.990088,-0.060234,-0.126801,0,-0.0671092,-0.996449,-0.0506605,0,-0.123302,0.058669,-0.990633,0,0.55236,0.0926169,0.407686,1,0.27543,0.069416,-0.140781,-1.75511,0.0852851,1.70846,0.967222,-0.000558214,-0.00182488,0.000271327,0.000690747,0.000189289,0.000557119,0.000448686,0,0,0,0,0,0,0,0.116888,-32.3709,-0.0616905,23.4205,0.879906,2.31279,-0.12959,0,0,0,0,0,0,0,0,0,0,0,0,0,0,0,0,0,0,0,0,0,0,0,0,0,0,0.0704259,-0.64058,0.140417,1.01572,0.0568893,0.285306,-0.0978772,1.79331,0.290039,1.7609,0.0629773,-0.022673,0.105424,0.0798868,0
687.623,0.275412,0.0694525,-0.140783,-1.75514,0.0852779,1.70846,0.967228,0.990087,-0.0602369,-0.126807,0,-0.0671121,-0.996449,-0.0506585,0,-0.123308,0.0586677,-0.990633,0,0.55236,0.0926154,0.407683,1,0.27543,0.069416,-0.140781,-1.75511,0.0852851,1.70846,0.967222,-0.00125761,-6.3925e-05,0.000814636,0.000353378,2.18113e-05,0.000142411,0.000898156,0,0,0,0,0,0,0,0.156561,-32.4463,-0.0616905,23.4205,0.879906,2.32286,-0.12959,0,0,0,0,0,0,0,0,0,0,0,0,0,0,0,0,0,0,0,0,0,0,0,0,0,0,0.0957521,-0.645153,0.164563,1.02606,0.0582686,0.284536,-0.0983318,1.80947,0.335009,1.78686,0.0390298,-0.0245742,0.130563,0.0798868,0
687.657,0.275417,0.0694525,-0.140786,-1.75514,0.0852758,1.70846,0.967224,0.990087,-0.0602309,-0.126807,0,-0.0671059,-0.996449,-0.0506568,0,-0.123308,0.0586652,-0.990633,0,0.55236,0.0926165,0.407683,1,0.27543,0.069416,-0.140781,-1.75511,0.0852851,1.70846,0.967222,0.000487906,-0.000300959,-0.000100695,-0.000131478,-0.000258911,-0.000103279,-0.0010577,0,0,0,0,0,0,0,0.0811829,-32.4463,-0.0220177,23.4205,0.898217,2.32286,-0.100293,0,0,0,0,0,0,0,0,0,0,0,0,0,0,0,0,0,0,0,0,0,0,0,0,0,0,0.100616,-0.648266,0.167379,1.01629,0.0581793,0.283299,-0.0976948,1.75921,0.336169,1.76713,0.0365893,-0.0451436,0.134535,0.0798868,0
687.691,0.275415,0.0694525,-0.140786,-1.75515,0.0852779,1.70846,0.967216,0.990087,-0.0602255,-0.126814,0,-0.0671011,-0.99645,-0.0506583,0,-0.123315,0.0586666,-0.990632,0,0.552358,0.0926152,0.407681,1,0.27543,0.069416,-0.140781,-1.75511,0.0852851,1.70846,0.967222,-0.00073757,-0.000216508,-0.000450544,-0.00128357,0.000415621,-0.000730299,-0.00262801,0,0,0,0,0,0,0,0.116888,-32.4463,-0.0220177,23.4959,0.879906,2.343,-0.0297974,0,0,0,0,0,0,0,0,0,0,0,0,0,0,0,0,0,0,0,0,0,0,0,0,0,0,0.0951001,-0.654196,0.170444,1.02884,0.0603752,0.282279,-0.0972615,1.79316,0.338832,1.80032,0.039551,-0.0388529,0.133155,0.0798868,0
687.725,0.27541,0.0694525,-0.140786,-1.75514,0.0852811,1.70846,0.967231,0.990086,-0.0602454,-0.12681,0,-0.0671211,-0.996448,-0.0506605,0,-0.12331,0.0586711,-0.990632,0,0.55236,0.0926131,0.407683,1,0.27543,0.069416,-0.140781,-1.75511,0.0852851,1.70846,0.967222,-0.00254293,0.000278973,0.000326319,0.000439037,0.000161273,-0.000495335,0.00276854,0,0,0,0,0,0,0,0.192267,-32.4463,-0.0220177,23.4205,0.879906,2.343,-0.159802,0,0,0,0,0,0,0,0,0,0,0,0,0,0,0,0,0,0,0,0,0,0,0,0,0,0,0.0953186,-0.634798,0.174262,1.01841,0.0608864,0.282971,-0.0992368,1.81298,0.341811,1.77073,0.0368173,-0.0125753,0.135006,0.0798868,0
687.759,0.275422,0.0694525,-0.140786,-1.75514,0.0852789,1.70846,0.967225,0.990088,-0.0602273,-0.126806,0,-0.0671026,-0.996449,-0.0506597,0,-0.123308,0.0586678,-0.990633,0,0.55236,0.0926199,0.407684,1,0.27543,0.069416,-0.140781,-1.75511,0.0852851,1.70846,0.967222,0.00160048,0.000674677,-0.00160055,0.00195556,0.000848456,-0.000208111,0.00052451,0,0,0,0,0,0,0,0.00977179,-32.4463,-0.0220177,23.3808,0.870751,2.33293,-0.110364,0,0,0,0,0,0,0,0,0,0,0,0,0,0,0,0,0,0,0,0,0,0,0,0,0,0,0.0951548,-0.627486,0.166912,1.01496,0.0617649,0.281984,-0.0953714,1.82329,0.343721,1.76481,0.0347009,-0.00200658,0.131292,0.0798868,0
687.793,0.27542,0.0694525,-0.140788,-1.75514,0.0852758,1.70846,0.967223,0.990087,-0.0602301,-0.126808,0,-0.0671051,-0.996449,-0.0506564,0,-0.123309,0.0586649,-0.990633,0,0.55236,0.0926164,0.407682,1,0.27543,0.069416,-0.140781,-1.75511,0.0852851,1.70846,0.967222,0.00116402,0.000277958,-0.00135402,-0.000563642,-0.000246728,0.000588913,0.000879838,0,0,0,0,0,0,0,0.0454774,-32.4463,0.0136879,23.4562,0.898217,2.31279,-0.120435,0,0,0,0,0,0,0,0,0,0,0,0,0,0,0,0,0,0,0,0,0,0,0,0,0,0,0.106623,-0.619065,0.170596,1.01135,0.0595622,0.281725,-0.0958054,1.83117,0.357514,1.75548,0.0232802,0.00740374,0.139111,0.0798868,0
687.827,0.275412,0.0694472,-0.140791,-1.75514,0.0852758,1.70846,0.967222,0.990088,-0.0602389,-0.126802,0,-0.0671138,-0.996449,-0.0506584,0,-0.123302,0.0586676,-0.990633,0,0.55236,0.0926106,0.407685,1,0.27543,0.069416,-0.140781,-1.75511,0.0852851,1.70846,0.967222,-0.00111102,-0.00136928,-0.00124316,0.000118915,-2.87768e-05,0.000628065,-0.000920418,0,0,0,0,0,0,0,0.156561,-32.3709,0.0493934,23.4562,0.898217,2.31279,-0.0801514,0,0,0,0,0,0,0,0,0,0,0,0,0,0,0,0,0,0,0,0,0,0,0,0,0,0,0.094638,-0.626601,0.173315,1.01672,0.0597149,0.281779,-0.0927244,1.83013,0.353653,1.76987,0.026567,-0.00013355,0.134348,0.0798868,0
687.861,0.275417,0.0694525,-0.140781,-1.75514,0.0852768,1.70846,0.967223,0.990088,-0.0602248,-0.126808,0,-0.0671,-0.99645,-0.0506579,0,-0.12331,0.0586657,-0.990633,0,0.552359,0.0926195,0.407682,1,0.27543,0.069416,-0.140781,-1.75511,0.0852851,1.70846,0.967222,-0.0002374,-1.29545e-05,0.000513444,-0.000541114,-5.61628e-05,0.000538166,-4.62427e-05,0,0,0,0,0,0,0,0.0811829,-32.4463,-0.0973961,23.4562,0.889061,2.31279,-0.0902222,0,0,0,0,0,0,0,0,0,0,0,0,0,0,0,0,0,0,0,0,0,0,0,0,0,0,0.0993523,-0.640318,0.177294,1.01825,0.0600731,0.283083,-0.0954566,1.7907,0.351543,1.7714,0.0292614,-0.0269604,0.138766,0.0798868,0
687.895,0.27542,0.069455,-0.140783,-1.75514,0.0852758,1.70846,0.967227,0.990087,-0.060228,-0.126813,0,-0.0671031,-0.99645,-0.0506551,0,-0.123314,0.0586637,-0.990632,0,0.552359,0.0926193,0.407681,1,0.27543,0.069416,-0.140781,-1.75511,0.0852851,1.70846,0.967222,0.00092322,0.00122951,-0.000582841,-0.000543851,-0.000447155,9.17874e-05,0.00110447,0,0,0,0,0,0,0,0.0454774,-32.482,-0.0616905,23.4562,0.898217,2.33293,-0.120435,0,0,0,0,0,0,0,0,0,0,0,0,0,0,0,0,0,0,0,0,0,0,0,0,0,0,0.0779809,-0.648777,0.132015,1.02341,0.0576298,0.286615,-0.0967915,1.79597,0.292587,1.77712,0.0625719,-0.0302515,0.10521,0.0798868,0
687.929,0.275415,0.069455,-0.140788,-1.75514,0.0852758,1.70846,0.967229,0.990087,-0.06024,-0.126809,0,-0.0671149,-0.996449,-0.0506552,0,-0.12331,0.058665,-0.990633,0,0.552361,0.092614,0.407682,1,0.27543,0.069416,-0.140781,-1.75511,0.0852851,1.70846,0.967222,0.00106367,0.00136168,-0.000938056,0.000646664,-0.000200887,0.000151459,0.00231128,0,0,0,0,0,0,0,0.0811829,-32.482,0.0136879,23.4205,0.898217,2.32286,-0.139661,0,0,0,0,0,0,0,0,0,0,0,0,0,0,0,0,0,0,0,0,0,0,0,0,0,0,0.113435,-0.634206,0.166056,1.0177,0.0586644,0.284729,-0.0969069,1.80468,0.35485,1.76485,0.0249114,-0.0169987,0.14047,0.0798868,0
687.963,0.27541,0.0694525,-0.140783,-1.75514,0.0852768,1.70846,0.967227,0.990087,-0.0602389,-0.126807,0,-0.067114,-0.996449,-0.0506575,0,-0.123308,0.058667,-0.990633,0,0.55236,0.0926139,0.407683,1,0.27543,0.069416,-0.140781,-1.75511,0.0852851,1.70846,0.967222,-0.00213917,0.000688873,0.000488736,0.000669469,2.21976e-05,-0.000807455,0.00182365,0,0,0,0,0,0,0,0.192267,-32.4463,-0.0616905,23.4205,0.889061,2.35216,-0.12959,0,0,0,0,0,0,0,0,0,0,0,0,0,0,0,0,0,0,0,0,0,0,0,0,0,0,0.107901,-0.619407,0.18118,1.01518,0.0616789,0.284472,-0.0969237,1.84195,0.367652,1.7572,0.020328,0.0108129,0.144952,0.0798861,0
687.997,0.275415,0.0694497,-0.140786,-1.75514,0.0852779,1.70846,0.967221,0.990087,-0.0602302,-0.126809,0,-0.0671056,-0.996449,-0.0506592,0,-0.12331,0.0586677,-0.990633,0,0.552359,0.0926153,0.407683,1,0.27543,0.069416,-0.140781,-1.75511,0.0852851,1.70846,0.967222,6.22762e-05,-0.000631985,-0.000748869,3.17768e-05,0.00041555,-0.000451392,-0.00172848,0,0,0,0,0,0,0,0.116888,-32.4067,-0.0220177,23.4562,0.879906,2.343,-0.0700806,0,0,0,0,0,0,0,0,0,0,0,0,0,0,0,0,0,0,0,0,0,0,0,0,0,0,0.0979344,-0.640764,0.166397,1.02601,0.0595628,0.286554,-0.101703,1.82262,0.33504,1.78034,0.0408824,-0.0151039,0.132473,0.0798861,0
688.031,0.275415,0.0694525,-0.140788,-1.75514,0.0852768,1.70846,0.967224,0.990087,-0.060236,-0.126808,0,-0.0671111,-0.996449,-0.0506574,0,-0.123309,0.0586666,-0.990633,0,0.55236,0.0926139,0.407683,1,0.27543,0.069416,-0.140781,-1.75511,0.0852851,1.70846,0.967222,0.000518629,-8.5512e-05,0.000162927,-0.000121198,0.00710528,-0.00044842,-0.000209773,0,0,0,0,0,0,0,0.116888,-32.4463,0.0136879,23.4205,0.889061,2.33293,-0.100293,0,0,0,0,0,0,0,0,0,0,0,0,0,0,0,0,0,0,0,0,0,0,0,0,0,0,0.115751,-0.642017,0.19545,1.0197,0.060266,0.283568,-0.102937,1.78604,0.368403,1.77182,0.0213851,-0.0309049,0.156143,0.0798861,0
688.065,0.275414,0.0694525,-0.140783,-1.75514,0.0852768,1.70846,0.967226,0.990087,-0.0602333,-0.126811,0,-0.0671085,-0.996449,-0.050657,0,-0.123311,0.058666,-0.990632,0,0.552359,0.0926163,0.407682,1,0.27543,0.069416,-0.140781,-1.75511,0.0852851,1.70846,0.967222,-0.000374685,0.000825902,0.000118035,-0.000145996,0.000221667,0.000490642,0.00177547,0,0,0,0,0,0,0,0.116888,-32.4463,-0.0616905,23.4562,0.889061,2.33293,-0.120435,0,0,0,0,0,0,0,0,0,0,0,0,0,0,0,0,0,0,0,0,0,0,0,0,0,0,0.106215,-0.623679,0.195327,1.00444,0.0600163,0.280664,-0.101244,1.78788,0.362349,1.74086,0.022179,-0.0115356,0.151087,0.0798861,0
688.099,0.275415,0.0694497,-0.140783,-1.75514,0.085277,1.70846,0.96722,0.990088,-0.0602264,-0.126807,0,-0.0671016,-0.99645,-0.050659,0,-0.123308,0.0586669,-0.990633,0,0.552359,0.0926167,0.407684,1,0.27543,0.069416,-0.140781,-1.75511,0.0852851,1.70846,0.967222,0.000122649,-0.00104287,0.00121563,0.00400292,0.000205768,-0.000148073,-0.00142542,0,0,0,0,0,0,0,0.116888,-32.4067,-0.0616905,23.4562,0.889061,2.32286,-0.0700806,0,0,0,0,0,0,0,0,0,0,0,0,0,0,0,0,0,0,0,0,0,0,0,0,0,0,0.123255,-0.621209,0.198192,1.00445,0.0602003,0.282508,-0.0986321,1.78739,0.385441,1.736,0.00706486,-0.0113042,0.161425,0.0798861,0
688.133,0.275413,0.0694497,-0.140788,-1.75514,0.0852779,1.70846,0.967232,0.990087,-0.0602458,-0.126802,0,-0.0671208,-0.996448,-0.0506591,0,-0.123302,0.0586691,-0.990633,0,0.552361,0.092613,0.407686,1,0.27543,0.069416,-0.140781,-1.75511,0.0852851,1.70846,0.967222,-0.000205242,-0.000185829,0.000454665,0.000934718,0.000583173,0.00014013,0.00355829,0,0,0,0,0,0,0,0.116888,-32.4067,0.0136879,23.3808,0.879906,2.32286,-0.169873,0,0,0,0,0,0,0,0,0,0,0,0,0,0,0,0,0,0,0,0,0,0,0,0,0,0,0.119061,-0.638725,0.205443,1.02244,0.0608462,0.283771,-0.0941567,1.80038,0.396937,1.77869,0.00321611,-0.0251222,0.163011,0.0798861,0
688.167,0.275411,0.0694525,-0.140786,-1.75515,0.0852779,1.70846,0.967215,0.990087,-0.0602274,-0.126813,0,-0.0671029,-0.99645,-0.0506587,0,-0.123314,0.0586671,-0.990632,0,0.552359,0.0926133,0.407681,1,0.27543,0.069416,-0.140781,-1.75511,0.0852851,1.70846,0.967222,0.000254588,5.46904e-05,0.00146974,-0.000481943,0.000332264,0.000298047,-0.00199906,0,0,0,0,0,0,0,0.156561,-32.4463,-0.0220177,23.4959,0.879906,2.33293,-0.049939,0,0,0,0,0,0,0,0,0,0,0,0,0,0,0,0,0,0,0,0,0,0,0,0,0,0,0.126676,-0.650363,0.226009,1.02955,0.0586382,0.286408,-0.0957729,1.78311,0.415918,1.78982,-0.00833755,-0.0443707,0.177314,0.0798861,0
688.201,0.27542,0.0694497,-0.140775,-1.75514,0.0852789,1.70845,0.967227,0.990088,-0.0602202,-0.126806,0,-0.0670955,-0.99645,-0.050661,0,-0.123307,0.0586681,-0.990633,0,0.552358,0.0926242,0.407686,1,0.27543,0.069416,-0.140781,-1.75511,0.0852851,1.70846,0.967222,0.00179259,-0.000717476,0.00191774,0.00147553,0.000493756,-0.000299014,0.00107226,0,0,0,0,0,0,0,0.0454774,-32.4067,-0.172775,23.3808,0.870751,2.35216,-0.120435,0,0,0,0,0,0,0,0,0,0,0,0,0,0,0,0,0,0,0,0,0,0,0,0,0,0,0.108389,-0.647086,0.210584,1.0393,0.0544271,0.294082,-0.0945035,1.83179,0.395249,1.79445,0.000809308,-0.0240974,0.160294,0.0798861,0
688.235,0.275477,0.0694525,-0.140725,-1.75514,0.0852818,1.70846,0.967224,0.990094,-0.0601115,-0.126809,0,-0.066987,-0.996457,-0.0506666,0,-0.123316,0.0586604,-0.990632,0,0.552349,0.092684,0.407684,1,0.27543,0.069416,-0.140781,-1.75511,0.0852851,1.70846,0.967222,0.00213058,0.000566437,0.00195862,-6.21232e-05,0.000350058,-0.000303208,0.000442989,0,0,0,0,0,0,0,-0.676569,-32.4463,-0.847213,23.3808,0.8442,2.343,-0.100293,0,0,0,0,0,0,0,0,0,0,0,0,0,0,0,0,0,0,0,0,0,0,0,0,0,0,-0.111623,-0.635355,-0.0609811,1.009,0.0400741,0.296237,-0.101337,1.8609,-0.0441988,1.72471,0.246506,0.0255581,-0.0889705,0.0798861,0
688.269,0.275502,0.0694497,-0.140709,-1.75514,0.0852799,1.70846,0.967219,0.990098,-0.0600654,-0.126802,0,-0.0669404,-0.99646,-0.0506682,0,-0.123312,0.0586558,-0.990633,0,0.552346,0.092706,0.407687,1,0.27543,0.069416,-0.140781,-1.75511,0.0852851,1.70846,0.967222,-0.00140722,0.000284499,-0.00126483,0.00186386,-0.000390898,0.000116769,-0.00182042,0,0,0,0,0,0,0,-0.712274,-32.4067,-0.847213,23.3451,0.861596,2.33293,-0.049939,0,0,0,0,0,0,0,0,0,0,0,0,0,0,0,0,0,0,0,0,0,0,0,0,0,0,-0.363054,-0.55804,-0.328026,0.939444,0.0316854,0.286769,-0.098591,1.95838,-0.483794,1.58395,0.490479,0.165818,-0.352587,0.0798861,0
688.303,0.275412,0.0694497,-0.140794,-1.75514,0.0852748,1.70846,0.967225,0.990087,-0.0602443,-0.126805,0,-0.0671192,-0.996449,-0.0506559,0,-0.123305,0.0586659,-0.990633,0,0.552361,0.092609,0.407685,1,0.27543,0.069416,-0.140781,-1.75511,0.0852851,1.70846,0.967222,-0.00284376,3.37419e-05,-0.00211021,-0.000615019,0.000110951,0.000126273,0.000491443,0,0,0,0,0,0,0,0.335089,-32.4067,0.235856,23.4205,0.907372,2.33293,-0.110364,0,0,0,0,0,0,0,0,0,0,0,0,0,0,0,0,0,0,0,0,0,0,0,0,0,0,-0.23421,-0.60704,-0.13625,0.983781,0.0437171,0.291211,-0.0958469,1.90407,-0.205855,1.67836,0.343877,0.0818715,-0.190256,0.0798861,0
688.337,0.275394,0.0694472,-0.140803,-1.75514,0.0852758,1.70846,0.967227,0.990086,-0.060273,-0.126799,0,-0.0671479,-0.996447,-0.0506577,0,-0.123297,0.0586709,-0.990634,0,0.552364,0.0925942,0.407687,1,0.27543,0.069416,-0.140781,-1.75511,0.0852851,1.70846,0.967222,0.000240957,-0.000828652,0.00101757,0.000408586,0.000126995,-0.000114282,0.00103177,0,0,0,0,0,0,0,0.370795,-32.3709,0.275529,23.3808,0.898217,2.32286,-0.120435,0,0,0,0,0,0,0,0,0,0,0,0,0,0,0,0,0,0,0,0,0,0,0,0,0,0,-0.0129228,-0.619367,0.118189,0.9867,0.0582911,0.288842,-0.0954413,1.76982,0.1959,1.6828,0.11775,-0.00154186,0.0509885,0.0798861,0
688.371,0.275401,0.0694497,-0.140794,-1.75514,0.0852748,1.70846,0.967223,0.990087,-0.0602529,-0.126799,0,-0.0671276,-0.996448,-0.0506574,0,-0.123298,0.0586681,-0.990634,0,0.552363,0.0926034,0.407687,1,0.27543,0.069416,-0.140781,-1.75511,0.0852851,1.70846,0.967222,0.000577337,0.00016176,0.000356414,0.000499512,0.000274766,-0.000487242,-0.000444476,0,0,0,0,0,0,0,0.263678,-32.4067,0.164445,23.3451,0.907372,2.32286,-0.0902222,0,0,0,0,0,0,0,0,0,0,0,0,0,0,0,0,0,0,0,0,0,0,0,0,0,0,0.206606,-0.601604,0.31945,0.979629,0.0709728,0.284342,-0.0977467,1.70477,0.556376,1.66538,-0.0886519,-0.0292183,0.264697,0.0798861,0
688.405,0.275422,0.0694472,-0.140766,-1.75514,0.0852779,1.70846,0.967221,0.99009,-0.0602033,-0.1268,0,-0.0670784,-0.996451,-0.0506628,0,-0.123302,0.0586674,-0.990634,0,0.552358,0.0926302,0.407688,1,0.27543,0.069416,-0.140781,-1.75511,0.0852851,1.70846,0.967222,0.00136912,-6.03596e-05,0.00123591,-0.000191721,0.00049426,-0.00109799,0.000304886,0,0,0,0,0,0,0,-0.0259338,-32.3709,-0.212447,23.3451,0.879906,2.343,-0.100293,0,0,0,0,0,0,0,0,0,0,0,0,0,0,0,0,0,0,0,0,0,0,0,0,0,0,0.184896,-0.613156,0.249912,0.950482,0.0710846,0.275678,-0.0988098,1.57932,0.458972,1.62092,-0.0352008,-0.0773272,0.218805,0.0798861,0
688.439,0.275428,0.0694497,-0.140763,-1.75514,0.0852768,1.70846,0.967226,0.99009,-0.0601986,-0.126802,0,-0.0670736,-0.996451,-0.0506606,0,-0.123305,0.0586647,-0.990633,0,0.552357,0.0926351,0.407686,1,0.27543,0.069416,-0.140781,-1.75511,0.0852851,1.70846,0.967222,-0.000716461,-0.00112621,-0.000577523,-0.000315492,7.33018e-05,-5.55902e-05,3.83671e-06,0,0,0,0,0,0,0,-0.0259338,-32.4067,-0.212447,23.3808,0.889061,2.32286,-0.110364,0,0,0,0,0,0,0,0,0,0,0,0,0,0,0,0,0,0,0,0,0,0,0,0,0,0,0.114227,-0.600816,0.138777,0.94719,0.0679481,0.275092,-0.0967964,1.64607,0.312957,1.61699,0.047061,-0.0329853,0.126844,0.0798861,0
688.473,0.2754,0.0694497,-0.1408,-1.75514,0.0852738,1.70846,0.967226,0.990086,-0.0602636,-0.126802,0,-0.0671383,-0.996447,-0.0506551,0,-0.123301,0.0586673,-0.990634,0,0.552363,0.0925983,0.407686,1,0.27543,0.069416,-0.140781,-1.75511,0.0852851,1.70846,0.967222,-0.001302,-6.31281e-05,-0.00113969,-9.20933e-05,-0.000757466,-0.000538306,0.00063898,0,0,0,0,0,0,0,0.335089,-32.4067,0.275529,23.3808,0.916527,2.33293,-0.110364,0,0,0,0,0,0,0,0,0,0,0,0,0,0,0,0,0,0,0,0,0,0,0,0,0,0,0.120698,-0.612416,0.18818,0.954162,0.0661929,0.276375,-0.099377,1.62499,0.352271,1.63048,0.0250907,-0.0543423,0.154863,0.0798861,0
688.507,0.275399,0.0694497,-0.14079,-1.75514,0.0852748,1.70846,0.96723,0.990087,-0.0602586,-0.1268,0,-0.0671334,-0.996448,-0.0506565,0,-0.1233,0.058668,-0.990634,0,0.552363,0.0926038,0.407686,1,0.27543,0.069416,-0.140781,-1.75511,0.0852851,1.70846,0.967222,-0.000143533,-0.000309726,0.00126263,0.000784013,-0.000613345,0.000657209,0.00283783,0,0,0,0,0,0,0,0.299384,-32.4067,0.124772,23.3808,0.907372,2.31279,-0.149731,0,0,0,0,0,0,0,0,0,0,0,0,0,0,0,0,0,0,0,0,0,0,0,0,0,0,0.162125,-0.61351,0.277584,0.957849,0.0655452,0.277692,-0.0947708,1.6031,0.47004,1.63442,-0.0453412,-0.0713351,0.221043,0.0798861,0
688.541,0.27543,0.0694472,-0.140762,-1.75514,0.0852799,1.70846,0.967226,0.99009,-0.0601956,-0.126802,0,-0.0670709,-0.996451,-0.0506642,0,-0.123304,0.058668,-0.990633,0,0.552356,0.0926375,0.407687,1,0.27543,0.069416,-0.140781,-1.75511,0.0852851,1.70846,0.967222,0.0016607,-0.000728163,0.00040864,0.000889693,-2.44887e-05,-0.000169198,0.000748855,0,0,0,0,0,0,0,-0.0973449,-32.3709,-0.248153,23.3808,0.861596,2.36223,-0.120435,0,0,0,0,0,0,0,0,0,0,0,0,0,0,0,0,0,0,0,0,0,0,0,0,0,0,0.151037,-0.6092,0.214855,0.972055,0.0587733,0.287664,-0.0974296,1.67884,0.413827,1.64389,-0.017874,-0.0394197,0.1842,0.0798861,0
688.575,0.275433,0.0694525,-0.140755,-1.75514,0.0852789,1.70845,0.967225,0.990089,-0.0601858,-0.126813,0,-0.0670614,-0.996452,-0.0506606,0,-0.123317,0.0586639,-0.990632,0,0.552354,0.0926424,0.407683,1,0.27543,0.069416,-0.140781,-1.75511,0.0852851,1.70846,0.967222,-0.00053508,0.00149375,0.000790984,0.000285145,-0.000650472,0.000517711,0.000279217,0,0,0,0,0,0,0,-0.0973449,-32.4463,-0.323531,23.4205,0.870751,2.3723,-0.110364,0,0,0,0,0,0,0,0,0,0,0,0,0,0,0,0,0,0,0,0,0,0,0,0,0,0,0.0539654,-0.595752,0.0793224,0.984042,0.0451253,0.317027,-0.100614,1.79455,0.223403,1.60176,0.0826848,0.0233773,0.0666595,0.0798861,0
688.609,0.275426,0.0694497,-0.140768,-1.75514,0.0852799,1.70845,0.967226,0.990089,-0.0602062,-0.126809,0,-0.0670817,-0.996451,-0.050662,0,-0.123311,0.0586676,-0.990632,0,0.552357,0.0926315,0.407685,1,0.27543,0.069416,-0.140781,-1.75511,0.0852851,1.70846,0.967222,-0.00123151,-7.18237e-05,0.000476022,-0.00114596,3.16289e-05,0.000955366,0.000292875,0,0,0,0,0,0,0,0.00977179,-32.4067,-0.172775,23.4205,0.861596,2.35216,-0.110364,0,0,0,0,0,0,0,0,0,0,0,0,0,0,0,0,0,0,0,0,0,0,0,0,0,0,-0.0278716,-0.60992,0.0139971,0.998467,0.0343926,0.329945,-0.0988715,1.82725,0.100343,1.60944,0.148321,0.0265904,-0.00789363,0.0798861,0
688.643,0.275438,0.0694497,-0.140753,-1.75514,0.0852789,1.70845,0.967225,0.990091,-0.060178,-0.126804,0,-0.0670532,-0.996453,-0.0506631,0,-0.123307,0.0586648,-0.990633,0,0.552355,0.0926469,0.407687,1,0.27543,0.069416,-0.140781,-1.75511,0.0852851,1.70846,0.967222,0.00183708,-0.00121708,0.00136005,0.00156806,-0.000272988,0.000132444,0.00111885,0,0,0,0,0,0,0,-0.172723,-32.4067,-0.359237,23.3451,0.870751,2.35216,-0.110364,0,0,0,0,0,0,0,0,0,0,0,0,0,0,0,0,0,0,0,0,0,0,0,0,0,0,-0.0464656,-0.617123,-0.0066855,0.991625,0.0326581,0.325816,-0.0990811,1.78944,0.0596223,1.60533,0.170491,0.00892572,-0.0277707,0.0798861,0
688.677,0.275433,0.0694444,-0.140755,-1.75514,0.0852799,1.70846,0.96722,0.990092,-0.0601802,-0.126796,0,-0.0670555,-0.996452,-0.0506668,0,-0.1233,0.0586683,-0.990634,0,0.552356,0.0926427,0.40769,1,0.27543,0.069416,-0.140781,-1.75511,0.0852851,1.70846,0.967222,-0.000865676,0.000318617,0.000202081,-0.000874382,0.000501585,0.000126111,-0.00191945,0,0,0,0,0,0,0,-0.0973449,-32.3313,-0.323531,23.3451,0.861596,2.33293,-0.0600098,0,0,0,0,0,0,0,0,0,0,0,0,0,0,0,0,0,0,0,0,0,0,0,0,0,0,-0.0823884,-0.593006,-0.0609134,0.95084,0.0344359,0.310503,-0.0990532,1.7384,-0.027106,1.5452,0.217905,0.0221107,-0.073626,0.0798861,0
688.711,0.275433,0.0694311,-0.14075,-1.75512,0.0852789,1.70846,0.967223,0.990095,-0.0601772,-0.126773,0,-0.0670518,-0.996452,-0.0506724,0,-0.123277,0.058672,-0.990636,0,0.552357,0.0926457,0.407702,1,0.27543,0.069416,-0.140781,-1.75511,0.0852851,1.70846,0.967222,-0.00153443,0.000450556,-0.000508001,-0.000902846,-0.000531322,-0.000417091,-0.000592852,0,0,0,0,0,0,0,-0.0973449,-32.1408,-0.39891,23.234,0.870751,2.33293,-0.0902222,0,0,0,0,0,0,0,0,0,0,0,0,0,0,0,0,0,0,0,0,0,0,0,0,0,0,-0.12749,-0.511119,-0.117226,0.88881,0.0315099,0.300013,-0.0967541,1.7823,-0.106895,1.41563,0.251487,0.123721,-0.125335,0.0798868,0
688.745,0.275449,0.0694364,-0.14074,-1.75513,0.0852808,1.70846,0.967231,0.990095,-0.06016,-0.126781,0,-0.0670349,-0.996453,-0.0506717,0,-0.123286,0.0586697,-0.990635,0,0.552355,0.0926602,0.407698,1,0.27543,0.069416,-0.140781,-1.75511,0.0852851,1.70846,0.967222,-0.000245114,-0.00106615,0.000822021,0.000749988,-0.000290224,0.000125723,0.00279986,0,0,0,0,0,0,0,-0.27984,-32.2162,-0.509994,23.2697,0.853356,2.32286,-0.169873,0,0,0,0,0,0,0,0,0,0,0,0,0,0,0,0,0,0,0,0,0,0,0,0,0,0,-0.176422,-0.459688,-0.176555,0.860136,0.0276616,0.293037,-0.0951116,1.86124,-0.189324,1.36065,0.2916,0.20697,-0.180394,0.0798868,0
688.779,0.275444,0.0694417,-0.14075,-1.75513,0.0852818,1.70846,0.96722,0.990094,-0.0601641,-0.126786,0,-0.0670393,-0.996453,-0.0506715,0,-0.12329,0.0586704,-0.990635,0,0.552356,0.0926523,0.407695,1,0.27543,0.069416,-0.140781,-1.75511,0.0852851,1.70846,0.967222,-0.000540965,0.00141904,0.00143863,0.000517967,0.000233824,-0.00043725,-0.00109849,0,0,0,0,0,0,0,-0.208429,-32.2916,-0.39891,23.234,0.8442,2.33293,-0.0700806,0,0,0,0,0,0,0,0,0,0,0,0,0,0,0,0,0,0,0,0,0,0,0,0,0,0,-0.213858,-0.435447,-0.196788,0.845135,0.0263364,0.287289,-0.0946392,1.89775,-0.236155,1.33744,0.31665,0.247074,-0.209979,0.0798868,0
688.813,0.275444,0.0694384,-0.140758,-1.75513,0.0852779,1.70845,0.967217,0.990093,-0.060169,-0.126789,0,-0.0670438,-0.996453,-0.0506673,0,-0.123293,0.0586669,-0.990635,0,0.552355,0.0926468,0.407695,1,0.27543,0.069416,-0.140781,-1.75511,0.0852851,1.70846,0.967222,0.000632859,0.000242239,0.000366787,-0.00152937,-0.000108403,-0.000677512,-0.00243852,0,0,0,0,0,0,0,-0.208429,-32.2559,-0.283859,23.3451,0.879906,2.35216,-0.049939,0,0,0,0,0,0,0,0,0,0,0,0,0,0,0,0,0,0,0,0,0,0,0,0,0,0,-0.20012,-0.446357,-0.142233,0.843156,0.0296225,0.286201,-0.0950573,1.84293,-0.185975,1.33538,0.291262,0.215243,-0.175738,0.0798868,0
688.847,0.275389,0.0694497,-0.140806,-1.75513,0.0852708,1.70846,0.967216,0.990088,-0.0602694,-0.126783,0,-0.0671432,-0.996447,-0.0506566,0,-0.123282,0.0586682,-0.990636,0,0.552369,0.0925897,0.407691,1,0.27543,0.069416,-0.140781,-1.75511,0.0852851,1.70846,0.967222,-0.00301074,0.000121319,-0.00131152,0.00129366,-0.000469553,0.000422204,-0.00110147,0,0,0,0,0,0,0,0.481879,-32.4067,0.350907,23.234,0.943077,2.26335,-0.0297974,0,0,0,0,0,0,0,0,0,0,0,0,0,0,0,0,0,0,0,0,0,0,0,0,0,0,-0.0123937,-0.487886,0.0965421,0.876271,0.0560176,0.28003,-0.0891838,1.75477,0.187601,1.42639,0.0987107,0.123746,0.0401345,0.0798868,0
688.881,0.275377,0.069599,-0.140817,-1.75516,0.0852623,1.70847,0.967204,0.990066,-0.0602856,-0.126949,0,-0.0671615,-0.996449,-0.0505931,0,-0.123451,0.0586178,-0.990618,0,0.552375,0.0925773,0.407593,1,0.27543,0.069416,-0.140781,-1.75511,0.0852851,1.70846,0.967222,-0.00110562,0.00566228,-0.000537689,-0.00119411,-2.60119e-05,2.06454e-05,-0.00246599,0,0,0,0,0,0,0,0.517584,-34.2356,0.461991,23.718,0.978783,2.25328,0.0498535,0,0,0,0,0,0,0,0,0,0,0,0,0,0,0,0,0,0,0,0,0,0,0,0,0,0,0.232441,-1.23001,0.363074,1.08048,0.0920717,0.258871,-0.0594027,0.101617,0.463077,2.05798,0.00897555,-1.19719,0.303056,0.0798868,0
688.917,0.275375,0.069834,-0.140817,-1.75516,0.085253,1.70848,0.9672,0.990038,-0.0602913,-0.12716,0,-0.0671691,-0.996453,-0.0505074,0,-0.123666,0.0585466,-0.990595,0,0.552394,0.0925789,0.407462,1,0.27543,0.069416,-0.140781,-1.75511,0.0852851,1.70846,0.967222,-0.00130244,0.00275544,-0.00051779,0.000811419,-0.000397357,-0.00021463,-0.000253101,0,0,0,0,0,0,0,0.55329,-34.1959,0.461991,23.6823,1.06026,2.19377,0.0791503,0,0,0,0,0,0,0,0,0,0,0,0,0,0,0,0,0,0,0,0,0,0,0,0,0,0,0.416288,-1.96762,0.534753,1.21729,0.15035,0.211737,-0.00480473,-1.75053,0.619437,2.60089,-0.00328563,-2.56924,0.486907,0.0798868,0
688.951,0.27527,0.0698345,-0.140878,-1.75516,0.0852516,1.70848,0.967195,0.990029,-0.0604515,-0.12716,0,-0.0673296,-0.996442,-0.0505022,0,-0.123657,0.0585614,-0.990596,0,0.552409,0.0924872,0.407462,1,0.27543,0.069416,-0.140781,-1.75511,0.0852851,1.70846,0.967222,-0.00370735,-0.00134507,-0.00107042,-0.000131278,-0.000162709,-0.000191689,-0.00190691,0,0,0,0,0,0,0,1.13251,-34.1205,1.06105,23.6823,1.06942,2.20384,0.119434,0,0,0,0,0,0,0,0,0,0,0,0,0,0,0,0,0,0,0,0,0,0,0,0,0,0,0.77123,-1.96675,0.878128,1.13221,0.203544,0.16731,0.0413574,-2.221,1.25453,2.50156,-0.356697,-2.76507,0.841631,0.0798868,0
688.985,0.27516,0.0697947,-0.140906,-1.75513,0.0852446,1.70849,0.967186,0.990032,-0.0605774,-0.127075,0,-0.0674532,-0.996433,-0.0505171,0,-0.123564,0.0585863,-0.990606,0,0.552429,0.0924104,0.407499,1,0.27543,0.069416,-0.140781,-1.75511,0.0852851,1.70846,0.967222,-0.00198522,0.000119622,-0.00422403,0.00108617,-6.63294e-05,0.000558835,-0.00122973,0,0,0,0,0,0,0,1.38642,-33.5889,1.24751,23.2697,1.09689,2.06468,0.189014,0,0,0,0,0,0,0,0,0,0,0,0,0,0,0,0,0,0,0,0,0,0,0,0,0,0,0.99633,-2.01386,1.08038,1.12636,0.231057,0.13951,0.0825635,-2.48439,1.6682,2.56092,-0.588713,-2.92836,1.05957,0.0798868,0
689.019,0.275106,0.0698133,-0.140978,-1.75513,0.085235,1.70851,0.967178,0.990025,-0.0606949,-0.127071,0,-0.0675692,-0.996426,-0.0505014,0,-0.123554,0.0585849,-0.990607,0,0.552447,0.0923401,0.407491,1,0.27543,0.069416,-0.140781,-1.75511,0.0852851,1.70846,0.967222,-0.00252788,0.00156007,-0.00756079,-0.00125012,-0.0002882,0.000622554,-0.000121724,0,0,0,0,0,0,0,1.56495,-33.8547,1.3586,23.2697,1.1509,1.99602,0.229297,0,0,0,0,0,0,0,0,0,0,0,0,0,0,0,0,0,0,0,0,0,0,0,0,0,0,1.28284,-2.00335,1.31738,0.96565,0.268678,0.0490837,0.144623,-3.15924,2.14319,2.40289,-0.875446,-3.17866,1.32657,0.0798868,0
689.053,0.275085,0.0698215,-0.141015,-1.75512,0.0852295,1.70852,0.967167,0.990025,-0.0607407,-0.127052,0,-0.0676137,-0.996423,-0.0504972,0,-0.123533,0.058585,-0.99061,0,0.552458,0.0923083,0.407492,1,0.27543,0.069416,-0.140781,-1.75511,0.0852851,1.70846,0.967222,-0.000344849,6.72927e-05,-0.00163139,0.00122529,-0.000475923,0.000553344,0.000640301,0,0,0,0,0,0,0,1.67603,-33.9698,1.46968,23.119,1.18661,1.91637,0.288806,0,0,0,0,0,0,0,0,0,0,0,0,0,0,0,0,0,0,0,0,0,0,0,0,0,0,1.40972,-2.02331,1.41178,0.834389,0.301644,-0.0175456,0.200287,-3.7588,2.35234,2.26446,-1.0003,-3.41477,1.43978,0.0798868,0
689.087,0.275051,0.0698106,-0.141033,-1.7551,0.0852277,1.70855,0.967162,0.990029,-0.0607879,-0.126995,0,-0.067659,-0.99642,-0.0505075,0,-0.123473,0.0585974,-0.990616,0,0.552473,0.0922805,0.40751,1,0.27543,0.069416,-0.140781,-1.75511,0.0852851,1.70846,0.967222,-0.00175123,-0.000166794,0.000248946,0.00483899,-0.00033908,-0.000196802,-0.000253203,0,0,0,0,0,0,0,1.85456,-33.815,1.54506,22.8214,1.20492,1.83672,0.329089,0,0,0,0,0,0,0,0,0,0,0,0,0,0,0,0,0,0,0,0,0,0,0,0,0,0,1.58405,-2.0471,1.56181,0.709603,0.337589,-0.106739,0.267977,-4.35397,2.67012,2.19824,-1.18788,-3.66083,1.6055,0.0798868,0
689.121,0.275038,0.0698134,-0.141039,-1.75509,0.0852304,1.70855,0.967159,0.99003,-0.0608038,-0.126984,0,-0.067675,-0.996418,-0.0505118,0,-0.123461,0.058603,-0.990618,0,0.552478,0.092271,0.407512,1,0.27543,0.069416,-0.140781,-1.75511,0.0852851,1.70846,0.967222,0.00113404,0.000397949,0.000778883,0.000278172,-6.90523e-05,-0.000168168,-0.00101076,0,0,0,0,0,0,0,1.71174,-33.8547,1.3943,22.7857,1.17745,1.80742,0.348315,0,0,0,0,0,0,0,0,0,0,0,0,0,0,0,0,0,0,0,0,0,0,0,0,0,0,1.71605,-2.0651,1.66991,0.557197,0.363196,-0.178574,0.300461,-5.02313,2.84435,2.01819,-1.29592,-3.91662,1.72784,0.0798868,0
689.155,0.27508,0.0698081,-0.14099,-1.75508,0.0852374,1.70856,0.967156,0.990038,-0.060712,-0.126963,0,-0.0675833,-0.996424,-0.0505274,0,-0.123444,0.0586057,-0.99062,0,0.552473,0.0923228,0.40752,1,0.27543,0.069416,-0.140781,-1.75511,0.0852851,1.70846,0.967222,0.000183679,-0.000436465,0.00216178,0.000377243,0.000679351,-0.000162357,-0.000639042,0,0,0,0,0,0,0,1.23963,-33.7793,0.759537,22.6707,1.11428,1.78728,0.33916,0,0,0,0,0,0,0,0,0,0,0,0,0,0,0,0,0,0,0,0,0,0,0,0,0,0,1.55406,-2.0297,1.44933,0.407898,0.342851,-0.225221,0.315302,-5.39204,2.47821,1.78678,-1.1223,-3.98855,1.53465,0.0798868,0
689.189,0.275095,0.0698027,-0.140984,-1.75508,0.0852376,1.70857,0.967156,0.99004,-0.0606918,-0.126957,0,-0.0675628,-0.996425,-0.0505297,0,-0.123439,0.0586052,-0.99062,0,0.552471,0.0923341,0.407521,1,0.27543,0.069416,-0.140781,-1.75511,0.0852851,1.70846,0.967222,-4.86952e-05,-0.000820445,0.000850679,-0.00248006,2.22343e-05,0.000517199,0.000210216,0,0,0,0,0,0,0,1.13251,-33.704,0.723832,22.7857,1.12344,1.76805,0.33916,0,0,0,0,0,0,0,0,0,0,0,0,0,0,0,0,0,0,0,0,0,0,0,0,0,0,1.37025,-1.96381,1.22726,0.320861,0.314768,-0.250298,0.321228,-5.42538,2.12171,1.64446,-0.951255,-3.91668,1.32929,0.0798868,0
689.223,0.274813,0.070033,-0.141078,-1.755,0.084986,1.70923,0.965307,0.990211,-0.059233,-0.12631,0,-0.066062,-0.996523,-0.0505758,0,-0.122877,0.0584261,-0.990701,0,0.55269,0.092099,0.407468,1,0.275095,0.0698027,-0.140984,-1.75508,0.0852376,1.70857,0.967156,-0.0163425,0.00881657,-0.000204002,0.00565701,-0.00968887,0.0417602,-0.115895,0,0,0,0,0,0,0,0.263678,-32.3313,0.0136879,22.1867,1.04195,1.81749,0.189014,0,0,0,0,0,0,0,0,0,0,0,0,0,0,0,0,0,0,0,0,0,0,0,0,0,0,1.32809,-1.43626,1.20139,0.148655,0.300769,-0.255978,0.310313,-4.40976,2.18074,1.17889,-1.0338,-3.04788,1.29245,0.0798868,0
689.257,0.274236,0.0706553,-0.141097,-1.75482,0.0845152,1.7119,0.958919,0.990863,-0.0535655,-0.123698,0,-0.0602839,-0.996857,-0.051222,0,-0.120568,0.0582121,-0.990997,0,0.553426,0.091751,0.407366,1,0.275095,0.0698027,-0.140984,-1.75508,0.0852376,1.70857,0.967156,-0.0223294,0.025615,-0.000600322,0.00618182,-0.00459179,0.100317,-0.239616,0,0,0,0,0,0,0,0.370795,-32.3709,0.0493934,22.262,0.970543,1.80742,0.158801,0,0,0,0,0,0,0,0,0,0,0,0,0,0,0,0,0,0,0,0,0,0,0,0,0,0,0.823153,-1.32893,0.729292,0.048611,0.242529,-0.258599,0.260879,-4.22427,1.25183,0.948486,-0.53467,-2.82076,0.79548,0.0798868,0
689.291,0.273523,0.0717016,-0.141109,-1.75441,0.0843744,1.71577,0.951068,0.991657,-0.0466841,-0.120072,0,-0.053293,-0.997192,-0.0524295,0,-0.117289,0.0583922,-0.99138,0,0.554509,0.0914345,0.407215,1,0.275095,0.0698027,-0.140984,-1.75508,0.0852376,1.70857,0.967156,-0.0240953,0.0379828,-0.000512128,0.013658,-7.99922e-05,0.125681,-0.211218,0,0,0,0,0,0,0,0.446173,-32.5217,0.0890663,22.1867,0.943077,1.71861,0.199084,0,0,0,0,0,0,0,0,0,0,0,0,0,0,0,0,0,0,0,0,0,0,0,0,0,0,0.563823,-1.10517,0.489758,-0.0963593,0.180835,-0.301072,0.20495,-3.92822,0.742791,0.685257,-0.297943,-2.47053,0.541068,0.0798868,0
689.325,0.272707,0.0732613,-0.141201,-1.75379,0.0843474,1.7211,0.943464,0.9925,-0.0403403,-0.115313,0,-0.0467876,-0.997447,-0.0537615,0,-0.112852,0.0587546,-0.991873,0,0.556008,0.0910832,0.406971,1,0.275095,0.0698027,-0.140984,-1.75508,0.0852376,1.70857,0.967156,-0.0242449,0.0534837,-0.0065255,0.016805,7.31861e-05,0.184562,-0.238285,0,0,0,0,0,0,0,0.446173,-32.482,0.0493934,22.1867,0.970543,1.71861,0.099292,0,0,0,0,0,0,0,0,0,0,0,0,0,0,0,0,0,0,0,0,0,0,0,0,0,0,0.743606,-1.22702,0.637344,-0.0783141,0.179743,-0.329173,0.165935,-4.28032,0.91544,0.805439,-0.387147,-2.72308,0.708032,0.0798868,0
689.359,0.271738,0.0752852,-0.141383,-1.75323,0.0843442,1.72987,0.935034,0.993614,-0.0336339,-0.107614,0,-0.0397805,-0.997657,-0.0554889,0,-0.105498,0.0594167,-0.992643,0,0.558294,0.0906716,0.406671,1,0.275095,0.0698027,-0.140984,-1.75508,0.0852376,1.70857,0.967156,-0.0350104,0.0635577,-0.00141122,0.0134763,-5.40112e-06,0.304346,-0.231151,0,0,0,0,0,0,0,0.335089,-32.5217,-0.0616905,22.2224,0.961388,1.70854,0.0498535,0,0,0,0,0,0,0,0,0,0,0,0,0,0,0,0,0,0,0,0,0,0,0,0,0,0,0.644731,-1.2923,0.506375,-0.0786118,0.169186,-0.378001,0.147827,-4.3855,0.663079,0.943907,-0.237276,-2.80743,0.591848,0.0798868,0
689.392,0.270568,0.0777333,-0.141401,-1.75259,0.0843282,1.74084,0.928052,0.994755,-0.028547,-0.0981252,0,-0.0342703,-0.997768,-0.0571437,0,-0.0962767,0.0602079,-0.993532,0,0.561106,0.0902819,0.406332,1,0.275095,0.0698027,-0.140984,-1.75508,0.0852376,1.70857,0.967156,-0.0378912,0.0850476,-0.000973769,0.0252098,0.000217198,0.346462,-0.206417,0,0,0,0,0,0,0,0.370795,-32.7121,0.0136879,22.262,0.961388,1.74791,0.0791503,0,0,0,0,0,0,0,0,0,0,0,0,0,0,0,0,0,0,0,0,0,0,0,0,0,0,0.51789,-1.24121,0.386438,-0.170449,0.163959,-0.432906,0.116921,-4.46746,0.375988,0.863925,-0.0724422,-2.76214,0.465345,0.0798868,0
689.426,0.269149,0.0807675,-0.141409,-1.75203,0.0842865,1.75483,0.921166,0.99597,-0.0239929,-0.0863012,0,-0.0291376,-0.997832,-0.0588554,0,-0.0847036,0.061134,-0.994529,0,0.564602,0.089805,0.405846,1,0.275095,0.0698027,-0.140984,-1.75508,0.0852376,1.70857,0.967156,-0.0473764,0.096445,0.000723993,0.00821532,-0.000663526,0.429026,-0.200742,0,0,0,0,0,0,0,0.370795,-32.9026,-0.0616905,22.2978,1.0154,1.64903,0.0397827,0,0,0,0,0,0,0,0,0,0,0,0,0,0,0,0,0,0,0,0,0,0,0,0,0,0,0.570132,-1.53676,0.433378,0.136739,0.179786,-0.373954,0.0809233,-4.22171,0.439907,1.48471,-0.0359974,-2.97051,0.516364,0.0798868,0
689.46,0.267435,0.0843141,-0.141437,-1.75165,0.0840589,1.77104,0.915035,0.997115,-0.020625,-0.0729247,0,-0.0250495,-0.997857,-0.0602866,0,-0.0715264,0.0619405,-0.995514,0,0.568593,0.0891443,0.405177,1,0.275095,0.0698027,-0.140984,-1.75508,0.0852376,1.70857,0.967156,-0.058015,0.106839,0.000772668,0.00869903,-0.00886268,0.517933,-0.15354,0,0,0,0,0,0,0,0.335089,-32.9779,-0.0616905,22.2978,0.978783,1.67833,0.168872,0,0,0,0,0,0,0,0,0,0,0,0,0,0,0,0,0,0,0,0,0,0,0,0,0,0,0.73817,-1.40741,0.581121,0.00888548,0.196865,-0.421463,0.0863246,-4.34668,0.709032,1.28873,-0.198694,-2.89774,0.676829,0.0798868,0
689.494,0.265441,0.0883855,-0.141444,-1.75134,0.083761,1.78979,0.911114,0.998126,-0.0198713,-0.0577116,0,-0.0234222,-0.997821,-0.0615177,0,-0.0563646,0.0627554,-0.996436,0,0.573152,0.0883542,0.404399,1,0.275095,0.0698027,-0.140984,-1.75508,0.0852376,1.70857,0.967156,-0.060949,0.129697,-0.0020912,0.00600224,-0.00385919,0.599077,-0.0929937,0,0,0,0,0,0,0,0.335089,-33.1327,0.0136879,22.3374,0.961388,1.71861,0.0397827,0,0,0,0,0,0,0,0,0,0,0,0,0,0,0,0,0,0,0,0,0,0,0,0,0,0,0.749157,-1.49978,0.591183,0.0585733,0.200416,-0.427873,0.0898434,-4.43136,0.723235,1.45121,-0.192049,-3.01795,0.688644,0.0798868,0
689.528,0.263265,0.0929087,-0.141439,-1.75126,0.0836529,1.81025,0.908534,0.99891,-0.0207827,-0.0415584,0,-0.0233713,-0.997743,-0.0628044,0,-0.0401601,0.0637084,-0.99716,0,0.578037,0.0875035,0.403433,1,0.275095,0.0698027,-0.140984,-1.75508,0.0852376,1.70857,0.967156,-0.0643465,0.139127,0.00124764,-0.00060986,0.00134138,0.624255,-0.0682977,0,0,0,0,0,0,0,0.335089,-33.0176,-0.0973961,22.2978,0.933922,1.6884,0.0892211,0,0,0,0,0,0,0,0,0,0,0,0,0,0,0,0,0,0,0,0,0,0,0,0,0,0,0.519609,-1.70246,0.379499,0.219529,0.186739,-0.364658,0.0843237,-4.37346,0.343779,1.7302,0.047547,-3.17718,0.465302,0.0798868,0
689.562,0.261086,0.097942,-0.141433,-1.75108,0.0835259,1.83221,0.906546,0.999444,-0.0223786,-0.0243179,0,-0.0238964,-0.997652,-0.064029,0,-0.0228284,0.0645757,-0.997652,0,0.583269,0.0866551,0.402395,1,0.275095,0.0698027,-0.140984,-1.75508,0.0852376,1.70857,0.967156,-0.0574743,0.148564,-0.00017806,-0.00177133,-0.00149796,0.669539,-0.0520325,0,0,0,0,0,0,0,0.227972,-33.3231,-0.137069,22.4485,0.916527,1.79735,0.0297119,0,0,0,0,0,0,0,0,0,0,0,0,0,0,0,0,0,0,0,0,0,0,0,0,0,0,0.223942,-1.71424,0.114842,0.131356,0.171795,-0.381575,0.0815654,-4.61838,-0.178522,1.60547,0.33315,-3.24047,0.179406,0.0798868,0
689.596,0.259021,0.103309,-0.141454,-1.75102,0.083426,1.85499,0.905668,0.999654,-0.0250511,-0.00677649,0,-0.02544,-0.997539,-0.0651865,0,-0.00512692,0.0653375,-0.99785,0,0.58862,0.0858451,0.401228,1,0.275095,0.0698027,-0.140984,-1.75508,0.0852376,1.70857,0.967156,-0.0631209,0.157034,-0.000693818,0.00465253,-0.00979732,0.663989,-0.00805803,0,0,0,0,0,0,0,0.446173,-33.6643,-0.0220177,22.1113,0.961388,1.74791,0.0196411,0,0,0,0,0,0,0,0,0,0,0,0,0,0,0,0,0,0,0,0,0,0,0,0,0,0,0.348851,-1.45425,0.215691,0.102008,0.168179,-0.342563,0.072548,-3.98767,0.0892948,1.40024,0.162069,-2.78292,0.294015,0.0798868,0
689.63,0.256977,0.10898,-0.141467,-1.75093,0.0832965,1.87779,0.905631,0.999529,-0.0285159,0.0104665,0,-0.0277621,-0.99741,-0.0662138,0,0.0123278,0.0658933,-0.997751,0,0.593956,0.0850211,0.39995,1,0.275095,0.0698027,-0.140984,-1.75508,0.0852376,1.70857,0.967156,-0.0611481,0.166871,-0.00228263,0.000215882,-0.0122785,0.653144,-0.00420361,0,0,0,0,0,0,0,0.481879,-33.9301,0.0493934,22.4485,0.916527,2.1544,0.109363,0,0,0,0,0,0,0,0,0,0,0,0,0,0,0,0,0,0,0,0,0,0,0,0,0,0,0.338171,-1.26207,0.213435,0.147439,0.169154,-0.266677,0.0741365,-3.24968,0.179041,1.28764,0.10909,-2.34405,0.286477,0.0798868,0
689.664,0.254953,0.114934,-0.141492,-1.75088,0.0830325,1.8999,0.905632,0.999123,-0.0319036,0.0267515,0,-0.0300527,-0.997294,-0.0669459,0,0.0288155,0.0660845,-0.997398,0,0.599121,0.0841447,0.398476,1,0.275095,0.0698027,-0.140984,-1.75508,0.0852376,1.70857,0.967156,-0.0553517,0.177635,-0.00244894,0.00154047,-0.00490123,0.638165,-0.000450804,0,0,0,0,0,0,0,0.446173,-34.2356,-0.0973961,22.2978,0.978783,2.12419,0.099292,0,0,0,0,0,0,0,0,0,0,0,0,0,0,0,0,0,0,0,0,0,0,0,0,0,0,0.444473,-1.24486,0.310761,0.129082,0.181042,-0.24426,0.0790993,-3.32641,0.358014,1.20045,0.0134696,-2.36098,0.391038,0.0798868,0
689.698,0.252797,0.121108,-0.141495,-1.75085,0.0827126,1.92126,0.905632,0.998482,-0.0353026,0.0420447,0,-0.0324157,-0.997185,-0.0674681,0,0.044309,0.066004,-0.996835,0,0.604103,0.083157,0.396823,1,0.275095,0.0698027,-0.140984,-1.75508,0.0852376,1.70857,0.967156,-0.0642441,0.176988,0.000768208,-0.00108131,-0.0121425,0.620975,-0.00100934,0,0,0,0,0,0,0,0.335089,-34.5014,-0.212447,22.3731,0.933922,2.17455,0.0892211,0,0,0,0,0,0,0,0,0,0,0,0,0,0,0,0,0,0,0,0,0,0,0,0,0,0,0.475402,-1.05532,0.329999,0.0972296,0.190524,-0.194222,0.0812878,-2.90334,0.460727,0.970493,-0.0473517,-2.0309,0.415725,0.0798868,0
689.732,0.25056,0.127385,-0.141499,-1.75075,0.0822624,1.94139,0.905629,0.997668,-0.0386182,0.0561124,0,-0.0347881,-0.997089,-0.0677007,0,0.0585647,0.065592,-0.996126,0,0.608824,0.0820601,0.395059,1,0.275095,0.0698027,-0.140984,-1.75508,0.0852376,1.70857,0.967156,-0.0684483,0.183787,-0.000483569,0.011032,-0.0120162,0.564321,0.000429315,0,0,0,0,0,0,0,0.370795,-34.5014,-0.172775,22.4485,0.933922,2.24321,0.099292,0,0,0,0,0,0,0,0,0,0,0,0,0,0,0,0,0,0,0,0,0,0,0,0,0,0,0.475592,-0.784882,0.341493,-0.137361,0.185697,-0.208594,0.0822941,-2.99586,0.46238,0.433488,-0.086217,-1.79206,0.420159,0.0798868,0
689.766,0.248291,0.133693,-0.141492,-1.75071,0.0817711,1.9599,0.905612,0.996768,-0.0417808,0.0684809,0,-0.0371409,-0.997006,-0.0676817,0,0.071105,0.0649207,-0.995354,0,0.613164,0.0808988,0.393108,1,0.275095,0.0698027,-0.140984,-1.75508,0.0852376,1.70857,0.967156,-0.0680792,0.183282,2.57738e-05,0.000407301,-0.0183067,0.507384,-0.00169523,0,0,0,0,0,0,0,0.299384,-34.6918,-0.248153,22.3731,0.924767,2.30272,0.149646,0,0,0,0,0,0,0,0,0,0,0,0,0,0,0,0,0,0,0,0,0,0,0,0,0,0,0.420918,-1.00525,0.274569,0.0996377,0.188997,-0.122359,0.0984084,-2.77687,0.42216,0.821257,-0.033731,-1.93627,0.360821,0.0798874,0
689.8,0.245985,0.140013,-0.141523,-1.75064,0.0812785,1.97638,0.905609,0.995866,-0.0448603,0.0788564,0,-0.0395701,-0.99693,-0.0674145,0,0.0816402,0.0640167,-0.994604,0,0.617071,0.0796485,0.390967,1,0.275095,0.0698027,-0.140984,-1.75508,0.0852376,1.70857,0.967156,-0.0746249,0.186682,0.00011481,0.00213845,-0.0086874,0.436706,0.0010983,0,0,0,0,0,0,0,0.446173,-35.0727,-0.172775,22.5239,0.952233,2.25328,0.0892211,0,0,0,0,0,0,0,0,0,0,0,0,0,0,0,0,0,0,0,0,0,0,0,0,0,0,0.481683,-0.793659,0.325745,0.00470819,0.188273,-0.110895,0.102639,-2.53179,0.556878,0.534582,-0.128961,-1.64889,0.417661,0.0798874,0
689.834,0.243502,0.146494,-0.141521,-1.75062,0.0808804,1.99032,0.905593,0.995089,-0.0479045,0.086509,0,-0.0421751,-0.996859,-0.0668831,0,0.089443,0.0629073,-0.994003,0,0.620443,0.0782791,0.388445,1,0.275095,0.0698027,-0.140984,-1.75508,0.0852376,1.70857,0.967156,-0.06729,0.190066,0.00227181,0.00232527,-0.0148308,0.364154,0.000488792,0,0,0,0,0,0,0,0.370795,-34.9219,-0.248153,22.3731,0.943077,2.23406,0.109363,0,0,0,0,0,0,0,0,0,0,0,0,0,0,0,0,0,0,0,0,0,0,0,0,0,0,0.532671,-1.33981,0.370609,0.343148,0.192002,0.007527,0.104384,-2.99263,0.607101,1.16207,-0.102935,-2.35402,0.473011,0.0798874,0
689.868,0.240903,0.153074,-0.141531,-1.75062,0.0804474,2.00147,0.905394,0.994524,-0.0506752,0.0912983,0,-0.0447388,-0.996811,-0.0659348,0,0.0943503,0.0614903,-0.993638,0,0.623232,0.0767793,0.385545,1,0.275095,0.0698027,-0.140984,-1.75508,0.0852376,1.70857,0.967156,-0.0771114,0.195153,-0.000841439,-0.000493771,-0.0188599,0.322323,-0.0154115,0,0,0,0,0,0,0,0.370795,-35.3028,-0.248153,22.5596,0.987938,2.3723,0.189014,0,0,0,0,0,0,0,0,0,0,0,0,0,0,0,0,0,0,0,0,0,0,0,0,0,0,0.541966,-1.10951,0.36256,0.178635,0.202837,-0.00941415,0.130468,-2.93187,0.6637,0.798004,-0.156657,-2.1049,0.473168,0.0798874,0
689.902,0.23821,0.159803,-0.141518,-1.75052,0.0798624,2.01104,0.904164,0.994132,-0.0522989,0.0945854,0,-0.0463008,-0.996831,-0.064535,0,0.0976627,0.0597781,-0.993423,0,0.62572,0.075186,0.382427,1,0.275095,0.0698027,-0.140984,-1.75508,0.0852376,1.70857,0.967156,-0.0809682,0.194521,0.000375275,0.0053193,-0.0232084,0.225337,-0.0562027,0,0,0,0,0,0,0,0.263678,-35.3781,-0.39891,22.4088,0.952233,2.25328,0.199084,0,0,0,0,0,0,0,0,0,0,0,0,0,0,0,0,0,0,0,0,0,0,0,0,0,0,0.415357,-1.0349,0.262793,0.124951,0.213516,-0.0134099,0.157128,-2.86586,0.523811,0.69366,-0.0811948,-1.99833,0.355902,0.0798874,0
689.936,0.235305,0.16666,-0.141523,-1.75037,0.0791716,2.01736,0.900363,0.994166,-0.0513257,0.09476,0,-0.0455269,-0.997004,-0.0623748,0,0.0976794,0.0576979,-0.993544,0,0.627564,0.0733931,0.378886,1,0.275095,0.0698027,-0.140984,-1.75508,0.0852376,1.70857,0.967156,-0.0875054,0.204705,-0.000653911,0.00145684,-0.024114,0.166303,-0.153558,0,0,0,0,0,0,0,0.4065,-35.7233,-0.359237,22.4088,0.978783,2.32286,0.278735,0,0,0,0,0,0,0,0,0,0,0,0,0,0,0,0,0,0,0,0,0,0,0,0,0,0,0.612664,-1.2565,0.425212,0.228988,0.23474,0.00456213,0.193854,-3.22469,0.865084,0.967354,-0.242139,-2.35679,0.546411,0.0798868,0
689.97,0.232224,0.173723,-0.141545,-1.75038,0.0784096,2.02282,0.894596,0.994396,-0.0484864,0.0938404,0,-0.0429846,-0.997276,-0.0597883,0,0.0964855,0.0554207,-0.99379,0,0.629191,0.0714445,0.375034,1,0.275095,0.0698027,-0.140984,-1.75508,0.0852376,1.70857,0.967156,-0.0892935,0.20998,-0.000495429,0.000471331,-0.0235561,0.150703,-0.182648,0,0,0,0,0,0,0,0.335089,-36.0248,-0.323531,22.4485,0.961388,2.3723,0.229297,0,0,0,0,0,0,0,0,0,0,0,0,0,0,0,0,0,0,0,0,0,0,0,0,0,0,0.58306,-1.21968,0.367789,0.18241,0.236275,-0.00031562,0.206961,-3.28173,0.822123,0.89583,-0.229675,-2.33801,0.503523,0.0798868,0
690.004,0.228949,0.180863,-0.141551,-1.75037,0.0776504,2.02709,0.886765,0.99481,-0.0436892,0.0917854,0,-0.0385637,-0.997626,-0.0568921,0,0.0940548,0.0530583,-0.994152,0,0.630567,0.0693625,0.371003,1,0.275095,0.0698027,-0.140984,-1.75508,0.0852376,1.70857,0.967156,-0.0974079,0.211954,-0.000850561,-0.000998293,-0.0218084,0.100967,-0.289856,0,0,0,0,0,0,0,0.55329,-36.1399,-0.283859,22.4485,0.933922,2.24321,0.258594,0,0,0,0,0,0,0,0,0,0,0,0,0,0,0,0,0,0,0,0,0,0,0,0,0,0,0.756551,-0.922133,0.524478,0.0341592,0.231441,-0.0138436,0.232768,-3.02476,1.18089,0.520715,-0.46036,-1.97211,0.675119,0.0798868,0
690.038,0.225611,0.187973,-0.141552,-1.75029,0.0770654,2.02904,0.874555,0.995539,-0.0345283,0.0876996,0,-0.0298945,-0.998105,-0.0536112,0,0.0893862,0.0507513,-0.994703,0,0.631461,0.067242,0.366767,1,0.275095,0.0698027,-0.140984,-1.75508,0.0852376,1.70857,0.967156,-0.0978711,0.202495,-0.000474829,0.00395881,-0.0102085,0.027965,-0.371472,0,0,0,0,0,0,0,0.335089,-36.3303,-0.39891,22.3731,0.907372,2.26335,0.249438,0,0,0,0,0,0,0,0,0,0,0,0,0,0,0,0,0,0,0,0,0,0,0,0,0,0,0.445761,-0.584587,0.266198,-0.136644,0.199815,-0.0326099,0.233233,-2.5558,0.753642,0.106822,-0.285964,-1.46095,0.378321,0.0798868,0
690.072,0.22242,0.195231,-0.141536,-1.7502,0.0767423,2.02939,0.860492,0.996357,-0.0233885,0.0818953,0,-0.0192989,-0.998534,-0.0503768,0,0.0829551,0.0486137,-0.995367,0,0.631991,0.0652443,0.362269,1,0.275095,0.0698027,-0.140984,-1.75508,0.0852376,1.70857,0.967156,-0.0935462,0.216862,0.00103944,0.00541059,-0.00423165,0.00142564,-0.454219,0,0,0,0,0,0,0,0.227972,-36.7508,-0.585372,22.3731,0.898217,2.21391,0.239368,0,0,0,0,0,0,0,0,0,0,0,0,0,0,0,0,0,0,0,0,0,0,0,0,0,0,0.2081,-0.980271,0.0837445,-0.0101004,0.193039,-0.0517564,0.233244,-3.15602,0.349298,0.619711,-0.0445912,-2.04118,0.164156,0.0798868,0
690.106,0.219475,0.202619,-0.141579,-1.75017,0.0766309,2.0294,0.845098,0.997075,-0.0108152,0.075539,0,-0.00724752,-0.998843,-0.0473443,0,0.0759651,0.0466592,-0.996018,0,0.632388,0.0633843,0.357623,1,0.275095,0.0698027,-0.140984,-1.75508,0.0852376,1.70857,0.967156,-0.088626,0.217221,0.00025972,0.00375585,-0.00296775,0.00117697,-0.451207,0,0,0,0,0,0,0,0.370795,-36.9413,-0.359237,22.262,0.916527,2.1544,0.0498535,0,0,0,0,0,0,0,0,0,0,0,0,0,0,0,0,0,0,0,0,0,0,0,0,0,0,0.23942,-0.830703,0.0997378,-0.104757,0.187103,-0.105059,0.18369,-3.01702,0.322242,0.504517,-0.0303587,-1.8404,0.185038,0.0798868,0
690.137,0.216789,0.20944,-0.141562,-1.75001,0.0766011,2.02947,0.831787,0.997555,-5.95396e-05,0.0697422,0,0.00307814,-0.998978,-0.0448809,0,0.069675,0.0449867,-0.996555,0,0.632761,0.0617304,0.353401,1,0.275095,0.0698027,-0.140984,-1.75508,0.0852376,1.70857,0.967156,-0.0806097,0.217351,0.00101403,0.00664258,-0.000735688,0.00779748,-0.383258,0,0,0,0,0,0,0,0.263678,-36.9016,-0.585372,22.1867,0.924767,2.11504,0.0297119,0,0,0,0,0,0,0,0,0,0,0,0,0,0,0,0,0,0,0,0,0,0,0,0,0,0,0.148536,-0.656839,0.032199,-0.309881,0.177571,-0.182931,0.124535,-3.20634,0.0698925,0.231798,0.097971,-1.7154,0.0963194,0.0798868,0
690.173,0.213855,0.217427,-0.14157,-1.74957,0.0765606,2.02992,0.819299,0.997933,0.00960332,0.0633895,0,0.0123079,-0.999015,-0.0424146,0,0.0629209,0.0431079,-0.997087,0,0.633293,0.059911,0.34862,1,0.275095,0.0698027,-0.140984,-1.75508,0.0852376,1.70857,0.967156,-0.0781915,0.222231,4.22854e-05,0.014597,-0.000180755,0.0167606,-0.298782,0,0,0,0,0,0,0,0.263678,-37.3975,-0.509994,22.1867,0.916527,2.10497,-0.00050053,0,0,0,0,0,0,0,0,0,0,0,0,0,0,0,0,0,0,0,0,0,0,0,0,0,0,0.182171,-0.633114,0.0468492,-0.396783,0.178124,-0.233572,0.0650092,-3.43547,-0.002684,0.195081,0.151956,-1.76138,0.11742,0.0798868,0
690.207,0.211166,0.225212,-0.141573,-1.74889,0.0765126,2.03095,0.812071,0.998218,0.0142325,0.0577857,0,0.0165871,-0.999033,-0.0404734,0,0.0571549,0.0413606,-0.997508,0,0.633953,0.0582497,0.344138,1,0.275095,0.0698027,-0.140984,-1.75508,0.0852376,1.70857,0.967156,-0.0746569,0.228252,1.40397e-05,0.0294779,-0.000127099,0.0491158,-0.154704,0,0,0,0,0,0,0,0.4065,-37.4372,-0.509994,22.1867,0.916527,2.08482,-0.0398682,0,0,0,0,0,0,0,0,0,0,0,0,0,0,0,0,0,0,0,0,0,0,0,0,0,0,0.164419,-0.595551,0.0687412,-0.508081,0.178087,-0.278484,0.0262467,-3.72646,-0.0919737,0.0991119,0.212982,-1.81284,0.114061,0.0798868,0
690.241,0.20856,0.233126,-0.14157,-1.74786,0.0764302,2.03327,0.807545,0.998424,0.016218,0.0535502,0,0.0183066,-0.999072,-0.0387465,0,0.0528731,0.0396665,-0.997813,0,0.634934,0.0566481,0.339862,1,0.275095,0.0698027,-0.140984,-1.75508,0.0852376,1.70857,0.967156,-0.0745543,0.231645,-0.000110514,0.0370438,-0.00278853,0.0926818,-0.110976,0,0,0,0,0,0,0,0.370795,-37.4729,-0.545699,22.0756,0.916527,2.05553,0.00957027,0,0,0,0,0,0,0,0,0,0,0,0,0,0,0,0,0,0,0,0,0,0,0,0,0,0,0.102461,-0.598332,0.015428,-0.544475,0.185467,-0.304762,0.0134396,-3.83344,-0.213358,0.123962,0.287553,-1.84438,0.0513427,0.0798868,0
690.275,0.206083,0.241093,-0.141566,-1.74644,0.0762999,2.03788,0.804597,0.998505,0.0167031,0.051869,0,0.0186431,-0.999126,-0.0371463,0,0.0512042,0.0380585,-0.997963,0,0.636457,0.0551365,0.335957,1,0.275095,0.0698027,-0.140984,-1.75508,0.0852376,1.70857,0.967156,-0.0756628,0.231535,0.000964263,0.0400181,-0.00215871,0.171625,-0.0715519,0,0,0,0,0,0,0,0.335089,-37.818,-0.621078,22.1113,0.889061,2.09489,-0.0398682,0,0,0,0,0,0,0,0,0,0,0,0,0,0,0,0,0,0,0,0,0,0,0,0,0,0,0.214429,-0.317292,0.106967,-0.728423,0.188548,-0.365381,0.00749225,-3.71588,-0.0408766,-0.208275,0.184348,-1.52847,0.153192,0.0798868,0
690.309,0.20381,0.24917,-0.141568,-1.74492,0.0762617,2.0461,0.80308,0.998421,0.0157895,0.0537244,0,0.0177258,-0.999194,-0.0357583,0,0.0531174,0.0366548,-0.997915,0,0.638711,0.0537692,0.332375,1,0.275095,0.0698027,-0.140984,-1.75508,0.0852376,1.70857,0.967156,-0.0699955,0.236472,0.00114918,0.0475285,-0.000179498,0.275769,-0.0267535,0,0,0,0,0,0,0,0.335089,-38.0838,-0.621078,22.1867,0.916527,1.96581,-0.00050053,0,0,0,0,0,0,0,0,0,0,0,0,0,0,0,0,0,0,0,0,0,0,0,0,0,0,0.114665,-0.270676,0.00450775,-0.769257,0.183486,-0.40668,0.00762159,-3.66853,-0.197925,-0.181939,0.253789,-1.46216,0.0470903,0.0798868,0
690.343,0.201589,0.257387,-0.141564,-1.74272,0.0761812,2.05565,0.802474,0.998243,0.0140381,0.0573947,0,0.0160308,-0.99927,-0.0344073,0,0.0568709,0.0352677,-0.997758,0,0.641395,0.0524483,0.329147,1,0.275095,0.0698027,-0.140984,-1.75508,0.0852376,1.70857,0.967156,-0.0687036,0.242104,0.00156808,0.0685233,0.000217471,0.298168,-0.0197662,0,0,0,0,0,0,0,0.263678,-38.2346,-0.732162,22.0756,0.879906,2.01524,0.0791503,0,0,0,0,0,0,0,0,0,0,0,0,0,0,0,0,0,0,0,0,0,0,0,0,0,0,0.20886,-0.495275,0.0889756,-0.640832,0.190895,-0.427049,0.0334822,-3.82262,-0.00998117,0.252538,0.177154,-1.74584,0.145007,0.0798868,0
690.376,0.199499,0.265212,-0.141572,-1.74046,0.0761774,2.0679,0.802105,0.997854,0.0120582,0.0642055,0,0.0142158,-0.999336,-0.0332538,0,0.0637632,0.0340958,-0.997382,0,0.64462,0.0512121,0.326462,1,0.275095,0.0698027,-0.140984,-1.75508,0.0852376,1.70857,0.967156,-0.063305,0.231789,-0.00128087,0.0684673,-0.000785724,0.39271,-0.00856258,0,0,0,0,0,0,0,0.227972,-38.2346,-0.621078,21.9605,0.898217,1.93651,0.0599243,0,0,0,0,0,0,0,0,0,0,0,0,0,0,0,0,0,0,0,0,0,0,0,0,0,0,0.322672,0.139438,0.209525,-0.937145,0.178591,-0.4686,0.0456324,-3.13883,0.247145,-0.556746,-0.00447976,-0.890249,0.25994,0.0798868,0
690.41,0.197503,0.273238,-0.141561,-1.7382,0.0761699,2.0824,0.801789,0.997267,0.0100938,0.0730578,0,0.012467,-0.999397,-0.0321005,0,0.0726911,0.0329242,-0.996811,0,0.648268,0.0500378,0.323877,1,0.275095,0.0698027,-0.140984,-1.75508,0.0852376,1.70857,0.967156,-0.0537723,0.23966,0.00136047,0.0610855,0.000199728,0.469958,-0.0121255,0,0,0,0,0,0,0,0.192267,-38.8059,-0.771835,22.1113,0.879906,2.02531,0.099292,0,0,0,0,0,0,0,0,0,0,0,0,0,0,0,0,0,0,0,0,0,0,0,0,0,0,0.0262104,-0.445185,-0.0432385,-0.60585,0.18125,-0.405065,0.0751712,-3.49998,-0.172372,0.27853,0.235561,-1.58628,-0.0188979,0.0798868,0
690.444,0.19555,0.281413,-0.141572,-1.73577,0.0760817,2.09823,0.801243,0.996483,0.00842188,0.083254,0,0.0110241,-0.999454,-0.0308457,0,0.0829503,0.0316557,-0.996051,0,0.652197,0.0488602,0.321415,1,0.275095,0.0698027,-0.140984,-1.75508,0.0852376,1.70857,0.967156,-0.0566077,0.241015,0.000418938,0.0756107,0.00106627,0.472733,-0.0229658,0,0,0,0,0,0,0,0.335089,-39.036,-0.660751,22.0359,0.82589,2.13426,0.099292,0,0,0,0,0,0,0,0,0,0,0,0,0,0,0,0,0,0,0,0,0,0,0,0,0,0,0.121299,-0.64652,0.0649596,-0.514056,0.195109,-0.362682,0.0931148,-3.81137,0.00383523,0.490268,0.174827,-1.89539,0.0894746,0.0798868,0
690.478,0.193638,0.289789,-0.141637,-1.73304,0.0760585,2.11416,0.801018,0.995575,0.00643662,0.0936486,0,0.00924952,-0.999508,-0.0296335,0,0.0934136,0.0303691,-0.995164,0,0.656198,0.0476785,0.318991,1,0.275095,0.0698027,-0.140984,-1.75508,0.0852376,1.70857,0.967156,-0.0560338,0.249958,-0.00590217,0.0830204,-0.000468338,0.449263,0.00164232,0,0,0,0,0,0,0,0.335089,-39.1867,-0.621078,22.2224,0.879906,2.19377,0.0690795,0,0,0,0,0,0,0,0,0,0,0,0,0,0,0,0,0,0,0,0,0,0,0,0,0,0,0.432286,-0.637522,0.341181,-0.422239,0.186168,-0.28012,0.0856443,-3.59079,0.499873,0.446139,-0.0674683,-1.82798,0.400299,0.0798868,0
690.512,0.191618,0.298427,-0.141659,-1.72988,0.0760264,2.12932,0.800964,0.994619,0.00430101,0.103422,0,0.00727535,-0.999561,-0.0283991,0,0.103256,0.0289993,-0.994232,0,0.66013,0.046449,0.316523,1,0.275095,0.0698027,-0.140984,-1.75508,0.0852376,1.70857,0.967156,-0.0592759,0.258587,-0.000543931,0.106234,-0.000239198,0.412604,-0.00306757,0,0,0,0,0,0,0,0.4065,-39.6469,-0.660751,22.0756,0.924767,2.09489,0.139575,0,0,0,0,0,0,0,0,0,0,0,0,0,0,0,0,0,0,0,0,0,0,0,0,0,0,0.436496,-0.811835,0.327842,-0.316309,0.184725,-0.22644,0.0975826,-3.74229,0.516991,0.641678,-0.0738603,-2.05619,0.401475,0.0798868,0
690.546,0.189572,0.307494,-0.141668,-1.72617,0.075994,2.14301,0.800779,0.993713,0.00239194,0.111848,0,0.005454,-0.999609,-0.0270787,0,0.111742,0.027519,-0.993356,0,0.663886,0.0452111,0.313878,1,0.275095,0.0698027,-0.140984,-1.75508,0.0852376,1.70857,0.967156,-0.0600091,0.271572,-9.22089e-05,0.108129,-0.00331639,0.405721,-0.00913116,0,0,0,0,0,0,0,0.446173,-39.9881,-0.732162,22.0002,0.870751,2.25328,0.129504,0,0,0,0,0,0,0,0,0,0,0,0,0,0,0,0,0,0,0,0,0,0,0,0,0,0,0.394772,-0.938299,0.271598,-0.28859,0.193168,-0.183063,0.108057,-4.0629,0.445962,0.708451,-0.0346461,-2.28903,0.353624,0.0798868,0
690.58,0.187496,0.316661,-0.14165,-1.72235,0.0759307,2.15559,0.800558,0.992861,0.000605892,0.119195,0,0.00369581,-0.999653,-0.0257038,0,0.11914,0.0259613,-0.992538,0,0.667422,0.0439546,0.311095,1,0.275095,0.0698027,-0.140984,-1.75508,0.0852376,1.70857,0.967156,-0.0570421,0.268607,0.0012598,0.119581,-0.00345665,0.348836,-0.0138988,0,0,0,0,0,0,0,0.263678,-39.8374,-0.958297,22.0359,0.879906,2.31279,0.109363,0,0,0,0,0,0,0,0,0,0,0,0,0,0,0,0,0,0,0,0,0,0,0,0,0,0,0.236696,-0.830673,0.104121,-0.33088,0.194081,-0.150175,0.116079,-3.92131,0.216902,0.516788,0.05367,-2.13054,0.182882,0.0798868,0
690.614,0.185369,0.325879,-0.141664,-1.71841,0.0758664,2.16737,0.800368,0.992046,-0.00123134,0.125794,0,0.00184113,-0.999693,-0.0243053,0,0.125787,0.0243441,-0.991758,0,0.670799,0.0426317,0.308233,1,0.275095,0.0698027,-0.140984,-1.75508,0.0852376,1.70857,0.967156,-0.0628753,0.277866,-0.000391099,0.119353,0.00041469,0.303516,-0.00888897,0,0,0,0,0,0,0,0.370795,-40.369,-0.80754,22.0756,0.870751,2.25328,0.178943,0,0,0,0,0,0,0,0,0,0,0,0,0,0,0,0,0,0,0,0,0,0,0,0,0,0,0.306477,-1.20495,0.15413,-0.0904316,0.200283,-0.100626,0.110047,-4.08776,0.308061,1.07515,0.0439048,-2.56279,0.252666,0.0798868,0
690.648,0.183079,0.335351,-0.141661,-1.71393,0.0757934,2.17593,0.800334,0.991565,-0.00322822,0.129492,0,-0.000269748,-0.999729,-0.0228575,0,0.129534,0.0226302,-0.991317,0,0.673673,0.0412134,0.305091,1,0.275095,0.0698027,-0.140984,-1.75508,0.0852376,1.70857,0.967156,-0.0661653,0.278734,-0.000922586,0.130521,-0.00127146,0.242726,-0.00703557,0,0,0,0,0,0,0,0.370795,-40.6348,-0.847213,21.8852,0.907372,2.36223,0.199084,0,0,0,0,0,0,0,0,0,0,0,0,0,0,0,0,0,0,0,0,0,0,0,0,0,0,0.615197,-0.824897,0.430472,-0.246016,0.18904,-0.0813463,0.110338,-3.7456,0.808704,0.504846,-0.220262,-2.08038,0.558983,0.0798868,0
690.682,0.180754,0.344639,-0.141686,-1.70941,0.0757396,2.1835,0.800302,0.991171,-0.0052549,0.132412,0,-0.00243611,-0.999758,-0.0214408,0,0.132495,0.0209294,-0.990963,0,0.676338,0.0397447,0.301955,1,0.275095,0.0698027,-0.140984,-1.75508,0.0852376,1.70857,0.967156,-0.0734326,0.266244,1.33465e-05,0.133751,-5.58188e-06,0.188577,-0.00279744,0,0,0,0,0,0,0,0.4065,-40.6745,-0.847213,21.9605,0.889061,2.40251,0.099292,0,0,0,0,0,0,0,0,0,0,0,0,0,0,0,0,0,0,0,0,0,0,0,0,0,0,0.561953,-0.752407,0.387277,-0.229662,0.19121,-0.0347075,0.115014,-3.50137,0.755587,0.381434,-0.197991,-1.92423,0.50722,0.0798868,0
690.716,0.178363,0.353996,-0.141694,-1.70433,0.0754637,2.18767,0.800254,0.991153,-0.00707442,0.132462,0,-0.00449005,-0.999784,-0.0197986,0,0.132576,0.019029,-0.99099,0,0.678477,0.0382243,0.298638,1,0.275095,0.0698027,-0.140984,-1.75508,0.0852376,1.70857,0.967156,-0.0714546,0.281674,-0.000834655,0.162981,-0.00784128,0.0628157,-0.00449746,0,0,0,0,0,0,0,0.370795,-41.095,-0.882919,22.2224,0.898217,2.44188,0.129504,0,0,0,0,0,0,0,0,0,0,0,0,0,0,0,0,0,0,0,0,0,0,0,0,0,0,0.400027,-0.848816,0.276559,-0.253702,0.202599,-0.00194914,0.12163,-3.91554,0.515502,0.37997,-0.0680681,-2.15015,0.360423,0.0798868,0
690.75,0.175951,0.363478,-0.141708,-1.69867,0.074991,2.1885,0.799925,0.991514,-0.00842588,0.129655,0,-0.00615503,-0.999811,-0.0179052,0,0.129784,0.0169555,-0.991397,0,0.680103,0.0366735,0.295116,1,0.275095,0.0698027,-0.140984,-1.75508,0.0852376,1.70857,0.967156,-0.0744529,0.27188,0.00209092,0.162897,-0.0134933,0.00304987,-0.0183808,0,0,0,0,0,0,0,0.4065,-41.0553,-0.958297,21.8852,0.898217,2.3723,0.109363,0,0,0,0,0,0,0,0,0,0,0,0,0,0,0,0,0,0,0,0,0,0,0,0,0,0,0.365252,-0.687078,0.242872,-0.345283,0.211642,0.00688989,0.12863,-3.84743,0.478991,0.113737,-0.0576701,-1.96362,0.321002,0.0798868,0
690.784,0.173374,0.372729,-0.141703,-1.69315,0.0745134,2.18848,0.799326,0.991962,-0.0096478,0.126094,0,-0.00768928,-0.999833,-0.0160095,0,0.12623,0.0149116,-0.991889,0,0.681507,0.0350099,0.291564,1,0.275095,0.0698027,-0.140984,-1.75508,0.0852376,1.70857,0.967156,-0.0814404,0.27111,0.000565952,0.162232,-0.0182217,-0.000230479,-0.0154008,0,0,0,0,0,0,0,0.299384,-41.5869,-1.03368,22.0359,0.898217,2.38237,0.0690795,0,0,0,0,0,0,0,0,0,0,0,0,0,0,0,0,0,0,0,0,0,0,0,0,0,0,0.577801,-0.433063,0.417522,-0.379099,0.223239,-0.0297165,0.125892,-3.22325,0.81921,-0.0731144,-0.207629,-1.50495,0.521435,0.0798868,0
690.818,0.170671,0.38208,-0.14169,-1.68768,0.0739735,2.18846,0.798637,0.992413,-0.0108629,0.122386,0,-0.00921282,-0.999849,-0.0140405,0,0.122523,0.0128067,-0.992383,0,0.682869,0.0332473,0.287904,1,0.275095,0.0698027,-0.140984,-1.75508,0.0852376,1.70857,0.967156,-0.0838569,0.272788,0.000392493,0.156476,-0.00820634,0.000487333,-0.0266255,0,0,0,0,0,0,0,0.192267,-41.5869,-1.18046,21.7384,0.879906,2.343,0.199084,0,0,0,0,0,0,0,0,0,0,0,0,0,0,0,0,0,0,0,0,0,0,0,0,0,0,0.627494,-0.851406,0.419095,-0.214574,0.220125,-0.0346205,0.130667,-3.78185,0.87458,0.548273,-0.224528,-2.11567,0.563144,0.0798868,0
690.852,0.167978,0.391163,-0.141698,-1.68243,0.0733495,2.18843,0.797514,0.992852,-0.0116211,0.118708,0,-0.0102702,-0.999866,-0.0119853,0,0.118833,0.0106807,-0.992857,0,0.684144,0.0314524,0.284294,1,0.275095,0.0698027,-0.140984,-1.75508,0.0852376,1.70857,0.967156,-0.0743445,0.264992,0.00115837,0.15346,-0.0179883,-0.0038503,-0.0492082,0,0,0,0,0,0,0,0.517584,-41.8171,-1.06938,22.0002,0.943077,2.38237,0.209155,0,0,0,0,0,0,0,0,0,0,0,0,0,0,0,0,0,0,0,0,0,0,0,0,0,0,0.261677,-0.68921,0.0813566,-0.292233,0.228348,-0.0366988,0.151841,-3.53674,0.36829,0.338511,-0.0232674,-1.86444,0.187389,0.0798868,0
690.886,0.165153,0.399856,-0.141683,-1.67722,0.0724303,2.18828,0.795304,0.993262,-0.0112402,0.115256,0,-0.0101973,-0.999892,-0.00963402,0,0.115354,0.00839396,-0.993289,0,0.685379,0.0295409,0.280902,1,0.275095,0.0698027,-0.140984,-1.75508,0.0852376,1.70857,0.967156,-0.0836942,0.25222,-0.00146018,0.153692,-0.0316053,-0.00340809,-0.073048,0,0,0,0,0,0,0,0.370795,-42.1979,-1.22014,21.9248,0.889061,2.39244,0.158801,0,0,0,0,0,0,0,0,0,0,0,0,0,0,0,0,0,0,0,0,0,0,0,0,0,0,0.617878,0.0314034,0.326286,-0.542785,0.232008,-0.0592717,0.166775,-2.5563,0.942049,-0.591269,-0.335602,-0.829928,0.504295,0.0798868,0
690.92,0.162474,0.408375,-0.141666,-1.6724,0.0715641,2.18825,0.793028,0.993675,-0.0107053,0.111699,0,-0.00994534,-0.999914,-0.00735904,0,0.11177,0.00620173,-0.993715,0,0.686497,0.0277155,0.277439,1,0.275095,0.0698027,-0.140984,-1.75508,0.0852376,1.70857,0.967156,-0.0843548,0.246924,0.00151993,0.133928,-0.0192943,-0.000273337,-0.080894,0,0,0,0,0,0,0,0.335089,-42.1225,-1.4066,21.7741,0.870751,2.38237,0.229297,0,0,0,0,0,0,0,0,0,0,0,0,0,0,0,0,0,0,0,0,0,0,0,0,0,0,0.324849,-0.46376,0.00380008,-0.264408,0.214533,-0.0264612,0.162937,-2.76852,0.485866,0.17816,-0.153026,-1.39825,0.196175,0.0798868,0
690.954,0.15992,0.416482,-0.141646,-1.66833,0.0707745,2.18825,0.789105,0.994124,-0.00848871,0.107827,0,-0.00799208,-0.999946,-0.00503707,0,0.107866,0.00414579,-0.994157,0,0.687381,0.0259563,0.273883,1,0.275095,0.0698027,-0.140984,-1.75508,0.0852376,1.70857,0.967156,-0.072572,0.234908,-0.000893832,0.115647,-0.0309693,-0.000443495,-0.149543,0,0,0,0,0,0,0,0.299384,-42.4637,-1.48198,21.8494,0.879906,2.35216,0.178943,0,0,0,0,0,0,0,0,0,0,0,0,0,0,0,0,0,0,0,0,0,0,0,0,0,0,0.325373,-0.564242,-0.0587289,-0.126147,0.225872,-0.0020598,0.188835,-2.47272,0.525182,0.405605,-0.18793,-1.4063,0.174426,0.0798861,0
690.988,0.157401,0.424185,-0.141599,-1.66451,0.0695983,2.18825,0.782199,0.994555,-0.00302994,0.104081,0,-0.00281912,-0.999984,-0.00217249,0,0.104088,0.00186728,-0.994566,0,0.688182,0.0241802,0.270466,1,0.275095,0.0698027,-0.140984,-1.75508,0.0852376,1.70857,0.967156,-0.0764557,0.22284,0.00223643,0.108813,-0.0326315,-0.000200397,-0.232289,0,0,0,0,0,0,0,0.192267,-42.7692,-1.66844,21.9605,0.807579,2.36223,0.119434,0,0,0,0,0,0,0,0,0,0,0,0,0,0,0,0,0,0,0,0,0,0,0,0,0,0,0.410307,-0.0811101,-0.0631797,-0.381191,0.214837,-0.0549424,0.18861,-2.13912,0.639668,-0.234266,-0.303083,-0.82052,0.220848,0.0798861,0
691.022,0.155004,0.431639,-0.141556,-1.66099,0.0685315,2.18826,0.77447,0.994946,0.00328281,0.100259,0,0.00323988,-0.999985,0.000591028,0,0.100262,-0.000263218,-0.994961,0,0.688882,0.0224853,0.26707,1,0.275095,0.0698027,-0.140984,-1.75508,0.0852376,1.70857,0.967156,-0.0686069,0.211547,-0.00143077,0.0945445,-0.0317857,-0.000454097,-0.225541,0,0,0,0,0,0,0,0.4065,-42.8843,-1.48198,21.8852,0.816735,2.343,0.178943,0,0,0,0,0,0,0,0,0,0,0,0,0,0,0,0,0,0,0,0,0,0,0,0,0,0,0.181461,-0.454401,-0.309811,-0.246117,0.186978,-0.0473196,0.179432,-2.62436,0.273762,0.301842,-0.176357,-1.35951,-0.0150194,0.0798861,0
691.056,0.152671,0.438736,-0.141535,-1.65792,0.0675068,2.18827,0.7659,0.995289,0.0104231,0.0962946,0,0.0101527,-0.999933,0.00329804,0,0.0963244,-0.0023049,-0.995347,0,0.689436,0.0208063,0.263689,1,0.275095,0.0698027,-0.140984,-1.75508,0.0852376,1.70857,0.967156,-0.065147,0.205245,-0.00180907,0.08455,-0.0249478,0.0010667,-0.267727,0,0,0,0,0,0,0,0.4065,-43.1144,-1.55339,21.663,0.8442,2.28349,0.0599243,0,0,0,0,0,0,0,0,0,0,0,0,0,0,0,0,0,0,0,0,0,0,0,0,0,0,0.243212,-0.324387,-0.270339,-0.257985,0.184758,-0.0498181,0.15343,-2.28848,0.333628,0.170272,-0.203964,-1.11769,0.0368015,0.0798861,0
691.09,0.15041,0.445411,-0.14152,-1.65512,0.0669067,2.18826,0.75732,0.995557,0.017368,0.0924423,0,0.0169308,-0.999832,0.00551146,0,0.0925243,-0.00392193,-0.995703,0,0.689911,0.0192153,0.260463,1,0.275095,0.0698027,-0.140984,-1.75508,0.0852376,1.70857,0.967156,-0.0651237,0.18638,0.00181748,0.0810824,-0.0118217,0.000343725,-0.200907,0,0,0,0,0,0,0,0.481879,-43.035,-1.62877,21.8494,0.807579,2.31279,0.0297119,0,0,0,0,0,0,0,0,0,0,0,0,0,0,0,0,0,0,0,0,0,0,0,0,0,0,0.335485,0.226799,-0.219658,-0.564395,0.151341,-0.105213,0.102819,-1.99463,0.393499,-0.600002,-0.277655,-0.471757,0.107791,0.0798861,0
691.124,0.148103,0.451741,-0.141451,-1.65242,0.0668096,2.18826,0.751832,0.995817,0.0209188,0.0888317,0,0.0203879,-0.999759,0.00687921,0,0.0889559,-0.00503944,-0.996023,0,0.690359,0.0176853,0.257417,1,0.275095,0.0698027,-0.140984,-1.75508,0.0852376,1.70857,0.967156,-0.0703668,0.186185,0.00289653,0.0774913,-0.00125723,-0.000384541,-0.140057,0,0,0,0,0,0,0,0.299384,-43.4159,-1.70415,22.0359,0.835045,2.33293,0.0599243,0,0,0,0,0,0,0,0,0,0,0,0,0,0,0,0,0,0,0,0,0,0,0,0,0,0,0.459913,0.160022,-0.139198,-0.437468,0.138439,-0.0998998,0.0782758,-1.63713,0.548975,-0.400754,-0.347595,-0.42336,0.223719,0.0798861,0
691.158,0.145658,0.45788,-0.141193,-1.64983,0.066808,2.18827,0.748169,0.996088,0.0226017,0.0853155,0,0.0220108,-0.999717,0.00786076,0,0.0854706,-0.00595226,-0.996323,0,0.690772,0.01619,0.25444,1,0.275095,0.0698027,-0.140984,-1.75508,0.0852376,1.70857,0.967156,-0.0710512,0.174623,0.00947658,0.0715814,0.000559854,-0.00029294,-0.0837557,0,0,0,0,0,0,0,0.335089,-43.6856,-1.66844,21.8137,0.790184,2.26335,0.109363,0,0,0,0,0,0,0,0,0,0,0,0,0,0,0,0,0,0,0,0,0,0,0,0,0,0,0.241924,-0.337428,-0.334085,-0.1967,0.140708,-0.0780362,0.0517928,-1.99418,0.184059,0.33819,-0.166388,-1.03578,0.00965288,0.0798868,0
691.192,0.143209,0.463792,-0.140816,-1.64749,0.0668046,2.1883,0.746796,0.996396,0.0220717,0.0817878,0,0.0214439,-0.999724,0.00854559,0,0.0819554,-0.00676107,-0.996613,0,0.691102,0.0147587,0.251486,1,0.275095,0.0698027,-0.140984,-1.75508,0.0852376,1.70857,0.967156,-0.0705186,0.171395,0.0146909,0.0640797,-0.000191804,-0.000313236,-0.0273065,0,0,0,0,0,0,0,0.335089,-43.8761,-1.66844,21.6987,0.807579,2.24321,0.0498535,0,0,0,0,0,0,0,0,0,0,0,0,0,0,0,0,0,0,0,0,0,0,0,0,0,0,0.247042,-0.179934,-0.293925,-0.36003,0.135163,-0.125074,0.0387241,-2.21918,0.180712,0.105935,-0.158863,-0.949708,0.0260008,0.0798868,0
691.226,0.141029,0.469526,-0.140645,-1.64534,0.0667818,2.18835,0.746161,0.996703,0.0208911,0.0782816,0,0.0202287,-0.999743,0.00924475,0,0.0784561,-0.00763088,-0.996888,0,0.691373,0.01337,0.248572,1,0.275095,0.0698027,-0.140984,-1.75508,0.0852376,1.70857,0.967156,-0.0619809,0.161685,0.00153023,0.0617619,-0.000238817,0.000311591,-0.0191821,0,0,0,0,0,0,0,0.299384,-43.761,-1.66844,21.6987,0.82589,2.24321,0.139575,0,0,0,0,0,0,0,0,0,0,0,0,0,0,0,0,0,0,0,0,0,0,0,0,0,0,0.340462,-0.184574,-0.19698,-0.434787,0.145041,-0.148314,0.0668569,-2.58919,0.364884,0.0896019,-0.230591,-1.07837,0.128822,0.0798868,0
691.26,0.138983,0.475027,-0.14061,-1.64339,0.0667641,2.18836,0.745173,0.996989,0.0200601,0.0747787,0,0.0193664,-0.999753,0.00999015,0,0.074962,-0.00851204,-0.99715,0,0.691577,0.011978,0.245722,1,0.275095,0.0698027,-0.140984,-1.75508,0.0852376,1.70857,0.967156,-0.0620445,0.15723,-0.000134854,0.055272,5.16994e-05,-0.00081338,-0.0291647,0,0,0,0,0,0,0,0.370795,-43.6856,-1.70415,21.7384,0.798424,2.26335,0.109363,0,0,0,0,0,0,0,0,0,0,0,0,0,0,0,0,0,0,0,0,0,0,0,0,0,0,0.410318,-0.272753,-0.141668,-0.391284,0.155931,-0.146316,0.0901943,-2.67634,0.507432,0.232509,-0.28634,-1.19733,0.200507,0.0798868,0
691.292,0.137117,0.48012,-0.140583,-1.64171,0.0667473,2.18836,0.744037,0.997247,0.0195252,0.0713948,0,0.018809,-0.999756,0.0106896,0,0.0715875,-0.00931748,-0.997391,0,0.691708,0.0106999,0.243019,1,0.275095,0.0698027,-0.140984,-1.75508,0.0852376,1.70857,0.967156,-0.0571844,0.158571,0.00113741,0.0473803,-0.00450315,1.92808e-05,-0.0421419,0,0,0,0,0,0,0,0.4065,-43.9515,-1.77953,21.6987,0.853356,2.22398,0.168872,0,0,0,0,0,0,0,0,0,0,0,0,0,0,0,0,0,0,0,0,0,0,0,0,0,0,0.396514,-0.552501,-0.207152,-0.232323,0.158468,-0.120558,0.0986764,-2.81724,0.492057,0.655623,-0.293987,-1.52914,0.173067,0.0798868,0
691.328,0.13488,0.485952,-0.140489,-1.63986,0.0666101,2.18836,0.741841,0.997518,0.0198225,0.0674199,0,0.0190819,-0.999741,0.0116108,0,0.0676339,-0.0102957,-0.997657,0,0.691815,0.00918877,0.239882,1,0.275095,0.0698027,-0.140984,-1.75508,0.0852376,1.70857,0.967156,-0.0646742,0.166132,-0.000320675,0.0599656,-0.00327573,-0.000845603,-0.0753577,0,0,0,0,0,0,0,0.335089,-43.9872,-1.70415,21.7384,0.82589,2.24321,0.209155,0,0,0,0,0,0,0,0,0,0,0,0,0,0,0,0,0,0,0,0,0,0,0,0,0,0,0.334869,-0.850076,-0.292417,-0.156736,0.182904,-0.11895,0.138242,-3.3619,0.452851,1.07073,-0.278814,-2.01062,0.105824,0.0798868,0
691.362,0.132576,0.491639,-0.140182,-1.63776,0.0664806,2.18837,0.73897,0.997732,0.0209171,0.0638224,0,0.0201631,-0.99971,0.0124346,0,0.0640652,-0.0111198,-0.997884,0,0.692002,0.00778094,0.236954,1,0.275095,0.0698027,-0.140984,-1.75508,0.0852376,1.70857,0.967156,-0.0691948,0.166529,0.0107691,0.0657047,-0.00127384,0.000833326,-0.0918656,0,0,0,0,0,0,0,0.4065,-44.2173,-1.77953,21.5122,0.853356,2.19377,0.158801,0,0,0,0,0,0,0,0,0,0,0,0,0,0,0,0,0,0,0,0,0,0,0,0,0,0,0.420794,-0.749114,-0.21613,-0.250156,0.180386,-0.138435,0.16691,-3.50135,0.631527,0.924734,-0.369066,-1.95855,0.196485,0.0798868,0
691.396,0.130196,0.497328,-0.139784,-1.63557,0.0663457,2.18838,0.735135,0.997906,0.022982,0.0602977,0,0.0222214,-0.999656,0.0132544,0,0.0605827,-0.0118869,-0.998092,0,0.692205,0.00637927,0.234061,1,0.275095,0.0698027,-0.140984,-1.75508,0.0852376,1.70857,0.967156,-0.0686858,0.165419,0.0132942,0.0627749,-0.0041369,-0.000382679,-0.116708,0,0,0,0,0,0,0,0.370795,-44.2569,-1.81523,21.4369,0.835045,2.21391,0.209155,0,0,0,0,0,0,0,0,0,0,0,0,0,0,0,0,0,0,0,0,0,0,0,0,0,0,0.362498,-0.471446,-0.256135,-0.415141,0.193266,-0.155646,0.180883,-3.40589,0.572109,0.510211,-0.34924,-1.64639,0.135839,0.0798868,0
691.43,0.127975,0.503027,-0.13965,-1.63319,0.0662827,2.18841,0.729855,0.998018,0.0263938,0.0569551,0,0.0256245,-0.999561,0.0141953,0,0.0573059,-0.0127079,-0.998276,0,0.692459,0.00492737,0.231254,1,0.275095,0.0698027,-0.140984,-1.75508,0.0852376,1.70857,0.967156,-0.0583243,0.170474,0.000750343,0.0695163,0.000344459,0.00376181,-0.191607,0,0,0,0,0,0,0,0.370795,-44.5227,-1.81523,21.3654,0.816735,2.17455,0.0690795,0,0,0,0,0,0,0,0,0,0,0,0,0,0,0,0,0,0,0,0,0,0,0,0,0,0,0.33599,-0.448639,-0.241269,-0.432497,0.191746,-0.15701,0.179952,-3.40939,0.550693,0.481391,-0.328329,-1.62138,0.124583,0.0798868,0
691.464,0.125891,0.508955,-0.139609,-1.6306,0.0662799,2.18847,0.722307,0.998037,0.0321102,0.0535979,0,0.0313349,-0.999383,0.0152429,0,0.0540553,-0.0135338,-0.998446,0,0.692756,0.00351886,0.228395,1,0.275095,0.0698027,-0.140984,-1.75508,0.0852376,1.70857,0.967156,-0.060754,0.172037,0.00200748,0.0824612,0.000218671,0.000127859,-0.217378,0,0,0,0,0,0,0,0.335089,-44.6735,-1.81523,21.4369,0.798424,2.1837,0.0791503,0,0,0,0,0,0,0,0,0,0,0,0,0,0,0,0,0,0,0,0,0,0,0,0,0,0,0.237043,-0.644534,-0.312609,-0.425435,0.178332,-0.164339,0.145465,-3.94995,0.364122,0.742955,-0.243674,-1.99515,0.0341001,0.0798868,0
691.498,0.124018,0.515197,-0.139615,-1.62762,0.0662778,2.18849,0.715837,0.998042,0.036946,0.0502748,0,0.0361707,-0.999204,0.0162447,0,0.050836,-0.0143947,-0.998603,0,0.693127,0.00223208,0.225493,1,0.275095,0.0698027,-0.140984,-1.75508,0.0852376,1.70857,0.967156,-0.0514974,0.187145,0.000137933,0.0918446,-0.000324307,0.000102732,-0.161617,0,0,0,0,0,0,0,0.446173,-45.1337,-1.70415,21.6273,0.807579,2.20384,0.119434,0,0,0,0,0,0,0,0,0,0,0,0,0,0,0,0,0,0,0,0,0,0,0,0,0,0,0.093729,-1.12818,-0.417247,-0.199737,0.165965,-0.143397,0.118369,-4.33057,0.133182,1.47213,-0.134623,-2.60385,-0.0924293,0.0798868,0
691.532,0.122132,0.521855,-0.139588,-1.62402,0.0662731,2.18852,0.710864,0.998062,0.0403452,0.0471768,0,0.0395737,-0.999059,0.0171761,0,0.0478264,-0.0152761,-0.998739,0,0.693651,0.000970311,0.222585,1,0.275095,0.0698027,-0.140984,-1.75508,0.0852376,1.70857,0.967156,-0.051949,0.196694,0.00120314,0.116135,-0.000260501,0.00104421,-0.146434,0,0,0,0,0,0,0,0.227972,-44.9433,-1.93028,21.2504,0.816735,2.14433,0.099292,0,0,0,0,0,0,0,0,0,0,0,0,0,0,0,0,0,0,0,0,0,0,0,0,0,0,0.183798,-0.777242,-0.345534,-0.423833,0.156853,-0.188774,0.107482,-4.30764,0.251288,0.980311,-0.197524,-2.24581,-0.00996368,0.0798868,0
691.566,0.120268,0.528654,-0.139584,-1.62013,0.0662741,2.18871,0.70628,0.998063,0.0433783,0.0443811,0,0.0426107,-0.998918,0.0180999,0,0.0451191,-0.0161741,-0.998851,0,0.694274,-0.000287584,0.219722,1,0.275095,0.0698027,-0.140984,-1.75508,0.0852376,1.70857,0.967156,-0.0578731,0.195061,0.000173557,0.11748,0.000176686,0.00985202,-0.122134,0,0,0,0,0,0,0,0.263678,-45.0187,-1.89061,21.2504,0.807579,2.10497,0.0297119,0,0,0,0,0,0,0,0,0,0,0,0,0,0,0,0,0,0,0,0,0,0,0,0,0,0,0.334519,-0.587358,-0.227153,-0.473322,0.157854,-0.194945,0.071739,-3.99576,0.417271,0.735596,-0.251426,-1.95111,0.129508,0.0798868,0
691.6,0.118307,0.535593,-0.139561,-1.61622,0.0662704,2.18893,0.702708,0.998099,0.0453255,0.0415179,0,0.0445694,-0.998817,0.0189617,0,0.042329,-0.0170755,-0.998958,0,0.694882,-0.00160392,0.21677,1,0.275095,0.0698027,-0.140984,-1.75508,0.0852376,1.70857,0.967156,-0.0620298,0.206966,0.00128402,0.121038,8.14705e-05,0.00707127,-0.0839887,0,0,0,0,0,0,0,0.263678,-45.1694,-2.00169,21.2901,0.807579,2.16447,0.119434,0,0,0,0,0,0,0,0,0,0,0,0,0,0,0,0,0,0,0,0,0,0,0,0,0,0,0.442296,-1.08805,-0.169085,-0.22935,0.165578,-0.151175,0.0693057,-4.44405,0.575063,1.45339,-0.302818,-2.60442,0.235544,0.0798868,0
691.634,0.116314,0.542822,-0.139557,-1.61194,0.0662695,2.18896,0.701177,0.998223,0.0452095,0.0385781,0,0.0444726,-0.998806,0.0197515,0,0.0394258,-0.0180011,-0.99906,0,0.695526,-0.00294932,0.213762,1,0.275095,0.0698027,-0.140984,-1.75508,0.0852376,1.70857,0.967156,-0.0530576,0.213006,-0.000173605,0.130352,-0.000546153,0.00114301,-0.0236259,0,0,0,0,0,0,0,0.517584,-45.5899,-1.77953,21.3654,0.807579,2.14433,0.0892211,0,0,0,0,0,0,0,0,0,0,0,0,0,0,0,0,0,0,0,0,0,0,0,0,0,0,0.317338,-0.795056,-0.268346,-0.362677,0.153361,-0.16228,0.0648025,-4.16114,0.395191,1.04147,-0.255091,-2.21642,0.109606,0.0798868,0
691.668,0.114216,0.550138,-0.139546,-1.60729,0.0662736,2.18914,0.701022,0.998385,0.0436474,0.0360866,0,0.0429268,-0.998858,0.020508,0,0.0369412,-0.0189262,-0.999138,0,0.696299,-0.0043557,0.210867,1,0.275095,0.0698027,-0.140984,-1.75508,0.0852376,1.70857,0.967156,-0.0679836,0.211808,-0.000675145,0.136554,-0.000530085,0.0134129,-0.000743475,0,0,0,0,0,0,0,0.192267,-45.4749,-1.93028,21.2147,0.807579,2.1544,0.109363,0,0,0,0,0,0,0,0,0,0,0,0,0,0,0,0,0,0,0,0,0,0,0,0,0,0,0.899384,-0.52195,0.179352,-0.534538,0.14933,-0.195847,0.0844074,-4.286,1.26466,0.651587,-0.60742,-1.99123,0.67685,0.0798868,0
691.702,0.112209,0.557444,-0.13954,-1.60211,0.0662746,2.18955,0.700955,0.998511,0.0421317,0.034368,0,0.0414149,-0.998905,0.0213064,0,0.0352287,-0.0198518,-0.999182,0,0.697289,-0.00569046,0.208237,1,0.275095,0.0698027,-0.140984,-1.75508,0.0852376,1.70857,0.967156,-0.0585785,0.22151,-0.00110185,0.159574,0.000112569,0.0090711,-0.00221675,0,0,0,0,0,0,0,0.263678,-45.8161,-1.93028,21.4011,0.790184,2.17455,0.168872,0,0,0,0,0,0,0,0,0,0,0,0,0,0,0,0,0,0,0,0,0,0,0,0,0,0,0.186273,-0.218593,-0.340282,-0.782742,0.146347,-0.22034,0.117705,-4.3869,0.309969,0.180023,-0.260537,-1.71395,-0.0089367,0.0798868,0
691.736,0.110343,0.565122,-0.139535,-1.5962,0.0662748,2.1898,0.700798,0.998614,0.0409009,0.032843,0,0.0401856,-0.998937,0.0221523,0,0.0337148,-0.0208022,-0.999215,0,0.69844,-0.00691143,0.205656,1,0.275095,0.0698027,-0.140984,-1.75508,0.0852376,1.70857,0.967156,-0.0516654,0.235495,0.00108103,0.177477,-0.000341988,0.0068995,-0.00756287,0,0,0,0,0,0,0,0.299384,-45.8161,-2.00169,20.9528,0.790184,2.13426,0.149646,0,0,0,0,0,0,0,0,0,0,0,0,0,0,0,0,0,0,0,0,0,0,0,0,0,0,-0.0544883,-0.695466,-0.543057,-0.489159,0.147451,-0.174205,0.140921,-4.4155,0.0151047,0.909904,-0.158415,-2.20151,-0.235917,0.0798868,0
691.77,0.108691,0.572908,-0.13953,-1.59034,0.0662713,2.1901,0.7002,0.99869,0.0403276,0.0311921,0,0.0396187,-0.99894,0.0230196,0,0.032088,-0.0217541,-0.999248,0,0.699552,-0.00799055,0.202969,1,0.275095,0.0698027,-0.140984,-1.75508,0.0852376,1.70857,0.967156,-0.0432709,0.227396,-0.00165992,0.168112,0.00022084,0.00942522,-0.0282758,0,0,0,0,0,0,0,0.263678,-45.9311,-1.93028,21.2901,0.790184,2.16447,0.168872,0,0,0,0,0,0,0,0,0,0,0,0,0,0,0,0,0,0,0,0,0,0,0,0,0,0,-0.169473,-1.04368,-0.630052,-0.286703,0.152762,-0.141263,0.156767,-4.50749,-0.11019,1.43537,-0.108737,-2.58032,-0.338047,0.0798868,0
691.804,0.107203,0.580726,-0.139513,-1.58435,0.0662718,2.19019,0.698544,0.998717,0.0409939,0.0294124,0,0.0402974,-0.998892,0.0238923,0,0.0303599,-0.0226769,-0.999282,0,0.70065,-0.00894201,0.200289,1,0.275095,0.0698027,-0.140984,-1.75508,0.0852376,1.70857,0.967156,-0.0430936,0.227465,-0.000456179,0.185552,0.000122735,0.000864369,-0.0666571,0,0,0,0,0,0,0,0.335089,-46.0065,-2.00169,21.0639,0.790184,2.14433,0.168872,0,0,0,0,0,0,0,0,0,0,0,0,0,0,0,0,0,0,0,0,0,0,0,0,0,0,-0.188853,-0.612582,-0.628112,-0.455774,0.153504,-0.150427,0.169721,-4.01718,-0.117315,0.812928,-0.117387,-1.98444,-0.358,0.0798868,0
691.838,0.105943,0.588547,-0.139495,-1.5783,0.0662766,2.19019,0.696732,0.998725,0.0420451,0.0275839,0,0.0413658,-0.998828,0.0247503,0,0.0285928,-0.0235781,-0.999313,0,0.701731,-0.00973415,0.19761,1,0.275095,0.0698027,-0.140984,-1.75508,0.0852376,1.70857,0.967156,-0.0338687,0.227898,-0.00120806,0.173585,-0.000238141,0.000329812,-0.0412649,0,0,0,0,0,0,0,0.156561,-46.3517,-2.07707,21.2504,0.781029,2.16447,0.109363,0,0,0,0,0,0,0,0,0,0,0,0,0,0,0,0,0,0,0,0,0,0,0,0,0,0,-0.0504011,-0.8367,-0.536801,-0.339274,0.151064,-0.123255,0.133552,-4.22258,0.030486,1.12887,-0.162206,-2.27816,-0.225899,0.0798868,0
691.872,0.104922,0.596432,-0.13945,-1.57238,0.0662733,2.19019,0.695949,0.998766,0.0423286,0.0255875,0,0.0416751,-0.998795,0.0255585,0,0.026639,-0.0244611,-0.999346,0,0.702744,-0.0103463,0.194815,1,0.275095,0.0698027,-0.140984,-1.75508,0.0852376,1.70857,0.967156,-0.0272151,0.232892,-0.000208088,0.175928,7.07427e-05,-4.87906e-05,-0.0143136,0,0,0,0,0,0,0,0.263678,-46.6175,-2.07707,21.2901,0.771874,2.17455,0.168872,0,0,0,0,0,0,0,0,0,0,0,0,0,0,0,0,0,0,0,0,0,0,0,0,0,0,-0.389911,-0.817822,-0.755725,-0.251436,0.140218,-0.118497,0.116242,-3.62243,-0.46596,1.16625,0.033253,-2.05424,-0.543773,0.0798868,0
691.906,0.104247,0.604174,-0.139452,-1.56669,0.0662791,2.1902,0.695705,0.998816,0.0423616,0.0235328,0,0.041739,-0.998772,0.0263455,0,0.0246204,-0.0253325,-0.999376,0,0.703685,-0.0107512,0.192007,1,0.275095,0.0698027,-0.140984,-1.75508,0.0852376,1.70857,0.967156,-0.0199829,0.22429,0.000576538,0.156258,-0.000528411,0.0010026,-0.00399633,0,0,0,0,0,0,0,0.227972,-46.3517,-2.00169,21.0639,0.762719,2.12419,0.158801,0,0,0,0,0,0,0,0,0,0,0,0,0,0,0,0,0,0,0,0,0,0,0,0,0,0,-0.316899,-0.727203,-0.659929,-0.224829,0.135985,-0.113006,0.116356,-3.22678,-0.353445,1.06109,0.00318682,-1.82954,-0.458478,0.0798868,0
691.94,0.103871,0.611669,-0.139444,-1.56159,0.0662791,2.19021,0.695636,0.998864,0.042485,0.0211354,0,0.041907,-0.998745,0.0270755,0,0.0222596,-0.0261595,-0.99941,0,0.704437,-0.010956,0.189091,1,0.275095,0.0698027,-0.140984,-1.75508,0.0852376,1.70857,0.967156,-0.00375064,0.220458,0.00119982,0.147085,-3.30025e-05,0.000209869,-0.00239718,0,0,0,0,0,0,0,0.116888,-46.9229,-2.11674,21.3654,0.762719,2.1544,0.178943,0,0,0,0,0,0,0,0,0,0,0,0,0,0,0,0,0,0,0,0,0,0,0,0,0,0,-0.465209,-0.444198,-0.700351,-0.320639,0.128464,-0.123774,0.132157,-2.77116,-0.526729,0.667266,0.0773738,-1.38942,-0.580445,0.0798861,0
691.974,0.103807,0.619078,-0.139444,-1.55676,0.0662791,2.19021,0.695631,0.998901,0.0428287,0.0185474,0,0.0423046,-0.998709,0.0277845,0,0.0197138,-0.0269698,-0.999442,0,0.705089,-0.0109538,0.1861,1,0.275095,0.0698027,-0.140984,-1.75508,0.0852376,1.70857,0.967156,0.000280381,0.209281,0.00107273,0.134423,-0.000415253,-0.000337777,0.00158549,0,0,0,0,0,0,0,0.116888,-46.8833,-2.11674,21.2147,0.762719,2.1544,0.0892211,0,0,0,0,0,0,0,0,0,0,0,0,0,0,0,0,0,0,0,0,0,0,0,0,0,0,-0.462955,-0.531739,-0.687821,-0.304826,0.126976,-0.122364,0.13225,-2.97414,-0.51618,0.79783,0.076228,-1.54433,-0.57168,0.0798861,0
692.008,0.103881,0.625949,-0.139337,-1.5527,0.0662801,2.1902,0.69563,0.998928,0.0433299,0.0157169,0,0.0428726,-0.998669,0.0283522,0,0.0169248,-0.0276485,-0.999474,0,0.705528,-0.010801,0.183122,1,0.275095,0.0698027,-0.140984,-1.75508,0.0852376,1.70857,0.967156,0.00226425,0.192433,0.0085999,0.109999,-0.00034927,-8.56011e-05,0.000483769,0,0,0,0,0,0,0,-0.0973449,-46.8476,-2.18816,21.2504,0.753563,2.19377,0.109363,0,0,0,0,0,0,0,0,0,0,0,0,0,0,0,0,0,0,0,0,0,0,0,0,0,0,-0.487489,-0.259687,-0.70353,-0.304011,0.120429,-0.102136,0.126253,-2.1439,-0.57009,0.413565,0.0837416,-0.99577,-0.599848,0.0798861,0
692.04,0.103915,0.631823,-0.138864,-1.5496,0.0662801,2.1902,0.695626,0.998938,0.0440072,0.0129146,0,0.0436239,-0.998629,0.0285905,0,0.0141553,-0.0279973,-0.999508,0,0.705758,-0.0104528,0.180385,1,0.275095,0.0698027,-0.140984,-1.75508,0.0852376,1.70857,0.967156,7.67607e-05,0.183789,0.0214234,0.090519,5.97382e-05,-0.00536167,-0.000786447,0,0,0,0,0,0,0,-0.0973449,-46.9626,-2.22783,21.4369,0.753563,2.22398,0.139575,0,0,0,0,0,0,0,0,0,0,0,0,0,0,0,0,0,0,0,0,0,0,0,0,0,0,-0.365062,-0.292696,-0.598992,-0.153347,0.120712,-0.074114,0.123855,-1.52941,-0.403385,0.485097,0.0313302,-0.823809,-0.475122,0.0798861,0
692.077,0.104085,0.637969,-0.13807,-1.54672,0.0662822,2.19019,0.695629,0.998929,0.045049,0.00961185,0,0.0447576,-0.998578,0.0286344,0,0.0108883,-0.0281741,-0.999544,0,0.705855,-0.00980868,0.177338,1,0.275095,0.0698027,-0.140984,-1.75508,0.0852376,1.70857,0.967156,0.00243897,0.158833,0.019916,0.0643623,6.40995e-05,-5.38027e-05,0.000379543,0,0,0,0,0,0,0,-0.172723,-47.153,-2.11674,21.3258,0.735253,2.20384,0.109363,0,0,0,0,0,0,0,0,0,0,0,0,0,0,0,0,0,0,0,0,0,0,0,0,0,0,-0.613579,-0.065012,-0.702887,-0.132012,0.11639,-0.0664094,0.123136,-0.620934,-0.744991,0.175503,0.180219,-0.286167,-0.694439,0.0798861,0
692.111,0.104539,0.643207,-0.137299,-1.54483,0.0662801,2.1902,0.695624,0.998899,0.046283,0.00624488,0,0.0460867,-0.998519,0.0285821,0,0.00755864,-0.0282634,-0.999572,0,0.705726,-0.00899982,0.17448,1,0.275095,0.0698027,-0.140984,-1.75508,0.0852376,1.70857,0.967156,0.0150565,0.148181,0.0264411,0.0465352,7.28101e-05,-0.000174496,-0.000123624,0,0,0,0,0,0,0,-0.208429,-47.1888,-2.15245,21.175,0.753563,2.1837,0.129504,0,0,0,0,0,0,0,0,0,0,0,0,0,0,0,0,0,0,0,0,0,0,0,0,0,0,-0.8216,-0.565668,-0.786555,0.0607254,0.119919,-0.0366951,0.125256,-1.1661,-1.00703,0.885932,0.319552,-0.962295,-0.862741,0.0798861,0
692.145,0.105041,0.647927,-0.136361,-1.54371,0.0662811,2.19019,0.695628,0.998852,0.0476194,0.0026151,0,0.0475264,-0.998458,0.0283492,0,0.00396112,-0.0281929,-0.999595,0,0.705384,-0.00806692,0.171629,1,0.275095,0.0698027,-0.140984,-1.75508,0.0852376,1.70857,0.967156,0.0125089,0.128964,0.0322097,0.0212682,-0.000177463,-0.000147307,-0.000356092,0,0,0,0,0,0,0,-0.244134,-47.4189,-2.18816,21.2147,0.744408,2.1837,0.119434,0,0,0,0,0,0,0,0,0,0,0,0,0,0,0,0,0,0,0,0,0,0,0,0,0,0,-0.462665,-0.289271,-0.512214,-0.0705778,0.118945,-0.0494062,0.123034,-1.06961,-0.511193,0.471476,0.141963,-0.654611,-0.515501,0.0798861,0
692.179,0.105284,0.652053,-0.135046,-1.54352,0.0662801,2.19019,0.695627,0.998792,0.0489231,-0.00136875,0,0.0489422,-0.998405,0.0277997,0,-6.52366e-06,-0.0278336,-0.999613,0,0.704779,-0.00709282,0.168758,1,0.275095,0.0698027,-0.140984,-1.75508,0.0852376,1.70857,0.967156,0.00514238,0.117492,0.0463205,-0.00122289,-0.000205202,-0.00070585,-0.000943515,0,0,0,0,0,0,0,-0.27984,-47.4546,-2.15245,21.2147,0.753563,2.20384,0.119434,0,0,0,0,0,0,0,0,0,0,0,0,0,0,0,0,0,0,0,0,0,0,0,0,0,0,-0.345581,-0.381854,-0.434457,-0.00955489,0.118304,-0.0390034,0.11949,-1.08842,-0.354005,0.60966,0.0855911,-0.754724,-0.402325,0.0798861,0
692.213,0.105288,0.655945,-0.133455,-1.54353,0.0662801,2.19019,0.695631,0.998716,0.050186,-0.00530776,0,0.0503117,-0.998358,0.0270499,0,-0.0039416,-0.0272828,-0.99962,0,0.704129,-0.00610898,0.165955,1,0.275095,0.0698027,-0.140984,-1.75508,0.0852376,1.70857,0.967156,-0.00107676,0.112892,0.0474502,0.000302588,-0.000257461,0.000335631,0.00134339,0,0,0,0,0,0,0,-0.0616393,-47.3792,-2.04137,21.175,0.753563,2.17455,0.0892211,0,0,0,0,0,0,0,0,0,0,0,0,0,0,0,0,0,0,0,0,0,0,0,0,0,0,-0.200729,-0.387812,-0.306002,-0.0833883,0.118763,-0.0499223,0.118679,-1.52155,-0.147733,0.608552,0.0257862,-0.903691,-0.253616,0.0798861,0
692.246,0.105185,0.659644,-0.131943,-1.54352,0.0662811,2.19019,0.695621,0.998633,0.0512928,-0.00904957,0,0.051515,-0.998316,0.0263269,0,-0.00768409,-0.0267576,-0.999612,0,0.703501,-0.00524902,0.163296,1,0.275095,0.0698027,-0.140984,-1.75508,0.0852376,1.70857,0.967156,-0.00443298,0.109589,0.0408559,0.00103993,-3.73988e-05,-0.000329694,-0.0026459,0,0,0,0,0,0,0,0.0811829,-47.5696,-1.8549,21.1393,0.744408,2.17455,0.168872,0,0,0,0,0,0,0,0,0,0,0,0,0,0,0,0,0,0,0,0,0,0,0,0,0,0,0.0863581,-0.288852,-0.0832214,-0.17088,0.120497,-0.0682762,0.121216,-1.72023,0.257984,0.470039,-0.109201,-0.870775,0.0280479,0.0798861,0
692.281,0.10512,0.663514,-0.130655,-1.54351,0.0662791,2.1902,0.69563,0.998541,0.0522395,-0.0129353,0,0.0525591,-0.998276,0.0257456,0,-0.0115683,-0.0263884,-0.999585,0,0.702839,-0.00451564,0.160534,1,0.275095,0.0698027,-0.140984,-1.75508,0.0852376,1.70857,0.967156,-0.000619986,0.111509,0.0301313,-0.00138041,-0.000461157,-0.000212791,0.00225208,0,0,0,0,0,0,0,0.0454774,-47.645,-1.96599,21.0639,0.762719,2.11504,0.0599243,0,0,0,0,0,0,0,0,0,0,0,0,0,0,0,0,0,0,0,0,0,0,0,0,0,0,0.474122,-0.555625,0.205189,-0.104274,0.12841,-0.0816448,0.125201,-2.27643,0.810647,0.895487,-0.278781,-1.32306,0.411628,0.0798861,0
692.316,0.105123,0.667355,-0.129806,-1.54351,0.0662781,2.1902,0.695618,0.998448,0.0529253,-0.016795,0,0.0533421,-0.998243,0.0254228,0,-0.0154203,-0.0262797,-0.999536,0,0.702169,-0.00402285,0.157814,1,0.275095,0.0698027,-0.140984,-1.75508,0.0852376,1.70857,0.967156,0.00303528,0.105869,0.0173459,0.000819228,-0.000674644,2.89835e-05,-0.00265035,0,0,0,0,0,0,0,-0.0616393,-47.7997,-1.96599,21.0282,0.771874,2.12419,0.168872,0,0,0,0,0,0,0,0,0,0,0,0,0,0,0,0,0,0,0,0,0,0,0,0,0,0,0.369956,-0.411974,0.146805,-0.236807,0.129102,-0.109602,0.121845,-2.44645,0.660152,0.703252,-0.220321,-1.23396,0.312382,0.0798861,0
692.35,0.10513,0.671025,-0.129396,-1.54349,0.0662744,2.19022,0.695614,0.998362,0.0532579,-0.0204366,0,0.0537696,-0.998222,0.0253634,0,-0.0190499,-0.0264212,-0.999469,0,0.701532,-0.0038159,0.155243,1,0.275095,0.0698027,-0.140984,-1.75508,0.0852376,1.70857,0.967156,0.000269024,0.107156,0.0111981,-0.000497681,-7.24361e-06,0.000219266,-0.000790721,0,0,0,0,0,0,0,-0.0616393,-47.8354,-1.8549,20.9885,0.762719,2.06468,0.158801,0,0,0,0,0,0,0,0,0,0,0,0,0,0,0,0,0,0,0,0,0,0,0,0,0,0,0.490484,-0.405178,0.240199,-0.263813,0.138937,-0.126431,0.128629,-2.56259,0.838663,0.720021,-0.27079,-1.26512,0.429826,0.0798861,0
692.384,0.10513,0.674679,-0.129277,-1.54347,0.0662733,2.19025,0.695589,0.998276,0.053372,-0.0240379,0,0.0539819,-0.998207,0.0254804,0,-0.0226353,-0.0267346,-0.999386,0,0.700895,-0.00380555,0.152703,1,0.275095,0.0698027,-0.140984,-1.75508,0.0852376,1.70857,0.967156,0.000321812,0.103438,0.00115495,-0.000848386,-0.000484008,0.00403307,-0.000793058,0,0,0,0,0,0,0,-0.0616393,-47.7997,-1.96599,20.9171,0.771874,2.05553,0.168872,0,0,0,0,0,0,0,0,0,0,0,0,0,0,0,0,0,0,0,0,0,0,0,0,0,0,0.488558,-0.490881,0.238751,-0.283388,0.143808,-0.145926,0.141792,-2.89104,0.856734,0.882121,-0.274303,-1.46023,0.430463,0.0798861,0
692.418,0.105105,0.678334,-0.129278,-1.54338,0.0662755,2.19033,0.695532,0.998184,0.0534009,-0.0275206,0,0.0541094,-0.998195,0.0256757,0,-0.0261003,-0.0271187,-0.999291,0,0.700285,-0.00389022,0.150203,1,0.275095,0.0698027,-0.140984,-1.75508,0.0852376,1.70857,0.967156,-0.000686609,0.11083,-0.000190549,0.00779098,-0.000131643,0.000709789,-0.0066997,0,0,0,0,0,0,0,0.0811829,-47.8751,-1.89061,20.8021,0.762719,2.04546,0.178943,0,0,0,0,0,0,0,0,0,0,0,0,0,0,0,0,0,0,0,0,0,0,0,0,0,0,0.274235,-0.604138,0.0521334,-0.269067,0.145489,-0.152778,0.148708,-3.09453,0.56195,1.08027,-0.190009,-1.64346,0.214961,0.0798861,0
692.452,0.105089,0.682112,-0.12928,-1.54312,0.0662753,2.1906,0.695353,0.99808,0.0535792,-0.0307662,0,0.0543827,-0.998175,0.0259013,0,-0.0293229,-0.0275253,-0.999191,0,0.699751,-0.00396794,0.147711,1,0.275095,0.0698027,-0.140984,-1.75508,0.0852376,1.70857,0.967156,-0.00270994,0.118187,0.000406007,0.0132011,0.000465552,0.00168709,-0.00702458,0,0,0,0,0,0,0,0.116888,-47.8354,-1.8549,20.7267,0.753563,2.01524,0.0791503,0,0,0,0,0,0,0,0,0,0,0,0,0,0,0,0,0,0,0,0,0,0,0,0,0,0,7.73325e-05,-0.557285,-0.150646,-0.349672,0.151258,-0.171793,0.151109,-3.26337,0.17972,1.03732,-0.0645849,-1.65244,-0.0548061,0.0798868,0
692.486,0.105104,0.686092,-0.129269,-1.54253,0.0662754,2.19113,0.695166,0.997974,0.05384,-0.033627,0,0.0547311,-0.998149,0.026166,0,-0.0321565,-0.027954,-0.999092,0,0.699351,-0.00400796,0.145245,1,0.275095,0.0698027,-0.140984,-1.75508,0.0852376,1.70857,0.967156,0.000626615,0.113757,-0.00211254,0.0244271,0.000242101,0.0184338,0.000125129,0,0,0,0,0,0,0,-0.0616393,-48.0259,-1.93028,20.7267,0.753563,2.03539,0.109363,0,0,0,0,0,0,0,0,0,0,0,0,0,0,0,0,0,0,0,0,0,0,0,0,0,0,-0.0102819,-0.537082,-0.167368,-0.396838,0.15186,-0.18566,0.137648,-3.4221,0.142753,1.03248,-0.0517141,-1.68541,-0.0703128,0.0798868,0
692.52,0.105117,0.690349,-0.129255,-1.54168,0.0662743,2.19225,0.694994,0.997878,0.0541219,-0.035921,0,0.0550892,-0.99812,0.0265081,0,-0.0344194,-0.0284313,-0.999003,0,0.699114,-0.00404772,0.142747,1,0.275095,0.0698027,-0.140984,-1.75508,0.0852376,1.70857,0.967156,-0.00133853,0.132735,0.000726237,0.0262756,0.000280578,0.0457292,-0.00390686,0,0,0,0,0,0,0,-0.0616393,-47.9901,-2.04137,20.7267,0.762719,1.98595,0.129504,0,0,0,0,0,0,0,0,0,0,0,0,0,0,0,0,0,0,0,0,0,0,0,0,0,0,-0.00758282,-1.01477,-0.166113,-0.256789,0.156441,-0.17884,0.147573,-4.16719,0.168416,1.77845,-0.0444882,-2.41139,-0.0570866,0.0798868,0
692.554,0.105115,0.694949,-0.129222,-1.5406,0.0662743,2.19483,0.694216,0.997791,0.0550661,-0.0368964,0,0.056078,-0.998052,0.0269744,0,-0.0353398,-0.0289845,-0.998955,0,0.6992,-0.00409321,0.140223,1,0.275095,0.0698027,-0.140984,-1.75508,0.0852376,1.70857,0.967156,-0.000762035,0.140865,0.00110491,0.0324768,0.000113499,0.0984914,-0.0334028,0,0,0,0,0,0,0,-0.0259338,-48.0655,-2.04137,20.5799,0.762719,2.01524,0.209155,0,0,0,0,0,0,0,0,0,0,0,0,0,0,0,0,0,0,0,0,0,0,0,0,0,0,-0.0234323,-1.12805,-0.186637,-0.260611,0.165079,-0.205045,0.154689,-4.47304,0.156428,2.00955,-0.0375511,-2.62705,-0.0741306,0.0798868,0
692.588,0.105095,0.699815,-0.129225,-1.53948,0.0662733,2.19974,0.692515,0.997724,0.05696,-0.0358111,0,0.0579641,-0.997926,0.0276556,0,-0.0341622,-0.0296689,-0.998976,0,0.699735,-0.00418906,0.137719,1,0.275095,0.0698027,-0.140984,-1.75508,0.0852376,1.70857,0.967156,-0.00353165,0.149107,-0.000512855,0.0337987,-0.00058392,0.169193,-0.0691771,0,0,0,0,0,0,0,0.0811829,-48.3313,-1.96599,20.6156,0.771874,1.96581,0.129504,0,0,0,0,0,0,0,0,0,0,0,0,0,0,0,0,0,0,0,0,0,0,0,0,0,0,-0.0422804,-0.845141,-0.193824,-0.41807,0.162718,-0.239566,0.134995,-4.36083,0.0990688,1.62807,-0.0192601,-2.30589,-0.0985393,0.0798868,0
692.622,0.105061,0.704949,-0.12923,-1.53802,0.0662753,2.206,0.689902,0.997644,0.0598191,-0.0333147,0,0.0607753,-0.997736,0.028468,0,-0.0315369,-0.0304262,-0.999039,0,0.700633,-0.0042962,0.135291,1,0.275095,0.0698027,-0.140984,-1.75508,0.0852376,1.70857,0.967156,-0.00398698,0.158517,-0.0011176,0.0582041,0.000521837,0.174197,-0.0804139,0,0,0,0,0,0,0,0.116888,-48.1409,-1.93028,20.5799,0.753563,1.86693,0.0791503,0,0,0,0,0,0,0,0,0,0,0,0,0,0,0,0,0,0,0,0,0,0,0,0,0,0,0.0426228,-0.619194,-0.148645,-0.588557,0.155192,-0.297819,0.114908,-4.48022,0.183524,1.37474,-0.0597429,-2.12097,-0.0270204,0.0798868,0
692.656,0.104986,0.710302,-0.129225,-1.53576,0.0662763,2.21194,0.686712,0.997517,0.0632836,-0.0306027,0,0.0641811,-0.997499,0.0292902,0,-0.0286731,-0.0311821,-0.999102,0,0.701709,-0.00439723,0.133021,1,0.275095,0.0698027,-0.140984,-1.75508,0.0852376,1.70857,0.967156,-0.0017457,0.162276,0.00087109,0.075423,-1.95555e-05,0.174415,-0.091281,0,0,0,0,0,0,0,0.0811829,-48.2163,-2.00169,20.6553,0.744408,2.00609,0.0498535,0,0,0,0,0,0,0,0,0,0,0,0,0,0,0,0,0,0,0,0,0,0,0,0,0,0,0.0648007,-0.720346,-0.159766,-0.527654,0.150789,-0.298999,0.098664,-4.47142,0.187992,1.56087,-0.0683267,-2.22129,-0.0128698,0.0798868,0
692.69,0.104895,0.716081,-0.12923,-1.53277,0.0662763,2.21953,0.683595,0.997421,0.0667707,-0.0259509,0,0.0675489,-0.997244,0.0303646,0,-0.0238524,-0.0320399,-0.999202,0,0.703324,-0.00450386,0.130908,1,0.275095,0.0698027,-0.140984,-1.75508,0.0852376,1.70857,0.967156,-0.0021514,0.175115,-0.00117413,0.0937881,-0.000176193,0.240323,-0.0732801,0,0,0,0,0,0,0,0.116888,-48.4067,-1.93028,20.4292,0.744408,2.00609,0.0397827,0,0,0,0,0,0,0,0,0,0,0,0,0,0,0,0,0,0,0,0,0,0,0,0,0,0,0.0931128,-0.804874,-0.130956,-0.495746,0.144587,-0.289171,0.064106,-4.59548,0.180523,1.69432,-0.0475981,-2.34575,0.0161892,0.0798868,0
692.724,0.104859,0.722198,-0.129228,-1.52928,0.0662836,2.22792,0.682808,0.997465,0.0680693,-0.0202748,0,0.0686892,-0.997127,0.0316301,0,-0.0180639,-0.0329432,-0.999294,0,0.705219,-0.00455544,0.12884,1,0.275095,0.0698027,-0.140984,-1.75508,0.0852376,1.70857,0.967156,-0.00153989,0.180889,-0.000387559,0.112252,-5.51433e-05,0.231744,-0.00256686,0,0,0,0,0,0,0,0.156561,-48.4464,-1.96599,20.4649,0.708702,2.09489,0.0892211,0,0,0,0,0,0,0,0,0,0,0,0,0,0,0,0,0,0,0,0,0,0,0,0,0,0,0.00257692,-0.614949,-0.17973,-0.610113,0.126291,-0.280432,0.0318832,-4.63727,0.00814771,1.39086,0.00631675,-2.16875,-0.0700934,0.0798868,0
692.758,0.104809,0.728322,-0.129236,-1.52574,0.0662954,2.23569,0.68281,0.997523,0.0685526,-0.0151535,0,0.0690202,-0.997064,0.0328558,0,-0.0128569,-0.033821,-0.999345,0,0.706985,-0.00461678,0.126739,1,0.275095,0.0698027,-0.140984,-1.75508,0.0852376,1.70857,0.967156,-0.00363988,0.180325,-0.000253359,0.10304,0.000454709,0.242193,-0.00101266,0,0,0,0,0,0,0,0.192267,-48.6765,-1.89061,20.7664,0.654686,2.1544,0.0690795,0,0,0,0,0,0,0,0,0,0,0,0,0,0,0,0,0,0,0,0,0,0,0,0,0,0,0.186055,-1.14095,-0.0491941,-0.200386,0.103719,-0.159679,0.041629,-4.36197,0.287222,2.06631,-0.0827949,-2.60434,0.127425,0.0798868,0
692.792,0.104769,0.734388,-0.129242,-1.5222,0.0662926,2.24352,0.68281,0.997553,0.0690745,-0.00989997,0,0.0693745,-0.996998,0.0340941,0,-0.00751536,-0.0346981,-0.99937,0,0.708766,-0.00466774,0.124686,1,0.275095,0.0698027,-0.140984,-1.75508,0.0852376,1.70857,0.967156,-0.00278577,0.175613,0.00020302,0.10631,-0.000224173,0.208418,-0.00155808,0,0,0,0,0,0,0,0.0811829,-48.6368,-1.8549,20.6553,0.681237,1.99602,0.0791503,0,0,0,0,0,0,0,0,0,0,0,0,0,0,0,0,0,0,0,0,0,0,0,0,0,0,0.077051,-0.434292,-0.0520915,-0.4172,0.0773571,-0.15249,0.0486837,-3.34091,0.15339,0.933631,-0.052673,-1.55335,0.0380228,0.0798868,0
692.826,0.10479,0.740414,-0.129234,-1.518,0.0662949,2.24872,0.682811,0.997541,0.0696372,-0.00658414,0,0.0698263,-0.996932,0.0350842,0,-0.00412086,-0.0354583,-0.999363,0,0.710238,-0.00462669,0.122712,1,0.275095,0.0698027,-0.140984,-1.75508,0.0852376,1.70857,0.967156,0.000337941,0.177179,0.000779301,0.125378,0.000220082,0.131477,-0.00100698,0,0,0,0,0,0,0,-0.0616393,-48.978,-1.96599,20.5402,0.663842,2.09489,0.0690795,0,0,0,0,0,0,0,0,0,0,0,0,0,0,0,0,0,0,0,0,0,0,0,0,0,0,-0.129753,-0.457051,-0.149122,-0.378842,0.0685105,-0.146314,0.0527311,-3.15363,-0.117517,0.96596,0.0499441,-1.51026,-0.14398,0.0798868,0
692.86,0.104921,0.746363,-0.129218,-1.51397,0.0663085,2.25292,0.682817,0.997509,0.0702627,-0.00435133,0,0.0703739,-0.996863,0.0359414,0,-0.00181237,-0.0361588,-0.999344,0,0.711439,-0.00450002,0.12063,1,0.275095,0.0698027,-0.140984,-1.75508,0.0852376,1.70857,0.967156,0.00486305,0.17302,0.00250546,0.11186,0.000246952,0.117858,0.000564205,0,0,0,0,0,0,0,-0.208429,-49.0573,-2.11674,20.5402,0.627221,2.14433,0.0397827,0,0,0,0,0,0,0,0,0,0,0,0,0,0,0,0,0,0,0,0,0,0,0,0,0,0,-0.253976,-0.776857,-0.2021,-0.18464,0.0594152,-0.106174,0.0516318,-3.13184,-0.281183,1.42088,0.125641,-1.8202,-0.244893,0.0798868,0
692.894,0.105083,0.752079,-0.129223,-1.5105,0.0663153,2.25682,0.682815,0.997473,0.0708614,-0.00273229,0,0.0709139,-0.996796,0.0367441,0,-0.000119799,-0.0368457,-0.999321,0,0.7124,-0.00438214,0.11844,1,0.275095,0.0698027,-0.140984,-1.75508,0.0852376,1.70857,0.967156,0.00294291,0.161707,-0.00182643,0.0894123,0.000444563,0.109327,0.000812016,0,0,0,0,0,0,0,-0.27984,-49.0931,-2.00169,20.5799,0.609825,2.1544,0.0297119,0,0,0,0,0,0,0,0,0,0,0,0,0,0,0,0,0,0,0,0,0,0,0,0,0,0,-0.130162,-0.535683,-0.0901238,-0.164522,0.0378705,-0.0606934,0.0465405,-2.41355,-0.114276,0.967141,0.0645432,-1.33866,-0.117385,0.0798868,0
692.928,0.105195,0.757553,-0.129217,-1.50741,0.0663259,2.25959,0.682813,0.997439,0.0713464,-0.00237275,0,0.0713852,-0.996738,0.0373868,0,0.000302407,-0.0374612,-0.999298,0,0.713016,-0.00429808,0.116153,1,0.275095,0.0698027,-0.140984,-1.75508,0.0852376,1.70857,0.967156,0.00364701,0.163456,0.0016313,0.0868666,-0.000308977,0.0639238,-0.00163578,0,0,0,0,0,0,0,-0.27984,-49.1327,-2.11674,20.691,0.60067,2.21391,0.0791503,0,0,0,0,0,0,0,0,0,0,0,0,0,0,0,0,0,0,0,0,0,0,0,0,0,0,-0.00463704,-0.606468,0.0115616,-0.0701357,0.0187158,-0.015924,0.0470327,-2.2555,0.0644129,1.01606,0.00693469,-1.35631,0.0152078,0.0798868,0
692.962,0.105396,0.762669,-0.129209,-1.50464,0.0663269,2.26153,0.682812,0.9974,0.0718698,-0.00280982,0,0.0719247,-0.996679,0.0379159,0,-7.54835e-05,-0.0380201,-0.999277,0,0.713396,-0.00415278,0.113899,1,0.275095,0.0698027,-0.140984,-1.75508,0.0852376,1.70857,0.967156,0.00640235,0.147571,0.00092498,0.0788879,0.000261663,0.0492792,-0.00114285,0,0,0,0,0,0,0,-0.351251,-49.0931,-2.18816,20.4649,0.591515,2.17455,0.0599243,0,0,0,0,0,0,0,0,0,0,0,0,0,0,0,0,0,0,0,0,0,0,0,0,0,0,-0.344923,-0.267747,-0.199167,-0.235166,0.003628,-0.0352087,0.0470977,-1.97206,-0.404941,0.508143,0.135273,-0.922807,-0.309777,0.0798868,0
692.996,0.105697,0.767497,-0.129208,-1.50221,0.0663395,2.26238,0.682811,0.997356,0.0724103,-0.00436407,0,0.0725246,-0.996621,0.0382996,0,-0.00157607,-0.0385156,-0.999257,0,0.713474,-0.00394487,0.111607,1,0.275095,0.0698027,-0.140984,-1.75508,0.0852376,1.70857,0.967156,0.0130382,0.138668,0.00063007,0.0670907,0.000165053,0.00579684,-0.00213302,0,0,0,0,0,0,0,-0.422662,-49.2835,-2.15245,20.4649,0.564049,2.16447,0.0892211,0,0,0,0,0,0,0,0,0,0,0,0,0,0,0,0,0,0,0,0,0,0,0,0,0,0,-0.458544,-0.607815,-0.290055,-0.0746446,-0.00422687,-0.015251,0.0460794,-2.15076,-0.56114,1.03185,0.183325,-1.32382,-0.414398,0.0798868,0
693.03,0.106012,0.772192,-0.129208,-1.50026,0.0663423,2.26241,0.682814,0.997305,0.0728925,-0.00709037,0,0.0731129,-0.996568,0.0385711,0,-0.00425457,-0.0389863,-0.999231,0,0.713208,-0.00374478,0.109125,1,0.275095,0.0698027,-0.140984,-1.75508,0.0852376,1.70857,0.967156,0.00842987,0.130603,0.000495269,0.049848,0.000425739,0.000431243,-0.00211642,0,0,0,0,0,0,0,-0.351251,-49.3985,-2.15245,20.4649,0.58236,2.12419,0.0791503,0,0,0,0,0,0,0,0,0,0,0,0,0,0,0,0,0,0,0,0,0,0,0,0,0,0,-0.257355,-0.584209,-0.151645,-0.0948611,-0.0160169,-0.0421699,0.0425269,-2.18612,-0.286444,1.04656,0.0935692,-1.31214,-0.218126,0.0798868,0
693.064,0.106291,0.776645,-0.129211,-1.49878,0.0663465,2.26241,0.68282,0.99725,0.0732892,-0.0100743,0,0.0736276,-0.996521,0.0388029,0,-0.00719557,-0.0394387,-0.999196,0,0.712794,-0.0035877,0.106607,1,0.275095,0.0698027,-0.140984,-1.75508,0.0852376,1.70857,0.967156,0.0077115,0.127488,0.000723203,0.0372723,-2.48723e-05,0.000451353,-0.00107954,0,0,0,0,0,0,0,-0.208429,-49.589,-2.11674,20.5402,0.573204,2.12419,0.0397827,0,0,0,0,0,0,0,0,0,0,0,0,0,0,0,0,0,0,0,0,0,0,0,0,0,0,-0.0441835,-0.50783,-0.0148203,-0.0651462,-0.0177069,-0.0658609,0.0335818,-1.78348,-0.00446768,0.960903,0.00531091,-1.10183,-0.0177883,0.0798868,0
693.098,0.106533,0.780684,-0.12921,-1.49788,0.0663471,2.26241,0.682825,0.99719,0.073602,-0.0132163,0,0.0740664,-0.996481,0.0389864,0,-0.0103006,-0.0398566,-0.999152,0,0.712236,-0.00347169,0.104135,1,0.275095,0.0698027,-0.140984,-1.75508,0.0852376,1.70857,0.967156,0.00617237,0.116714,-0.000851499,0.0229376,-0.00083091,-0.000297203,-2.58528e-05,0,0,0,0,0,0,0,-0.172723,-49.5136,-2.11674,20.6156,0.58236,2.13426,0.0196411,0,0,0,0,0,0,0,0,0,0,0,0,0,0,0,0,0,0,0,0,0,0,0,0,0,0,-0.130108,-0.318441,-0.0796194,-0.12981,-0.0261126,-0.0865129,0.0235233,-1.47788,-0.138787,0.691215,0.031069,-0.811823,-0.105942,0.0798868,0
693.132,0.106813,0.784323,-0.129214,-1.49739,0.0663481,2.26241,0.682823,0.99712,0.0739192,-0.0163639,0,0.0745112,-0.996442,0.0391345,0,-0.0134131,-0.0402418,-0.9991,0,0.7116,-0.00334158,0.101772,1,0.275095,0.0698027,-0.140984,-1.75508,0.0852376,1.70857,0.967156,0.00797117,0.103063,-0.0013774,0.0122891,-9.685e-05,-0.00028727,-0.000793228,0,0,0,0,0,0,0,-0.244134,-49.3985,-2.07707,20.5402,0.573204,2.12419,0.0397827,0,0,0,0,0,0,0,0,0,0,0,0,0,0,0,0,0,0,0,0,0,0,0,0,0,0,0.0250258,-0.0571865,0.0158938,-0.23633,-0.0297139,-0.112381,0.0213813,-1.24844,0.0689329,0.315146,-0.049195,-0.475133,0.0358104,0.0798868,0
693.166,0.107032,0.787583,-0.12921,-1.49712,0.0663481,2.26241,0.682833,0.99705,0.0741482,-0.0193491,0,0.0748625,-0.996411,0.039253,0,-0.0163694,-0.0405865,-0.999042,0,0.710956,-0.0032524,0.0995825,1,0.275095,0.0698027,-0.140984,-1.75508,0.0852376,1.70857,0.967156,0.00227708,0.0873986,-0.00102922,0.00663758,-0.000317424,0.000674611,0.000557743,0,0,0,0,0,0,0,-0.13305,-49.2478,-2.11674,20.5799,0.573204,2.09489,-0.0105713,0,0,0,0,0,0,0,0,0,0,0,0,0,0,0,0,0,0,0,0,0,0,0,0,0,0,-0.0994356,0.233317,-0.0672362,-0.33894,-0.0300327,-0.137506,0.0164729,-0.819995,-0.111463,-0.119126,-0.00740782,-0.0424369,-0.0907992,0.0798868,0
693.2,0.107087,0.790381,-0.129201,-1.49705,0.0663481,2.26242,0.682836,0.996989,0.0742084,-0.0220691,0,0.0750351,-0.996395,0.0393406,0,-0.0190705,-0.0408789,-0.998982,0,0.710333,-0.00327347,0.097637,1,0.275095,0.0698027,-0.140984,-1.75508,0.0852376,1.70857,0.967156,-0.000610712,0.0766238,0.00165248,-0.00145548,-3.37853e-05,-0.000185946,0.00142065,0,0,0,0,0,0,0,-0.0973449,-49.5136,-2.22783,20.6156,0.573204,2.09489,-0.0297974,0,0,0,0,0,0,0,0,0,0,0,0,0,0,0,0,0,0,0,0,0,0,0,0,0,0,0.105917,0.307107,0.0560105,-0.357841,-0.0333986,-0.147295,0.0141726,-0.739484,0.166383,-0.219732,-0.101988,0.0571156,0.101516,0.0798868,0
693.234,0.107094,0.792796,-0.129208,-1.49704,0.0663481,2.26242,0.682832,0.996933,0.0742092,-0.0244639,0,0.0751358,-0.996384,0.0394239,0,-0.0214503,-0.0411419,-0.998923,0,0.709773,-0.00333375,0.0959397,1,0.275095,0.0698027,-0.140984,-1.75508,0.0852376,1.70857,0.967156,0.000366191,0.0665995,-0.00114397,-0.000443639,-2.60946e-05,-0.000179451,0.000419247,0,0,0,0,0,0,0,-0.13305,-49.4739,-2.11674,20.5045,0.573204,2.10497,-0.00050053,0,0,0,0,0,0,0,0,0,0,0,0,0,0,0,0,0,0,0,0,0,0,0,0,0,0,0.00848587,0.287769,-0.0292134,-0.405864,-0.0309208,-0.163844,0.0147657,-1.00307,0.0285427,-0.14759,-0.0712044,-0.0519631,0.0018748,0.0798868,0
693.268,0.107074,0.794866,-0.129208,-1.49703,0.0663503,2.26242,0.682826,0.996881,0.074189,-0.0265334,0,0.0752025,-0.996376,0.0394876,0,-0.0235081,-0.0413606,-0.998868,0,0.709284,-0.00339992,0.0944803,1,0.275095,0.0698027,-0.140984,-1.75508,0.0852376,1.70857,0.967156,0.000653245,0.0567719,0.000519515,-0.000431085,0.000407857,-0.000732046,-0.00192504,0,0,0,0,0,0,0,0.00977179,-49.4382,-2.11674,20.5402,0.554894,2.12419,0.0599243,0,0,0,0,0,0,0,0,0,0,0,0,0,0,0,0,0,0,0,0,0,0,0,0,0,0,0.0283666,0.255297,-0.0362174,-0.408365,-0.0290481,-0.163739,0.0142993,-1.12792,0.0514218,-0.0860805,-0.0869044,-0.127697,0.0153199,0.0798868,0
693.302,0.107084,0.79663,-0.1292,-1.49701,0.0663482,2.26245,0.682832,0.996834,0.0741975,-0.0282407,0,0.0752831,-0.996368,0.0395442,0,-0.0252046,-0.0415458,-0.998819,0,0.708881,-0.00343194,0.0932512,1,0.275095,0.0698027,-0.140984,-1.75508,0.0852376,1.70857,0.967156,0.000568746,0.0494556,0.00138025,-4.18796e-05,-0.000657993,0.000257048,0.000488589,0,0,0,0,0,0,0,-0.13305,-49.5533,-2.22783,20.4292,0.58236,2.05553,-0.00050053,0,0,0,0,0,0,0,0,0,0,0,0,0,0,0,0,0,0,0,0,0,0,0,0,0,0,-0.105209,0.295892,-0.140154,-0.450512,-0.0313115,-0.175037,0.013387,-1.17272,-0.137129,-0.126245,-0.0444992,-0.103922,-0.117703,0.0798868,0
693.336,0.10716,0.798086,-0.12919,-1.49689,0.0663544,2.26248,0.682833,0.99679,0.0742836,-0.029545,0,0.0754247,-0.996356,0.0395885,0,-0.026497,-0.0416906,-0.998779,0,0.708587,-0.00340295,0.0922763,1,0.275095,0.0698027,-0.140984,-1.75508,0.0852376,1.70857,0.967156,0.00145028,0.041932,-0.000260233,0.0056607,0.000346973,9.90603e-05,0.00205117,0,0,0,0,0,0,0,-0.13305,-49.4739,-2.22783,20.3935,0.554894,2.06468,-0.0297974,0,0,0,0,0,0,0,0,0,0,0,0,0,0,0,0,0,0,0,0,0,0,0,0,0,0,-0.277639,0.278719,-0.247198,-0.484473,-0.0315524,-0.191411,0.0147991,-1.32203,-0.371786,-0.0651135,0.0278416,-0.170623,-0.280522,0.0798868,0
693.37,0.107229,0.79927,-0.129183,-1.49675,0.0663558,2.2625,0.68283,0.996752,0.0743685,-0.0305727,0,0.0755535,-0.996344,0.0396299,0,-0.0275143,-0.0418119,-0.998747,0,0.708364,-0.0033738,0.0915046,1,0.275095,0.0698027,-0.140984,-1.75508,0.0852376,1.70857,0.967156,0.00220312,0.0313498,5.91745e-06,0.00686015,0.000125739,0.00021511,-0.000444534,0,0,0,0,0,0,0,-0.208429,-49.4382,-2.18816,20.3935,0.546654,2.05553,0.0196411,0,0,0,0,0,0,0,0,0,0,0,0,0,0,0,0,0,0,0,0,0,0,0,0,0,0,-0.15397,0.158349,-0.17395,-0.426903,-0.0368499,-0.183726,0.0172136,-1.42918,-0.197414,0.122941,-0.0272438,-0.327355,-0.159953,0.0798868,0
693.404,0.107341,0.800275,-0.129177,-1.49647,0.066355,2.26257,0.68283,0.996722,0.0745108,-0.0312258,0,0.0757246,-0.996329,0.0396819,0,-0.028155,-0.0419172,-0.998724,0,0.708251,-0.00330376,0.0909193,1,0.275095,0.0698027,-0.140984,-1.75508,0.0852376,1.70857,0.967156,0.0029458,0.0251188,0.00212081,0.0072656,-7.18883e-05,0.00172969,0.000203922,0,0,0,0,0,0,0,-0.172723,-49.3589,-2.22783,20.3538,0.554894,2.04546,0.0196411,0,0,0,0,0,0,0,0,0,0,0,0,0,0,0,0,0,0,0,0,0,0,0,0,0,0,-0.315469,0.157635,-0.263971,-0.457779,-0.0402541,-0.20019,0.0148068,-1.51193,-0.420469,0.153707,0.0460775,-0.3546,-0.309592,0.0798868,0
693.438,0.107456,0.80117,-0.12916,-1.49599,0.0663617,2.26267,0.682825,0.996699,0.0746852,-0.0315425,0,0.0759136,-0.996313,0.0397306,0,-0.0284595,-0.0419948,-0.998712,0,0.708252,-0.00321099,0.0905018,1,0.275095,0.0698027,-0.140984,-1.75508,0.0852376,1.70857,0.967156,0.00109868,0.0276849,0.00121529,0.0190032,-1.40457e-05,0.00273084,-0.00263204,0,0,0,0,0,0,0,-0.172723,-49.4739,-2.26353,20.4649,0.537499,2.06468,0.0690795,0,0,0,0,0,0,0,0,0,0,0,0,0,0,0,0,0,0,0,0,0,0,0,0,0,0,-0.21595,-0.00112163,-0.22203,-0.393532,-0.0443809,-0.195451,0.018302,-1.6871,-0.280162,0.412561,-0.00579614,-0.573755,-0.215946,0.0798868,0
693.472,0.107571,0.802068,-0.129116,-1.4952,0.0663854,2.26278,0.682824,0.996683,0.0748923,-0.0315445,0,0.0761218,-0.996296,0.0397667,0,-0.0284499,-0.0420368,-0.998711,0,0.708377,-0.00308466,0.0902095,1,0.275095,0.0698027,-0.140984,-1.75508,0.0852376,1.70857,0.967156,0.00071019,0.0292402,0.00142006,0.0283801,0.00164632,0.00815785,-0.00169493,0,0,0,0,0,0,0,-0.172723,-49.6643,-2.30321,20.4649,0.537499,2.02531,0.0791503,0,0,0,0,0,0,0,0,0,0,0,0,0,0,0,0,0,0,0,0,0,0,0,0,0,0,-0.326786,-0.200527,-0.324425,-0.30581,-0.0537601,-0.193764,0.0181248,-1.78178,-0.434308,0.738665,0.0243006,-0.807869,-0.323996,0.0798868,0
693.506,0.107662,0.803014,-0.128962,-1.49411,0.0663924,2.26299,0.682834,0.996672,0.0751844,-0.0312027,0,0.0763993,-0.996274,0.039766,0,-0.0280972,-0.0420183,-0.998722,0,0.70863,-0.0028922,0.0900114,1,0.275095,0.0698027,-0.140984,-1.75508,0.0852376,1.70857,0.967156,-0.00039906,0.0278085,0.00589537,0.0356169,0.000241642,0.0130867,0.000784974,0,0,0,0,0,0,0,-0.13305,-49.704,-2.26353,20.3538,0.519188,1.99602,-0.0105713,0,0,0,0,0,0,0,0,0,0,0,0,0,0,0,0,0,0,0,0,0,0,0,0,0,0,-0.283147,-0.325821,-0.309562,-0.275486,-0.0579538,-0.2039,0.0169835,-1.98993,-0.376426,0.967516,0.00304556,-1.00366,-0.282587,0.0798868,0
693.54,0.107666,0.803898,-0.128589,-1.49301,0.0664594,2.26345,0.682834,0.996666,0.0755305,-0.0305399,0,0.0767126,-0.996257,0.0395863,0,-0.0274361,-0.0417979,-0.998749,0,0.708952,-0.00260657,0.0898703,1,0.275095,0.0698027,-0.140984,-1.75508,0.0852376,1.70857,0.967156,-0.00055315,0.0257746,0.00954793,0.032222,0.0038085,0.016775,0.000851172,0,0,0,0,0,0,0,-0.13305,-49.6643,-2.22783,20.2784,0.510033,1.98595,-0.0105713,0,0,0,0,0,0,0,0,0,0,0,0,0,0,0,0,0,0,0,0,0,0,0,0,0,0,-0.463322,-0.402835,-0.474894,-0.270229,-0.0726229,-0.211371,0.0155581,-2.13208,-0.632858,1.11836,0.0427922,-1.13346,-0.463423,0.0798868,0
693.574,0.107669,0.804713,-0.128117,-1.49205,0.0665467,2.26412,0.682825,0.99666,0.0759379,-0.0297306,0,0.0770791,-0.996239,0.0393313,0,-0.0266326,-0.0414924,-0.998784,0,0.709279,-0.00225862,0.0897304,1,0.275095,0.0698027,-0.140984,-1.75508,0.0852376,1.70857,0.967156,-0.000712598,0.0233768,0.0122299,0.027106,0.00246911,0.0244726,-0.00261501,0,0,0,0,0,0,0,-0.13305,-49.6643,-2.18816,20.2784,0.510033,1.99602,0.0690795,0,0,0,0,0,0,0,0,0,0,0,0,0,0,0,0,0,0,0,0,0,0,0,0,0,0,-0.270317,-0.402851,-0.337487,-0.295767,-0.0759226,-0.229063,0.0145595,-2.29417,-0.367095,1.15362,-0.0294217,-1.18613,-0.274727,0.0798868,0
693.608,0.107676,0.80548,-0.127573,-1.49121,0.0666642,2.26522,0.682834,0.996661,0.0763683,-0.0285713,0,0.0774537,-0.996222,0.0390365,0,-0.0254827,-0.0411199,-0.998829,0,0.709657,-0.00186191,0.0896057,1,0.275095,0.0698027,-0.140984,-1.75508,0.0852376,1.70857,0.967156,-0.0012495,0.0238264,0.017898,0.0247088,0.00835228,0.0376743,-0.00122153,0,0,0,0,0,0,0,-0.13305,-49.6643,-2.26353,20.3181,0.500878,1.96581,0.0297119,0,0,0,0,0,0,0,0,0,0,0,0,0,0,0,0,0,0,0,0,0,0,0,0,0,0,-0.340705,-0.471045,-0.396354,-0.265839,-0.0882512,-0.233417,0.00606766,-2.30611,-0.476576,1.27369,-0.00686058,-1.25994,-0.342409,0.0798868,0
693.642,0.107719,0.806262,-0.126954,-1.49045,0.0667438,2.26688,0.682853,0.996664,0.0769154,-0.0269541,0,0.0779278,-0.996195,0.0387693,0,-0.0238701,-0.0407412,-0.998885,0,0.710115,-0.00139887,0.0894763,1,0.275095,0.0698027,-0.140984,-1.75508,0.0852376,1.70857,0.967156,-0.000219531,0.0242916,0.0163775,0.0220425,0.000555242,0.068255,0.00237643,0,0,0,0,0,0,0,-0.208429,-49.704,-2.30321,20.3181,0.500878,1.98595,-0.0600098,0,0,0,0,0,0,0,0,0,0,0,0,0,0,0,0,0,0,0,0,0,0,0,0,0,0,-0.33864,-0.510044,-0.392727,-0.296985,-0.0820871,-0.258565,-0.00689014,-2.54201,-0.493891,1.38676,0.0122943,-1.37654,-0.342653,0.0798868,0
693.676,0.107825,0.807015,-0.126345,-1.48994,0.0669073,2.26963,0.682946,0.996689,0.0774111,-0.0244617,0,0.078317,-0.996173,0.0385434,0,-0.0213848,-0.0403323,-0.998957,0,0.710712,-0.000901321,0.0893565,1,0.275095,0.0698027,-0.140984,-1.75508,0.0852376,1.70857,0.967156,0.00255339,0.024732,0.01192,0.0109276,0.00755209,0.0894989,0.00652183,0,0,0,0,0,0,0,-0.27984,-49.704,-2.22783,20.3181,0.465172,2.00609,-0.110364,0,0,0,0,0,0,0,0,0,0,0,0,0,0,0,0,0,0,0,0,0,0,0,0,0,0,-0.340211,-0.720568,-0.384633,-0.116993,-0.0954293,-0.218335,-0.0400985,-2.2736,-0.538305,1.64529,0.046861,-1.49623,-0.338463,0.0798868,0
693.71,0.108029,0.807698,-0.125827,-1.48987,0.0671454,2.27378,0.683417,0.996761,0.0775301,-0.0209154,0,0.0782917,-0.996179,0.03845,0,-0.0178548,-0.0399637,-0.999042,0,0.711446,-0.000407091,0.0892218,1,0.275095,0.0698027,-0.140984,-1.75508,0.0852376,1.70857,0.967156,0.00822875,0.0203294,0.0150318,1.98719e-05,0.00629838,0.148018,0.0187531,0,0,0,0,0,0,0,-0.244134,-49.704,-2.30321,20.3538,0.465172,2.10497,-0.0600098,0,0,0,0,0,0,0,0,0,0,0,0,0,0,0,0,0,0,0,0,0,0,0,0,0,0,-0.480625,-0.748841,-0.474846,-0.0940026,-0.106175,-0.217048,-0.0696119,-2.18947,-0.772907,1.68641,0.122924,-1.49644,-0.473451,0.0798868,0
693.744,0.10828,0.808518,-0.125403,-1.48987,0.0673359,2.27976,0.683765,0.996831,0.0778447,-0.0157689,0,0.0784037,-0.996163,0.0386397,0,-0.0127008,-0.0397544,-0.999129,0,0.712506,4.38752e-05,0.0891257,1,0.275095,0.0698027,-0.140984,-1.75508,0.0852376,1.70857,0.967156,0.00805204,0.0246446,0.0138107,-3.81078e-05,0.00457555,0.190219,0.00338631,0,0,0,0,0,0,0,-0.27984,-49.704,-2.30321,20.3181,0.446862,2.01524,-0.12959,0,0,0,0,0,0,0,0,0,0,0,0,0,0,0,0,0,0,0,0,0,0,0,0,0,0,-0.313719,-0.666418,-0.3675,-0.156924,-0.115621,-0.208124,-0.0744112,-2.36889,-0.553444,1.55361,0.0486824,-1.47417,-0.313483,0.0798868,0
693.778,0.108602,0.809466,-0.125185,-1.48981,0.0674952,2.28584,0.683832,0.996857,0.0783915,-0.0106021,0,0.0787486,-0.996121,0.0390119,0,-0.00750297,-0.0397249,-0.999182,0,0.713579,0.000404343,0.0889882,1,0.275095,0.0698027,-0.140984,-1.75508,0.0852376,1.70857,0.967156,0.0100303,0.0237845,0.00171244,0.00532498,0.000993137,0.16,-0.00268093,0,0,0,0,0,0,0,-0.351251,-49.6286,-2.26353,20.1673,0.474327,1.97588,-0.0398682,0,0,0,0,0,0,0,0,0,0,0,0,0,0,0,0,0,0,0,0,0,0,0,0,0,0,-0.135857,-0.60132,-0.227452,-0.172545,-0.1193,-0.222327,-0.0825041,-2.27129,-0.315643,1.46625,-0.00765793,-1.37394,-0.137892,0.0798868,0
693.812,0.108972,0.810478,-0.125168,-1.48976,0.0676584,2.29124,0.684112,0.996877,0.0786037,-0.00616736,0,0.0787866,-0.996101,0.0394602,0,-0.00304165,-0.0398237,-0.999202,0,0.714493,0.000664392,0.0887605,1,0.275095,0.0698027,-0.140984,-1.75508,0.0852376,1.70857,0.967156,0.0102606,0.030138,0.000494918,0.000240091,0.00838312,0.16055,0.0122227,0,0,0,0,0,0,0,-0.13305,-49.704,-2.30321,20.3181,0.429467,2.12419,-0.100293,0,0,0,0,0,0,0,0,0,0,0,0,0,0,0,0,0,0,0,0,0,0,0,0,0,0,0.0274011,-0.8941,-0.139705,0.0100899,-0.13055,-0.189063,-0.110371,-2.27889,-0.129613,1.88544,-0.0526308,-1.6699,0.0182993,0.0798868,0
693.846,0.109217,0.811621,-0.125163,-1.48976,0.0679362,2.29714,0.684725,0.99692,0.0782922,-0.00138709,0,0.0782852,-0.996123,0.0398824,0,0.0017408,-0.0398689,-0.999203,0,0.715457,0.000833396,0.0884651,1,0.275095,0.0698027,-0.140984,-1.75508,0.0852376,1.70857,0.967156,0.000613025,0.0359603,-0.00112052,-0.000703212,0.00436702,0.169876,0.0252382,0,0,0,0,0,0,0,-0.13305,-49.6286,-2.18816,20.3538,0.437706,2.14433,-0.149731,0,0,0,0,0,0,0,0,0,0,0,0,0,0,0,0,0,0,0,0,0,0,0,0,0,0,0.163539,-0.880454,-0.0906519,0.022288,-0.138935,-0.11924,-0.131997,-2.39651,0.0167995,1.76803,-0.117989,-1.69887,0.137312,0.0798868,0
693.88,0.109229,0.812841,-0.125179,-1.48975,0.0680551,2.30246,0.685973,0.997003,0.0771837,0.0027456,0,0.0770106,-0.996203,0.0403736,0,0.00585148,-0.040042,-0.999181,0,0.71628,0.0008049,0.0880728,1,0.275095,0.0698027,-0.140984,-1.75508,0.0852376,1.70857,0.967156,-0.00452966,0.0350112,0.000244771,0.00153509,0.00606442,0.142016,0.0468834,0,0,0,0,0,0,0,0.0454774,-49.6643,-2.04137,20.2427,0.437706,2.04546,-0.219312,0,0,0,0,0,0,0,0,0,0,0,0,0,0,0,0,0,0,0,0,0,0,0,0,0,0,0.384712,-0.661009,0.08422,-0.0442488,-0.145279,-0.0902455,-0.154813,-2.23706,0.290476,1.36207,-0.184658,-1.42289,0.352162,0.0798868,0
693.914,0.109145,0.814016,-0.125187,-1.48975,0.0682634,2.30615,0.687915,0.997147,0.0751688,0.00533763,0,0.0748916,-0.996354,0.0406185,0,0.00837158,-0.0401036,-0.99916,0,0.716767,0.000723288,0.0875652,1,0.275095,0.0698027,-0.140984,-1.75508,0.0852376,1.70857,0.967156,-0.000240699,0.0342867,-0.000101587,-0.000153286,0.0052955,0.0816008,0.0616876,0,0,0,0,0,0,0,0.0811829,-49.589,-2.04137,20.3181,0.411156,2.16447,-0.110364,0,0,0,0,0,0,0,0,0,0,0,0,0,0,0,0,0,0,0,0,0,0,0,0,0,0,0.0704522,-0.49399,-0.113111,-0.0855639,-0.159982,-0.106744,-0.157761,-1.80945,-0.139966,1.1021,-0.0746252,-1.1146,0.0532794,0.0798868,0
693.948,0.109113,0.815212,-0.125191,-1.48976,0.0684372,2.30867,0.689625,0.997269,0.0734152,0.00673358,0,0.0730821,-0.996483,0.0407673,0,0.00970303,-0.0401647,-0.999146,0,0.717003,0.000679362,0.0869384,1,0.275095,0.0698027,-0.140984,-1.75508,0.0852376,1.70857,0.967156,-0.000994943,0.0368504,-0.00103633,0.000132019,0.00126327,0.0552877,0.0445238,0,0,0,0,0,0,0,0.156561,-49.704,-1.96599,20.3181,0.437706,2.20384,-0.100293,0,0,0,0,0,0,0,0,0,0,0,0,0,0,0,0,0,0,0,0,0,0,0,0,0,0,0.0449735,-0.697857,-0.132497,0.0159145,-0.155429,-0.0601454,-0.118685,-1.97187,-0.119479,1.36505,-0.0864907,-1.37341,0.0372058,0.0798868,0
693.982,0.109044,0.816389,-0.125221,-1.48976,0.0685473,2.30972,0.691205,0.997393,0.0717203,0.00667831,0,0.0713901,-0.996602,0.04084,0,0.00958486,-0.0402575,-0.999143,0,0.716935,0.000587445,0.0861938,1,0.275095,0.0698027,-0.140984,-1.75508,0.0852376,1.70857,0.967156,-0.000446547,0.036605,-0.00106456,-0.000323512,0.00583275,0.0102054,0.0579186,0,0,0,0,0,0,0,0.156561,-49.7437,-1.8549,20.3538,0.38369,2.24321,-0.149731,0,0,0,0,0,0,0,0,0,0,0,0,0,0,0,0,0,0,0,0,0,0,0,0,0,0,0.193355,-0.851145,-0.0053117,0.09647,-0.16463,-0.0116596,-0.133366,-2.15669,0.0659568,1.54166,-0.112401,-1.58464,0.191594,0.0798868,0
694.016,0.108859,0.817585,-0.125222,-1.48977,0.068908,2.30974,0.694771,0.997677,0.0677407,0.005666,0,0.0674564,-0.996886,0.0405996,0,0.00839876,-0.0401239,-0.999159,0,0.71664,0.000456343,0.0853362,1,0.275095,0.0698027,-0.140984,-1.75508,0.0852376,1.70857,0.967156,-0.00746433,0.0364098,-0.000185339,-0.000893761,0.00661491,0.0010117,0.152446,0,0,0,0,0,0,0,0.156561,-49.7794,-1.93028,20.4292,0.38369,2.21391,-0.190015,0,0,0,0,0,0,0,0,0,0,0,0,0,0,0,0,0,0,0,0,0,0,0,0,0,0,0.332341,-0.666627,0.12022,0.0159973,-0.200095,-0.0176528,-0.191795,-2.07334,0.179134,1.25322,-0.131359,-1.36908,0.331647,0.0798868,0
694.05,0.108665,0.81881,-0.125229,-1.48977,0.0691031,2.30975,0.702425,0.99819,0.0597811,0.00478743,0,0.0595393,-0.997395,0.0404767,0,0.00719484,-0.0401192,-0.999169,0,0.716343,0.000298758,0.0844668,1,0.275095,0.0698027,-0.140984,-1.75508,0.0852376,1.70857,0.967156,-0.0111057,0.0355842,-0.000170637,0.000773238,0.000128388,0.0093922,0.247729,0,0,0,0,0,0,0,0.116888,-49.7794,-1.89061,20.3181,0.456017,2.1544,-0.139661,0,0,0,0,0,0,0,0,0,0,0,0,0,0,0,0,0,0,0,0,0,0,0,0,0,0,0.417754,-0.510915,0.195002,-0.0627015,-0.187257,-0.0427464,-0.212844,-1.99916,0.266578,1.03778,-0.133048,-1.1855,0.408801,0.0798868,0
694.084,0.108417,0.819901,-0.125226,-1.48977,0.0691213,2.30974,0.711019,0.998683,0.050949,0.00403088,0,0.0507447,-0.997881,0.0404804,0,0.0060849,-0.0402234,-0.999172,0,0.716069,9.5211e-05,0.0836863,1,0.275095,0.0698027,-0.140984,-1.75508,0.0852376,1.70857,0.967156,-0.0107675,0.0350906,-0.000722158,-0.000666103,-0.000602755,-0.000672735,0.263774,0,0,0,0,0,0,0,0.156561,-49.7794,-1.93028,20.3935,0.420311,2.21391,-0.159802,0,0,0,0,0,0,0,0,0,0,0,0,0,0,0,0,0,0,0,0,0,0,0,0,0,0,0.299406,-0.48602,0.121726,-0.0856289,-0.176857,-0.0707548,-0.192898,-1.93855,0.13415,1.03987,-0.0953601,-1.14044,0.295893,0.0798868,0
694.118,0.108194,0.820939,-0.125229,-1.48975,0.0691075,2.30976,0.721617,0.999178,0.040159,0.00346907,0,0.0399858,-0.998369,0.0405204,0,0.00509077,-0.0403491,-0.999173,0,0.715824,-9.46274e-05,0.0829586,1,0.275095,0.0698027,-0.140984,-1.75508,0.0852376,1.70857,0.967156,-0.00302262,0.0294505,-0.00117505,0.00123552,0.00034978,0.000452556,0.329497,0,0,0,0,0,0,0,0.156561,-49.7437,-1.89061,20.207,0.474327,2.10497,-0.110364,0,0,0,0,0,0,0,0,0,0,0,0,0,0,0,0,0,0,0,0,0,0,0,0,0,0,-0.058556,-0.33531,-0.109899,-0.195411,-0.161275,-0.097876,-0.153216,-1.91026,-0.303464,0.842849,0.0143034,-0.981953,-0.0480862,0.0798868,0
694.148,0.10813,0.821709,-0.125226,-1.48976,0.069107,2.30982,0.730108,0.999485,0.0316211,0.00310129,0,0.0314695,-0.998672,0.0405499,0,0.00437949,-0.0404323,-0.999173,0,0.715644,-0.000159969,0.0824147,1,0.275095,0.0698027,-0.140984,-1.75508,0.0852376,1.70857,0.967156,0.000500138,0.0233118,-0.0007966,-0.00643435,1.83209e-05,0.00172932,0.259005,0,0,0,0,0,0,0,0.0454774,-49.8191,-1.93028,20.2427,0.465172,2.13426,-0.110364,0,0,0,0,0,0,0,0,0,0,0,0,0,0,0,0,0,0,0,0,0,0,0,0,0,0,-0.205276,-0.196377,-0.185261,-0.301135,-0.12703,-0.13648,-0.115894,-1.92979,-0.453167,0.679416,0.0695237,-0.847646,-0.189803,0.0798868,0
694.185,0.108155,0.822467,-0.125208,-1.48976,0.0691006,2.30987,0.739196,0.999731,0.0225873,0.00275858,0,0.0224568,-0.998914,0.0405789,0,0.00367222,-0.0405069,-0.999173,0,0.715464,-0.00015106,0.0818776,1,0.275095,0.0698027,-0.140984,-1.75508,0.0852376,1.70857,0.967156,0.000329458,0.0155625,0.00300699,-0.000576989,0.00101924,-6.3838e-05,0.228307,0,0,0,0,0,0,0,-0.0616393,-49.8191,-2.15245,20.2784,0.483483,2.14433,-0.0297974,0,0,0,0,0,0,0,0,0,0,0,0,0,0,0,0,0,0,0,0,0,0,0,0,0,0,-0.26294,-0.101145,-0.204195,-0.353799,-0.117294,-0.142045,-0.0760256,-1.89793,-0.474185,0.533077,0.0703604,-0.741061,-0.238543,0.0798868,0
694.219,0.108258,0.82295,-0.125209,-1.48976,0.0690685,2.30987,0.743793,0.999823,0.0181191,0.00246409,0,0.0180041,-0.999002,0.0406339,0,0.00319795,-0.0405831,-0.999171,0,0.715344,-9.4714e-05,0.0815347,1,0.275095,0.0698027,-0.140984,-1.75508,0.0852376,1.70857,0.967156,0.00619877,0.00776679,-0.0013458,0.000711247,-0.00333834,-0.000303301,0.0369286,0,0,0,0,0,0,0,-0.13305,-49.8191,-2.07707,20.2427,0.591515,2.16447,0.139575,0,0,0,0,0,0,0,0,0,0,0,0,0,0,0,0,0,0,0,0,0,0,0,0,0,0,-0.281439,0.165724,-0.182837,-0.48086,-0.0627429,-0.152949,0.0171932,-1.75215,-0.368018,0.106324,0.0426835,-0.422904,-0.253335,0.0798868,0
694.253,0.108348,0.823189,-0.125187,-1.48976,0.0690671,2.30987,0.743838,0.999823,0.0181801,0.0022202,0,0.0180749,-0.999001,0.0406399,0,0.00295687,-0.0405933,-0.999171,0,0.715282,-2.16836e-05,0.081362,1,0.275095,0.0698027,-0.140984,-1.75508,0.0852376,1.70857,0.967156,0.00338811,0.00270375,0.00191623,-0.00104904,0.000324357,-0.000663427,-0.00126085,0,0,0,0,0,0,0,-0.13305,-49.8191,-2.26353,20.3181,0.564049,2.1837,-0.0105713,0,0,0,0,0,0,0,0,0,0,0,0,0,0,0,0,0,0,0,0,0,0,0,0,0,0,-0.0534691,-0.0869388,-0.08507,-0.344519,-0.0317878,-0.129568,0.0261887,-1.89075,-0.0492875,0.483525,-0.0472317,-0.723894,-0.0507487,0.0798868,0
694.287,0.108532,0.823202,-0.125172,-1.48975,0.0690603,2.30986,0.743845,0.999819,0.0183723,0.00220384,0,0.0182676,-0.998997,0.0406347,0,0.00294824,-0.0405879,-0.999172,0,0.71528,0.000119176,0.0813552,1,0.275095,0.0698027,-0.140984,-1.75508,0.0852376,1.70857,0.967156,0.0091391,-0.00173548,0.00242432,0.00511979,0.000439224,0.000326579,0.00123196,0,0,0,0,0,0,0,-0.244134,-49.5136,-2.30321,20.207,0.58236,2.19377,-0.0700806,0,0,0,0,0,0,0,0,0,0,0,0,0,0,0,0,0,0,0,0,0,0,0,0,0,0,-0.429487,0.0774501,-0.3868,-0.423323,-0.0183762,-0.111139,-0.0137276,-1.76952,-0.638266,0.191003,0.101003,-0.524565,-0.439107,0.0798868,0
694.321,0.10884,0.82313,-0.125171,-1.48972,0.0690587,2.30986,0.743844,0.999813,0.0186865,0.00230877,0,0.0185774,-0.998992,0.0406287,0,0.00306571,-0.040579,-0.999172,0,0.715311,0.000343786,0.0814206,1,0.275095,0.0698027,-0.140984,-1.75508,0.0852376,1.70857,0.967156,0.0102893,-0.000660836,0.000268842,-9.86639e-05,0.000446907,-0.000183045,0.000819122,0,0,0,0,0,0,0,-0.13305,-48.978,-2.26353,20.1316,0.564049,2.21391,-0.0600098,0,0,0,0,0,0,0,0,0,0,0,0,0,0,0,0,0,0,0,0,0,0,0,0,0,0,-0.385832,0.0389754,-0.402102,-0.297821,-0.00673457,-0.0727857,-0.0298374,-1.28997,-0.605049,0.163206,0.0817446,-0.406247,-0.414024,0.0798868,0
694.355,0.109149,0.823138,-0.125171,-1.48966,0.0690284,2.30985,0.743828,0.999806,0.0190372,0.00235394,0,0.0189258,-0.998985,0.040651,0,0.00312549,-0.0405994,-0.999171,0,0.715332,0.000564939,0.0814392,1,0.275095,0.0698027,-0.140984,-1.75508,0.0852376,1.70857,0.967156,0.00590333,0.000742253,-0.000740761,-0.000561666,-0.00467317,-5.95072e-05,-0.000221865,0,0,0,0,0,0,0,-0.208429,-49.1684,-2.26353,20.1673,0.654686,2.19377,0.00957027,0,0,0,0,0,0,0,0,0,0,0,0,0,0,0,0,0,0,0,0,0,0,0,0,0,0,-0.153127,0.147513,-0.262686,-0.283311,0.00656386,-0.0617612,-0.0296237,-0.975342,-0.285833,-0.049165,-0.0124508,-0.1928,-0.200221,0.0798868,0
694.389,0.109439,0.823145,-0.125168,-1.48958,0.0689807,2.30986,0.743814,0.9998,0.0193808,0.00242844,0,0.019266,-0.998977,0.0406852,0,0.00321453,-0.040631,-0.999169,0,0.715363,0.000772294,0.0814688,1,0.275095,0.0698027,-0.140984,-1.75508,0.0852376,1.70857,0.967156,0.00506788,0.000503128,0.000823188,0.0032326,-0.00039821,-8.1243e-05,-0.000140066,0,0,0,0,0,0,0,-0.208429,-49.2478,-2.26353,20.0562,0.609825,2.17455,-0.00050053,0,0,0,0,0,0,0,0,0,0,0,0,0,0,0,0,0,0,0,0,0,0,0,0,0,0,-0.140299,0.144516,-0.253178,-0.30123,0.0343009,-0.0733896,-0.00957851,-1.05763,-0.242683,-0.0241263,-0.0129118,-0.222178,-0.192194,0.0798868,0
694.423,0.109673,0.823149,-0.125165,-1.48949,0.0689856,2.30987,0.743814,0.999795,0.019623,0.00251985,0,0.0195044,-0.998972,0.0406789,0,0.00331556,-0.0406221,-0.999169,0,0.7154,0.000946975,0.0815049,1,0.275095,0.0698027,-0.140984,-1.75508,0.0852376,1.70857,0.967156,0.0076673,-0.000357512,0.000425896,5.40256e-06,0.000256056,-4.22802e-05,-0.0012659,0,0,0,0,0,0,0,-0.27984,-49.2835,-2.30321,20.1316,0.564049,2.17455,-0.00050053,0,0,0,0,0,0,0,0,0,0,0,0,0,0,0,0,0,0,0,0,0,0,0,0,0,0,-0.232056,0.0299494,-0.312045,-0.258506,0.0179748,-0.0774847,-0.0143398,-1.12843,-0.373067,0.171905,0.0214771,-0.361058,-0.27389,0.0798868,0
694.457,0.109908,0.823159,-0.125159,-1.48948,0.0689964,2.30986,0.743823,0.99979,0.0198454,0.00251235,0,0.0197269,-0.998968,0.0406676,0,0.00331688,-0.0406102,-0.99917,0,0.715399,0.00112002,0.0815003,1,0.275095,0.0698027,-0.140984,-1.75508,0.0852376,1.70857,0.967156,0.00817854,0.000601628,-0.000315971,-0.00106914,0.000646085,-0.000412514,0.00141362,0,0,0,0,0,0,0,-0.244134,-49.3985,-2.30321,20.207,0.510033,2.19377,-0.049939,0,0,0,0,0,0,0,0,0,0,0,0,0,0,0,0,0,0,0,0,0,0,0,0,0,0,-0.204238,-0.0825311,-0.321386,-0.205351,-0.0088299,-0.0729738,-0.0204566,-1.19832,-0.343061,0.356017,-0.0143524,-0.500374,-0.246098,0.0798868,0
694.491,0.110035,0.823178,-0.125132,-1.48949,0.0690554,2.30984,0.743864,0.999789,0.0199095,0.002471,0,0.0197928,-0.99897,0.0406052,0,0.00327694,-0.0405485,-0.999172,0,0.715387,0.00123396,0.0814804,1,0.275095,0.0698027,-0.140984,-1.75508,0.0852376,1.70857,0.967156,0.00213891,0.00130348,0.00105265,-0.000743589,0.00295535,5.75026e-05,0.00154838,0,0,0,0,0,0,0,-0.244134,-49.589,-2.41429,20.2427,0.437706,2.24321,-0.200085,0,0,0,0,0,0,0,0,0,0,0,0,0,0,0,0,0,0,0,0,0,0,0,0,0,0,-0.0217067,-0.117146,-0.241638,-0.184781,-0.0634202,-0.0488587,-0.0638456,-1.32056,-0.155169,0.392674,-0.109591,-0.580417,-0.0725536,0.0798868,0
694.525,0.11011,0.823214,-0.124997,-1.48949,0.0690665,2.30982,0.74404,0.99979,0.0198909,0.00240674,0,0.0197772,-0.998974,0.0405001,0,0.00320991,-0.0404448,-0.999177,0,0.715368,0.00137809,0.0814429,1,0.275095,0.0698027,-0.140984,-1.75508,0.0852376,1.70857,0.967156,0.00245003,0.000479465,0.00764121,-0.000115145,-0.000340461,-0.000510559,0.00481466,0,0,0,0,0,0,0,-0.172723,-49.8191,-2.33891,20.2784,0.483483,2.26335,-0.0902222,0,0,0,0,0,0,0,0,0,0,0,0,0,0,0,0,0,0,0,0,0,0,0,0,0,0,-0.424427,-0.271462,-0.570964,-0.172397,-0.107045,-0.0155978,-0.124123,-1.6986,-0.80663,0.626688,0.0359657,-0.868998,-0.470242,0.0798868,0
694.559,0.110121,0.823204,-0.124724,-1.48949,0.0690706,2.30982,0.744079,0.999787,0.0200467,0.00241386,0,0.0199332,-0.998979,0.0402967,0,0.00321927,-0.0402408,-0.999185,0,0.715369,0.00157023,0.0814386,1,0.275095,0.0698027,-0.140984,-1.75508,0.0852376,1.70857,0.967156,-0.00122342,-0.00409504,0.0082958,0.000954741,0.000662359,8.63774e-05,0.000966795,0,0,0,0,0,0,0,-0.0973449,-49.6286,-2.26353,20.1673,0.446862,2.22398,-0.149731,0,0,0,0,0,0,0,0,0,0,0,0,0,0,0,0,0,0,0,0,0,0,0,0,0,0,-0.185002,-0.254024,-0.378497,-0.211944,-0.106361,-0.0212955,-0.115127,-1.92827,-0.462086,0.6172,-0.0425211,-0.923865,-0.230024,0.0798868,0
694.593,0.110137,0.823223,-0.124494,-1.4895,0.0691154,2.3098,0.744789,0.999798,0.0194774,0.00238125,0,0.0193664,-0.998999,0.040095,0,0.00315988,-0.0400416,-0.999193,0,0.715351,0.00173895,0.0814056,1,0.275095,0.0698027,-0.140984,-1.75508,0.0852376,1.70857,0.967156,-0.00141665,0.0012655,0.0037053,-0.000273672,0.00057215,-0.000839243,0.0495097,0,0,0,0,0,0,0,-0.0973449,-49.8548,-2.30321,20.2784,0.38369,2.30272,-0.229382,0,0,0,0,0,0,0,0,0,0,0,0,0,0,0,0,0,0,0,0,0,0,0,0,0,0,-0.146854,-0.493605,-0.343825,-0.0990446,-0.142179,0.000673883,-0.180436,-2.09736,-0.49969,0.977105,-0.0074901,-1.21817,-0.185919,0.0798868,0
694.627,0.110142,0.823222,-0.124153,-1.4895,0.0691096,2.30978,0.748075,0.999852,0.0164341,0.00245889,0,0.0163232,-0.999063,0.0398413,0,0.0031114,-0.0397961,-0.999203,0,0.715337,0.00197047,0.0813833,1,0.275095,0.0698027,-0.140984,-1.75508,0.0852376,1.70857,0.967156,0.00106417,-0.00164732,0.0116357,0.000306224,-5.47531e-05,-0.000101481,0.116808,0,0,0,0,0,0,0,-0.172723,-49.704,-2.22783,20.2784,0.483483,2.25328,-0.049939,0,0,0,0,0,0,0,0,0,0,0,0,0,0,0,0,0,0,0,0,0,0,0,0,0,0,-0.259282,-0.465535,-0.450911,-0.130294,-0.160036,0.0075265,-0.206124,-2.17772,-0.697025,0.933993,0.0239135,-1.22087,-0.302351,0.0798874,0
694.661,0.110151,0.823222,-0.123756,-1.4895,0.0690981,2.30978,0.751595,0.9999,0.0132031,0.00257559,0,0.0130909,-0.999122,0.0395521,0,0.0030956,-0.0395152,-0.999214,0,0.71533,0.00224114,0.0813626,1,0.275095,0.0698027,-0.140984,-1.75508,0.0852376,1.70857,0.967156,0.0014659,-0.000326768,0.00893186,-0.000639124,0.000378622,0.000347692,0.0836896,0,0,0,0,0,0,0,-0.208429,-49.704,-2.18816,20.2784,0.500878,2.23406,-0.100293,0,0,0,0,0,0,0,0,0,0,0,0,0,0,0,0,0,0,0,0,0,0,0,0,0,0,-0.191689,-0.472053,-0.383623,-0.121437,-0.112796,-0.000555772,-0.120135,-2.13711,-0.480232,0.9462,-0.0276436,-1.21127,-0.231304,0.0798874,0
694.695,0.110171,0.823225,-0.123356,-1.4895,0.0690971,2.30978,0.754918,0.999935,0.0101747,0.00267194,0,0.0100621,-0.999169,0.0392525,0,0.00306916,-0.0392238,-0.999226,0,0.71532,0.00252321,0.0813375,1,0.275095,0.0698027,-0.140984,-1.75508,0.0852376,1.70857,0.967156,0.00126626,-0.000677184,0.0114928,-0.000196271,-0.000656866,-0.000208307,0.112377,0,0,0,0,0,0,0,-0.172723,-49.7437,-2.22783,20.2784,0.510033,2.25328,-0.139661,0,0,0,0,0,0,0,0,0,0,0,0,0,0,0,0,0,0,0,0,0,0,0,0,0,0,-0.263663,-0.460467,-0.39493,-0.135346,-0.0952649,-0.00733677,-0.100558,-2.13344,-0.549268,0.931468,0.0173652,-1.19495,-0.292724,0.0798874,0
694.729,0.110163,0.823217,-0.122931,-1.4895,0.0690742,2.30978,0.759576,0.999969,0.00581478,0.00283129,0,0.00570012,-0.999215,0.0389462,0,0.00305559,-0.0389296,-0.999237,0,0.715313,0.00279972,0.0813202,1,0.275095,0.0698027,-0.140984,-1.75508,0.0852376,1.70857,0.967156,4.1282e-05,-0.00124875,0.0101886,-0.000554591,-0.000551806,-0.000126054,0.125413,0,0,0,0,0,0,0,-0.0973449,-49.6286,-2.15245,20.2784,0.591515,2.24321,0.0690795,0,0,0,0,0,0,0,0,0,0,0,0,0,0,0,0,0,0,0,0,0,0,0,0,0,0,-0.0749991,-0.440657,-0.252836,-0.132828,-0.0788566,-0.0109353,-0.0853031,-2.10446,-0.266747,0.898228,-0.0461712,-1.16249,-0.109463,0.0798874,0
694.763,0.110171,0.823194,-0.122627,-1.48944,0.0690477,2.3098,0.761407,0.999977,0.00422367,0.00297377,0,0.00410533,-0.999231,0.0387356,0,0.00313515,-0.0387232,-0.999245,0,0.715338,0.0030105,0.0813435,1,0.275095,0.0698027,-0.140984,-1.75508,0.0852376,1.70857,0.967156,0.00321212,-0.00039928,0.00694963,0.00380959,0.000186601,0.00339544,0.00413001,0,0,0,0,0,0,0,-0.172723,-49.3589,-2.07707,20.0562,0.609825,2.17455,-0.0105713,0,0,0,0,0,0,0,0,0,0,0,0,0,0,0,0,0,0,0,0,0,0,0,0,0,0,-0.0225732,-0.224722,-0.173045,-0.261317,-0.0065409,-0.0498956,0.00839777,-2.07171,-0.0616859,0.599427,-0.0785327,-0.930327,-0.056894,0.0798874,0
694.797,0.110167,0.823197,-0.122569,-1.48937,0.0690487,2.30981,0.761402,0.999977,0.00426967,0.00305377,0,0.00414834,-0.999233,0.0386919,0,0.00321669,-0.038679,-0.999247,0,0.71537,0.00304943,0.081373,1,0.275095,0.0698027,-0.140984,-1.75508,0.0852376,1.70857,0.967156,-0.000831259,0.000400157,-0.000358637,0.00482118,-0.000373421,-0.000277063,-0.00224318,0,0,0,0,0,0,0,-0.0616393,-49.4382,-2.07707,20.0919,0.60067,2.1837,0.0297119,0,0,0,0,0,0,0,0,0,0,0,0,0,0,0,0,0,0,0,0,0,0,0,0,0,0,0.201418,-0.191877,0.00894947,-0.244758,0.00876877,-0.0661158,-0.000387417,-1.89965,0.239786,0.55296,-0.126858,-0.834769,0.161178,0.0798874,0
694.831,0.110074,0.823183,-0.122577,-1.48935,0.0690507,2.30981,0.76141,0.999977,0.00416421,0.00308533,0,0.00404172,-0.999233,0.038694,0,0.00324416,-0.0386814,-0.999246,0,0.715381,0.00297975,0.0813908,1,0.275095,0.0698027,-0.140984,-1.75508,0.0852376,1.70857,0.967156,-0.00368954,-0.00122944,0.000536384,-0.000923319,0.000556117,-0.000444237,0.000379852,0,0,0,0,0,0,0,0.227972,-49.2835,-2.00169,20.207,0.58236,2.19377,-0.0398682,0,0,0,0,0,0,0,0,0,0,0,0,0,0,0,0,0,0,0,0,0,0,0,0,0,0,0.265297,-0.186926,0.0175325,-0.216248,0.00832804,-0.0654456,-0.0209477,-1.74827,0.296152,0.537846,-0.154601,-0.781752,0.210239,0.0798874,0
694.865,0.109817,0.823174,-0.122595,-1.48934,0.0690409,2.30981,0.761411,0.999978,0.0039012,0.00310081,0,0.00377825,-0.999234,0.0387129,0,0.00324952,-0.0387011,-0.999246,0,0.715386,0.00278368,0.0814007,1,0.275095,0.0698027,-0.140984,-1.75508,0.0852376,1.70857,0.967156,-0.0104817,0.00137149,-0.00125875,-0.000421381,-0.000133006,-0.00019623,0.00102785,0,0,0,0,0,0,0,0.299384,-49.2478,-1.8549,20.1673,0.627221,2.19377,-0.049939,0,0,0,0,0,0,0,0,0,0,0,0,0,0,0,0,0,0,0,0,0,0,0,0,0,0,0.514769,-0.0905076,0.206614,-0.189399,0.0153852,-0.0632896,-0.0282066,-1.37824,0.636277,0.350201,-0.230548,-0.558143,0.451455,0.0798874,0
694.899,0.109263,0.823199,-0.122622,-1.48934,0.0690315,2.3098,0.761404,0.99998,0.00334207,0.00306843,0,0.0032207,-0.999234,0.0387421,0,0.00319562,-0.0387321,-0.999245,0,0.71538,0.00236727,0.0813832,1,0.275095,0.0698027,-0.140984,-1.75508,0.0852376,1.70857,0.967156,-0.0158673,0.00112766,-0.000885709,0.00156693,-9.80506e-05,0.000275354,-0.00269114,0,0,0,0,0,0,0,0.299384,-49.5533,-1.74382,20.1316,0.627221,2.22398,0.0196411,0,0,0,0,0,0,0,0,0,0,0,0,0,0,0,0,0,0,0,0,0,0,0,0,0,0,0.790958,-0.0927917,0.42894,-0.17037,0.0231569,-0.0508584,-0.0316587,-1.39119,1.01635,0.326697,-0.303559,-0.559099,0.725124,0.0798874,0
694.933,0.108441,0.823199,-0.122689,-1.48935,0.068982,2.30979,0.761401,0.999983,0.00250983,0.00306273,0,0.00238903,-0.999233,0.0388276,0,0.00315789,-0.0388204,-0.999241,0,0.71538,0.00172949,0.0813848,1,0.275095,0.0698027,-0.140984,-1.75508,0.0852376,1.70857,0.967156,-0.0253556,-0.000179514,-0.00338572,0.000198451,-0.00221994,-0.000717727,-0.00292568,0,0,0,0,0,0,0,0.227972,-49.5136,-1.62877,20.207,0.645531,2.24321,0.0397827,0,0,0,0,0,0,0,0,0,0,0,0,0,0,0,0,0,0,0,0,0,0,0,0,0,0,0.763775,-0.160093,0.484803,-0.187599,0.0422675,-0.0391254,-0.0308926,-1.70933,0.983737,0.423563,-0.23112,-0.724418,0.715644,0.0798861,0
694.967,0.107535,0.823204,-0.123071,-1.48935,0.0687446,2.30979,0.761408,0.999985,0.00149787,0.00306996,0,0.00137613,-0.999218,0.0392823,0,0.00312646,-0.0392782,-0.999223,0,0.715385,0.000802624,0.0814017,1,0.275095,0.0698027,-0.140984,-1.75508,0.0852376,1.70857,0.967156,-0.0248783,0.00173361,-0.0203337,-0.000803273,-0.00804079,0.000174462,9.41131e-05,0,0,0,0,0,0,0,0.227972,-49.589,-1.62877,20.2427,0.636376,2.24321,-0.0206421,0,0,0,0,0,0,0,0,0,0,0,0,0,0,0,0,0,0,0,0,0,0,0,0,0,0,0.820037,-0.191888,0.635442,-0.178423,0.0476209,-0.0306983,-0.0292974,-1.78036,1.07796,0.44856,-0.180985,-0.768677,0.800203,0.0798861,0
695.001,0.106676,0.823202,-0.123883,-1.48935,0.0687341,2.30979,0.7614,0.999985,0.000103732,0.00313796,0,-2.14997e-05,-0.999195,0.0398819,0,0.00313963,-0.0398821,-0.999199,0,0.715404,-0.000356939,0.08145,1,0.275095,0.0698027,-0.140984,-1.75508,0.0852376,1.70857,0.967156,-0.022871,9.88836e-05,-0.0212357,0.000252751,-0.000299541,0.00018309,-0.000860296,0,0,0,0,0,0,0,0.335089,-49.5533,-1.70415,20.207,0.627221,2.23406,0.00957027,0,0,0,0,0,0,0,0,0,0,0,0,0,0,0,0,0,0,0,0,0,0,0,0,0,0,0.610595,-0.188757,0.491412,-0.194933,0.0392483,-0.0255657,-0.0192687,-1.8131,0.80576,0.440795,-0.120639,-0.778824,0.601311,0.0798861,0
695.035,0.105854,0.823202,-0.12471,-1.48934,0.0687225,2.3098,0.761382,0.999984,-0.00125229,0.00320906,0,-0.00138122,-0.999169,0.0404926,0,0.00315574,-0.0404972,-0.999175,0,0.715421,-0.00149962,0.0814982,1,0.275095,0.0698027,-0.140984,-1.75508,0.0852376,1.70857,0.967156,-0.0233304,0.000229216,-0.0133995,0.00168493,-0.000207139,-9.2959e-05,4.58533e-05,0,0,0,0,0,0,0,0.227972,-49.5533,-1.8549,20.1673,0.645531,2.20384,0.0397827,0,0,0,0,0,0,0,0,0,0,0,0,0,0,0,0,0,0,0,0,0,0,0,0,0,0,0.220665,-0.255274,0.175896,-0.188545,0.0447402,-0.0302637,0.000846795,-1.85248,0.292758,0.566524,-0.0174491,-0.86589,0.213761,0.0798861,0
695.069,0.104913,0.823213,-0.125231,-1.48935,0.0687082,2.30981,0.76134,0.999982,-0.00249503,0.00324311,0,-0.00262555,-0.999151,0.0408845,0,0.00313841,-0.0408931,-0.999159,0,0.715426,-0.00252415,0.0815197,1,0.275095,0.0698027,-0.140984,-1.75508,0.0852376,1.70857,0.967156,-0.0271729,0.00091293,-0.0122276,-0.000113299,-0.000419263,0.000703928,-0.00149029,0,0,0,0,0,0,0,0.227972,-49.6643,-1.89061,20.207,0.645531,2.16447,0.119434,0,0,0,0,0,0,0,0,0,0,0,0,0,0,0,0,0,0,0,0,0,0,0,0,0,0,0.332041,-0.319683,0.183966,-0.167529,0.0488722,-0.0482219,0.0343087,-1.92489,0.491389,0.711503,-0.12348,-0.960682,0.307823,0.0798861,0
695.103,0.104049,0.823216,-0.125374,-1.48935,0.0686915,2.3098,0.761239,0.99998,-0.00334336,0.00324259,0,-0.00347352,-0.999143,0.0410019,0,0.00310279,-0.0410132,-0.999154,0,0.715424,-0.00323961,0.0815251,1,0.275095,0.0698027,-0.140984,-1.75508,0.0852376,1.70857,0.967156,-0.0257251,-0.000412413,0.000104484,-0.000449294,-0.000751091,4.28091e-06,-0.000995347,0,0,0,0,0,0,0,0.263678,-49.6643,-1.89061,20.2427,0.636376,2.19377,0.0297119,0,0,0,0,0,0,0,0,0,0,0,0,0,0,0,0,0,0,0,0,0,0,0,0,0,0,-0.310631,-0.368291,-0.297901,-0.19196,0.0611959,-0.0572798,0.0619739,-1.99423,-0.3612,0.817887,0.0744478,-1.04054,-0.323404,0.0798861,0
695.137,0.103401,0.823227,-0.12537,-1.48935,0.0686929,2.3098,0.761171,0.999977,-0.00392167,0.003224,0,-0.00405057,-0.999141,0.0409989,0,0.0030605,-0.0410118,-0.999154,0,0.715418,-0.00370054,0.0815158,1,0.275095,0.0698027,-0.140984,-1.75508,0.0852376,1.70857,0.967156,-0.017147,0.000240135,0.000610517,-0.000584005,0.000703955,-0.000762515,-0.00154953,0,0,0,0,0,0,0,0.263678,-49.7794,-1.93028,20.2427,0.609825,2.21391,0.0892211,0,0,0,0,0,0,0,0,0,0,0,0,0,0,0,0,0,0,0,0,0,0,0,0,0,0,-0.68023,-0.395633,-0.553929,-0.209046,0.0602406,-0.0593552,0.0640297,-2.05737,-0.868447,0.872435,0.206832,-1.09159,-0.68053,0.0798868,0
695.171,0.103047,0.823225,-0.125365,-1.48935,0.0686954,2.3098,0.761176,0.999976,-0.0042796,0.00322164,0,-0.00440809,-0.99914,0.0409931,0,0.00304349,-0.0410071,-0.999154,0,0.715416,-0.00395009,0.0815163,1,0.275095,0.0698027,-0.140984,-1.75508,0.0852376,1.70857,0.967156,-0.00737253,-0.000462476,0.000723386,-0.000196299,-3.3541e-05,-0.000394417,-0.000374181,0,0,0,0,0,0,0,0.156561,-49.704,-2.00169,20.2427,0.627221,2.23406,0.0397827,0,0,0,0,0,0,0,0,0,0,0,0,0,0,0,0,0,0,0,0,0,0,0,0,0,0,-0.289996,-0.438887,-0.313323,-0.194351,0.0489586,-0.0489579,0.0535917,-2.25988,-0.345857,0.940408,0.0496143,-1.20244,-0.30786,0.0798868,0
695.205,0.102971,0.823224,-0.125362,-1.48935,0.06869,2.30979,0.761168,0.999976,-0.0043418,0.00321997,0,-0.00447017,-0.99914,0.0409947,0,0.00303927,-0.0410089,-0.999154,0,0.715416,-0.00400262,0.0815168,1,0.275095,0.0698027,-0.140984,-1.75508,0.0852376,1.70857,0.967156,0.000866437,-0.000707943,-0.000306127,-0.000778638,7.80265e-06,-4.92324e-05,-0.0022269,0,0,0,0,0,0,0,0.156561,-49.6643,-2.00169,20.2427,0.636376,2.22398,0.109363,0,0,0,0,0,0,0,0,0,0,0,0,0,0,0,0,0,0,0,0,0,0,0,0,0,0,-0.436843,-0.431451,-0.446171,-0.192427,0.0486539,-0.0340653,0.0505112,-2.22381,-0.558128,0.908212,0.0862706,-1.18688,-0.459115,0.0798868,0
695.239,0.102985,0.823231,-0.125342,-1.48935,0.0686854,2.30979,0.761174,0.999976,-0.00431752,0.00321265,0,-0.00444558,-0.99914,0.0409846,0,0.003033,-0.0409987,-0.999155,0,0.715414,-0.00398058,0.0815109,1,0.275095,0.0698027,-0.140984,-1.75508,0.0852376,1.70857,0.967156,-0.000987668,0.00299401,0.00387349,0.000817182,0.000133462,0.0011174,-0.00044223,0,0,0,0,0,0,0,0.116888,-49.7794,-2.18816,20.2427,0.645531,2.21391,0.0599243,0,0,0,0,0,0,0,0,0,0,0,0,0,0,0,0,0,0,0,0,0,0,0,0,0,0,-0.134397,-0.410716,-0.276804,-0.172298,0.0505553,-0.0291187,0.0513615,-2.15524,-0.143407,0.865595,-0.0479728,-1.14482,-0.177727,0.0798868,0
695.273,0.103,0.823228,-0.125341,-1.48936,0.0686757,2.30979,0.761169,0.999976,-0.00429109,0.00320791,0,-0.004419,-0.99914,0.040991,0,0.00302932,-0.041005,-0.999154,0,0.715412,-0.00397001,0.0815108,1,0.275095,0.0698027,-0.140984,-1.75508,0.0852376,1.70857,0.967156,0.000194069,0.00182996,0.000699628,-0.000289385,0.000520728,-7.32297e-05,-0.000838673,0,0,0,0,0,0,0,0.0454774,-49.7437,-2.15245,20.2784,0.636376,2.23406,0.0690795,0,0,0,0,0,0,0,0,0,0,0,0,0,0,0,0,0,0,0,0,0,0,0,0,0,0,0.0156466,-0.408354,-0.1946,-0.152679,0.0588611,-0.0262184,0.0572293,-2.09112,0.0694375,0.853696,-0.114519,-1.1218,-0.0396873,0.0798868,0
695.307,0.102981,0.823225,-0.125355,-1.48935,0.068666,2.30979,0.761169,0.999976,-0.00431282,0.00321383,0,-0.004441,-0.999139,0.0410078,0,0.00303426,-0.0410219,-0.999154,0,0.715414,-0.00399419,0.0815147,1,0.275095,0.0698027,-0.140984,-1.75508,0.0852376,1.70857,0.967156,-0.00464251,0.000327849,-0.000158884,-0.000542001,0.000339497,-0.000255646,0.00174581,0,0,0,0,0,0,0,0.192267,-49.704,-2.00169,20.2784,0.636376,2.23406,0.0196411,0,0,0,0,0,0,0,0,0,0,0,0,0,0,0,0,0,0,0,0,0,0,0,0,0,0,0.156549,-0.411156,-0.0836394,-0.144473,0.0630809,-0.0251605,0.0621441,-2.09671,0.272869,0.853179,-0.158715,-1.12415,0.100183,0.0798868,0
695.341,0.102931,0.823231,-0.125367,-1.48936,0.0686496,2.30979,0.761159,0.999976,-0.00435057,0.00319258,0,-0.00447792,-0.999138,0.0410293,0,0.00301139,-0.0410434,-0.999153,0,0.715407,-0.00403995,0.0815067,1,0.275095,0.0698027,-0.140984,-1.75508,0.0852376,1.70857,0.967156,-0.00243484,0.00124902,-0.000783488,-0.00167886,7.1588e-05,0.000139838,0.000930122,0,0,0,0,0,0,0,0.227972,-49.7794,-1.89061,20.3538,0.654686,2.24321,0.0297119,0,0,0,0,0,0,0,0,0,0,0,0,0,0,0,0,0,0,0,0,0,0,0,0,0,0,0.27074,-0.418385,0.0145628,-0.130311,0.066682,-0.0194525,0.0679936,-2.0851,0.44139,0.850728,-0.190888,-1.1249,0.216149,0.0798868,0
695.375,0.10289,0.823222,-0.125375,-1.48936,0.0686186,2.30978,0.761147,0.999976,-0.00436368,0.00319617,0,-0.00449124,-0.999137,0.0410568,0,0.00301431,-0.0410709,-0.999152,0,0.715409,-0.00407673,0.0815142,1,0.275095,0.0698027,-0.140984,-1.75508,0.0852376,1.70857,0.967156,-0.00369274,0.000388779,0.0010987,-0.000584543,0.000519109,7.10927e-05,-0.00117954,0,0,0,0,0,0,0,0.299384,-49.6643,-1.89061,20.2784,0.636376,2.26335,0.0791503,0,0,0,0,0,0,0,0,0,0,0,0,0,0,0,0,0,0,0,0,0,0,0,0,0,0,0.243179,-0.405546,0.0329264,-0.118918,0.0675698,-0.0102867,0.0687082,-1.99099,0.408503,0.804162,-0.159063,-1.07746,0.199302,0.0798868,0
695.409,0.102867,0.823225,-0.125376,-1.48937,0.068609,2.30977,0.761151,0.999976,-0.00438675,0.00317367,0,-0.0045134,-0.999137,0.0410653,0,0.00299085,-0.0410794,-0.999151,0,0.715402,-0.00409579,0.0815067,1,0.275095,0.0698027,-0.140984,-1.75508,0.0852376,1.70857,0.967156,-4.61099e-05,0.000348486,-5.50262e-05,-0.000131531,2.08835e-06,-0.000896888,0.00235327,0,0,0,0,0,0,0,0.263678,-49.704,-1.89061,20.3538,0.636376,2.29265,0.00957027,0,0,0,0,0,0,0,0,0,0,0,0,0,0,0,0,0,0,0,0,0,0,0,0,0,0,0.158182,-0.436774,0.00620114,-0.0840069,0.0628817,0.0048282,0.068131,-1.89757,0.294615,0.820433,-0.110579,-1.07537,0.127592,0.0798868,0
695.443,0.102853,0.823231,-0.125381,-1.48939,0.0686105,2.30973,0.761142,0.999976,-0.00439944,0.00310865,0,-0.00452342,-0.999136,0.0410681,0,0.00292535,-0.041082,-0.999151,0,0.715384,-0.00410979,0.0814911,1,0.275095,0.0698027,-0.140984,-1.75508,0.0852376,1.70857,0.967156,0.000431666,-0.000577377,-0.00066363,-0.000217457,0.000578351,-0.000351691,-0.00198452,0,0,0,0,0,0,0,0.227972,-49.7437,-1.8549,20.3935,0.618065,2.27342,0.0892211,0,0,0,0,0,0,0,0,0,0,0,0,0,0,0,0,0,0,0,0,0,0,0,0,0,0,0.221863,-0.430983,0.0526817,-0.0578027,0.0536272,0.0148517,0.062959,-1.77614,0.376697,0.787485,-0.1351,-1.02878,0.191609,0.0798868,0
695.476,0.102823,0.823228,-0.125397,-1.4894,0.0686085,2.30962,0.761142,0.999976,-0.00444436,0.00300052,0,-0.00456388,-0.999136,0.0410782,0,0.00281542,-0.0410917,-0.999151,0,0.71536,-0.0041424,0.0814821,1,0.275095,0.0698027,-0.140984,-1.75508,0.0852376,1.70857,0.967156,-0.000441195,-0.000402124,0.000143923,-0.00117041,-0.000322635,-0.000624822,-0.00164343,0,0,0,0,0,0,0,0.263678,-49.704,-1.81523,20.4292,0.636376,2.28349,0.0892211,0,0,0,0,0,0,0,0,0,0,0,0,0,0,0,0,0,0,0,0,0,0,0,0,0,0,0.355552,-0.439325,0.169583,-0.0304845,0.0470447,0.0178975,0.061277,-1.6922,0.563647,0.786547,-0.172272,-1.00621,0.329504,0.0798868,0
695.513,0.102735,0.823231,-0.125439,-1.4894,0.0686114,2.30959,0.761146,0.999976,-0.00456954,0.00295772,0,-0.00468728,-0.999134,0.0411064,0,0.00276737,-0.04112,-0.99915,0,0.715349,-0.00423373,0.0814754,1,0.275095,0.0698027,-0.140984,-1.75508,0.0852376,1.70857,0.967156,-0.00672151,0.000256224,-0.00412906,-0.000404276,0.000769192,-0.000446171,0.000290164,0,0,0,0,0,0,0,0.335089,-49.7437,-1.74382,20.4292,0.609825,2.28349,0.0498535,0,0,0,0,0,0,0,0,0,0,0,0,0,0,0,0,0,0,0,0,0,0,0,0,0,0,0.435463,-0.445755,0.255765,-0.00255923,0.0457962,0.0176689,0.057683,-1.5726,0.673913,0.784148,-0.180451,-0.969334,0.415248,0.0798868,0
695.547,0.102624,0.823225,-0.125507,-1.48942,0.0686095,2.30957,0.761146,0.999975,-0.00472706,0.00292855,0,-0.0048436,-0.999131,0.0411561,0,0.00273151,-0.0411701,-0.999148,0,0.71534,-0.00435879,0.0814743,1,0.275095,0.0698027,-0.140984,-1.75508,0.0852376,1.70857,0.967156,-0.00731309,0.00460787,-0.00115172,-0.000343422,0.000142816,-2.87195e-05,5.15886e-05,0,0,0,0,0,0,0,0.299384,-49.6643,-1.77953,20.4292,0.627221,2.28349,0.0498535,0,0,0,0,0,0,0,0,0,0,0,0,0,0,0,0,0,0,0,0,0,0,0,0,0,0,0.543543,-0.475948,0.336241,0.0398978,0.042788,0.0258638,0.0597308,-1.47695,0.828438,0.811528,-0.219216,-0.966526,0.523261,0.0798868,0
695.581,0.102524,0.82323,-0.12565,-1.48943,0.0686125,2.30953,0.76115,0.999974,-0.00493174,0.00289525,0,-0.00504701,-0.999126,0.0412582,0,0.0026893,-0.0412725,-0.999144,0,0.71533,-0.00452653,0.0814732,1,0.275095,0.0698027,-0.140984,-1.75508,0.0852376,1.70857,0.967156,-0.000570317,-1.43976e-06,-0.0017699,-0.000103639,0.000635826,-0.00441483,0.000803005,0,0,0,0,0,0,0,0.299384,-49.704,-1.81523,20.4292,0.60067,2.28349,0.0196411,0,0,0,0,0,0,0,0,0,0,0,0,0,0,0,0,0,0,0,0,0,0,0,0,0,0,0.281561,-0.513874,0.168114,0.0615632,0.0412615,0.0351551,0.0584836,-1.41257,0.46631,0.853434,-0.114575,-0.98362,0.274016,0.0798868,0
695.615,0.102398,0.823223,-0.125817,-1.48944,0.0686157,2.30948,0.76115,0.999973,-0.00517642,0.00285241,0,-0.00529003,-0.99912,0.0413758,0,0.00263577,-0.0413906,-0.99914,0,0.715318,-0.00472858,0.0814773,1,0.275095,0.0698027,-0.140984,-1.75508,0.0852376,1.70857,0.967156,-0.00149143,-0.00115301,-0.000579273,0.000287875,0.000399011,-0.000357812,0.00184318,0,0,0,0,0,0,0,0.370795,-49.6286,-1.81523,20.4292,0.609825,2.29265,0.0196411,0,0,0,0,0,0,0,0,0,0,0,0,0,0,0,0,0,0,0,0,0,0,0,0,0,0,0.134474,-0.390494,0.0590898,0.010825,0.0399814,0.0264866,0.058197,-1.25445,0.261114,0.662692,-0.0720534,-0.809548,0.127277,0.0798868,0
695.649,0.102223,0.823222,-0.125893,-1.48944,0.0686147,2.30947,0.761139,0.999972,-0.00539175,0.00284772,0,-0.00550513,-0.999117,0.0414315,0,0.00262187,-0.0414468,-0.999137,0,0.715316,-0.00490404,0.0814813,1,0.275095,0.0698027,-0.140984,-1.75508,0.0852376,1.70857,0.967156,-0.00191902,0.00124897,-0.00316512,0.000448372,0.000196958,0.000280334,-0.00191491,0,0,0,0,0,0,0,0.263678,-49.6643,-1.74382,20.3935,0.609825,2.26335,0.109363,0,0,0,0,0,0,0,0,0,0,0,0,0,0,0,0,0,0,0,0,0,0,0,0,0,0,0.513328,-0.378681,0.320922,0.0284318,0.0345665,0.0253188,0.0578299,-1.23091,0.786145,0.641681,-0.214516,-0.787532,0.495469,0.0798868,0
695.683,0.101989,0.823225,-0.125954,-1.48944,0.0686125,2.30947,0.761146,0.99997,-0.00567342,0.00284612,0,-0.00578661,-0.999113,0.0414783,0,0.00260832,-0.0414943,-0.999135,0,0.715314,-0.00511334,0.0814816,1,0.275095,0.0698027,-0.140984,-1.75508,0.0852376,1.70857,0.967156,-0.0116275,-3.56288e-05,-0.000480073,0.000131832,0.000497085,0.000155393,0.00162634,0,0,0,0,0,0,0,0.299384,-49.6643,-1.77953,20.4292,0.609825,2.27342,0.0498535,0,0,0,0,0,0,0,0,0,0,0,0,0,0,0,0,0,0,0,0,0,0,0,0,0,0,0.519778,-0.385785,0.339995,0.0489553,0.0328354,0.0214141,0.0596355,-1.12514,0.800901,0.650297,-0.210877,-0.758129,0.506506,0.0798868,0
695.717,0.101732,0.823225,-0.125953,-1.48947,0.0686095,2.30947,0.761142,0.999969,-0.00592575,0.00281397,0,-0.0060374,-0.999111,0.0414803,0,0.00256572,-0.0414968,-0.999135,0,0.715301,-0.00529783,0.0814699,1,0.275095,0.0698027,-0.140984,-1.75508,0.0852376,1.70857,0.967156,-0.00375382,-0.000859084,-0.000150719,-0.000931609,-0.000186987,-5.00456e-05,-0.000936078,0,0,0,0,0,0,0,0.263678,-49.6643,-1.8549,20.5045,0.627221,2.28349,0.0892211,0,0,0,0,0,0,0,0,0,0,0,0,0,0,0,0,0,0,0,0,0,0,0,0,0,0,0.143303,-0.411593,0.088841,0.0609677,0.0364848,0.0254696,0.0609942,-1.0296,0.283073,0.680013,-0.0658125,-0.7537,0.143939,0.0798868,0
695.751,0.101559,0.82322,-0.125953,-1.48948,0.0686095,2.30946,0.761143,0.999968,-0.00610133,0.00281014,0,-0.00621267,-0.99911,0.0414797,0,0.00255461,-0.0414967,-0.999135,0,0.715298,-0.00542226,0.0814711,1,0.275095,0.0698027,-0.140984,-1.75508,0.0852376,1.70857,0.967156,-0.0049386,0.00284938,0.000870034,0.000139581,-0.00039137,-0.00180069,-0.000827157,0,0,0,0,0,0,0,0.227972,-49.6286,-1.8549,20.3935,0.627221,2.27342,0.0791503,0,0,0,0,0,0,0,0,0,0,0,0,0,0,0,0,0,0,0,0,0,0,0,0,0,0,0.0665301,-0.322749,0.0330907,0.0257243,0.038389,0.0221378,0.0601532,-0.924509,0.174277,0.537577,-0.041403,-0.630673,0.0663753,0.0798868,0
695.785,0.101444,0.823214,-0.125946,-1.48948,0.0686105,2.30946,0.761144,0.999967,-0.00621226,0.00281135,0,-0.00632353,-0.99911,0.0414728,0,0.00255125,-0.04149,-0.999136,0,0.715298,-0.00549856,0.0814733,1,0.275095,0.0698027,-0.140984,-1.75508,0.0852376,1.70857,0.967156,-0.00155125,-0.000513532,0.00148356,0.000191929,-0.000512153,-0.00078646,0.00693585,0,0,0,0,0,0,0,0.227972,-49.5533,-1.96599,20.4292,0.618065,2.28349,0.0690795,0,0,0,0,0,0,0,0,0,0,0,0,0,0,0,0,0,0,0,0,0,0,0,0,0,0,0.017788,-0.329376,-0.00838185,0.0461026,0.0396426,0.0262005,0.0529171,-0.825365,0.0953958,0.536251,-0.0207801,-0.605068,0.015716,0.0798868,0
695.819,0.101429,0.823214,-0.125945,-1.4895,0.0686151,2.30944,0.761145,0.999967,-0.00623344,0.00277316,0,-0.0063431,-0.99911,0.0414689,0,0.00251225,-0.0414859,-0.999136,0,0.715286,-0.00550923,0.0814636,1,0.275095,0.0698027,-0.140984,-1.75508,0.0852376,1.70857,0.967156,0.00116525,-0.000201708,-0.000150509,-0.00214044,0.000672225,-0.000141658,-0.000388815,0,0,0,0,0,0,0,0.116888,-49.5533,-1.93028,20.4649,0.591515,2.29265,0.0599243,0,0,0,0,0,0,0,0,0,0,0,0,0,0,0,0,0,0,0,0,0,0,0,0,0,0,0.00787772,-0.331138,-0.0440279,0.0804404,0.0328787,0.0334741,0.0564995,-0.65409,0.0845986,0.521344,-0.04263,-0.552878,0.000626633,0.0798868,0
695.853,0.101438,0.823217,-0.125931,-1.48952,0.0686158,2.3094,0.76114,0.999967,-0.00621499,0.00269869,0,-0.00632155,-0.999111,0.0414579,0,0.00243867,-0.0414744,-0.999137,0,0.715265,-0.00549506,0.0814452,1,0.275095,0.0698027,-0.140984,-1.75508,0.0852376,1.70857,0.967156,0.000629212,0.000157302,-0.00059016,-0.000167221,-0.000183494,-0.000353939,-0.00251811,0,0,0,0,0,0,0,0.0454774,-49.589,-2.04137,20.5045,0.609825,2.30272,0.109363,0,0,0,0,0,0,0,0,0,0,0,0,0,0,0,0,0,0,0,0,0,0,0,0,0,0,0.0412409,-0.274598,-0.0487914,0.0604064,0.0258547,0.0307172,0.0556327,-0.600916,0.12649,0.436865,-0.0785386,-0.481347,0.0259791,0.0798868,0
695.887,0.101482,0.823217,-0.125904,-1.48957,0.0686143,2.30933,0.761141,0.999968,-0.00615881,0.00258597,0,-0.0062607,-0.999112,0.0414385,0,0.0023285,-0.0414542,-0.999138,0,0.715233,-0.00544685,0.0814201,1,0.275095,0.0698027,-0.140984,-1.75508,0.0852376,1.70857,0.967156,0.000285541,0.000479818,0.000799906,-0.000630777,-0.000340707,-0.00351781,-0.00125443,0,0,0,0,0,0,0,-0.0616393,-49.589,-2.15245,20.5045,0.627221,2.29265,0.099292,0,0,0,0,0,0,0,0,0,0,0,0,0,0,0,0,0,0,0,0,0,0,0,0,0,0,-0.0896269,-0.326936,-0.193966,0.113677,0.0254878,0.0409101,0.0583459,-0.451069,-0.0565155,0.503112,-0.0639881,-0.489665,-0.114237,0.0798868,0
695.921,0.101529,0.823214,-0.125902,-1.48959,0.0686114,2.3093,0.761141,0.999968,-0.00611168,0.00254205,0,-0.00621178,-0.999112,0.0414389,0,0.00228658,-0.0414542,-0.999138,0,0.71522,-0.00541316,0.0814106,1,0.275095,0.0698027,-0.140984,-1.75508,0.0852376,1.70857,0.967156,-0.00137779,-0.000444659,-0.000407232,-0.000640959,0.000625678,-0.000326497,-0.00112298,0,0,0,0,0,0,0,0.00977179,-49.5533,-2.11674,20.5045,0.609825,2.28349,0.099292,0,0,0,0,0,0,0,0,0,0,0,0,0,0,0,0,0,0,0,0,0,0,0,0,0,0,0.0353963,-0.289669,-0.104158,0.0946603,0.0354351,0.0271502,0.057927,-0.445779,0.115342,0.462345,-0.10121,-0.44905,0.00419141,0.0798868,0
695.955,0.101541,0.823214,-0.125895,-1.4896,0.0686085,2.30929,0.761146,0.999969,-0.00610041,0.00251473,0,-0.00619939,-0.999112,0.0414362,0,0.00225977,-0.0414513,-0.999138,0,0.715211,-0.00540092,0.0814023,1,0.275095,0.0698027,-0.140984,-1.75508,0.0852376,1.70857,0.967156,0.000413896,-4.81415e-05,0.000854464,0.000377695,-0.000170549,-0.00244476,0.000452629,0,0,0,0,0,0,0,-0.0616393,-49.5533,-2.18816,20.4292,0.636376,2.29265,0.0498535,0,0,0,0,0,0,0,0,0,0,0,0,0,0,0,0,0,0,0,0,0,0,0,0,0,0,-0.0177001,-0.311146,-0.143407,0.119327,0.039718,0.0321664,0.0577489,-0.367876,0.0410442,0.483578,-0.0790358,-0.444931,-0.0487221,0.0798868,0
695.989,0.101533,0.823214,-0.125906,-1.48961,0.0686085,2.30929,0.761144,0.999969,-0.00611498,0.00250627,0,-0.00621362,-0.999112,0.0414442,0,0.00225066,-0.0414593,-0.999138,0,0.715207,-0.00541468,0.0813983,1,0.275095,0.0698027,-0.140984,-1.75508,0.0852376,1.70857,0.967156,0.000187513,0.000306091,-0.000315046,-0.00144742,-0.000432188,0.000216929,-0.000642516,0,0,0,0,0,0,0,0.00977179,-49.5533,-2.07707,20.5045,0.636376,2.27342,0.0690795,0,0,0,0,0,0,0,0,0,0,0,0,0,0,0,0,0,0,0,0,0,0,0,0,0,0,-0.0105066,-0.261132,-0.132349,0.08204,0.0424741,0.0236185,0.0596151,-0.405375,0.0536749,0.418751,-0.0798084,-0.406806,-0.041584,0.0798868,0
696.023,0.10153,0.823214,-0.125895,-1.48963,0.0686105,2.30928,0.761152,0.999969,-0.00612122,0.00247973,0,-0.00621873,-0.999112,0.0414351,0,0.00222394,-0.04145,-0.999138,0,0.715199,-0.00540982,0.0813905,1,0.275095,0.0698027,-0.140984,-1.75508,0.0852376,1.70857,0.967156,-0.00158328,0.000306653,0.00141662,-0.000596536,2.99028e-05,-0.000252726,0.00294512,0,0,0,0,0,0,0,0.0454774,-49.5533,-2.22783,20.5402,0.618065,2.29265,-0.00050053,0,0,0,0,0,0,0,0,0,0,0,0,0,0,0,0,0,0,0,0,0,0,0,0,0,0,-0.0316058,-0.267023,-0.15815,0.0983285,0.0399018,0.0278653,0.0578124,-0.336703,0.0208923,0.418915,-0.0789484,-0.391056,-0.0645443,0.0798868,0
696.057,0.101535,0.823214,-0.125894,-1.48965,0.0686075,2.30926,0.761147,0.999969,-0.00611171,0.00243943,0,-0.00620756,-0.999112,0.0414366,0,0.00218405,-0.0414512,-0.999138,0,0.715186,-0.00540675,0.0813798,1,0.275095,0.0698027,-0.140984,-1.75508,0.0852376,1.70857,0.967156,0.000203926,0.000952425,-0.000567717,0.00028947,-0.000606327,-0.000457601,0.000898435,0,0,0,0,0,0,0,-0.0259338,-49.5533,-2.15245,20.5045,0.645531,2.29265,0.0397827,0,0,0,0,0,0,0,0,0,0,0,0,0,0,0,0,0,0,0,0,0,0,0,0,0,0,-0.00329447,-0.234649,-0.157709,0.0962495,0.0377902,0.0274647,0.0545304,-0.258844,0.0530251,0.365543,-0.100888,-0.334375,-0.0429312,0.0798868,0
696.091,0.101478,0.823173,-0.125917,-1.48965,0.0686105,2.30926,0.761141,0.999968,-0.00618137,0.00247845,0,-0.0062788,-0.999111,0.0414465,0,0.0022201,-0.0414615,-0.999138,0,0.715195,-0.00546204,0.0814088,1,0.275095,0.0698027,-0.140984,-1.75508,0.0852376,1.70857,0.967156,-0.00791065,-0.000696499,-0.000304494,0.000299232,0.000279659,-0.000624385,-0.00145263,0,0,0,0,0,0,0,0.227972,-49.1327,-1.93028,20.4649,0.618065,2.29265,0.0892211,0,0,0,0,0,0,0,0,0,0,0,0,0,0,0,0,0,0,0,0,0,0,0,0,0,0,0.249442,-0.104706,0.0236568,0.0793425,0.0381988,0.0201624,0.0555096,-0.0111686,0.404478,0.150546,-0.195279,-0.119801,0.201051,0.0798868,0
696.125,0.101337,0.823174,-0.12592,-1.48967,0.0686145,2.30926,0.761145,0.999967,-0.00633176,0.00245857,0,-0.00642823,-0.99911,0.0414462,0,0.002194,-0.0414615,-0.999138,0,0.715187,-0.00556487,0.0814008,1,0.101347,0.823177,-0.12592,-1.48966,0.0686105,2.30926,0.761138,-0.00286669,-0.000212941,-7.17263e-05,-0.00442164,0.00190872,3.73868e-05,0.00081766,0,0,0,0,0,0,0,0.227972,-49.2081,-1.96599,20.6156,0.58236,2.28349,0.0498535,0,0,0,0,0,0,0,0,0,0,0,0,0,0,0,0,0,0,0,0,0,0,0,0,0,0,0.181658,-0.0488343,-0.0161317,0.136172,0.0378903,0.027998,0.0576757,0.488177,0.315163,0.0154242,-0.170931,0.102454,0.136426,0.0798868,0
696.159,0.101294,0.823247,-0.12594,-1.48976,0.0686143,2.30924,0.76114,0.999967,-0.00639225,0.00227704,0,-0.00648119,-0.999109,0.0414699,0,0.00200996,-0.0414841,-0.999137,0,0.715127,-0.00561492,0.0813089,1,0.101347,0.823177,-0.12592,-1.48966,0.0686105,2.30926,0.761138,-0.00121032,-0.00220558,0.000403955,-0.000618763,-0.000861781,-0.000118049,-0.000198571,0,0,0,0,0,0,0,0.771491,-50.1999,-1.70415,21.4011,0.627221,2.43181,0.149646,0,0,0,0,0,0,0,0,0,0,0,0,0,0,0,0,0,0,0,0,0,0,0,0,0,0,0.272043,-0.344628,-0.0120324,0.43814,0.0261093,0.0820127,0.0893835,1.12668,0.485347,0.36775,-0.26233,0.0138677,0.221829,0.0798868,0
696.193,0.101271,0.823239,-0.125957,-1.4898,0.0686203,2.30925,0.761141,0.999967,-0.00643581,0.00225705,0,-0.00652391,-0.999108,0.0414784,0,0.00198813,-0.0414925,-0.999137,0,0.715116,-0.00564414,0.0813018,1,0.101347,0.823177,-0.12592,-1.48966,0.0686105,2.30926,0.761138,-0.00028086,-0.00241526,-0.000240941,0.00019452,8.70416e-05,0.00110454,-0.00145979,0,0,0,0,0,0,0,1.09681,-50.0849,-1.48198,21.3654,0.573204,2.40251,0.178943,0,0,0,0,0,0,0,0,0,0,0,0,0,0,0,0,0,0,0,0,0,0,0,0,0,0,0.619858,-0.610767,0.170422,0.731104,0.0144077,0.136805,0.125819,1.72482,1.01828,0.672249,-0.452638,-0.0569035,0.556856,0.0798868,0
696.227,0.101342,0.823209,-0.125905,-1.4898,0.0686245,2.30924,0.76115,0.999968,-0.00634057,0.00227564,0,-0.00642943,-0.999111,0.0414335,0,0.00201095,-0.0414476,-0.999139,0,0.715121,-0.00555651,0.081319,1,0.101347,0.823177,-0.12592,-1.48966,0.0686105,2.30926,0.761138,0.0029178,0.000286389,0.000904651,-0.000782406,-6.45842e-05,5.96342e-06,0.00213497,0,0,0,0,0,0,0,0.263678,-49.6643,-2.18816,21.2901,0.546654,2.46202,0.0892211,0,0,0,0,0,0,0,0,0,0,0,0,0,0,0,0,0,0,0,0,0,0,0,0,0,0,0.487428,-0.628198,0.00572229,0.868692,-0.00848071,0.170059,0.144017,2.40208,0.856665,0.617165,-0.48076,0.142181,0.417728,0.0798868,0
696.26,0.101381,0.823247,-0.125883,-1.48985,0.0686239,2.30922,0.761148,0.999968,-0.00629072,0.00216975,0,-0.00637521,-0.999112,0.0414232,0,0.00190728,-0.0414365,-0.999139,0,0.715088,-0.0055182,0.0812687,1,0.101347,0.823177,-0.12592,-1.48966,0.0686105,2.30926,0.761138,-0.000785363,0.000900905,-2.0258e-05,-0.000472969,0.000175382,0.000117046,0.00357086,0,0,0,0,0,0,0,-0.0973449,-50.1999,-2.48967,21.6273,0.554894,2.54076,0.0892211,0,0,0,0,0,0,0,0,0,0,0,0,0,0,0,0,0,0,0,0,0,0,0,0,0,0,0.514001,-0.707502,-0.0544963,1.01856,-0.0290514,0.223303,0.155514,2.85636,0.903369,0.6424,-0.559668,0.206093,0.431058,0.0798868,0
696.296,0.101342,0.823247,-0.125912,-1.48985,0.0686217,2.30922,0.761152,0.999968,-0.00635253,0.00216398,0,-0.00643677,-0.99911,0.0414461,0,0.00189881,-0.0414595,-0.999138,0,0.715085,-0.00556579,0.0812665,1,0.101347,0.823177,-0.12592,-1.48966,0.0686105,2.30926,0.761138,-0.00208461,-0.00182414,-0.000531392,0.000619153,-0.000403079,0.000559083,0.00346525,0,0,0,0,0,0,0,0.4065,-50.1999,-2.07707,21.5519,0.564049,2.50139,0.0791503,0,0,0,0,0,0,0,0,0,0,0,0,0,0,0,0,0,0,0,0,0,0,0,0,0,0,0.284446,-0.771859,-0.173078,1.07762,-0.0293569,0.248472,0.161435,3.00502,0.598994,0.691231,-0.454624,0.193303,0.221996,0.0798868,0
696.329,0.101326,0.823215,-0.125929,-1.48985,0.068627,2.30922,0.761137,0.999968,-0.00636698,0.00220513,0,-0.00645292,-0.99911,0.0414505,0,0.00193929,-0.0414642,-0.999138,0,0.715097,-0.00558654,0.0812935,1,0.101326,0.82322,-0.125928,-1.48985,0.0686247,2.30923,0.761139,0.000398764,-0.000805815,0.000406782,0.00234322,0.000264094,-0.000236054,-0.00191924,0,0,0,0,0,0,0,0.588995,-49.7437,-1.89061,21.3654,0.554894,2.48125,0.219226,0,0,0,0,0,0,0,0,0,0,0,0,0,0,0,0,0,0,0,0,0,0,0,0,0,0,0.338813,-0.750204,-0.093641,1.08413,-0.0233694,0.239761,0.161792,3.12104,0.679688,0.655637,-0.446034,0.258049,0.283989,0.0798868,0
696.365,0.101335,0.823218,-0.125913,-1.4899,0.0686268,2.3092,0.761145,0.999968,-0.00636043,0.00212822,0,-0.00644317,-0.999111,0.0414399,0,0.00186279,-0.0414531,-0.999139,0,0.71507,-0.00557179,0.0812665,1,0.101326,0.82322,-0.125928,-1.48985,0.0686247,2.30923,0.761139,0.00015694,0.000280356,-0.000610783,-0.00149199,0.000548366,0.000197563,0.000647514,0,0,0,0,0,0,0,0.370795,-49.7794,-2.07707,21.4011,0.554894,2.50139,0.139575,0,0,0,0,0,0,0,0,0,0,0,0,0,0,0,0,0,0,0,0,0,0,0,0,0,0,0.386079,-0.681264,-0.0472858,0.992896,-0.0180478,0.23329,0.159028,2.81629,0.74015,0.573273,-0.451701,0.227207,0.330406,0.0798868,0
696.399,0.101341,0.823228,-0.125907,-1.48993,0.068626,2.30919,0.761149,0.999968,-0.0063584,0.00207327,0,-0.00643886,-0.999111,0.0414381,0,0.00180798,-0.041451,-0.999139,0,0.715051,-0.00556591,0.0812429,1,0.101326,0.82322,-0.125928,-1.48985,0.0686247,2.30923,0.761139,-0.00098988,0.00248154,-0.00109604,-0.00302169,-0.000231189,-0.000715517,0.00139578,0,0,0,0,0,0,0,0.335089,-49.9341,-2.15245,21.4369,0.564049,2.53069,0.109363,0,0,0,0,0,0,0,0,0,0,0,0,0,0,0,0,0,0,0,0,0,0,0,0,0,0,0.373213,-0.636253,-0.0954617,1.00356,-0.0159401,0.245335,0.152377,2.98357,0.706662,0.476443,-0.465142,0.324447,0.304775,0.0798868,0
696.433,0.101322,0.823215,-0.125923,-1.48993,0.0686271,2.3092,0.761143,0.999968,-0.00638222,0.00209329,0,-0.00646351,-0.99911,0.0414474,0,0.00182694,-0.0414604,-0.999138,0,0.715056,-0.00558919,0.081255,1,0.101326,0.82322,-0.125928,-1.48985,0.0686247,2.30923,0.761139,-0.00160656,-0.000996949,-0.0016245,-0.000160745,0.000272009,-0.000759352,0.000369001,0,0,0,0,0,0,0,0.55329,-49.7437,-1.93028,21.3258,0.554894,2.51146,0.158801,0,0,0,0,0,0,0,0,0,0,0,0,0,0,0,0,0,0,0,0,0,0,0,0,0,0,0.412487,-0.50746,-0.0772202,0.953434,-0.0213534,0.244383,0.147693,3.08352,0.751999,0.267813,-0.490503,0.485623,0.338622,0.0798868,0
696.467,0.10133,0.823218,-0.125912,-1.48994,0.068628,2.3092,0.761139,0.999968,-0.00636401,0.0020856,0,-0.00644498,-0.999111,0.0414389,0,0.00182007,-0.0414518,-0.999139,0,0.715054,-0.00557649,0.0812504,1,0.101326,0.82322,-0.125928,-1.48985,0.0686247,2.30923,0.761139,0.00024896,-0.000641645,0.00248165,-0.000101774,2.66561e-05,0.000211716,-0.00236986,0,0,0,0,0,0,0,0.446173,-49.7794,-2.11674,21.4011,0.546654,2.51146,0.199084,0,0,0,0,0,0,0,0,0,0,0,0,0,0,0,0,0,0,0,0,0,0,0,0,0,0,0.464943,-0.469431,-0.0212167,0.946741,-0.0248678,0.244096,0.14734,3.14963,0.826657,0.200462,-0.501796,0.547614,0.394967,0.0798868,0
696.501,0.101343,0.823228,-0.125899,-1.48996,0.068628,2.30919,0.761147,0.999968,-0.00635274,0.00204479,0,-0.00643201,-0.999111,0.0414313,0,0.0017798,-0.0414439,-0.999139,0,0.71504,-0.00556019,0.0812321,1,0.101326,0.82322,-0.125928,-1.48985,0.0686247,2.30923,0.761139,-0.000235201,-0.000392569,0.000974931,-0.000766519,-3.1208e-05,0.000178304,0.000664404,0,0,0,0,0,0,0,0.263678,-49.9341,-2.26353,21.5876,0.546654,2.54076,0.129504,0,0,0,0,0,0,0,0,0,0,0,0,0,0,0,0,0,0,0,0,0,0,0,0,0,0,0.364413,-0.613227,-0.124423,1.05712,-0.0303343,0.262915,0.147516,3.31366,0.686212,0.39493,-0.483272,0.454708,0.292722,0.0798868,0
696.535,0.101327,0.823218,-0.12592,-1.48995,0.068628,2.30919,0.761149,0.999968,-0.00638388,0.0020651,0,-0.006464,-0.99911,0.0414453,0,0.00179871,-0.0414581,-0.999139,0,0.715046,-0.00558463,0.0812437,1,0.101326,0.82322,-0.125928,-1.48985,0.0686247,2.30923,0.761139,-0.000926714,-9.08831e-05,-0.00185607,0.00079043,0.000141496,-0.000331747,0.00150015,0,0,0,0,0,0,0,0.481879,-49.7794,-1.96599,21.4369,0.546654,2.52062,0.109363,0,0,0,0,0,0,0,0,0,0,0,0,0,0,0,0,0,0,0,0,0,0,0,0,0,0,0.410115,-0.576217,-0.11298,1.08373,-0.0343329,0.266829,0.144749,3.55318,0.743456,0.316791,-0.514191,0.56981,0.331351,0.0798868,0
696.569,0.101319,0.823228,-0.125918,-1.48996,0.0686277,2.30919,0.76115,0.999968,-0.0063919,0.00204819,0,-0.00647131,-0.99911,0.0414451,0,0.00178149,-0.0414578,-0.999139,0,0.715041,-0.00558948,0.0812333,1,0.101326,0.82322,-0.125928,-1.48985,0.0686247,2.30923,0.761139,0.000404032,0.0016822,0.00072635,-0.00070221,4.50129e-05,3.79668e-05,0.00225472,0,0,0,0,0,0,0,0.55329,-49.9341,-2.00169,21.5122,0.546654,2.52062,0.099292,0,0,0,0,0,0,0,0,0,0,0,0,0,0,0,0,0,0,0,0,0,0,0,0,0,0,0.431806,-0.59746,-0.0848373,1.10335,-0.0339967,0.264641,0.146105,3.60062,0.77768,0.34877,-0.514161,0.565761,0.356433,0.0798868,0
696.6,0.101335,0.823226,-0.12591,-1.48996,0.068628,2.30919,0.761144,0.999968,-0.00636443,0.00204514,0,-0.00644372,-0.999111,0.0414387,0,0.00177963,-0.0414513,-0.999139,0,0.71504,-0.00557267,0.0812327,1,0.101326,0.82322,-0.125928,-1.48985,0.0686247,2.30923,0.761139,-0.000205878,-0.000865556,-9.30955e-05,-0.00271992,-9.36161e-05,-0.00239712,-0.00101604,0,0,0,0,0,0,0,0.335089,-49.8944,-2.11674,21.5519,0.546654,2.52062,0.158801,0,0,0,0,0,0,0,0,0,0,0,0,0,0,0,0,0,0,0,0,0,0,0,0,0,0,0.436377,-0.585314,-0.083502,1.10985,-0.0345644,0.267996,0.148766,3.66508,0.787701,0.320131,-0.520241,0.599122,0.360683,0.0798868,0
696.637,0.101343,0.82322,-0.12591,-1.48996,0.0686291,2.30919,0.761139,0.999968,-0.00635262,0.00205445,0,-0.00643231,-0.999111,0.0414374,0,0.00178943,-0.0414501,-0.999139,0,0.715042,-0.00556681,0.0812376,1,0.101326,0.82322,-0.125928,-1.48985,0.0686247,2.30923,0.761139,-0.000418073,7.55351e-05,-0.000183752,-0.00036048,0.000317291,0.000470006,-0.0020118,0,0,0,0,0,0,0,0.263678,-49.8191,-2.11674,21.5122,0.537499,2.50139,0.199084,0,0,0,0,0,0,0,0,0,0,0,0,0,0,0,0,0,0,0,0,0,0,0,0,0,0,0.364304,-0.578958,-0.113318,1.11703,-0.0373522,0.266731,0.14617,3.75331,0.68721,0.304206,-0.48211,0.636133,0.296528,0.0798868,0
696.671,0.10133,0.823228,-0.125918,-1.48996,0.0686277,2.30919,0.761145,0.999968,-0.00637657,0.00204514,0,-0.00645587,-0.99911,0.0414451,0,0.00177908,-0.0414578,-0.999139,0,0.71504,-0.0055819,0.0812321,1,0.101326,0.82322,-0.125928,-1.48985,0.0686247,2.30923,0.761139,0.00015082,0.00103419,0.00089221,0.000822598,4.06375e-05,0.000245236,3.79923e-06,0,0,0,0,0,0,0,0.446173,-49.9341,-2.00169,21.4765,0.546654,2.52062,0.139575,0,0,0,0,0,0,0,0,0,0,0,0,0,0,0,0,0,0,0,0,0,0,0,0,0,0,0.349038,-0.577698,-0.0982054,1.11646,-0.0380143,0.267008,0.147468,3.76108,0.671075,0.29776,-0.462838,0.642167,0.289091,0.0798868,0
696.705,0.10133,0.82322,-0.125918,-1.48996,0.068628,2.30919,0.761146,0.999968,-0.00637697,0.00205704,0,-0.00645676,-0.99911,0.0414445,0,0.00179095,-0.0414572,-0.999139,0,0.715043,-0.00558175,0.0812392,1,0.101326,0.82322,-0.125928,-1.48985,0.0686247,2.30923,0.761139,0.000148144,-0.00152688,-0.000622153,0.000729661,-0.000190654,0.000501352,0.000293369,0,0,0,0,0,0,0,0.4065,-49.8191,-2.00169,21.4369,0.546654,2.51146,0.139575,0,0,0,0,0,0,0,0,0,0,0,0,0,0,0,0,0,0,0,0,0,0,0,0,0,0,0.382493,-0.61211,-0.0648022,1.13484,-0.0373341,0.273228,0.144824,3.73452,0.714771,0.342576,-0.46449,0.600223,0.324459,0.0798868,0
696.739,0.10133,0.82322,-0.125915,-1.48997,0.0686291,2.30919,0.761139,0.999968,-0.00636967,0.00204747,0,-0.00644906,-0.99911,0.0414413,0,0.00178172,-0.041454,-0.999139,0,0.71504,-0.00557992,0.0812354,1,0.101326,0.82322,-0.125928,-1.48985,0.0686247,2.30923,0.761139,-0.00115062,-0.000633299,0.00109492,-0.000371943,0.000539176,-8.99493e-05,-0.00202044,0,0,0,0,0,0,0,0.446173,-49.8191,-2.04137,21.5519,0.537499,2.52062,0.199084,0,0,0,0,0,0,0,0,0,0,0,0,0,0,0,0,0,0,0,0,0,0,0,0,0,0,0.429207,-0.596877,-0.0345368,1.13591,-0.038644,0.268501,0.143521,3.7854,0.777732,0.322444,-0.483221,0.632504,0.368974,0.0798868,0
696.773,0.101337,0.823233,-0.125915,-1.48997,0.0686271,2.30919,0.761145,0.999968,-0.00636632,0.00203421,0,-0.00644516,-0.99911,0.0414441,0,0.00176858,-0.0414567,-0.999139,0,0.715036,-0.00557491,0.0812261,1,0.101326,0.82322,-0.125928,-1.48985,0.0686247,2.30923,0.761139,0.000874751,0.00126006,0.000419376,0.000656931,-0.000267586,0.000541866,0.000166997,0,0,0,0,0,0,0,0.335089,-49.9698,-2.04137,21.5519,0.554894,2.52062,0.149646,0,0,0,0,0,0,0,0,0,0,0,0,0,0,0,0,0,0,0,0,0,0,0,0,0,0,0.378006,-0.613575,-0.0533826,1.14811,-0.0360489,0.270485,0.144672,3.81642,0.710473,0.341457,-0.452955,0.627429,0.323673,0.0798868,0
696.807,0.10134,0.82322,-0.125923,-1.48997,0.068628,2.30919,0.761141,0.999968,-0.00636632,0.00204681,0,-0.0064457,-0.99911,0.0414476,0,0.00178116,-0.0414603,-0.999139,0,0.71504,-0.00557781,0.0812357,1,0.101326,0.82322,-0.125928,-1.48985,0.0686247,2.30923,0.761139,-0.000574024,-0.000882753,-0.000491592,0.000238674,5.82454e-05,-0.000359508,-0.00117038,0,0,0,0,0,0,0,0.299384,-49.8191,-1.96599,21.5122,0.546654,2.53069,0.178943,0,0,0,0,0,0,0,0,0,0,0,0,0,0,0,0,0,0,0,0,0,0,0,0,0,0,0.343128,-0.590093,-0.0370782,1.15243,-0.0366471,0.270788,0.146713,3.9287,0.670159,0.290708,-0.419299,0.691658,0.300886,0.0798868,0
696.841,0.101342,0.823224,-0.125915,-1.48997,0.0686291,2.30919,0.76115,0.999968,-0.00636819,0.0020432,0,-0.0064474,-0.99911,0.0414416,0,0.00177751,-0.0414542,-0.999139,0,0.715039,-0.00557086,0.0812329,1,0.101326,0.82322,-0.125928,-1.48985,0.0686247,2.30923,0.761139,0.000958015,-4.68794e-06,0.000638094,0.00088607,7.0347e-05,-0.000516361,0.00124128,0,0,0,0,0,0,0,0.263678,-49.8548,-2.04137,21.5122,0.537499,2.53069,0.099292,0,0,0,0,0,0,0,0,0,0,0,0,0,0,0,0,0,0,0,0,0,0,0,0,0,0,0.338529,-0.598146,-0.00428953,1.16102,-0.0365774,0.268696,0.143377,3.96413,0.663635,0.299249,-0.392691,0.698775,0.305832,0.0798868,0
696.875,0.10135,0.823228,-0.125918,-1.48998,0.068628,2.30919,0.761142,0.999968,-0.00635525,0.00202858,0,-0.00643388,-0.99911,0.0414457,0,0.00176341,-0.0414583,-0.999139,0,0.715033,-0.00556835,0.0812251,1,0.101326,0.82322,-0.125928,-1.48985,0.0686247,2.30923,0.761139,-0.000239888,-0.00097597,0.000235319,0.000286585,-0.000123321,0.000446899,-0.00128182,0,0,0,0,0,0,0,0.192267,-49.9341,-2.00169,21.6273,0.546654,2.52062,0.168872,0,0,0,0,0,0,0,0,0,0,0,0,0,0,0,0,0,0,0,0,0,0,0,0,0,0,0.276784,-0.610392,-0.0139676,1.1739,-0.0376559,0.269426,0.145231,4.02108,0.585418,0.309679,-0.352316,0.708034,0.255843,0.0798868,0
696.909,0.101363,0.823223,-0.125912,-1.48998,0.068628,2.30919,0.76114,0.999968,-0.00633562,0.0020332,0,-0.00641445,-0.999111,0.0414408,0,0.00176887,-0.0414533,-0.999139,0,0.715034,-0.00555488,0.0812285,1,0.101326,0.82322,-0.125928,-1.48985,0.0686247,2.30923,0.761139,0.000487806,-0.000864852,0.000975266,-0.00088215,-0.000141146,3.00219e-05,-0.00229334,0,0,0,0,0,0,0,0.0454774,-49.8548,-2.07707,21.6273,0.546654,2.52062,0.189014,0,0,0,0,0,0,0,0,0,0,0,0,0,0,0,0,0,0,0,0,0,0,0,0,0,0,0.197553,-0.628874,-0.0189535,1.1997,-0.0373922,0.273281,0.144535,4.13193,0.481244,0.319018,-0.291979,0.730559,0.192849,0.0798868,0
696.943,0.101362,0.823234,-0.125915,-1.48997,0.0686301,2.30919,0.761146,0.999968,-0.00634591,0.00202676,0,-0.00642446,-0.999111,0.0414424,0,0.00176201,-0.0414549,-0.999139,0,0.715034,-0.00555778,0.0812229,1,0.101326,0.82322,-0.125928,-1.48985,0.0686247,2.30923,0.761139,0.000625639,0.00215093,0.0010899,0.000968904,0.000728946,-0.000435447,0.000429853,0,0,0,0,0,0,0,0.0811829,-50.0095,-2.04137,21.5519,0.528344,2.53069,0.139575,0,0,0,0,0,0,0,0,0,0,0,0,0,0,0,0,0,0,0,0,0,0,0,0,0,0,0.127574,-0.651922,-0.0300067,1.2165,-0.0385193,0.269825,0.146071,4.19196,0.392047,0.352581,-0.245264,0.730406,0.136156,0.0798868,0
696.977,0.101359,0.823234,-0.125919,-1.48999,0.068628,2.30919,0.761143,0.999968,-0.00634841,0.00201105,0,-0.00642632,-0.99911,0.0414467,0,0.00174618,-0.0414591,-0.999139,0,0.715027,-0.00556279,0.0812164,1,0.101326,0.82322,-0.125928,-1.48985,0.0686247,2.30923,0.761139,-0.000381883,-0.000602052,0.000165494,-0.00135339,0.000343547,-0.000170052,-0.000850403,0,0,0,0,0,0,0,0.116888,-50.0095,-2.00169,21.7384,0.546654,2.53069,0.158801,0,0,0,0,0,0,0,0,0,0,0,0,0,0,0,0,0,0,0,0,0,0,0,0,0,0,0.108438,-0.65317,-0.0205547,1.21729,-0.0380879,0.26957,0.145309,4.20195,0.367186,0.351061,-0.22364,0.734492,0.123613,0.0798868,0
697.011,0.101362,0.823229,-0.12592,-1.48998,0.068628,2.30919,0.761145,0.999968,-0.00634796,0.00202112,0,-0.00642629,-0.99911,0.0414472,0,0.00175625,-0.0414597,-0.999139,0,0.715031,-0.00556177,0.0812229,1,0.101326,0.82322,-0.125928,-1.48985,0.0686247,2.30923,0.761139,0.00103166,0.000517122,-0.000500278,-0.000190482,-8.51613e-05,-0.000108836,-0.000934286,0,0,0,0,0,0,0,0.0811829,-49.9341,-1.96599,21.6273,0.546654,2.51146,0.149646,0,0,0,0,0,0,0,0,0,0,0,0,0,0,0,0,0,0,0,0,0,0,0,0,0,0,0.122834,-0.683043,-0.0238229,1.24146,-0.0372349,0.270173,0.147062,4.24047,0.388598,0.396858,-0.23636,0.716378,0.134533,0.0798868,0
697.045,0.101356,0.823231,-0.12592,-1.48998,0.0686271,2.30919,0.761141,0.999968,-0.00634918,0.00201832,0,-0.00642739,-0.99911,0.0414479,0,0.0017534,-0.0414604,-0.999139,0,0.71503,-0.00556548,0.0812215,1,0.101326,0.82322,-0.125928,-1.48985,0.0686247,2.30923,0.761139,-0.00117287,0.000145069,0.000659283,0.00011249,-0.000222645,-0.000242518,-0.00162606,0,0,0,0,0,0,0,0.156561,-49.9698,-1.96599,21.6273,0.554894,2.53069,0.178943,0,0,0,0,0,0,0,0,0,0,0,0,0,0,0,0,0,0,0,0,0,0,0,0,0,0,0.113452,-0.674291,-0.00220829,1.24029,-0.0367728,0.265437,0.143595,4.27945,0.374152,0.383717,-0.21307,0.74073,0.13226,0.0798868,0
697.079,0.101362,0.823241,-0.125921,-1.48999,0.068628,2.30919,0.761149,0.999968,-0.00635316,0.00200395,0,-0.00643078,-0.99911,0.0414489,0,0.00173887,-0.0414613,-0.999139,0,0.715025,-0.00556258,0.0812109,1,0.101326,0.82322,-0.125928,-1.48985,0.0686247,2.30923,0.761139,0.000407642,0.00282909,-0.000353586,-0.00142239,1.96043e-06,0.00051934,0.00175921,0,0,0,0,0,0,0,0.0811829,-50.0849,-2.00169,21.7384,0.546654,2.52062,0.109363,0,0,0,0,0,0,0,0,0,0,0,0,0,0,0,0,0,0,0,0,0,0,0,0,0,0,0.110383,-0.691731,-0.0075614,1.25326,-0.0361208,0.27157,0.145291,4.28439,0.371826,0.40176,-0.214109,0.724643,0.12884,0.0798868,0
697.113,0.101359,0.823229,-0.125925,-1.48998,0.068628,2.30919,0.761141,0.999968,-0.00635051,0.00202173,0,-0.00642886,-0.99911,0.0414507,0,0.00175673,-0.0414632,-0.999138,0,0.715031,-0.00556677,0.0812224,1,0.101326,0.82322,-0.125928,-1.48985,0.0686247,2.30923,0.761139,-0.000176876,-0.000141141,-0.00113818,0.000424672,1.16997e-05,-0.000207048,-0.00109996,0,0,0,0,0,0,0,0.116888,-49.9341,-1.93028,21.6273,0.546654,2.52062,0.168872,0,0,0,0,0,0,0,0,0,0,0,0,0,0,0,0,0,0,0,0,0,0,0,0,0,0,0.118996,-0.704225,-0.00503272,1.26377,-0.0363002,0.269357,0.14427,4.30853,0.382316,0.424067,-0.217975,0.719972,0.136379,0.0798868,0
697.147,0.101359,0.823239,-0.125918,-1.48999,0.068627,2.30919,0.761141,0.999968,-0.00634499,0.00200673,0,-0.00642273,-0.99911,0.0414473,0,0.001742,-0.0414597,-0.999139,0,0.715026,-0.00556233,0.0812132,1,0.101326,0.82322,-0.125928,-1.48985,0.0686247,2.30923,0.761139,0.000262854,-0.00109273,0.000476939,0.000483126,-0.000125968,0.000161345,-0.00111326,0,0,0,0,0,0,0,0.116888,-50.0849,-2.00169,21.663,0.546654,2.53069,0.178943,0,0,0,0,0,0,0,0,0,0,0,0,0,0,0,0,0,0,0,0,0,0,0,0,0,0,0.123876,-0.734285,0.00714309,1.26628,-0.0360303,0.269909,0.142946,4.22807,0.388351,0.475017,-0.211776,0.664048,0.143874,0.0798868,0
697.181,0.101362,0.823238,-0.125918,-1.48999,0.0686291,2.30919,0.761139,0.999968,-0.00634217,0.00200804,0,-0.00641995,-0.99911,0.0414462,0,0.00174343,-0.0414586,-0.999139,0,0.715027,-0.0055608,0.0812139,1,0.101326,0.82322,-0.125928,-1.48985,0.0686247,2.30923,0.761139,-6.87386e-05,-0.00107606,0.000190139,-0.0005715,0.000224135,0.000194105,-0.00261086,0,0,0,0,0,0,0,0.0811829,-50.0452,-2.00169,21.663,0.537499,2.52062,0.199084,0,0,0,0,0,0,0,0,0,0,0,0,0,0,0,0,0,0,0,0,0,0,0,0,0,0,0.100828,-0.76438,-0.00238095,1.26252,-0.0354686,0.270547,0.142738,4.11973,0.356892,0.528393,-0.197611,0.598365,0.123764,0.0798868,0
697.215,0.101362,0.823239,-0.12592,-1.48999,0.0686271,2.30919,0.761149,0.999968,-0.00635218,0.00200508,0,-0.00642984,-0.99911,0.0414489,0,0.00174004,-0.0414613,-0.999139,0,0.715026,-0.00556221,0.0812131,1,0.101326,0.82322,-0.125928,-1.48985,0.0686247,2.30923,0.761139,0.000452114,0.000988459,-0.000349117,0.000856952,-0.000370635,0.000200911,0.00148474,0,0,0,0,0,0,0,0.0811829,-50.0849,-1.96599,21.663,0.554894,2.52062,0.109363,0,0,0,0,0,0,0,0,0,0,0,0,0,0,0,0,0,0,0,0,0,0,0,0,0,0,0.0937725,-0.808831,-0.000993013,1.29055,-0.0370833,0.270174,0.144417,4.14665,0.351391,0.597406,-0.191975,0.563373,0.12015,0.0798868,0
697.249,0.101362,0.823245,-0.125925,-1.48999,0.068628,2.30919,0.761147,0.999968,-0.00635411,0.00199559,0,-0.00643139,-0.99911,0.0414524,0,0.00173046,-0.0414647,-0.999138,0,0.715023,-0.0055656,0.0812073,1,0.101326,0.82322,-0.125928,-1.48985,0.0686247,2.30923,0.761139,-0.000392705,-2.95582e-05,-0.00123279,-0.000167588,0.000201302,-0.000409829,0.000592296,0,0,0,0,0,0,0,0.0811829,-50.1245,-1.93028,21.6987,0.546654,2.54076,0.129504,0,0,0,0,0,0,0,0,0,0,0,0,0,0,0,0,0,0,0,0,0,0,0,0,0,0,0.0741123,-0.82153,-0.00904688,1.29499,-0.0352786,0.271777,0.142577,4.13537,0.32196,0.614856,-0.177952,0.547453,0.102123,0.0798868,0
697.283,0.101364,0.823239,-0.125921,-1.48999,0.068628,2.30919,0.76114,0.999968,-0.00634167,0.00200659,0,-0.0064194,-0.99911,0.0414486,0,0.00174198,-0.041461,-0.999139,0,0.715026,-0.00556061,0.0812134,1,0.101326,0.82322,-0.125928,-1.48985,0.0686247,2.30923,0.761139,0.000631188,-0.000684622,0.000472399,0.0005276,-0.000303805,8.8363e-05,-0.00146268,0,0,0,0,0,0,0,0.0454774,-50.0452,-2.00169,21.663,0.546654,2.53069,0.189014,0,0,0,0,0,0,0,0,0,0,0,0,0,0,0,0,0,0,0,0,0,0,0,0,0,0,0.0775339,-0.819773,-0.00948019,1.28756,-0.0364959,0.272557,0.144794,4.09484,0.329589,0.614169,-0.183842,0.53535,0.105347,0.0798868,0
697.317,0.101364,0.823245,-0.125917,-1.48999,0.0686291,2.30919,0.761141,0.999968,-0.00634152,0.00199439,0,-0.00641874,-0.99911,0.041446,0,0.00172982,-0.0414583,-0.999139,0,0.715022,-0.00555851,0.0812064,1,0.101326,0.82322,-0.125928,-1.48985,0.0686247,2.30923,0.761139,0.000184263,0.00149008,0.00144777,-0.000806266,0.000291707,-0.000501817,-0.00128055,0,0,0,0,0,0,0,0.0454774,-50.1603,-2.04137,21.6987,0.537499,2.54076,0.178943,0,0,0,0,0,0,0,0,0,0,0,0,0,0,0,0,0,0,0,0,0,0,0,0,0,0,0.0798202,-0.825329,-0.0042927,1.2905,-0.0382709,0.271733,0.143611,4.09624,0.331834,0.623881,-0.18256,0.530568,0.108948,0.0798868,0
697.351,0.101362,0.823247,-0.12592,-1.49,0.068628,2.30919,0.761142,0.999968,-0.00634683,0.00198997,0,-0.00642387,-0.99911,0.0414494,0,0.00172516,-0.0414616,-0.999139,0,0.715021,-0.00556269,0.081204,1,0.101326,0.82322,-0.125928,-1.48985,0.0686247,2.30923,0.761139,-4.35282e-05,0.000283202,-0.000792137,-0.0011736,-3.70942e-05,-4.58886e-05,-0.000996914,0,0,0,0,0,0,0,0.0811829,-50.1603,-1.96599,21.7384,0.546654,2.53069,0.168872,0,0,0,0,0,0,0,0,0,0,0,0,0,0,0,0,0,0,0,0,0,0,0,0,0,0,0.0707302,-0.844241,-0.0162096,1.2935,-0.0375302,0.273478,0.143444,4.05248,0.318246,0.65492,-0.181087,0.496574,0.0987849,0.0798868,0
697.385,0.101359,0.823236,-0.125926,-1.48999,0.0686301,2.30919,0.761149,0.999968,-0.00636009,0.00201065,0,-0.00643798,-0.99911,0.0414506,0,0.00174527,-0.041463,-0.999139,0,0.715027,-0.00556746,0.081215,1,0.101326,0.82322,-0.125928,-1.48985,0.0686247,2.30923,0.761139,0.000740645,-0.000456649,-0.00123199,-0.000267105,0.000885601,0.000146359,0.00136116,0,0,0,0,0,0,0,0.116888,-50.0095,-1.89061,21.663,0.528344,2.51146,0.109363,0,0,0,0,0,0,0,0,0,0,0,0,0,0,0,0,0,0,0,0,0,0,0,0,0,0,0.103368,-0.833793,-0.0061886,1.30249,-0.0377303,0.270951,0.146549,4.13148,0.36674,0.638713,-0.203806,0.532305,0.127203,0.0798868,0
697.419,0.101356,0.823242,-0.12592,-1.48999,0.0686291,2.30919,0.761138,0.999968,-0.00634823,0.00199576,0,-0.00642551,-0.99911,0.041448,0,0.0017309,-0.0414603,-0.999139,0,0.715023,-0.00556616,0.0812087,1,0.101326,0.82322,-0.125928,-1.48985,0.0686247,2.30923,0.761139,-0.00115106,0.00017865,-0.000423397,1.91079e-06,0.000386367,0.000356646,-0.00283861,0,0,0,0,0,0,0,0.156561,-50.1245,-1.96599,21.6987,0.537499,2.52062,0.209155,0,0,0,0,0,0,0,0,0,0,0,0,0,0,0,0,0,0,0,0,0,0,0,0,0,0,0.114104,-0.819291,-0.00147228,1.29595,-0.0376059,0.270283,0.145199,4.13692,0.379149,0.616524,-0.208714,0.548463,0.136372,0.0798868,0
697.453,0.101359,0.823239,-0.125923,-1.48999,0.0686301,2.30918,0.761146,0.999968,-0.00635589,0.0019973,0,-0.00643323,-0.99911,0.0414489,0,0.00173211,-0.0414613,-0.999139,0,0.715023,-0.00556587,0.0812106,1,0.101326,0.82322,-0.125928,-1.48985,0.0686247,2.30923,0.761139,-0.000539591,-0.000729816,-0.000791925,-0.000694028,0.000858825,-0.000265474,0.000268654,0,0,0,0,0,0,0,0.116888,-50.0452,-1.96599,21.6987,0.528344,2.53069,0.129504,0,0,0,0,0,0,0,0,0,0,0,0,0,0,0,0,0,0,0,0,0,0,0,0,0,0,0.123273,-0.814723,-0.00114146,1.28616,-0.0374948,0.271098,0.148173,4.0895,0.395131,0.611978,-0.21839,0.536666,0.143945,0.0798868,0
697.487,0.101354,0.823242,-0.125925,-1.48999,0.0686271,2.30919,0.761147,0.999968,-0.00636126,0.00200174,0,-0.00643878,-0.99911,0.041453,0,0.00173629,-0.0414654,-0.999138,0,0.715024,-0.00557131,0.0812102,1,0.101326,0.82322,-0.125928,-1.48985,0.0686247,2.30923,0.761139,4.03703e-05,0.00106843,-0.00048305,6.94917e-05,-0.000430664,-0.000533965,0.00084079,0,0,0,0,0,0,0,0.192267,-50.1245,-1.93028,21.663,0.554894,2.53069,0.129504,0,0,0,0,0,0,0,0,0,0,0,0,0,0,0,0,0,0,0,0,0,0,0,0,0,0,0.1438,-0.830721,0.00899529,1.30623,-0.0375151,0.270107,0.146291,4.15063,0.420848,0.635302,-0.22592,0.540887,0.16272,0.0798868,0
697.521,0.101362,0.82324,-0.125915,-1.49,0.068628,2.30919,0.761144,0.999968,-0.00634558,0.00199209,0,-0.0064227,-0.999111,0.0414449,0,0.00172735,-0.0414572,-0.999139,0,0.715021,-0.00555927,0.0812076,1,0.101326,0.82322,-0.125928,-1.48985,0.0686247,2.30923,0.761139,0.00184445,-0.001581,0.00114897,-0.00098583,0.000165114,0.000254383,3.35562e-05,0,0,0,0,0,0,0,0.0811829,-50.0849,-2.04137,21.7384,0.546654,2.52062,0.149646,0,0,0,0,0,0,0,0,0,0,0,0,0,0,0,0,0,0,0,0,0,0,0,0,0,0,0.15223,-0.833468,0.0106981,1.30583,-0.0372753,0.272937,0.145787,4.1293,0.431103,0.637071,-0.230733,0.530737,0.169709,0.0798868,0
697.555,0.101359,0.823245,-0.125919,-1.48999,0.068628,2.30919,0.761153,0.999968,-0.00635777,0.00200084,0,-0.00643525,-0.99911,0.041448,0,0.00173558,-0.0414603,-0.999139,0,0.715024,-0.00556321,0.081208,1,0.101326,0.82322,-0.125928,-1.48985,0.0686247,2.30923,0.761139,0.000217726,0.00114219,3.67519e-05,-9.56478e-05,-6.77666e-05,0.00082406,0.00291211,0,0,0,0,0,0,0,0.116888,-50.1245,-2.00169,21.663,0.546654,2.50139,0.0690795,0,0,0,0,0,0,0,0,0,0,0,0,0,0,0,0,0,0,0,0,0,0,0,0,0,0,0.143754,-0.822778,-0.00553786,1.29313,-0.0355479,0.271739,0.142862,4.09408,0.413298,0.625579,-0.23047,0.528809,0.157538,0.0798868,0
697.589,0.101359,0.823242,-0.12592,-1.48999,0.0686271,2.30919,0.76114,0.999968,-0.00634589,0.00200137,0,-0.0064234,-0.99911,0.0414493,0,0.00173659,-0.0414617,-0.999139,0,0.715025,-0.00556411,0.08121,1,0.101326,0.82322,-0.125928,-1.48985,0.0686247,2.30923,0.761139,0.000805258,-0.000330328,0.000601131,0.000917002,-0.000258254,-2.46014e-06,-0.00200055,0,0,0,0,0,0,0,0.116888,-50.0849,-2.00169,21.6273,0.554894,2.53069,0.189014,0,0,0,0,0,0,0,0,0,0,0,0,0,0,0,0,0,0,0,0,0,0,0,0,0,0,0.129967,-0.821629,-0.00861753,1.2906,-0.0358995,0.268506,0.141407,4.09649,0.393135,0.627946,-0.220628,0.531282,0.14581,0.0798868,0
697.623,0.101359,0.823243,-0.125918,-1.48999,0.0686271,2.30919,0.761145,0.999968,-0.00634967,0.00199504,0,-0.00642692,-0.99911,0.0414481,0,0.00173012,-0.0414605,-0.999139,0,0.715023,-0.00556313,0.081208,1,0.101326,0.82322,-0.125928,-1.48985,0.0686247,2.30923,0.761139,4.2864e-06,0.000714419,0.00076817,-0.000505695,-0.000372359,0.000248287,0.00157969,0,0,0,0,0,0,0,0.116888,-50.1245,-2.00169,21.6987,0.554894,2.52062,0.119434,0,0,0,0,0,0,0,0,0,0,0,0,0,0,0,0,0,0,0,0,0,0,0,0,0,0,0.133068,-0.832224,-0.00121236,1.28782,-0.0368414,0.275001,0.145659,4.03073,0.403924,0.638329,-0.22259,0.499137,0.151412,0.0798868,0
697.657,0.101356,0.823244,-0.125918,-1.48999,0.0686291,2.30919,0.761148,0.999968,-0.00635623,0.00199747,0,-0.00643357,-0.99911,0.0414463,0,0.00173228,-0.0414587,-0.999139,0,0.715024,-0.00556441,0.0812084,1,0.101326,0.82322,-0.125928,-1.48985,0.0686247,2.30923,0.761139,-0.000714117,0.000773218,0.000225087,0.000336616,0.000318264,7.72811e-05,0.000997948,0,0,0,0,0,0,0,0.156561,-50.1245,-2.00169,21.663,0.537499,2.51146,0.119434,0,0,0,0,0,0,0,0,0,0,0,0,0,0,0,0,0,0,0,0,0,0,0,0,0,0,0.147623,-0.829019,0.0010588,1.28697,-0.0375427,0.272229,0.144184,4.03746,0.421197,0.638259,-0.23193,0.503971,0.163266,0.0798868,0
697.691,0.101356,0.823247,-0.125923,-1.48998,0.068628,2.30919,0.761144,0.999968,-0.0063551,0.00200107,0,-0.00643259,-0.99911,0.0414514,0,0.00173589,-0.0414638,-0.999139,0,0.715025,-0.00556807,0.0812085,1,0.101326,0.82322,-0.125928,-1.48985,0.0686247,2.30923,0.761139,-9.42354e-05,0.000971335,-5.9319e-05,0.00272238,5.55765e-05,0.000373603,0.000575133,0,0,0,0,0,0,0,0.156561,-50.1603,-1.96599,21.5876,0.546654,2.52062,0.139575,0,0,0,0,0,0,0,0,0,0,0,0,0,0,0,0,0,0,0,0,0,0,0,0,0,0,0.144022,-0.842924,0.00374497,1.29573,-0.0371661,0.273353,0.142633,4.04334,0.414701,0.657412,-0.225248,0.492557,0.161149,0.0798868,0
697.725,0.101364,0.823242,-0.125918,-1.48999,0.0686291,2.30919,0.761143,0.999968,-0.00634299,0.00199812,0,-0.00642036,-0.99911,0.0414461,0,0.00173349,-0.0414584,-0.999139,0,0.715024,-0.00555879,0.0812094,1,0.101326,0.82322,-0.125928,-1.48985,0.0686247,2.30923,0.761139,0.0012867,-0.000744163,-0.000422763,-0.00047095,0.000355855,-0.0002222,-0.000487923,0,0,0,0,0,0,0,0.0454774,-50.0849,-2.00169,21.663,0.537499,2.52062,0.168872,0,0,0,0,0,0,0,0,0,0,0,0,0,0,0,0,0,0,0,0,0,0,0,0,0,0,0.140338,-0.830886,-0.00292229,1.28521,-0.0374556,0.271157,0.143805,4.02678,0.410778,0.643545,-0.228173,0.498612,0.156465,0.0798868,0
697.759,0.101354,0.823242,-0.125916,-1.49,0.0686291,2.30919,0.761144,0.999968,-0.00635363,0.00199215,0,-0.00643075,-0.99911,0.0414448,0,0.00172709,-0.0414571,-0.999139,0,0.715021,-0.00556512,0.0812071,1,0.101326,0.82322,-0.125928,-1.48985,0.0686247,2.30923,0.761139,-0.00187374,-0.000498772,0.000472901,-0.000713783,0.000542994,0.000440224,-0.000984966,0,0,0,0,0,0,0,0.192267,-50.0849,-2.04137,21.6987,0.537499,2.52062,0.158801,0,0,0,0,0,0,0,0,0,0,0,0,0,0,0,0,0,0,0,0,0,0,0,0,0,0,0.120932,-0.835562,-0.0245064,1.27765,-0.0376113,0.268848,0.145769,3.98017,0.385818,0.659182,-0.227644,0.477485,0.135861,0.0798868,0
697.793,0.101359,0.82324,-0.125921,-1.48999,0.0686271,2.30919,0.761151,0.999968,-0.00635776,0.00200295,0,-0.00643533,-0.99911,0.0414499,0,0.00173767,-0.0414622,-0.999139,0,0.715025,-0.00556481,0.0812113,1,0.101326,0.82322,-0.125928,-1.48985,0.0686247,2.30923,0.761139,0.00143818,-0.000410666,0.000279162,0.00102811,-0.00045476,2.27536e-05,0.00227424,0,0,0,0,0,0,0,0.116888,-50.0849,-1.96599,21.6273,0.554894,2.52062,0.0892211,0,0,0,0,0,0,0,0,0,0,0,0,0,0,0,0,0,0,0,0,0,0,0,0,0,0,0.137975,-0.832437,-0.0123141,1.27674,-0.037343,0.269765,0.144944,3.97699,0.40809,0.652722,-0.232812,0.479729,0.152222,0.0798868,0
697.827,0.101362,0.823245,-0.12592,-1.49,0.0686271,2.30918,0.761153,0.999968,-0.00635728,0.00198672,0,-0.00643418,-0.99911,0.0414498,0,0.00172148,-0.0414621,-0.999139,0,0.71502,-0.00556289,0.0812044,1,0.101326,0.82322,-0.125928,-1.48985,0.0686247,2.30923,0.761139,0.000933685,-0.000165611,-0.000567559,-0.00207994,-0.000249431,-2.22707e-05,0.00304135,0,0,0,0,0,0,0,0.0811829,-50.1245,-1.96599,21.7384,0.554894,2.53069,0.0690795,0,0,0,0,0,0,0,0,0,0,0,0,0,0,0,0,0,0,0,0,0,0,0,0,0,0,0.127684,-0.842177,-0.00977195,1.28565,-0.0376837,0.269504,0.140867,4.00265,0.389343,0.665537,-0.219505,0.479465,0.144543,0.0798868,0
697.861,0.101362,0.82325,-0.12592,-1.48999,0.0686271,2.30918,0.761149,0.999968,-0.00635256,0.0019886,0,-0.00642954,-0.99911,0.0414501,0,0.00172355,-0.0414624,-0.999139,0,0.715021,-0.00556262,0.0812038,1,0.101326,0.82322,-0.125928,-1.48985,0.0686247,2.30923,0.761139,0.000581631,0.000856318,-0.000705665,0.000910821,-7.14642e-05,-0.000641477,0.00150378,0,0,0,0,0,0,0,0.0811829,-50.1999,-1.96599,21.6273,0.554894,2.54076,0.109363,0,0,0,0,0,0,0,0,0,0,0,0,0,0,0,0,0,0,0,0,0,0,0,0,0,0,0.131157,-0.854802,-0.0107792,1.28613,-0.0367256,0.270297,0.143156,3.96303,0.397009,0.687422,-0.223547,0.45335,0.147342,0.0798868,0
697.894,0.101356,0.823239,-0.125916,-1.48999,0.068628,2.30919,0.761146,0.999968,-0.00635192,0.00200045,0,-0.00642939,-0.99911,0.041445,0,0.00173545,-0.0414574,-0.999139,0,0.715024,-0.00556297,0.0812114,1,0.101326,0.82322,-0.125928,-1.48985,0.0686247,2.30923,0.761139,-0.00102599,-0.00153665,0.00053554,0.000625449,1.36724e-06,-7.53899e-05,0.000302293,0,0,0,0,0,0,0,0.156561,-50.0452,-2.04137,21.6273,0.546654,2.52062,0.139575,0,0,0,0,0,0,0,0,0,0,0,0,0,0,0,0,0,0,0,0,0,0,0,0,0,0,0.12216,-0.857232,-0.0281854,1.27615,-0.0366182,0.269884,0.143471,3.90087,0.383471,0.697846,-0.227084,0.429119,0.135669,0.0798868,0
697.928,0.101356,0.823243,-0.125921,-1.48999,0.068628,2.30918,0.761146,0.999968,-0.0063556,0.00199551,0,-0.00643286,-0.99911,0.0414492,0,0.00173033,-0.0414615,-0.999139,0,0.715023,-0.00556661,0.0812088,1,0.101326,0.82322,-0.125928,-1.48985,0.0686247,2.30923,0.761139,-0.000754905,-0.000279145,-0.000119442,0.00124935,6.13577e-05,-0.000626717,0.000230538,0,0,0,0,0,0,0,0.156561,-50.1245,-1.96599,21.6273,0.546654,2.54076,0.139575,0,0,0,0,0,0,0,0,0,0,0,0,0,0,0,0,0,0,0,0,0,0,0,0,0,0,0.12052,-0.879224,-0.0161551,1.28799,-0.0379918,0.270703,0.1447,3.90063,0.385084,0.729904,-0.219724,0.408192,0.138672,0.0798868,0
697.962,0.101359,0.82325,-0.125917,-1.49,0.068628,2.30919,0.761147,0.999968,-0.00635184,0.00198432,0,-0.00642864,-0.99911,0.0414474,0,0.00171933,-0.0414596,-0.999139,0,0.715019,-0.0055625,0.0812015,1,0.101326,0.82322,-0.125928,-1.48985,0.0686247,2.30923,0.761139,-0.000543851,0.00061108,0.000460607,-0.00218218,-0.000154975,7.48619e-05,0.000809629,0,0,0,0,0,0,0,0.116888,-50.1999,-2.04137,21.6987,0.546654,2.52062,0.119434,0,0,0,0,0,0,0,0,0,0,0,0,0,0,0,0,0,0,0,0,0,0,0,0,0,0,0.113976,-0.876649,-0.022077,1.28689,-0.0381737,0.272764,0.143206,3.89857,0.373513,0.72287,-0.217123,0.40993,0.131741,0.0798868,0
697.996,0.101356,0.823242,-0.125918,-1.48999,0.0686271,2.30919,0.761151,0.999968,-0.00635838,0.00199844,0,-0.00643576,-0.99911,0.0414476,0,0.00173315,-0.0414599,-0.999139,0,0.715024,-0.00556459,0.0812094,1,0.101326,0.82322,-0.125928,-1.48985,0.0686247,2.30923,0.761139,-0.000884704,-0.00110708,0.000285427,0.000984312,-0.000483099,-0.000222161,0.00275317,0,0,0,0,0,0,0,0.156561,-50.0849,-2.04137,21.6273,0.554894,2.52062,0.0791503,0,0,0,0,0,0,0,0,0,0,0,0,0,0,0,0,0,0,0,0,0,0,0,0,0,0,0.113136,-0.863943,-0.0215847,1.2796,-0.0388277,0.267728,0.142608,3.90964,0.371802,0.709891,-0.216697,0.426378,0.131002,0.0798868,0
698.03,0.101362,0.823247,-0.125917,-1.49,0.0686271,2.30918,0.761151,0.999968,-0.00635277,0.00198622,0,-0.00642965,-0.99911,0.0414477,0,0.00172118,-0.04146,-0.999139,0,0.71502,-0.00556074,0.0812032,1,0.101326,0.82322,-0.125928,-1.48985,0.0686247,2.30923,0.761139,0.000355688,-0.000214937,0.000411806,-0.000362364,-0.000342576,-0.000114653,0.0021268,0,0,0,0,0,0,0,0.0811829,-50.1603,-2.04137,21.6987,0.554894,2.53069,0.0892211,0,0,0,0,0,0,0,0,0,0,0,0,0,0,0,0,0,0,0,0,0,0,0,0,0,0,0.0789091,-0.886543,-0.0427673,1.28945,-0.0377824,0.269521,0.143201,3.90237,0.325701,0.74327,-0.20148,0.401431,0.0987846,0.0798868,0
698.064,0.101362,0.823256,-0.125919,-1.48999,0.0686291,2.30919,0.761147,0.999968,-0.00635085,0.00198075,0,-0.0064275,-0.99911,0.0414483,0,0.00171579,-0.0414605,-0.999139,0,0.715019,-0.00556171,0.0811984,1,0.101326,0.82322,-0.125928,-1.48985,0.0686247,2.30923,0.761139,-0.000552816,0.00146973,-0.000874045,-0.00436165,0.000279654,0.000299031,3.05478e-05,0,0,0,0,0,0,0,0.0811829,-50.2753,-2.00169,21.663,0.537499,2.52062,0.129504,0,0,0,0,0,0,0,0,0,0,0,0,0,0,0,0,0,0,0,0,0,0,0,0,0,0,0.092084,-0.917545,-0.0304253,1.30641,-0.0377543,0.274094,0.145776,3.88817,0.34831,0.785776,-0.2052,0.366069,0.113466,0.0798868,0
698.098,0.101364,0.82325,-0.125912,-1.48999,0.0686271,2.30919,0.761149,0.999968,-0.00634451,0.00199193,0,-0.00642162,-0.999111,0.0414446,0,0.00172725,-0.0414569,-0.999139,0,0.715022,-0.00555556,0.0812035,1,0.101326,0.82322,-0.125928,-1.48985,0.0686247,2.30923,0.761139,-3.90266e-05,-0.000717594,0.0007357,0.00126546,-0.000206774,7.76914e-05,0.00123975,0,0,0,0,0,0,0,0.0454774,-50.1999,-2.07707,21.6273,0.554894,2.52062,0.109363,0,0,0,0,0,0,0,0,0,0,0,0,0,0,0,0,0,0,0,0,0,0,0,0,0,0,0.0686207,-0.915079,-0.0335176,1.2967,-0.0380998,0.269319,0.145287,3.86149,0.31691,0.789606,-0.188728,0.360685,0.0942632,0.0798868,0
698.132,0.101365,0.823253,-0.125918,-1.49,0.0686291,2.30919,0.76115,0.999968,-0.0063504,0.00198183,0,-0.0064271,-0.99911,0.0414474,0,0.00171689,-0.0414596,-0.999139,0,0.715019,-0.00555881,0.0811996,1,0.101326,0.82322,-0.125928,-1.48985,0.0686247,2.30923,0.761139,0.00078576,0.000212978,0.000514026,-0.000170413,0.000249668,-1.51297e-05,0.00176119,0,0,0,0,0,0,0,0.0454774,-50.2356,-2.00169,21.6987,0.537499,2.52062,0.099292,0,0,0,0,0,0,0,0,0,0,0,0,0,0,0,0,0,0,0,0,0,0,0,0,0,0,0.0532893,-0.925809,-0.0345916,1.29142,-0.0387082,0.269875,0.147353,3.80261,0.299846,0.808628,-0.179239,0.331042,0.0827294,0.0798868,0
698.166,0.101362,0.823253,-0.125917,-1.49,0.0686291,2.30919,0.761149,0.999968,-0.00635143,0.00198174,0,-0.00642812,-0.99911,0.0414469,0,0.00171677,-0.0414591,-0.999139,0,0.715019,-0.00556013,0.0811995,1,0.101326,0.82322,-0.125928,-1.48985,0.0686247,2.30923,0.761139,-0.000628197,-0.00143417,0.000536855,0.000376263,0.000180029,0.000289812,0.00182811,0,0,0,0,0,0,0,0.0811829,-50.2356,-2.04137,21.6987,0.537499,2.52062,0.109363,0,0,0,0,0,0,0,0,0,0,0,0,0,0,0,0,0,0,0,0,0,0,0,0,0,0,0.0609264,-0.979018,-0.0318456,1.30806,-0.0380978,0.272067,0.146978,3.72496,0.30994,0.8953,-0.180379,0.251912,0.0903067,0.0798868,0
698.2,0.101359,0.823251,-0.125917,-1.49,0.0686301,2.30919,0.761142,0.999968,-0.00634855,0.00198458,0,-0.00642536,-0.99911,0.0414459,0,0.00171973,-0.0414581,-0.999139,0,0.71502,-0.00556222,0.0812011,1,0.101326,0.82322,-0.125928,-1.48985,0.0686247,2.30923,0.761139,-0.000747474,0.000918766,0.00109638,-0.000206991,0.000832469,0.000351063,-0.000479547,0,0,0,0,0,0,0,0.116888,-50.2356,-2.04137,21.6987,0.528344,2.51146,0.158801,0,0,0,0,0,0,0,0,0,0,0,0,0,0,0,0,0,0,0,0,0,0,0,0,0,0,0.0798201,-0.961782,-0.0292362,1.30012,-0.0391942,0.27041,0.143534,3.72977,0.329764,0.871599,-0.1921,0.269929,0.105205,0.0798868,0
698.234,0.101362,0.823253,-0.125921,-1.49,0.068628,2.30919,0.761144,0.999968,-0.00634932,0.00198102,0,-0.00642599,-0.99911,0.0414507,0,0.00171611,-0.0414629,-0.999139,0,0.715019,-0.00556341,0.0811994,1,0.101326,0.82322,-0.125928,-1.48985,0.0686247,2.30923,0.761139,0.000950681,-0.00157454,-5.48363e-05,-0.000492594,-3.55604e-05,-5.54115e-05,-0.000296493,0,0,0,0,0,0,0,0.0811829,-50.2356,-1.96599,21.6987,0.546654,2.52062,0.149646,0,0,0,0,0,0,0,0,0,0,0,0,0,0,0,0,0,0,0,0,0,0,0,0,0,0,0.0902009,-0.98784,-0.0206537,1.31399,-0.0384044,0.268421,0.142411,3.7308,0.343128,0.915751,-0.19228,0.244537,0.115754,0.0798868,0
698.268,0.101363,0.823261,-0.125917,-1.49,0.068629,2.30919,0.761146,0.999968,-0.00634816,0.00196974,0,-0.00642436,-0.99911,0.0414478,0,0.0017049,-0.04146,-0.999139,0,0.715015,-0.00556035,0.0811922,1,0.101326,0.82322,-0.125928,-1.48985,0.0686247,2.30923,0.761139,-0.000268604,0.00016855,-0.000729902,-0.000158638,0.000772026,0.000479848,0.000670034,0,0,0,0,0,0,0,0.0811829,-50.3507,-2.04137,21.7384,0.528344,2.52062,0.139575,0,0,0,0,0,0,0,0,0,0,0,0,0,0,0,0,0,0,0,0,0,0,0,0,0,0,0.0707944,-1.00061,-0.0380882,1.30889,-0.037483,0.268947,0.14137,3.66623,0.314051,0.940128,-0.185454,0.209848,0.0957286,0.0798861,0
698.302,0.10136,0.823256,-0.125922,-1.49,0.0686291,2.30919,0.761141,0.999968,-0.00635015,0.00197445,0,-0.00642655,-0.99911,0.0414512,0,0.00170951,-0.0414634,-0.999139,0,0.715016,-0.00556567,0.0811956,1,0.101326,0.82322,-0.125928,-1.48985,0.0686247,2.30923,0.761139,-0.000151127,-0.000582268,-0.001019,-0.000752215,0.000378291,0.000445454,-0.00124268,0,0,0,0,0,0,0,0.116888,-50.2753,-1.96599,21.7384,0.537499,2.51146,0.168872,0,0,0,0,0,0,0,0,0,0,0,0,0,0,0,0,0,0,0,0,0,0,0,0,0,0,0.0881297,-1.03027,-0.0342573,1.32653,-0.0373246,0.270396,0.143177,3.66553,0.340106,0.986177,-0.196799,0.179338,0.111122,0.0798861,0
698.336,0.101356,0.823258,-0.125923,-1.49,0.0686261,2.30918,0.761145,0.999968,-0.00635523,0.00197415,0,-0.00643162,-0.99911,0.041454,0,0.00170897,-0.0414662,-0.999138,0,0.715017,-0.00556895,0.0811954,1,0.101326,0.82322,-0.125928,-1.48985,0.0686247,2.30923,0.761139,-0.00024511,0.000709142,5.83379e-05,1.61732e-05,-0.000767617,-0.000360443,-0.000772744,0,0,0,0,0,0,0,0.156561,-50.315,-1.96599,21.6987,0.564049,2.54076,0.149646,0,0,0,0,0,0,0,0,0,0,0,0,0,0,0,0,0,0,0,0,0,0,0,0,0,0,0.0854232,-1.03271,-0.0252117,1.32994,-0.0370004,0.27002,0.141987,3.68059,0.335997,0.988022,-0.187861,0.182951,0.111252,0.0798868,0
698.37,0.101359,0.823258,-0.125918,-1.49,0.0686261,2.30918,0.761141,0.999968,-0.00634601,0.00197411,0,-0.00642239,-0.99911,0.0414507,0,0.00170934,-0.0414628,-0.999139,0,0.715017,-0.00556384,0.0811953,1,0.101326,0.82322,-0.125928,-1.48985,0.0686247,2.30923,0.761139,0.00030573,0.00051357,-0.000717465,0.00129166,-0.000553701,-0.000105293,-0.00152621,0,0,0,0,0,0,0,0.116888,-50.315,-2.00169,21.663,0.564049,2.53069,0.178943,0,0,0,0,0,0,0,0,0,0,0,0,0,0,0,0,0,0,0,0,0,0,0,0,0,0,0.118077,-1.02486,-0.00926667,1.33106,-0.0374059,0.272278,0.140764,3.6944,0.378486,0.971725,-0.203309,0.195003,0.140869,0.0798868,0
698.404,0.101364,0.823258,-0.125917,-1.49,0.068628,2.30919,0.761147,0.999968,-0.00634724,0.00197008,0,-0.00642346,-0.99911,0.0414483,0,0.00170528,-0.0414605,-0.999139,0,0.715015,-0.00555934,0.081193,1,0.101326,0.82322,-0.125928,-1.48985,0.0686247,2.30923,0.761139,0.00180712,0.000589084,0.00107825,-0.000425292,6.59507e-05,-5.86128e-05,0.000820219,0,0,0,0,0,0,0,0.0454774,-50.315,-2.04137,21.7384,0.546654,2.52062,0.129504,0,0,0,0,0,0,0,0,0,0,0,0,0,0,0,0,0,0,0,0,0,0,0,0,0,0,0.132004,-1.03483,-0.0103494,1.32939,-0.0384359,0.26847,0.145116,3.65862,0.403258,0.997719,-0.218949,0.172095,0.152522,0.0798868,0
698.438,0.101356,0.823264,-0.12592,-1.49,0.0686301,2.30919,0.761136,0.999968,-0.00634766,0.00196482,0,-0.00642366,-0.99911,0.0414497,0,0.00169999,-0.0414618,-0.999139,0,0.715014,-0.00556697,0.0811895,1,0.101326,0.82322,-0.125928,-1.48985,0.0686247,2.30923,0.761139,-0.000621029,0.0010343,-0.000994736,1.45539e-06,0.000650039,0.00032105,-0.00202551,0,0,0,0,0,0,0,0.156561,-50.3904,-1.96599,21.7384,0.528344,2.52062,0.199084,0,0,0,0,0,0,0,0,0,0,0,0,0,0,0,0,0,0,0,0,0,0,0,0,0,0,0.111442,-1.04847,-0.0261668,1.33127,-0.0384149,0.270953,0.145864,3.62689,0.375623,1.01801,-0.212474,0.14761,0.132591,0.0798868,0
698.472,0.101362,0.823261,-0.125915,-1.49,0.068628,2.30919,0.761148,0.999968,-0.00634908,0.00197027,0,-0.0064253,-0.99911,0.041447,0,0.0017054,-0.0414591,-0.999139,0,0.715015,-0.0055596,0.0811923,1,0.101326,0.82322,-0.125928,-1.48985,0.0686247,2.30923,0.761139,-0.000340295,0.00034811,-3.05177e-05,0.000316376,0.000286001,0.000176678,0.00137399,0,0,0,0,0,0,0,0.0811829,-50.3507,-2.04137,21.6987,0.546654,2.52062,0.119434,0,0,0,0,0,0,0,0,0,0,0,0,0,0,0,0,0,0,0,0,0,0,0,0,0,0,0.105495,-1.03439,-0.0292697,1.31843,-0.0385184,0.270321,0.143812,3.60036,0.364219,0.998265,-0.208611,0.152915,0.126546,0.0798868,0
698.506,0.101364,0.823261,-0.125915,-1.49,0.068628,2.30919,0.761147,0.999968,-0.00634584,0.00196742,0,-0.00642194,-0.99911,0.0414471,0,0.00170269,-0.0414592,-0.999139,0,0.715014,-0.005558,0.0811911,1,0.101326,0.82322,-0.125928,-1.48985,0.0686247,2.30923,0.761139,0.000385331,-0.00030308,-0.000341949,-0.000582552,0.000255287,0.00011871,0.00123051,0,0,0,0,0,0,0,0.0454774,-50.3507,-2.04137,21.7384,0.546654,2.52062,0.129504,0,0,0,0,0,0,0,0,0,0,0,0,0,0,0,0,0,0,0,0,0,0,0,0,0,0,0.0810224,-1.07096,-0.0461671,1.33234,-0.0373535,0.269972,0.141207,3.57524,0.326905,1.05873,-0.19489,0.107999,0.10286,0.0798868,0
698.54,0.101359,0.823269,-0.125918,-1.49,0.0686301,2.30918,0.761144,0.999968,-0.00635118,0.00195485,0,-0.00642676,-0.99911,0.0414485,0,0.00168989,-0.0414606,-0.999139,0,0.715011,-0.00556362,0.0811843,1,0.101326,0.82322,-0.125928,-1.48985,0.0686247,2.30923,0.761139,0.000639718,0.00108672,0.00049555,1.32598e-05,0.000655999,-0.00021495,-0.000646711,0,0,0,0,0,0,0,0.116888,-50.4657,-2.00169,21.7741,0.528344,2.54076,0.158801,0,0,0,0,0,0,0,0,0,0,0,0,0,0,0,0,0,0,0,0,0,0,0,0,0,0,0.0962463,-1.08755,-0.0351739,1.33474,-0.037681,0.272455,0.140789,3.52658,0.347395,1.08425,-0.1993,0.0753754,0.118141,0.0798868,0
698.574,0.101362,0.823261,-0.125918,-1.49,0.0686271,2.30919,0.761138,0.999968,-0.00634058,0.00196993,0,-0.0064168,-0.99911,0.0414498,0,0.0017054,-0.0414619,-0.999139,0,0.715015,-0.00556168,0.0811925,1,0.101326,0.82322,-0.125928,-1.48985,0.0686247,2.30923,0.761139,0.000618076,0.000650403,-0.000715217,0.000828165,-0.000300087,0.000303371,-0.00272776,0,0,0,0,0,0,0,0.0811829,-50.3507,-2.00169,21.6987,0.554894,2.52062,0.209155,0,0,0,0,0,0,0,0,0,0,0,0,0,0,0,0,0,0,0,0,0,0,0,0,0,0,0.101121,-1.10171,-0.0276673,1.34978,-0.0401222,0.275124,0.14231,3.56079,0.357439,1.10007,-0.201146,0.072881,0.125184,0.0798861,0
698.608,0.101359,0.823269,-0.125917,-1.49,0.068628,2.30918,0.761141,0.999968,-0.00634658,0.00195823,0,-0.0064223,-0.99911,0.0414496,0,0.00169346,-0.0414617,-0.999139,0,0.715012,-0.00556335,0.0811854,1,0.101326,0.82322,-0.125928,-1.48985,0.0686247,2.30923,0.761139,-0.00205149,0.0017337,0.00041691,0.00328354,-7.23974e-05,-0.000285061,-0.00139872,0,0,0,0,0,0,0,0.116888,-50.4657,-2.04137,21.7384,0.546654,2.53069,0.168872,0,0,0,0,0,0,0,0,0,0,0,0,0,0,0,0,0,0,0,0,0,0,0,0,0,0,0.0761864,-1.06806,-0.0397205,1.32869,-0.0397232,0.267648,0.143645,3.57216,0.325363,1.05699,-0.191321,0.110568,0.101802,0.0798861,0
698.642,0.101364,0.823266,-0.12592,-1.49,0.0686271,2.30918,0.761147,0.999968,-0.00634899,0.00196143,0,-0.00642485,-0.99911,0.0414523,0,0.00169654,-0.0414644,-0.999139,0,0.715013,-0.00556198,0.0811876,1,0.101326,0.82322,-0.125928,-1.48985,0.0686247,2.30923,0.761139,-0.00093942,-0.00147531,-0.00104797,0.000401019,-0.000135559,-3.87461e-05,0.0013184,0,0,0,0,0,0,0,0.0811829,-50.4261,-1.96599,21.7384,0.554894,2.53069,0.129504,0,0,0,0,0,0,0,0,0,0,0,0,0,0,0,0,0,0,0,0,0,0,0,0,0,0,0.0691557,-1.15428,-0.0367215,1.37099,-0.0378326,0.275669,0.142557,3.52987,0.315523,1.18304,-0.17782,0.0111866,0.098214,0.0798861,0
698.676,0.101365,0.823261,-0.125912,-1.49,0.0686291,2.30919,0.76114,0.999968,-0.00633782,0.00196632,0,-0.00641388,-0.999111,0.0414445,0,0.00170193,-0.0414566,-0.999139,0,0.715014,-0.0055558,0.0811907,1,0.101326,0.82322,-0.125928,-1.48985,0.0686247,2.30923,0.761139,-0.000550566,-0.000285988,0.00159764,-0.000511484,0.000341377,-4.86644e-05,-0.000786424,0,0,0,0,0,0,0,0.0811829,-50.3507,-2.07707,21.7384,0.537499,2.52062,0.158801,0,0,0,0,0,0,0,0,0,0,0,0,0,0,0,0,0,0,0,0,0,0,0,0,0,0,0.0586978,-1.14374,-0.0352992,1.35976,-0.0379819,0.273648,0.145848,3.50797,0.306821,1.16989,-0.172301,0.0150476,0.0907599,0.0798861,0
698.71,0.101362,0.823264,-0.125918,-1.49,0.0686291,2.30918,0.761138,0.999968,-0.0063422,0.00195913,0,-0.00641797,-0.99911,0.0414493,0,0.00169454,-0.0414613,-0.999139,0,0.715012,-0.00556202,0.0811876,1,0.101326,0.82322,-0.125928,-1.48985,0.0686247,2.30923,0.761139,-0.000861257,-0.000400884,-0.000310428,0.00010073,0.000392944,-0.000497563,-0.00163831,0,0,0,0,0,0,0,0.116888,-50.3904,-2.00169,21.7741,0.537499,2.54076,0.209155,0,0,0,0,0,0,0,0,0,0,0,0,0,0,0,0,0,0,0,0,0,0,0,0,0,0,0.065827,-1.13767,-0.0351012,1.36675,-0.0380447,0.271607,0.146961,3.56934,0.318029,1.15999,-0.179021,0.0411459,0.0964121,0.0798861,0
698.744,0.101359,0.823258,-0.125915,-1.49,0.0686291,2.30918,0.761148,0.999968,-0.00635309,0.00196641,0,-0.00642914,-0.99911,0.0414462,0,0.00170139,-0.0414584,-0.999139,0,0.715014,-0.0055617,0.0811918,1,0.101326,0.82322,-0.125928,-1.48985,0.0686247,2.30923,0.761139,-0.00025742,0.000677587,0.000677839,-0.00119914,0.000387629,0.000104218,-2.66082e-05,0,0,0,0,0,0,0,0.116888,-50.315,-2.04137,21.7741,0.537499,2.53069,0.119434,0,0,0,0,0,0,0,0,0,0,0,0,0,0,0,0,0,0,0,0,0,0,0,0,0,0,0.0690709,-1.07293,-0.0370704,1.34008,-0.038154,0.270611,0.146625,3.6179,0.320648,1.05582,-0.185396,0.121583,0.097064,0.0798861,0
698.778,0.101351,0.823245,-0.125923,-1.49,0.0686291,2.30918,0.761136,0.999968,-0.00635348,0.00198759,0,-0.00643042,-0.99911,0.0414506,0,0.0017225,-0.0414628,-0.999139,0,0.71502,-0.00557201,0.081205,1,0.101326,0.82322,-0.125928,-1.48985,0.0686247,2.30923,0.761139,0.00051214,0.00071691,0.000403696,0.000847288,0.000351342,-0.000136067,-0.00308696,0,0,0,0,0,0,0,0.227972,-50.1245,-1.96599,21.663,0.537499,2.53069,0.229297,0,0,0,0,0,0,0,0,0,0,0,0,0,0,0,0,0,0,0,0,0,0,0,0,0,0,0.162234,-0.999701,0.00147708,1.34254,-0.0401599,0.270422,0.142735,3.82668,0.440656,0.928688,-0.236157,0.262518,0.178716,0.0798861,0
698.812,0.10133,0.823242,-0.125928,-1.49,0.068628,2.30919,0.761143,0.999968,-0.00638383,0.0019895,0,-0.00646083,-0.99911,0.0414544,0,0.00172313,-0.0414668,-0.999138,0,0.71502,-0.00559026,0.0812063,1,0.101326,0.82322,-0.125928,-1.48985,0.0686247,2.30923,0.761139,-0.00175694,-0.00146852,0.000147883,9.17037e-05,-0.000284031,0.00045139,-0.000722408,0,0,0,0,0,0,0,0.481879,-50.0849,-1.89061,21.6987,0.546654,2.52062,0.168872,0,0,0,0,0,0,0,0,0,0,0,0,0,0,0,0,0,0,0,0,0,0,0,0,0,0,0.259973,-0.917779,0.0276101,1.34333,-0.0382992,0.271861,0.141921,4.04571,0.568801,0.786101,-0.298071,0.414258,0.259741,0.0798861,0
698.846,0.101335,0.823242,-0.125931,-1.49,0.0686291,2.30918,0.76114,0.999968,-0.00638021,0.00198588,0,-0.00645706,-0.99911,0.0414561,0,0.00171964,-0.0414684,-0.999138,0,0.715019,-0.00558921,0.0812052,1,0.101326,0.82322,-0.125928,-1.48985,0.0686247,2.30923,0.761139,0.00176566,-0.000947914,-0.00020613,-0.000376565,0.000209001,-0.00400179,-0.00130216,0,0,0,0,0,0,0,0.370795,-50.0849,-1.8549,21.7384,0.537499,2.53069,0.189014,0,0,0,0,0,0,0,0,0,0,0,0,0,0,0,0,0,0,0,0,0,0,0,0,0,0,0.351273,-0.879018,0.0585953,1.34442,-0.0399123,0.273802,0.143409,4.13468,0.693322,0.719413,-0.354821,0.480173,0.339293,0.0798861,0
698.88,0.101332,0.823232,-0.125926,-1.49,0.0686291,2.30919,0.761152,0.999968,-0.00639108,0.00199757,0,-0.0064684,-0.99911,0.041451,0,0.00173091,-0.0414634,-0.999139,0,0.715022,-0.00558703,0.0812125,1,0.101326,0.82322,-0.125928,-1.48985,0.0686247,2.30923,0.761139,0.000649642,-0.000454697,0.000133131,-0.000445298,0.00047521,0.000396365,0.00299725,0,0,0,0,0,0,0,0.4065,-49.9341,-1.93028,21.7384,0.537499,2.52062,0.0791503,0,0,0,0,0,0,0,0,0,0,0,0,0,0,0,0,0,0,0,0,0,0,0,0,0,0,0.410254,-0.798823,0.0852599,1.32615,-0.0387165,0.272166,0.141919,4.26249,0.770137,0.587101,-0.386086,0.602011,0.390345,0.0798861,0
698.914,0.101319,0.823229,-0.125931,-1.49,0.0686291,2.30918,0.761139,0.999968,-0.00639459,0.00200183,0,-0.00647209,-0.99911,0.0414545,0,0.00173499,-0.0414669,-0.999138,0,0.715023,-0.00559983,0.0812159,1,0.101326,0.82322,-0.125928,-1.48985,0.0686247,2.30923,0.761139,-0.000311393,-0.000402262,0.000798342,-0.00034975,-0.000151038,-0.000396584,-0.00100037,0,0,0,0,0,0,0,0.55329,-49.8944,-1.8549,21.6987,0.537499,2.53069,0.168872,0,0,0,0,0,0,0,0,0,0,0,0,0,0,0,0,0,0,0,0,0,0,0,0,0,0,0.530835,-0.740425,0.152385,1.34167,-0.0380738,0.272972,0.144423,4.491,0.93855,0.478787,-0.443988,0.735753,0.501694,0.0798868,0
698.948,0.101319,0.823261,-0.125934,-1.49,0.0686271,2.30918,0.761149,0.999968,-0.00640545,0.00196994,0,-0.00648163,-0.999109,0.0414615,0,0.00170264,-0.0414738,-0.999138,0,0.715015,-0.00560308,0.081193,1,0.101326,0.82322,-0.125928,-1.48985,0.0686247,2.30923,0.761139,-0.000321013,0.00187225,0.000631401,0.00103249,-0.000214532,0.000301223,0.00125038,0,0,0,0,0,0,0,0.55329,-50.3507,-1.81523,21.6987,0.554894,2.53069,0.109363,0,0,0,0,0,0,0,0,0,0,0,0,0,0,0,0,0,0,0,0,0,0,0,0,0,0,0.474496,-0.787281,0.112763,1.34355,-0.0388795,0.272307,0.144469,4.37581,0.860989,0.56274,-0.422446,0.650121,0.448123,0.0798868,0
698.982,0.101345,0.82325,-0.125918,-1.49,0.0686271,2.30919,0.761147,0.999968,-0.00636651,0.00197736,0,-0.00644301,-0.99911,0.0414489,0,0.00171175,-0.0414611,-0.999139,0,0.715017,-0.00557368,0.0811985,1,0.101326,0.82322,-0.125928,-1.48985,0.0686247,2.30923,0.761139,-0.00158181,-0.000287601,0.000446151,-2.23204e-05,-0.000111754,0.000428335,0.00130422,0,0,0,0,0,0,0,0.227972,-50.1999,-2.04137,21.7384,0.554894,2.52062,0.129504,0,0,0,0,0,0,0,0,0,0,0,0,0,0,0,0,0,0,0,0,0,0,0,0,0,0,0.383106,-0.961312,0.072646,1.37052,-0.0374312,0.280984,0.145753,4.00042,0.740042,0.848604,-0.367711,0.352825,0.369338,0.0798868,0
699.016,0.101383,0.823239,-0.12591,-1.49,0.0686271,2.30919,0.76114,0.999968,-0.00631716,0.00198998,0,-0.00639421,-0.999111,0.0414423,0,0.00172645,-0.0414545,-0.999139,0,0.71502,-0.00554142,0.0812062,1,0.101326,0.82322,-0.125928,-1.48985,0.0686247,2.30923,0.761139,0.0019025,0.000925657,-0.000131312,-0.00138258,-0.000589151,0.000381717,-0.00132474,0,0,0,0,0,0,0,-0.172723,-50.0452,-2.11674,21.7384,0.554894,2.50139,0.178943,0,0,0,0,0,0,0,0,0,0,0,0,0,0,0,0,0,0,0,0,0,0,0,0,0,0,0.211299,-0.841942,0.00983167,1.3285,-0.0395235,0.270418,0.145907,4.21602,0.509065,0.654586,-0.278662,0.547656,0.216275,0.0798868,0
699.05,0.101378,0.823253,-0.125918,-1.49,0.068628,2.30919,0.761146,0.999968,-0.00633292,0.00197302,0,-0.00640927,-0.99911,0.0414482,0,0.00170881,-0.0414604,-0.999139,0,0.715015,-0.00554982,0.0811959,1,0.101326,0.82322,-0.125928,-1.48985,0.0686247,2.30923,0.761139,-0.00122932,-9.2128e-05,-0.00211618,-5.87266e-05,5.93615e-05,0.000456614,0.000157379,0,0,0,0,0,0,0,-0.0616393,-50.2356,-2.00169,21.7741,0.546654,2.52062,0.139575,0,0,0,0,0,0,0,0,0,0,0,0,0,0,0,0,0,0,0,0,0,0,0,0,0,0,0.0416897,-0.871933,-0.0555311,1.36126,-0.0383622,0.274315,0.145299,4.35903,0.280169,0.680267,-0.183029,0.569038,0.0662597,0.0798868,0
699.084,0.101367,0.823247,-0.125923,-1.49,0.0686291,2.30919,0.761146,0.999968,-0.0063475,0.00198411,0,-0.0064243,-0.99911,0.0414508,0,0.00171927,-0.041463,-0.999139,0,0.715019,-0.00556063,0.0812019,1,0.101326,0.82322,-0.125928,-1.48985,0.0686247,2.30923,0.761139,0.000774832,-0.00188038,0.000180905,0.000788205,0.000114424,0.00043902,0.000414239,0,0,0,0,0,0,0,0.0454774,-50.1603,-1.93028,21.6987,0.537499,2.51146,0.139575,0,0,0,0,0,0,0,0,0,0,0,0,0,0,0,0,0,0,0,0,0,0,0,0,0,0,0.0190602,-0.895031,-0.0290123,1.34571,-0.0391932,0.272784,0.146138,4.21482,0.255154,0.723465,-0.149851,0.501567,0.0567234,0.0798868,0
699.118,0.10136,0.823247,-0.125926,-1.49,0.068628,2.30918,0.761147,0.999968,-0.00635781,0.00198113,0,-0.00643448,-0.99911,0.0414535,0,0.00171585,-0.0414657,-0.999138,0,0.715018,-0.00556821,0.0812014,1,0.101326,0.82322,-0.125928,-1.48985,0.0686247,2.30923,0.761139,-0.000502245,-0.00182104,0.00121721,0.000774881,-0.000482305,-1.88674e-05,0.00058327,0,0,0,0,0,0,0,0.156561,-50.1603,-1.93028,21.6987,0.546654,2.53069,0.129504,0,0,0,0,0,0,0,0,0,0,0,0,0,0,0,0,0,0,0,0,0,0,0,0,0,0,0.0434819,-0.941071,0.0122435,1.35661,-0.0385654,0.272891,0.145082,4.13013,0.2907,0.798465,-0.140662,0.429849,0.0876508,0.0798868,0
699.152,0.10137,0.82325,-0.125918,-1.49,0.0686261,2.30918,0.761147,0.999968,-0.00634134,0.0019737,0,-0.00641771,-0.99911,0.0414497,0,0.00170913,-0.0414619,-0.999139,0,0.715015,-0.00555611,0.0811973,1,0.101326,0.82322,-0.125928,-1.48985,0.0686247,2.30923,0.761139,9.38202e-05,0.000628335,-0.000277558,-0.000824027,-0.000607725,2.86244e-05,0.00100498,0,0,0,0,0,0,0,0.00977179,-50.1999,-2.04137,21.7741,0.564049,2.53069,0.129504,0,0,0,0,0,0,0,0,0,0,0,0,0,0,0,0,0,0,0,0,0,0,0,0,0,0,0.0587811,-0.918418,0.0198173,1.341,-0.0405351,0.27343,0.145548,4.10424,0.312016,0.763823,-0.150957,0.443566,0.101838,0.0798868,0
699.186,0.101365,0.82325,-0.125929,-1.49001,0.0686291,2.30919,0.761144,0.999968,-0.00635223,0.00197532,0,-0.00642867,-0.99911,0.0414553,0,0.00171026,-0.0414675,-0.999138,0,0.715015,-0.00556654,0.0811975,1,0.101326,0.82322,-0.125928,-1.48985,0.0686247,2.30923,0.761139,-0.000464283,0.000492702,-0.0017195,-0.000784761,0.000523791,0.000503082,-0.000507454,0,0,0,0,0,0,0,0.0811829,-50.1999,-1.89061,21.7741,0.537499,2.51146,0.158801,0,0,0,0,0,0,0,0,0,0,0,0,0,0,0,0,0,0,0,0,0,0,0,0,0,0,0.0768224,-0.925915,0.01824,1.35665,-0.038606,0.274353,0.142648,4.16086,0.331032,0.77204,-0.161595,0.453943,0.11465,0.0798868,0
699.22,0.101346,0.823247,-0.125931,-1.49,0.0686311,2.30918,0.761147,0.999968,-0.00637703,0.0019775,0,-0.00645354,-0.99911,0.0414552,0,0.00171141,-0.0414674,-0.999138,0,0.715016,-0.00558109,0.0812003,1,0.101326,0.82322,-0.125928,-1.48985,0.0686247,2.30923,0.761139,-0.000597192,-0.000517519,0.000466878,0.00012346,0.000802351,3.51998e-05,-4.40263e-05,0,0,0,0,0,0,0,0.299384,-50.1603,-1.8549,21.7384,0.519188,2.54076,0.129504,0,0,0,0,0,0,0,0,0,0,0,0,0,0,0,0,0,0,0,0,0,0,0,0,0,0,0.189718,-0.914986,0.0952303,1.35542,-0.0398026,0.275072,0.142467,4.15094,0.486774,0.753526,-0.204536,0.462177,0.223814,0.0798868,0
699.254,0.101344,0.823242,-0.125929,-1.49,0.068628,2.30919,0.761141,0.999968,-0.00637022,0.00198407,0,-0.006447,-0.99911,0.0414551,0,0.00171826,-0.0414674,-0.999138,0,0.715018,-0.00558139,0.081204,1,0.101326,0.82322,-0.125928,-1.48985,0.0686247,2.30923,0.761139,-0.00191438,0.000163327,-0.000107552,-0.00142858,-0.000155838,0.000201624,-0.00182123,0,0,0,0,0,0,0,0.335089,-50.0849,-1.89061,21.7741,0.546654,2.52062,0.178943,0,0,0,0,0,0,0,0,0,0,0,0,0,0,0,0,0,0,0,0,0,0,0,0,0,0,0.168104,-0.884257,0.0654365,1.34054,-0.0376854,0.276446,0.144616,4.16224,0.457389,0.703732,-0.20725,0.495147,0.197992,0.0798868,0
699.288,0.101356,0.823247,-0.125926,-1.49,0.0686291,2.30919,0.76115,0.999968,-0.00636515,0.00198103,0,-0.00644181,-0.99911,0.0414529,0,0.00171545,-0.0414652,-0.999138,0,0.715017,-0.0055706,0.0812002,1,0.101326,0.82322,-0.125928,-1.48985,0.0686247,2.30923,0.761139,0.000181953,0.00170752,2.22524e-05,-0.000117041,0.000248843,0.000749455,0.000319115,0,0,0,0,0,0,0,0.156561,-50.1603,-1.93028,21.7384,0.537499,2.50139,0.099292,0,0,0,0,0,0,0,0,0,0,0,0,0,0,0,0,0,0,0,0,0,0,0,0,0,0,0.187286,-0.858701,0.0676564,1.348,-0.0388785,0.271959,0.130681,4.28751,0.462647,0.663047,-0.21062,0.561813,0.211175,0.0798868,0
699.322,0.101351,0.823247,-0.125929,-1.49,0.0686261,2.30918,0.761151,0.999968,-0.00637139,0.00197863,0,-0.00644795,-0.99911,0.0414571,0,0.00171277,-0.0414693,-0.999138,0,0.715017,-0.00557631,0.0812004,1,0.101326,0.82322,-0.125928,-1.48985,0.0686247,2.30923,0.761139,-0.00133114,-0.000166008,-0.00112278,0.000315695,-0.000537222,-2.42151e-05,0.000381644,0,0,0,0,0,0,0,0.227972,-50.1603,-1.89061,21.7384,0.564049,2.53069,0.0892211,0,0,0,0,0,0,0,0,0,0,0,0,0,0,0,0,0,0,0,0,0,0,0,0,0,0,0.190105,-0.859173,0.0680612,1.34773,-0.0385547,0.273656,0.121599,4.27842,0.452825,0.661647,-0.204328,0.558444,0.212076,0.0798868,0
699.356,0.101351,0.823242,-0.125931,-1.49,0.0686271,2.30918,0.76115,0.999968,-0.00637255,0.0019853,0,-0.00644939,-0.99911,0.0414576,0,0.00171937,-0.0414698,-0.999138,0,0.715019,-0.0055777,0.0812048,1,0.101326,0.82322,-0.125928,-1.48985,0.0686247,2.30923,0.761139,-0.000113455,0.000222534,-0.000478022,-0.000638136,-0.000915264,8.44206e-05,0.000628669,0,0,0,0,0,0,0,0.227972,-50.0849,-1.8549,21.7384,0.554894,2.52062,0.099292,0,0,0,0,0,0,0,0,0,0,0,0,0,0,0,0,0,0,0,0,0,0,0,0,0,0,0.197978,-0.837158,0.0777161,1.33306,-0.039596,0.271822,0.116486,4.26504,0.456552,0.629782,-0.201948,0.576482,0.219944,0.0798868,0
699.39,0.101356,0.823247,-0.125926,-1.49,0.0686301,2.30919,0.76115,0.999968,-0.00636603,0.00197981,0,-0.00644264,-0.99911,0.0414522,0,0.0017142,-0.0414644,-0.999139,0,0.715017,-0.00557052,0.0812001,1,0.101326,0.82322,-0.125928,-1.48985,0.0686247,2.30923,0.761139,-0.000211109,0.00106666,-0.000117258,0.000284021,0.000435599,0.000817566,0.000412337,0,0,0,0,0,0,0,0.156561,-50.1603,-1.93028,21.7384,0.528344,2.51146,0.099292,0,0,0,0,0,0,0,0,0,0,0,0,0,0,0,0,0,0,0,0,0,0,0,0,0,0,0.160442,-0.860423,0.0575149,1.34575,-0.0374917,0.269798,0.119087,4.2836,0.409427,0.668045,-0.184487,0.559742,0.185379,0.0798868,0
699.424,0.101359,0.82325,-0.125921,-1.49,0.0686271,2.30918,0.761139,0.999968,-0.0063465,0.00197644,0,-0.00642298,-0.99911,0.0414508,0,0.00171165,-0.041463,-0.999139,0,0.715017,-0.00556528,0.0811994,1,0.101326,0.82322,-0.125928,-1.48985,0.0686247,2.30923,0.761139,0.000598004,0.000494498,0.00117245,0.000799807,-0.000673573,-0.000577194,-0.00307099,0,0,0,0,0,0,0,0.116888,-50.1999,-2.00169,21.6987,0.554894,2.55083,0.199084,0,0,0,0,0,0,0,0,0,0,0,0,0,0,0,0,0,0,0,0,0,0,0,0,0,0,0.179174,-0.867405,0.0544761,1.34851,-0.0394139,0.273811,0.121034,4.25954,0.436397,0.676834,-0.203774,0.543285,0.200192,0.0798868,0
699.458,0.101349,0.823247,-0.125931,-1.49,0.0686271,2.30918,0.761146,0.999968,-0.00637076,0.00197664,0,-0.00644725,-0.99911,0.0414581,0,0.0017108,-0.0414703,-0.999138,0,0.715016,-0.00557967,0.0812001,1,0.101326,0.82322,-0.125928,-1.48985,0.0686247,2.30923,0.761139,5.15038e-05,0.00203511,-9.93977e-05,-4.55703e-05,0.00899631,-0.000203522,-0.00150055,0,0,0,0,0,0,0,0.263678,-50.1603,-1.8549,21.7384,0.554894,2.53069,0.139575,0,0,0,0,0,0,0,0,0,0,0,0,0,0,0,0,0,0,0,0,0,0,0,0,0,0,0.208226,-0.852631,0.062543,1.33692,-0.0396395,0.272786,0.119591,4.23105,0.472692,0.658337,-0.221107,0.547665,0.224607,0.0798868,0
699.492,0.101344,0.823239,-0.125926,-1.49,0.0686291,2.30918,0.761144,0.999968,-0.00637132,0.00198599,0,-0.00644817,-0.99911,0.041452,0,0.00172015,-0.0414643,-0.999139,0,0.715019,-0.00557934,0.0812059,1,0.101326,0.82322,-0.125928,-1.48985,0.0686247,2.30923,0.761139,0.000144305,-0.000443296,0.00147529,-0.000812295,0.000350487,-0.000318367,-0.00168586,0,0,0,0,0,0,0,0.335089,-50.0452,-1.93028,21.7384,0.537499,2.53069,0.158801,0,0,0,0,0,0,0,0,0,0,0,0,0,0,0,0,0,0,0,0,0,0,0,0,0,0,0.240617,-0.858748,0.080862,1.35235,-0.0408003,0.271369,0.118864,4.29365,0.51656,0.666635,-0.235288,0.562232,0.255149,0.067242,0
699.526,0.101336,0.823242,-0.125934,-1.49,0.0686301,2.30919,0.761154,0.999968,-0.00639561,0.00198502,0,-0.00647242,-0.99911,0.0414575,0,0.00171814,-0.0414698,-0.999138,0,0.715018,-0.00559061,0.0812043,1,0.101326,0.82322,-0.125928,-1.48985,0.0686247,2.30923,0.761139,-0.000569462,-0.000922885,-0.000390201,0.000951524,0.000948888,0.000528998,0.00205578,0,0,0,0,0,0,0,0.4065,-50.0849,-1.81523,21.7384,0.528344,2.52062,0.0690795,0,0,0,0,0,0,0,0,0,0,0,0,0,0,0,0,0,0,0,0,0,0,0,0,0,0,0.307879,-0.849551,0.11938,1.35959,-0.0400606,0.274976,0.117375,4.33242,0.606128,0.644084,-0.263076,0.584128,0.317508,0.0536411,0
699.56,0.101343,0.823232,-0.125929,-1.49,0.0686271,2.30919,0.76115,0.999968,-0.00637882,0.00199928,0,-0.00645623,-0.99911,0.0414546,0,0.00173311,-0.041467,-0.999138,0,0.715022,-0.00558155,0.081213,1,0.101326,0.82322,-0.125928,-1.48985,0.0686247,2.30923,0.761139,0.000321527,-0.00155399,-5.25552e-05,0.00125067,-0.000514801,0.000442712,0.00105519,0,0,0,0,0,0,0,0.299384,-49.9341,-1.89061,21.6987,0.554894,2.51146,0.099292,0,0,0,0,0,0,0,0,0,0,0,0,0,0,0,0,0,0,0,0,0,0,0,0,0,0,0.30549,-0.804643,0.109161,1.34807,-0.0382193,0.270153,0.11699,4.41773,0.600916,0.57556,-0.267616,0.656673,0.311347,0.0536411,0
699.594,0.101343,0.823242,-0.12593,-1.49,0.068628,2.30919,0.761152,0.999968,-0.00638325,0.0019846,0,-0.00646005,-0.99911,0.0414564,0,0.00171824,-0.0414687,-0.999138,0,0.715018,-0.00558309,0.0812041,1,0.101326,0.82322,-0.125928,-1.48985,0.0686247,2.30923,0.761139,-0.000689487,0.00156509,-0.00175807,0.000314026,0.000193935,0.000317047,0.00166421,0,0,0,0,0,0,0,0.299384,-50.0849,-1.8549,21.7384,0.546654,2.52062,0.0791503,0,0,0,0,0,0,0,0,0,0,0,0,0,0,0,0,0,0,0,0,0,0,0,0,0,0,0.308079,-0.783169,0.110339,1.35399,-0.0396302,0.268068,0.114791,4.52237,0.601525,0.537811,-0.268989,0.712939,0.313245,0.0536411,0
699.628,0.101343,0.823245,-0.125931,-1.49,0.0686301,2.30919,0.761151,0.999968,-0.00638381,0.00198374,0,-0.00646057,-0.99911,0.0414557,0,0.00171736,-0.041468,-0.999138,0,0.715018,-0.00558336,0.0812029,1,0.101326,0.82322,-0.125928,-1.48985,0.0686247,2.30923,0.761139,0.00134233,-9.42171e-05,0.000230493,0.00022623,0.000202215,0.000326188,0.000583925,0,0,0,0,0,0,0,0.299384,-50.1245,-1.8549,21.7384,0.528344,2.52062,0.0892211,0,0,0,0,0,0,0,0,0,0,0,0,0,0,0,0,0,0,0,0,0,0,0,0,0,0,0.324399,-0.790977,0.116885,1.34865,-0.0404536,0.273015,0.115537,4.44911,0.624298,0.547958,-0.27872,0.680346,0.328332,0.0536411,0
699.662,0.101343,0.823237,-0.125929,-1.49,0.0686261,2.30919,0.76114,0.999968,-0.0063682,0.001994,0,-0.0064454,-0.99911,0.041456,0,0.00172825,-0.0414683,-0.999138,0,0.715021,-0.00558182,0.0812091,1,0.101326,0.82322,-0.125928,-1.48985,0.0686247,2.30923,0.761139,0.00030235,-0.000598624,-9.76715e-05,0.000448044,-0.000901159,0.000523613,-0.00340496,0,0,0,0,0,0,0,0.299384,-50.0095,-1.89061,21.6987,0.564049,2.50139,0.189014,0,0,0,0,0,0,0,0,0,0,0,0,0,0,0,0,0,0,0,0,0,0,0,0,0,0,0.302789,-0.792082,0.103595,1.33898,-0.0406917,0.269614,0.115258,4.40603,0.594328,0.55804,-0.269773,0.664884,0.307929,0.0536411,0
699.696,0.101354,0.823242,-0.125926,-1.49,0.068628,2.30918,0.761147,0.999968,-0.00636366,0.00198339,0,-0.00644042,-0.99911,0.0414529,0,0.00171787,-0.0414652,-0.999138,0,0.715018,-0.00557218,0.0812047,1,0.101326,0.82322,-0.125928,-1.48985,0.0686247,2.30923,0.761139,0.00124938,-0.00129134,-7.8474e-05,0.000923614,-0.000225405,-0.000511162,-0.00104161,0,0,0,0,0,0,0,0.156561,-50.0849,-1.93028,21.6987,0.546654,2.55083,0.129504,0,0,0,0,0,0,0,0,0,0,0,0,0,0,0,0,0,0,0,0,0,0,0,0,0,0,0.264534,-0.804536,0.0797705,1.34461,-0.0396511,0.269586,0.117471,4.41205,0.545034,0.577321,-0.254876,0.654442,0.271843,0.0536411,0
699.73,0.101348,0.823242,-0.125926,-1.49,0.0686301,2.30919,0.761152,0.999968,-0.00637637,0.00198684,0,-0.00645326,-0.99911,0.0414515,0,0.0017208,-0.0414638,-0.999139,0,0.715019,-0.0055762,0.0812049,1,0.101326,0.82322,-0.125928,-1.48985,0.0686247,2.30923,0.761139,-0.000140353,-0.000830018,0.00071402,0.0013605,0.000374673,-0.000125012,0.0011661,0,0,0,0,0,0,0,0.263678,-50.0849,-1.93028,21.6987,0.528344,2.52062,0.0791503,0,0,0,0,0,0,0,0,0,0,0,0,0,0,0,0,0,0,0,0,0,0,0,0,0,0,0.262057,-0.843422,0.0830517,1.35689,-0.0408209,0.274788,0.117346,4.34978,0.542213,0.634635,-0.250022,0.595249,0.271919,0.0536411,0
699.764,0.101351,0.82325,-0.125923,-1.49,0.0686259,2.30918,0.76115,0.999968,-0.00636679,0.00197437,0,-0.00644318,-0.99911,0.0414532,0,0.00170873,-0.0414654,-0.999138,0,0.715015,-0.00557291,0.0811977,1,0.101326,0.82322,-0.125928,-1.48985,0.0686247,2.30923,0.761139,0.00137958,0.00167809,0.00130585,-0.000358978,0.000285198,-0.000517881,0.000882289,0,0,0,0,0,0,0,0.192267,-50.1999,-1.96599,21.7384,0.537499,2.53069,0.099292,0,0,0,0,0,0,0,0,0,0,0,0,0,0,0,0,0,0,0,0,0,0,0,0,0,0,0.230228,-0.852668,0.0657075,1.35078,-0.0406178,0.269029,0.114015,4.31146,0.494175,0.660535,-0.23215,0.57357,0.241963,0.0353799,0
699.798,0.101356,0.823266,-0.125923,-1.49001,0.0686301,2.30918,0.761144,0.999968,-0.00635863,0.00194859,0,-0.00643395,-0.99911,0.0414524,0,0.00168331,-0.0414645,-0.999139,0,0.715008,-0.00556967,0.0811829,1,0.101326,0.82322,-0.125928,-1.48985,0.0686247,2.30923,0.761139,-0.000492104,0.00128553,-0.000372718,-0.000901505,0.000833965,-0.000450364,-0.00080717,0,0,0,0,0,0,0,0.156561,-50.4261,-1.96599,21.8494,0.528344,2.55083,0.158801,0,0,0,0,0,0,0,0,0,0,0,0,0,0,0,0,0,0,0,0,0,0,0,0,0,0,0.206157,-0.926948,0.0484973,1.36207,-0.0400719,0.272993,0.11364,4.14342,0.460562,0.783897,-0.219708,0.443262,0.219875,0.0353799,0
699.832,0.101359,0.823253,-0.125921,-1.49001,0.068628,2.30918,0.761147,0.999968,-0.00635545,0.00196922,0,-0.00643163,-0.99911,0.0414506,0,0.00170406,-0.0414628,-0.999139,0,0.715014,-0.00556562,0.0811947,1,0.101326,0.82322,-0.125928,-1.48985,0.0686247,2.30923,0.761139,0.00110657,-0.000674263,0.000945865,-0.000728297,-0.000183257,-0.000506318,-0.000391583,0,0,0,0,0,0,0,0.116888,-50.2356,-2.00169,21.7741,0.546654,2.53069,0.129504,0,0,0,0,0,0,0,0,0,0,0,0,0,0,0,0,0,0,0,0,0,0,0,0,0,0,0.194366,-0.994563,0.0432833,1.37531,-0.0396572,0.272445,0.115229,4.01572,0.447567,0.900762,-0.211736,0.333379,0.210747,0.0353799,0
699.866,0.101341,0.823256,-0.125931,-1.49,0.068628,2.30918,0.76115,0.999968,-0.00638395,0.0019699,0,-0.00646014,-0.99911,0.0414584,0,0.00170351,-0.0414706,-0.999138,0,0.715014,-0.00558562,0.0811944,1,0.101326,0.82322,-0.125928,-1.48985,0.0686247,2.30923,0.761139,-0.000407839,-0.000716888,0.000144385,0.000786435,-0.000396323,-0.000501304,-8.21748e-05,0,0,0,0,0,0,0,0.335089,-50.2753,-1.8549,21.7384,0.546654,2.53069,0.099292,0,0,0,0,0,0,0,0,0,0,0,0,0,0,0,0,0,0,0,0,0,0,0,0,0,0,0.220699,-1.01977,0.0580883,1.38028,-0.0418862,0.269974,0.115028,3.9641,0.48389,0.948888,-0.223732,0.290788,0.2364,0.0353799,0
699.9,0.101323,0.823213,-0.125889,-1.49001,0.0686559,2.30918,0.761154,0.999968,-0.00639548,0.00200193,0,-0.00647289,-0.999112,0.0414022,0,0.0017354,-0.0414147,-0.999141,0,0.715021,-0.00556624,0.0812198,1,0.101326,0.82322,-0.125928,-1.48985,0.0686247,2.30923,0.761139,-0.00334643,-0.0119166,0.00168608,-0.00273358,-0.00188034,-0.000477516,0.00164607,0,0,0,0,0,0,0,0.588995,-49.6643,-2.41429,21.8137,0.446862,2.45195,0.0690795,0,0,0,0,0,0,0,0,0,0,0,0,0,0,0,0,0,0,0,0,0,0,0,0,0,0,0.138947,-0.996628,0.002904,1.36586,-0.0574125,0.26874,0.117236,3.9805,0.3758,0.915835,-0.207883,0.318119,0.161598,0.0218046,0
699.934,0.101415,0.822904,-0.125878,-1.48983,0.0686418,2.30922,0.761157,0.999968,-0.00627237,0.00252492,0,-0.00637147,-0.999114,0.0413687,0,0.00226324,-0.0413842,-0.999141,0,0.71518,-0.00547899,0.0815179,1,0.101326,0.82322,-0.125928,-1.48985,0.0686247,2.30923,0.761139,0.00240455,-0.012755,0.000697093,0.00278447,-0.00249452,-0.00106403,0.00232644,0,0,0,0,0,0,0,-0.498041,-45.8954,-2.56505,19.8698,0.528344,2.22398,0.0397827,0,0,0,0,0,0,0,0,0,0,0,0,0,0,0,0,0,0,0,0,0,0,0,0,0,0,-0.109514,0.560033,-0.0763567,0.507204,-0.101877,0.108736,0.107882,4.3824,0.0208814,-1.3387,-0.156977,2.01068,-0.074826,0.0218046,0
699.968,0.101428,0.822877,-0.125894,-1.48981,0.0686507,2.30923,0.761148,0.999967,-0.00626501,0.00258267,0,-0.00636651,-0.999114,0.0413707,0,0.00232124,-0.0413866,-0.999141,0,0.715197,-0.00547792,0.0815479,1,0.101326,0.82322,-0.125928,-1.48985,0.0686247,2.30923,0.761139,-0.00233827,0.0042882,0.0010124,0.000412139,0.00324021,-0.00096782,-0.000937779,0,0,0,0,0,0,0,-0.315546,-47.8354,-2.33891,20.1673,0.429467,2.20384,0.119434,0,0,0,0,0,0,0,0,0,0,0,0,0,0,0,0,0,0,0,0,0,0,0,0,0,0,-0.2345,0.9457,-0.176761,0.388621,-0.108701,0.0781434,0.104711,5.01253,-0.159706,-1.94201,-0.139407,2.60325,-0.206406,0.0218046,0
700.002,0.101385,0.822886,-0.125929,-1.48982,0.0686458,2.30923,0.761149,0.999967,-0.00632967,0.00256865,0,-0.0064306,-0.999112,0.0414006,0,0.00230437,-0.0414166,-0.999139,0,0.715193,-0.00553264,0.0815407,1,0.101326,0.82322,-0.125928,-1.48985,0.0686247,2.30923,0.761139,0.000151314,-0.00239774,0.00121763,0.000889548,-0.00147867,-0.00110453,-7.23163e-05,0,0,0,0,0,0,0,0.156561,-47.8751,-1.89061,20.2427,0.474327,2.23406,0.109363,0,0,0,0,0,0,0,0,0,0,0,0,0,0,0,0,0,0,0,0,0,0,0,0,0,0,-0.172638,1.32438,-0.0142351,-0.0195227,-0.100146,-0.0339866,0.104865,4.13802,-0.0635366,-2.32755,-0.100528,2.70179,-0.123866,0.0218046,0
700.036,0.101408,0.822869,-0.125906,-1.48982,0.0686457,2.30924,0.761155,0.999967,-0.0062967,0.00259247,0,-0.00639861,-0.999113,0.0413824,0,0.00232965,-0.0413984,-0.99914,0,0.715198,-0.00550081,0.0815521,1,0.101326,0.82322,-0.125928,-1.48985,0.0686247,2.30923,0.761139,0.000269489,0.000350542,0.00210495,0.00152382,0.000399679,0.000243469,0.00234578,0,0,0,0,0,0,0,-0.208429,-47.6847,-2.18816,20.207,0.474327,2.17455,0.0599243,0,0,0,0,0,0,0,0,0,0,0,0,0,0,0,0,0,0,0,0,0,0,0,0,0,0,-0.220966,1.3551,-0.0912555,-0.0321825,-0.120504,-0.0382739,0.106384,4.17984,-0.130786,-2.36274,-0.127282,2.74108,-0.177487,0.0218046,0
700.07,0.101411,0.822875,-0.125915,-1.48982,0.0686499,2.30923,0.761149,0.999967,-0.00629781,0.00257574,0,-0.00639904,-0.999113,0.0413865,0,0.00231285,-0.0414024,-0.99914,0,0.715194,-0.00550463,0.0815466,1,0.101326,0.82322,-0.125928,-1.48985,0.0686247,2.30923,0.761139,0.000252772,-0.000310995,0.000545573,0.000610253,-9.29396e-06,-0.000877887,-0.000706378,0,0,0,0,0,0,0,-0.208429,-47.76,-2.04137,20.2427,0.465172,2.23406,0.109363,0,0,0,0,0,0,0,0,0,0,0,0,0,0,0,0,0,0,0,0,0,0,0,0,0,0,-0.116089,1.50362,-0.027297,-0.131328,-0.109489,-0.0701365,0.105544,4.12273,0.0100165,-2.54606,-0.16815,2.87081,-0.084456,0.0218046,0
700.104,0.101411,0.822875,-0.125913,-1.48982,0.0686489,2.30923,0.761146,0.999967,-0.00629215,0.00257799,0,-0.00639348,-0.999113,0.0413857,0,0.00231534,-0.0414016,-0.99914,0,0.715194,-0.00550322,0.0815459,1,0.101326,0.82322,-0.125928,-1.48985,0.0686247,2.30923,0.761139,0.000517957,0.000646911,0.00111019,-0.000438773,-9.75928e-05,0.000335651,-0.00103918,0,0,0,0,0,0,0,-0.208429,-47.76,-2.07707,20.2784,0.483483,2.1837,0.139575,0,0,0,0,0,0,0,0,0,0,0,0,0,0,0,0,0,0,0,0,0,0,0,0,0,0,-0.186907,1.49794,-0.0785018,-0.113651,-0.112012,-0.0552235,0.105597,4.18845,-0.0884727,-2.56382,-0.145425,2.8862,-0.152768,0.0218046,0
700.138,0.10139,0.822878,-0.125928,-1.48981,0.0686502,2.30923,0.761148,0.999967,-0.00632526,0.00258468,0,-0.00642686,-0.999113,0.041396,0,0.00232059,-0.0414121,-0.999139,0,0.715197,-0.00552761,0.0815481,1,0.101326,0.82322,-0.125928,-1.48985,0.0686247,2.30923,0.761139,-0.000475924,-0.000163526,0.000336478,0.00126838,0.00048152,-0.00048213,-0.000106195,0,0,0,0,0,0,0,0.0454774,-47.76,-1.89061,20.207,0.437706,2.20384,0.119434,0,0,0,0,0,0,0,0,0,0,0,0,0,0,0,0,0,0,0,0,0,0,0,0,0,0,-0.0855904,1.52877,-0.0132367,-0.140861,-0.114924,-0.0659771,0.106368,4.1245,0.052508,-2.5913,-0.189356,2.8958,-0.0556881,0.0081512,0
700.172,0.101411,0.822875,-0.125915,-1.48981,0.068648,2.30924,0.761155,0.999967,-0.00630091,0.00258989,0,-0.00640272,-0.999113,0.0413878,0,0.00232686,-0.0414038,-0.99914,0,0.715198,-0.00550436,0.0815493,1,0.101326,0.82322,-0.125928,-1.48985,0.0686247,2.30923,0.761139,0.000228438,0.000371613,0.000125241,0.000847897,-0.000121871,0.000543068,0.000753533,0,0,0,0,0,0,0,-0.208429,-47.76,-2.07707,20.207,0.483483,2.17455,0.0599243,0,0,0,0,0,0,0,0,0,0,0,0,0,0,0,0,0,0,0,0,0,0,0,0,0,0,-0.136236,1.52519,-0.0596873,-0.14561,-0.11904,-0.0661382,0.104374,4.10035,-0.021308,-2.5811,-0.179059,2.88263,-0.106976,0.0081512,0
700.206,0.1014,0.822877,-0.125922,-1.48981,0.0686478,2.30923,0.761151,0.999967,-0.00631323,0.00258461,0,-0.00641482,-0.999113,0.0413935,0,0.00232104,-0.0414096,-0.99914,0,0.715197,-0.0055169,0.0815485,1,0.101326,0.82322,-0.125928,-1.48985,0.0686247,2.30923,0.761139,-0.00130048,0.00045931,-0.000975048,0.00079776,0.000652459,0.000215142,0.00132723,0,0,0,0,0,0,0,-0.0616393,-47.76,-1.96599,20.207,0.456017,2.1837,0.0892211,0,0,0,0,0,0,0,0,0,0,0,0,0,0,0,0,0,0,0,0,0,0,0,0,0,0,-0.061176,1.5424,-0.0386684,-0.153965,-0.113467,-0.0711695,0.103581,4.09245,0.0769389,-2.59696,-0.220722,2.89515,-0.0447099,0.0081512,0
700.24,0.101398,0.822872,-0.125926,-1.48982,0.0686468,2.30924,0.761154,0.999967,-0.00632038,0.00258599,0,-0.00642204,-0.999113,0.0413969,0,0.00232209,-0.041413,-0.999139,0,0.715196,-0.00552158,0.0815492,1,0.101326,0.82322,-0.125928,-1.48985,0.0686247,2.30923,0.761139,0.000483109,-0.00126613,-0.00160922,-0.000258595,-0.000120073,0.00137147,0.00132289,0,0,0,0,0,0,0,-0.0616393,-47.7243,-1.89061,20.2784,0.465172,2.1544,0.0690795,0,0,0,0,0,0,0,0,0,0,0,0,0,0,0,0,0,0,0,0,0,0,0,0,0,0,-0.101941,1.50876,-0.0553577,-0.135809,-0.117437,-0.0613162,0.10412,4.08017,0.0230448,-2.55898,-0.200945,2.85804,-0.0791684,0.0081512,0
700.274,0.101411,0.822869,-0.125912,-1.48981,0.0686447,2.30924,0.761146,0.999967,-0.00628806,0.00259772,0,-0.0063902,-0.999113,0.041388,0,0.00233521,-0.041404,-0.99914,0,0.715201,-0.0055029,0.0815546,1,0.101326,0.82322,-0.125928,-1.48985,0.0686247,2.30923,0.761139,0.00172894,-0.000339013,0.000558688,0.00155916,-0.000574831,0.000495607,-0.00140193,0,0,0,0,0,0,0,-0.208429,-47.6847,-2.07707,20.1673,0.483483,2.17455,0.139575,0,0,0,0,0,0,0,0,0,0,0,0,0,0,0,0,0,0,0,0,0,0,0,0,0,0,-0.0849772,1.54203,-0.046468,-0.148875,-0.118865,-0.0661519,0.105591,4.1154,0.0485751,-2.60609,-0.21276,2.90274,-0.0635678,0.0081512,0
700.308,0.101405,0.822877,-0.125915,-1.48982,0.0686467,2.30924,0.761149,0.999967,-0.00630058,0.00258313,0,-0.00640211,-0.999113,0.0413894,0,0.0023201,-0.0414054,-0.99914,0,0.715196,-0.00550881,0.0815467,1,0.101326,0.82322,-0.125928,-1.48985,0.0686247,2.30923,0.761139,-0.000626483,0.000811481,0.000582152,0.000346227,-3.07782e-05,0.000161002,0.000235607,0,0,0,0,0,0,0,-0.13305,-47.7997,-2.07707,20.2427,0.474327,2.17455,0.109363,0,0,0,0,0,0,0,0,0,0,0,0,0,0,0,0,0,0,0,0,0,0,0,0,0,0,-0.113641,1.524,-0.0670812,-0.140285,-0.11439,-0.0671138,0.107192,4.12042,0.0108853,-2.57646,-0.19998,2.88632,-0.0922105,0.00815252,0
700.342,0.1014,0.822875,-0.125918,-1.48982,0.0686477,2.30923,0.761156,0.999967,-0.0063155,0.00257729,0,-0.00641679,-0.999113,0.0413906,0,0.00231365,-0.0414066,-0.99914,0,0.715194,-0.00551447,0.0815467,1,0.101326,0.82322,-0.125928,-1.48985,0.0686247,2.30923,0.761139,-0.00057616,-0.000119694,-4.14309e-06,-0.000142594,0.000377916,-0.00135005,0.00289977,0,0,0,0,0,0,0,-0.0616393,-47.76,-2.00169,20.2427,0.456017,2.22398,0.0498535,0,0,0,0,0,0,0,0,0,0,0,0,0,0,0,0,0,0,0,0,0,0,0,0,0,0,-0.107414,1.51774,-0.0575394,-0.143864,-0.116018,-0.071086,0.108855,4.0897,0.0229613,-2.55869,-0.201486,2.87026,-0.0839751,0.00815252,0
700.376,0.101403,0.822872,-0.125918,-1.48982,0.0686458,2.30923,0.76115,0.999967,-0.00630543,0.00258631,0,-0.0064071,-0.999113,0.0413913,0,0.00232308,-0.0414073,-0.99914,0,0.715197,-0.00551225,0.0815506,1,0.101326,0.82322,-0.125928,-1.48985,0.0686247,2.30923,0.761139,0.000618811,-0.000784935,-0.00096674,0.00116915,-0.000610665,-0.0013012,0.000150083,0,0,0,0,0,0,0,-0.0973449,-47.7243,-2.00169,20.207,0.483483,2.22398,0.099292,0,0,0,0,0,0,0,0,0,0,0,0,0,0,0,0,0,0,0,0,0,0,0,0,0,0,-0.0808029,1.514,-0.0400645,-0.134702,-0.117516,-0.0678317,0.105198,4.11345,0.0545159,-2.55943,-0.209502,2.87456,-0.0584779,0.00815252,0
700.41,0.101398,0.822869,-0.12592,-1.48982,0.0686499,2.30923,0.761155,0.999967,-0.0063195,0.0025839,0,-0.00642105,-0.999113,0.0413897,0,0.00232009,-0.0414057,-0.99914,0,0.715196,-0.00551707,0.0815511,1,0.101326,0.82322,-0.125928,-1.48985,0.0686247,2.30923,0.761139,-0.00117012,-0.00149251,0.00022563,0.000105721,-3.5531e-06,-0.000358157,0.00199406,0,0,0,0,0,0,0,-0.0259338,-47.6847,-2.00169,20.2427,0.465172,2.21391,0.0599243,0,0,0,0,0,0,0,0,0,0,0,0,0,0,0,0,0,0,0,0,0,0,0,0,0,0,-0.0761967,1.51788,-0.0409119,-0.13159,-0.118106,-0.0644271,0.104558,4.13235,0.0592921,-2.57166,-0.213636,2.88437,-0.0551213,0.00815252,0
700.444,0.101395,0.822874,-0.125918,-1.48982,0.0686494,2.30923,0.761152,0.999967,-0.00631849,0.00257937,0,-0.00641985,-0.999113,0.0413889,0,0.00231561,-0.0414049,-0.99914,0,0.715195,-0.00551788,0.0815482,1,0.101326,0.82322,-0.125928,-1.48985,0.0686247,2.30923,0.761139,0.000243652,-0.000815538,0.000162414,0.000379569,-0.00031063,-0.00153535,0.000835884,0,0,0,0,0,0,0,-0.0259338,-47.7243,-2.00169,20.2427,0.474327,2.23406,0.0791503,0,0,0,0,0,0,0,0,0,0,0,0,0,0,0,0,0,0,0,0,0,0,0,0,0,0,-0.0695292,1.52425,-0.0459645,-0.137937,-0.118382,-0.0656297,0.10196,4.11545,0.0634794,-2.57748,-0.220068,2.88432,-0.0517327,0.00815252,0
700.478,0.101396,0.822874,-0.125919,-1.48982,0.0686461,2.30924,0.761148,0.999967,-0.00631148,0.0025843,0,-0.00641307,-0.999113,0.0413921,0,0.00232081,-0.0414081,-0.99914,0,0.715196,-0.00551832,0.0815478,1,0.101326,0.82322,-0.125928,-1.48985,0.0686247,2.30923,0.761139,-4.43923e-05,-0.000827101,0.000310697,-0.000189744,-0.000420572,0.000934967,-0.000555447,0,0,0,0,0,0,0,-0.0259338,-47.7243,-2.00169,20.2784,0.483483,2.19377,0.119434,0,0,0,0,0,0,0,0,0,0,0,0,0,0,0,0,0,0,0,0,0,0,0,0,0,0,-0.026375,1.50937,-0.0197252,-0.127557,-0.118077,-0.0608393,0.103142,4.1027,0.124424,-2.56041,-0.238102,2.86515,-0.0104669,0.00815252,0
700.512,0.101392,0.822871,-0.12592,-1.48982,0.0686446,2.30923,0.761152,0.999967,-0.00631942,0.00258521,0,-0.00642104,-0.999113,0.0413939,0,0.00232138,-0.0414099,-0.99914,0,0.715196,-0.00552175,0.0815498,1,0.101326,0.82322,-0.125928,-1.48985,0.0686247,2.30923,0.761139,-0.000986077,-0.000878174,-0.000825894,-0.000279313,-0.000399877,-1.70192e-06,0.000703014,0,0,0,0,0,0,0,0.00977179,-47.6847,-2.00169,20.2784,0.483483,2.20384,0.0791503,0,0,0,0,0,0,0,0,0,0,0,0,0,0,0,0,0,0,0,0,0,0,0,0,0,0,-0.049735,1.53197,-0.0382218,-0.133074,-0.116888,-0.0554871,0.103438,4.13395,0.0914471,-2.60663,-0.231364,2.8978,-0.0344401,0.00815055,0
700.546,0.101399,0.822869,-0.125918,-1.48982,0.0686478,2.30924,0.761148,0.999967,-0.00630842,0.00259171,0,-0.0064103,-0.999113,0.0413901,0,0.00232835,-0.0414061,-0.99914,0,0.715198,-0.005515,0.0815525,1,0.101326,0.82322,-0.125928,-1.48985,0.0686247,2.30923,0.761139,0.000586087,-0.00120577,0.000106345,0.000189912,0.000289359,0.00164576,-0.000915583,0,0,0,0,0,0,0,-0.0616393,-47.6847,-2.00169,20.2427,0.465172,2.1544,0.119434,0,0,0,0,0,0,0,0,0,0,0,0,0,0,0,0,0,0,0,0,0,0,0,0,0,0,-0.0319714,1.52954,-0.0229749,-0.129954,-0.114082,-0.0583749,0.103354,4.14702,0.116239,-2.59995,-0.233768,2.90023,-0.0171725,0.00815055,0
700.58,0.10139,0.822872,-0.125921,-1.48982,0.0686504,2.30923,0.76115,0.999967,-0.006324,0.00258408,0,-0.00642555,-0.999113,0.0413902,0,0.00232008,-0.0414063,-0.99914,0,0.715196,-0.00552346,0.0815495,1,0.101326,0.82322,-0.125928,-1.48985,0.0686247,2.30923,0.761139,-0.000703852,-0.000697166,0.00106676,0.000442473,9.5033e-05,0.000507337,-9.24953e-06,0,0,0,0,0,0,0,0.0454774,-47.7243,-2.00169,20.2427,0.465172,2.1837,0.099292,0,0,0,0,0,0,0,0,0,0,0,0,0,0,0,0,0,0,0,0,0,0,0,0,0,0,-0.0137063,1.52035,-0.010222,-0.132692,-0.11398,-0.0592434,0.104034,4.09965,0.142504,-2.58099,-0.240428,2.87541,0.000822453,0.00815055,0
700.614,0.101399,0.822875,-0.125918,-1.48982,0.0686502,2.30924,0.761144,0.999967,-0.0063056,0.00258315,0,-0.00640713,-0.999113,0.0413887,0,0.00231992,-0.0414047,-0.99914,0,0.715195,-0.00551475,0.0815466,1,0.101326,0.82322,-0.125928,-1.48985,0.0686247,2.30923,0.761139,0.00159142,-0.000978623,0.000471247,-0.00013608,0.00103634,0.00129478,-0.00200672,0,0,0,0,0,0,0,-0.0616393,-47.7243,-2.04137,20.2784,0.446862,2.16447,0.158801,0,0,0,0,0,0,0,0,0,0,0,0,0,0,0,0,0,0,0,0,0,0,0,0,0,0,-0.00737414,1.51528,-0.00775373,-0.12807,-0.113678,-0.0568717,0.102576,4.10196,0.148885,-2.57672,-0.242189,2.87104,0.0062739,0.00815055,0
700.648,0.101397,0.82288,-0.12592,-1.48982,0.0686468,2.30923,0.761151,0.999967,-0.00631482,0.00257757,0,-0.00641612,-0.999113,0.041393,0,0.00231394,-0.0414089,-0.99914,0,0.715194,-0.00551818,0.0815442,1,0.101326,0.82322,-0.125928,-1.48985,0.0686247,2.30923,0.761139,-0.000639766,0.00260082,-0.001161,0.000621052,0.000285199,0.000623206,0.000908081,0,0,0,0,0,0,0,-0.0259338,-47.8354,-2.00169,20.2427,0.465172,2.17455,0.0892211,0,0,0,0,0,0,0,0,0,0,0,0,0,0,0,0,0,0,0,0,0,0,0,0,0,0,-0.0216882,1.5271,-0.0270051,-0.131336,-0.110478,-0.0554895,0.104533,4.11975,0.130124,-2.59787,-0.242394,2.8879,-0.010983,0.00815055,0
700.682,0.101392,0.822877,-0.125921,-1.48982,0.0686509,2.30924,0.761146,0.999967,-0.00631727,0.00258134,0,-0.00641872,-0.999113,0.0413903,0,0.00231762,-0.0414063,-0.99914,0,0.715195,-0.00552169,0.0815462,1,0.101326,0.82322,-0.125928,-1.48985,0.0686247,2.30923,0.761139,3.32726e-05,0.000701666,0.000268974,0.000245566,0.000312285,0.000140231,-0.00130683,0,0,0,0,0,0,0,0.00977179,-47.76,-2.00169,20.2427,0.456017,2.17455,0.139575,0,0,0,0,0,0,0,0,0,0,0,0,0,0,0,0,0,0,0,0,0,0,0,0,0,0,-0.0170119,1.5234,-0.0236656,-0.131424,-0.114132,-0.0605759,0.106486,4.1196,0.140333,-2.58335,-0.248328,2.88398,-0.00509393,0.00815055,0
700.716,0.101397,0.822878,-0.125915,-1.48982,0.068649,2.30923,0.761145,0.999967,-0.00630662,0.00257186,0,-0.00640768,-0.999113,0.0413877,0,0.00230861,-0.0414037,-0.99914,0,0.715193,-0.00551474,0.0815435,1,0.101326,0.82322,-0.125928,-1.48985,0.0686247,2.30923,0.761139,0.000706972,0.000214584,0.00165247,-0.00105922,-9.13672e-05,-0.000965688,-0.00177485,0,0,0,0,0,0,0,-0.0616393,-47.7997,-2.07707,20.3181,0.474327,2.23406,0.149646,0,0,0,0,0,0,0,0,0,0,0,0,0,0,0,0,0,0,0,0,0,0,0,0,0,0,-0.0258462,1.51205,-0.0248396,-0.138393,-0.116339,-0.060202,0.109689,4.04697,0.133624,-2.56136,-0.246171,2.8487,-0.0109495,0.00815055,0
700.75,0.101405,0.822878,-0.125912,-1.48982,0.0686469,2.30923,0.761151,0.999967,-0.00630118,0.00258026,0,-0.00640259,-0.999113,0.0413872,0,0.00231723,-0.0414031,-0.99914,0,0.715196,-0.00550695,0.0815462,1,0.101326,0.82322,-0.125928,-1.48985,0.0686247,2.30923,0.761139,0.000602968,-0.000397405,0.000529581,0.000500732,-2.03504e-05,-0.000912603,0.000996486,0,0,0,0,0,0,0,-0.13305,-47.76,-2.07707,20.2427,0.474327,2.21391,0.0892211,0,0,0,0,0,0,0,0,0,0,0,0,0,0,0,0,0,0,0,0,0,0,0,0,0,0,-0.044029,1.50127,-0.0486198,-0.123032,-0.116069,-0.0499246,0.107865,4.07869,0.104054,-2.56093,-0.244015,2.84739,-0.0317166,0.00815055,0
700.784,0.101397,0.822873,-0.125916,-1.48983,0.0686489,2.30923,0.761144,0.999967,-0.00630622,0.00257396,0,-0.00640737,-0.999113,0.0413879,0,0.00231072,-0.0414038,-0.99914,0,0.715193,-0.00551521,0.081546,1,0.101326,0.82322,-0.125928,-1.48985,0.0686247,2.30923,0.761139,-0.000586526,-0.00111248,0.000414858,-0.00101507,-0.000716172,-0.000601264,-0.00240202,0,0,0,0,0,0,0,-0.0259338,-47.7243,-2.04137,20.3181,0.474327,2.21391,0.158801,0,0,0,0,0,0,0,0,0,0,0,0,0,0,0,0,0,0,0,0,0,0,0,0,0,0,-0.068078,1.51189,-0.0608404,-0.131908,-0.117503,-0.0552588,0.105293,4.08237,0.0678386,-2.56989,-0.231877,2.85946,-0.0540364,0.00815055,0
700.818,0.101398,0.822875,-0.125922,-1.48982,0.0686501,2.30923,0.761157,0.999967,-0.00632366,0.00257881,0,-0.00642501,-0.999113,0.0413918,0,0.00231482,-0.0414078,-0.99914,0,0.715194,-0.00551892,0.0815468,1,0.101326,0.82322,-0.125928,-1.48985,0.0686247,2.30923,0.761139,-0.000881906,0.00070649,-0.000952609,-0.000412416,-0.000304551,0.000390139,0.0030201,0,0,0,0,0,0,0,-0.0259338,-47.76,-1.96599,20.2784,0.465172,2.19377,0.0397827,0,0,0,0,0,0,0,0,0,0,0,0,0,0,0,0,0,0,0,0,0,0,0,0,0,0,-0.060152,1.51533,-0.0482276,-0.124986,-0.122721,-0.0538405,0.105216,4.127,0.0801896,-2.58093,-0.234487,2.87822,-0.0431201,0.00815055,0
700.852,0.101401,0.822878,-0.12592,-1.48982,0.0686457,2.30923,0.76115,0.999967,-0.00630927,0.00257617,0,-0.00641052,-0.999113,0.0413936,0,0.00231277,-0.0414095,-0.99914,0,0.715194,-0.0055155,0.0815448,1,0.101326,0.82322,-0.125928,-1.48985,0.0686247,2.30923,0.761139,0.000441098,0.00100528,-0.000815988,0.000653008,-0.000238742,0.000477234,0.000362403,0,0,0,0,0,0,0,-0.0973449,-47.7997,-2.00169,20.2784,0.483483,2.19377,0.099292,0,0,0,0,0,0,0,0,0,0,0,0,0,0,0,0,0,0,0,0,0,0,0,0,0,0,-0.0580796,1.52695,-0.0431704,-0.125974,-0.117886,-0.0525665,0.106225,4.15413,0.0842372,-2.60447,-0.230839,2.89939,-0.0414957,0.00818995,1
700.886,0.101405,0.82288,-0.125912,-1.48982,0.0686489,2.30923,0.761151,0.999967,-0.00630244,0.00257943,0,-0.00640381,-0.999113,0.0413859,0,0.00231636,-0.0414019,-0.99914,0,0.715195,-0.00550678,0.0815447,1,0.101326,0.82322,-0.125928,-1.48985,0.0686247,2.30923,0.761139,-0.000229368,0.000465926,-0.00110624,0.000452635,0.000438634,0.000534077,0.00055432,0,0,0,0,0,0,0,-0.13305,-47.7997,-2.07707,20.207,0.483483,2.1837,0.0892211,0,0,0,0,0,0,0,0,0,0,0,0,0,0,0,0,0,0,0,0,0,0,0,0,0,0,-0.107028,1.4919,-0.0898849,-0.119714,-0.106603,-0.0530241,0.10668,4.09702,0.014539,-2.54343,-0.21106,2.84437,-0.0947372,0.00818995,1
700.92,0.1014,0.822875,-0.125912,-1.48982,0.068651,2.30923,0.761151,0.999967,-0.00630916,0.002579,0,-0.0064105,-0.999113,0.041384,0,0.00231566,-0.0414,-0.99914,0,0.715195,-0.00551019,0.0815462,1,0.101326,0.82322,-0.125928,-1.48985,0.0686247,2.30923,0.761139,-0.000648717,-0.00126571,0.000195893,0.000871864,0.000200179,-0.000348591,0.000777758,0,0,0,0,0,0,0,-0.0616393,-47.76,-2.07707,20.2784,0.465172,2.21391,0.0892211,0,0,0,0,0,0,0,0,0,0,0,0,0,0,0,0,0,0,0,0,0,0,0,0,0,0,-0.0873006,1.48139,-0.0919904,-0.111841,-0.106213,-0.0523987,0.107258,4.10001,0.040878,-2.52586,-0.227416,2.8336,-0.0797427,0.00818995,1
700.954,0.101405,0.822874,-0.125905,-1.48983,0.0686446,2.30923,0.761143,0.999967,-0.00628657,0.00256856,0,-0.0063875,-0.999113,0.041383,0,0.00230617,-0.0413988,-0.99914,0,0.715191,-0.00550228,0.0815433,1,0.101326,0.82322,-0.125928,-1.48985,0.0686247,2.30923,0.761139,0.00061435,-0.00142587,0.001972,-8.4774e-05,-0.000175363,0.000526371,-0.00201218,0,0,0,0,0,0,0,-0.13305,-47.7243,-2.18816,20.3538,0.483483,2.21391,0.168872,0,0,0,0,0,0,0,0,0,0,0,0,0,0,0,0,0,0,0,0,0,0,0,0,0,0,-0.103574,1.4861,-0.106061,-0.0937938,-0.112999,-0.0408541,0.106285,4.19164,0.0171024,-2.55636,-0.227718,2.86815,-0.0945816,0.00818995,1
700.988,0.1014,0.822881,-0.125912,-1.48983,0.0686502,2.30923,0.761147,0.999967,-0.00630484,0.00256458,0,-0.0064056,-0.999113,0.0413851,0,0.00230142,-0.041401,-0.99914,0,0.71519,-0.0055106,0.0815401,1,0.101326,0.82322,-0.125928,-1.48985,0.0686247,2.30923,0.761139,-0.00137678,0.000711343,0.000323934,0.00030568,6.94846e-06,-0.000112572,-0.00115995,0,0,0,0,0,0,0,-0.0616393,-47.8354,-2.07707,20.3181,0.465172,2.22398,0.129504,0,0,0,0,0,0,0,0,0,0,0,0,0,0,0,0,0,0,0,0,0,0,0,0,0,0,-0.0966937,1.48009,-0.118887,-0.0731992,-0.11053,-0.0314505,0.105788,4.26213,0.0231624,-2.56435,-0.238162,2.88419,-0.0933343,0.00818995,1
701.022,0.101392,0.822899,-0.125918,-1.48983,0.0686467,2.30923,0.761158,0.999967,-0.00632589,0.00254672,0,-0.00642591,-0.999113,0.0413942,0,0.00228265,-0.04141,-0.99914,0,0.715185,-0.00552139,0.0815265,1,0.101326,0.82322,-0.125928,-1.48985,0.0686247,2.30923,0.761139,8.60308e-05,0.000952564,-0.000183106,-0.000919551,-0.000349259,0.000497084,0.00312091,0,0,0,0,0,0,0,0.00977179,-48.0655,-2.00169,20.3538,0.465172,2.20384,0.0297119,0,0,0,0,0,0,0,0,0,0,0,0,0,0,0,0,0,0,0,0,0,0,0,0,0,0,-0.0756561,1.39213,-0.0827637,-0.0620756,-0.114983,-0.0350191,0.103112,4.05886,0.052353,-2.40785,-0.229933,2.73066,-0.0644897,0.0082786,1
701.056,0.1014,0.822902,-0.125912,-1.48983,0.0686457,2.30923,0.761155,0.999967,-0.00631063,0.00253925,0,-0.00641034,-0.999113,0.0413909,0,0.00227584,-0.0414066,-0.99914,0,0.715183,-0.00551234,0.0815228,1,0.101326,0.82322,-0.125928,-1.48985,0.0686247,2.30923,0.761139,0.00115571,-0.00214997,0.000256607,2.5385e-05,-0.000230163,0.000195614,0.00208313,0,0,0,0,0,0,0,-0.0973449,-48.1052,-2.07707,20.3935,0.474327,2.21391,0.0599243,0,0,0,0,0,0,0,0,0,0,0,0,0,0,0,0,0,0,0,0,0,0,0,0,0,0,-0.0533436,1.27353,-0.0699686,-0.0643825,-0.115686,-0.0416041,0.10311,3.68898,0.0840603,-2.18362,-0.234938,2.48894,-0.0409366,0.0082786,1
701.09,0.101401,0.822907,-0.125915,-1.48984,0.0686457,2.30923,0.761148,0.999967,-0.00630503,0.00252667,0,-0.00640423,-0.999113,0.0413931,0,0.00226348,-0.0414088,-0.99914,0,0.715179,-0.00551342,0.0815168,1,0.101326,0.82322,-0.125928,-1.48985,0.0686247,2.30923,0.761139,0.000339626,0.00173053,0.00031565,-0.000473888,-0.00020056,-0.000155855,-0.000448377,0,0,0,0,0,0,0,-0.0973449,-48.1806,-2.07707,20.4649,0.474327,2.23406,0.119434,0,0,0,0,0,0,0,0,0,0,0,0,0,0,0,0,0,0,0,0,0,0,0,0,0,0,-0.0421218,1.12237,-0.0734901,0.0132002,-0.11374,-0.0308896,0.102974,3.63279,0.0994518,-1.95499,-0.237452,2.31847,-0.0306314,0.0082786,1
701.124,0.101385,0.822907,-0.125923,-1.48984,0.0686492,2.30923,0.761154,0.999967,-0.0063349,0.00252462,0,-0.006434,-0.999112,0.0413966,0,0.00226018,-0.0414122,-0.99914,0,0.715178,-0.00553021,0.081516,1,0.101326,0.82322,-0.125928,-1.48985,0.0686247,2.30923,0.761139,-0.000102003,0.000840441,-1.47147e-05,0.000709311,0.000447453,7.50023e-05,0.00117031,0,0,0,0,0,0,0,0.116888,-48.1806,-1.93028,20.4649,0.446862,2.23406,0.0690795,0,0,0,0,0,0,0,0,0,0,0,0,0,0,0,0,0,0,0,0,0,0,0,0,0,0,-0.00266979,1.1483,-0.0310338,0.0319941,-0.119118,-0.027506,0.103252,3.80111,0.156911,-2.01463,-0.248103,2.40184,0.0126539,0.0082786,1
701.158,0.101382,0.822902,-0.125918,-1.48984,0.0686479,2.30923,0.761156,0.999967,-0.00633631,0.00252462,0,-0.0064354,-0.999113,0.0413933,0,0.00226014,-0.041409,-0.99914,0,0.715178,-0.00552926,0.0815181,1,0.101326,0.82322,-0.125928,-1.48985,0.0686247,2.30923,0.761139,-0.000262641,-0.00137197,0.00154195,-0.000587553,-0.000445783,-0.00122176,0.00229818,0,0,0,0,0,0,0,0.116888,-48.1052,-2.04137,20.5045,0.483483,2.25328,0.0498535,0,0,0,0,0,0,0,0,0,0,0,0,0,0,0,0,0,0,0,0,0,0,0,0,0,0,0.0270255,1.12123,-0.0200394,0.067821,-0.123225,-0.0218397,0.102973,3.89699,0.19748,-1.98521,-0.266283,2.40591,0.040417,0.0082786,1
701.192,0.10139,0.822902,-0.12592,-1.48984,0.0686461,2.30923,0.761155,0.999967,-0.0063273,0.00252466,0,-0.0064264,-0.999113,0.0413963,0,0.00226054,-0.041412,-0.99914,0,0.715178,-0.00552508,0.0815182,1,0.101326,0.82322,-0.125928,-1.48985,0.0686247,2.30923,0.761139,-0.000611754,0.00074157,-0.00068872,-0.00151641,-0.000264724,-0.000645395,0.00133091,0,0,0,0,0,0,0,0.0454774,-48.1052,-2.00169,20.5045,0.474327,2.25328,0.0599243,0,0,0,0,0,0,0,0,0,0,0,0,0,0,0,0,0,0,0,0,0,0,0,0,0,0,0.0523025,1.17061,-0.0118133,0.050355,-0.115602,-0.0263146,0.103984,3.95318,0.231553,-2.06042,-0.278371,2.47358,0.0594218,0.0082786,1
701.226,0.101387,0.822904,-0.125922,-1.48984,0.0686488,2.30922,0.761149,0.999967,-0.00632831,0.00252113,0,-0.00642727,-0.999113,0.0413962,0,0.00225697,-0.0414118,-0.99914,0,0.715177,-0.0055286,0.0815164,1,0.101326,0.82322,-0.125928,-1.48985,0.0686247,2.30923,0.761139,0.000882893,0.000496596,0.000508407,-0.000856003,0.000115094,-0.000625757,-0.000412167,0,0,0,0,0,0,0,0.0454774,-48.1409,-1.96599,20.5045,0.456017,2.26335,0.109363,0,0,0,0,0,0,0,0,0,0,0,0,0,0,0,0,0,0,0,0,0,0,0,0,0,0,0.0640613,1.18471,0.0024742,0.0567998,-0.118,-0.0191115,0.101021,4.01157,0.244079,-2.09895,-0.278798,2.50771,0.0724786,0.0082786,1
701.26,0.101382,0.822894,-0.125922,-1.48984,0.0686467,2.30923,0.761154,0.999967,-0.00633618,0.00253563,0,-0.00643573,-0.999112,0.0413966,0,0.00227112,-0.0414123,-0.99914,0,0.715181,-0.00553205,0.0815253,1,0.101326,0.82322,-0.125928,-1.48985,0.0686247,2.30923,0.761139,-0.00129153,-1.47887e-05,0.000617646,0.000147288,-7.289e-05,7.62016e-05,0.00122877,0,0,0,0,0,0,0,0.156561,-47.9901,-1.96599,20.4649,0.465172,2.25328,0.0690795,0,0,0,0,0,0,0,0,0,0,0,0,0,0,0,0,0,0,0,0,0,0,0,0,0,0,0.0684315,1.19899,0.0113965,0.0655611,-0.121186,-0.00926011,0.103778,4.07941,0.254685,-2.14219,-0.282316,2.5449,0.0793625,0.00859774,1
701.294,0.101384,0.822899,-0.125923,-1.48984,0.0686458,2.30922,0.761154,0.999967,-0.00633397,0.00252646,0,-0.00643315,-0.999112,0.0413981,0,0.00226205,-0.0414138,-0.99914,0,0.715178,-0.00553112,0.0815202,1,0.101326,0.82322,-0.125928,-1.48985,0.0686247,2.30923,0.761139,-0.000955427,0.000379413,0.00120292,8.0814e-05,-4.42031e-05,-0.000130458,0.0013379,0,0,0,0,0,0,0,0.116888,-48.0655,-1.96599,20.5045,0.474327,2.26335,0.0690795,0,0,0,0,0,0,0,0,0,0,0,0,0,0,0,0,0,0,0,0,0,0,0,0,0,0,0.0796074,1.21257,0.0248795,0.0877267,-0.117054,0.00121162,0.10127,4.21823,0.2663,-2.19133,-0.278211,2.60556,0.0900137,0.00859774,1
701.328,0.101363,0.822891,-0.125949,-1.48984,0.0686447,2.30922,0.761156,0.999967,-0.00637443,0.00253092,0,-0.0064738,-0.999111,0.0414175,0,0.0022647,-0.0414333,-0.999139,0,0.715179,-0.00556376,0.0815269,1,0.101326,0.82322,-0.125928,-1.48985,0.0686247,2.30923,0.761139,-0.00173906,-0.000821693,-0.00135554,-0.000105222,0.000110722,-0.000307939,0.00221047,0,0,0,0,0,0,0,0.335089,-47.9505,-1.59306,20.5045,0.483483,2.31279,0.0498535,0,0,0,0,0,0,0,0,0,0,0,0,0,0,0,0,0,0,0,0,0,0,0,0,0,0,0.24031,1.24541,0.178025,0.103687,-0.110473,0.0089116,0.0976627,4.34723,0.487034,-2.27288,-0.304727,2.68667,0.254195,0.00869361,1
701.362,0.101291,0.82288,-0.125979,-1.48984,0.0686467,2.30921,0.761151,0.999966,-0.00646368,0.00253728,0,-0.00656328,-0.99911,0.0414363,0,0.00226724,-0.0414524,-0.999138,0,0.715181,-0.00563454,0.0815356,1,0.101326,0.82322,-0.125928,-1.48985,0.0686247,2.30923,0.761139,-0.00127929,-0.000475828,-0.000299321,0.000110101,0.00109181,-0.000931505,-0.000717609,0,0,0,0,0,0,0,0.950018,-47.7997,-1.29552,20.5045,0.465172,2.3723,0.0892211,0,0,0,0,0,0,0,0,0,0,0,0,0,0,0,0,0,0,0,0,0,0,0,0,0,0,0.556017,1.31758,0.434911,0.118099,-0.0961379,0.0430196,0.0932835,4.47243,0.917337,-2.46075,-0.384883,2.80686,0.564867,0.00869361,1
701.396,0.101171,0.822742,-0.126125,-1.48994,0.0686451,2.30917,0.761161,0.999965,-0.00670297,0.00254158,0,-0.00680276,-0.999104,0.0415303,0,0.00226097,-0.0415469,-0.999134,0,0.715166,-0.00581955,0.0815948,1,0.101286,0.822883,-0.125988,-1.48985,0.0686447,2.30921,0.76116,-0.00182349,-0.00703667,-0.00400434,-0.00715743,-0.000283095,-0.00233856,0.000853349,0,0,0,0,0,0,0,0.227972,-48.5971,-1.77953,20.7267,0.554894,2.343,-0.00050053,0,0,0,0,0,0,0,0,0,0,0,0,0,0,0,0,0,0,0,0,0,0,0,0,0,0,0.74414,1.37865,0.572742,0.0907018,-0.0791575,0.0543499,0.0589414,4.41702,1.12317,-2.57782,-0.407967,2.85297,0.738409,0.00869361,1
701.43,0.100946,0.822345,-0.126402,-1.49025,0.0686241,2.30879,0.761147,0.999962,-0.00713116,0.00227633,0,-0.0072199,-0.999094,0.0417017,0,0.00197693,-0.0417174,-0.999127,0,0.715065,-0.0061703,0.0817303,1,0.101286,0.822883,-0.125988,-1.48985,0.0686447,2.30921,0.76116,-0.00683326,-0.0125575,-0.00733121,-0.0162078,-0.000185887,-0.0177074,-0.00338571,0,0,0,0,0,0,0,0.227972,-48.5971,-1.77953,20.7267,0.627221,2.33293,0.099292,0,0,0,0,0,0,0,0,0,0,0,0,0,0,0,0,0,0,0,0,0,0,0,0,0,0,0.644963,1.08862,0.488879,0.193228,-0.0345197,0.0751323,0.0371888,4.08227,0.946847,-2.12953,-0.31452,2.45242,0.628699,0.00869361,1
701.464,0.10061,0.821813,-0.126682,-1.4909,0.0686181,2.30812,0.761164,0.999959,-0.00775896,0.00151207,0,-0.00781545,-0.999084,0.0418506,0,0.00118599,-0.0418615,-0.999123,0,0.714794,-0.00661284,0.0817877,1,0.101286,0.822883,-0.125988,-1.48985,0.0686447,2.30921,0.76116,-0.012022,-0.0203826,-0.0112965,-0.0269499,-0.000230937,-0.0203508,0.00228769,0,0,0,0,0,0,0,0.299384,-48.4861,-1.74382,20.691,0.636376,2.28349,-0.0297974,0,0,0,0,0,0,0,0,0,0,0,0,0,0,0,0,0,0,0,0,0,0,0,0,0,0,0.77068,0.87084,0.562357,0.341199,0.00543982,0.0845003,0.0257835,4.19132,1.09841,-1.80922,-0.317476,2.27306,0.738336,0.00869361,1
701.498,0.100265,0.821019,-0.127085,-1.49184,0.0685587,2.30787,0.761155,0.999954,-0.00842661,0.00113854,0,-0.00846709,-0.999067,0.0421157,0,0.000782604,-0.0421243,-0.999112,0,0.714559,-0.00715679,0.081952,1,0.101286,0.822883,-0.125988,-1.48985,0.0686447,2.30921,0.76116,-0.00813014,-0.0233838,-0.0117822,-0.0277701,9.23056e-06,0.000107159,-0.00125523,0,0,0,0,0,0,0,0.299384,-48.371,-1.70415,20.6553,0.672997,2.25328,0.0297119,0,0,0,0,0,0,0,0,0,0,0,0,0,0,0,0,0,0,0,0,0,0,0,0,0,0,0.513869,1.02938,0.42178,0.193353,0.0474632,0.0289234,0.0163281,4.06435,0.72568,-1.97359,-0.167063,2.39286,0.483222,0.00869361,1
701.532,0.099918,0.820024,-0.127637,-1.49242,0.068407,2.30787,0.761156,0.999948,-0.00910252,0.00159153,0,-0.00916198,-0.999043,0.0425339,0,0.00120287,-0.0425471,-0.999094,0,0.714576,-0.00779037,0.0824443,1,0.101286,0.822883,-0.125988,-1.48985,0.0686447,2.30921,0.76116,-0.0100199,-0.0348364,-0.0195317,-0.00819629,-0.00386393,-7.95216e-05,-0.00157061,0,0,0,0,0,0,0,0.335089,-48.4067,-1.70415,20.5799,0.654686,2.25328,0.0397827,0,0,0,0,0,0,0,0,0,0,0,0,0,0,0,0,0,0,0,0,0,0,0,0,0,0,0.651841,1.67242,0.54315,-0.240729,0.0673824,-0.0594149,0.0170287,3.76406,0.909472,-2.84312,-0.213523,2.93893,0.605293,0.00869361,1
701.566,0.0994819,0.818717,-0.128275,-1.49257,0.0682849,2.30787,0.761162,0.999937,-0.00991209,0.00278872,0,-0.0100227,-0.999017,0.0429482,0,0.00236032,-0.0429743,-0.999073,0,0.714845,-0.00851538,0.0833471,1,0.101286,0.822883,-0.125988,-1.48985,0.0686447,2.30921,0.76116,-0.0157009,-0.0467741,-0.0215203,0.000102869,-0.00240221,0.000736238,0.0026346,0,0,0,0,0,0,0,0.335089,-48.2956,-1.74382,20.5799,0.663842,2.23406,-0.0105713,0,0,0,0,0,0,0,0,0,0,0,0,0,0,0,0,0,0,0,0,0,0,0,0,0,0,0.625115,2.184,0.556456,-0.521722,0.0658097,-0.0999417,0.0135463,3.86094,0.86147,-3.59928,-0.201985,3.48459,0.577376,0.00881444,1
701.6,0.0988909,0.816754,-0.128842,-1.49255,0.0681701,2.30789,0.761157,0.99992,-0.0108047,0.00482008,0,-0.0110031,-0.998995,0.0432298,0,0.00434823,-0.0432802,-0.999054,0,0.715345,-0.00927978,0.0847859,1,0.101286,0.822883,-0.125988,-1.48985,0.0686447,2.30921,0.76116,-0.0235254,-0.0709783,-0.0179493,-0.00104962,-0.00451487,0.000115714,-0.000449673,0,0,0,0,0,0,0,0.4065,-48.1409,-1.70415,20.5045,0.672997,2.19377,0.0397827,0,0,0,0,0,0,0,0,0,0,0,0,0,0,0,0,0,0,0,0,0,0,0,0,0,0,0.586512,2.68651,0.526764,-0.747225,0.070415,-0.139491,0.0126251,4.2498,0.794956,-4.35261,-0.202411,4.11548,0.527147,0.00881444,1
701.634,0.0981916,0.814013,-0.129124,-1.49254,0.0681069,2.30789,0.761162,0.999894,-0.0116596,0.00757688,0,-0.0119762,-0.998986,0.0431793,0,0.00706588,-0.0432663,-0.999039,0,0.716021,-0.00990781,0.0867575,1,0.101286,0.822883,-0.125988,-1.48985,0.0686447,2.30921,0.76116,-0.0239633,-0.0899641,-0.00125565,0.00252153,-0.000135366,-0.000799138,0.00034291,0,0,0,0,0,0,0,0.481879,-47.9901,-1.74382,20.4649,0.663842,2.24321,-0.0105713,0,0,0,0,0,0,0,0,0,0,0,0,0,0,0,0,0,0,0,0,0,0,0,0,0,0,0.0433762,2.89672,0.120306,-0.853588,0.0677419,-0.158153,0.0117855,4.51538,0.0313481,-4.65234,-0.0256379,4.40776,-0.0113356,0.00882297,1
701.668,0.0973945,0.810455,-0.129112,-1.49254,0.0680867,2.3079,0.761158,0.999851,-0.0124335,0.0111163,0,-0.0128986,-0.998991,0.0427948,0,0.0105732,-0.0429327,-0.999022,0,0.716881,-0.0103878,0.0892913,1,0.101286,0.822883,-0.125988,-1.48985,0.0686447,2.30921,0.76116,-0.0223928,-0.113918,0.000179081,0.00033079,0.000554277,0.000319124,-0.000992242,0,0,0,0,0,0,0,0.263678,-48.1052,-1.93028,20.5045,0.672997,2.21391,0.0297119,0,0,0,0,0,0,0,0,0,0,0,0,0,0,0,0,0,0,0,0,0,0,0,0,0,0,0.255298,3.08953,0.234601,-0.937255,0.0597553,-0.168515,0.00939605,4.61067,0.312285,-4.92694,-0.131429,4.6301,0.183051,0.00882297,1
701.702,0.0966504,0.805939,-0.129103,-1.49256,0.0680812,2.30788,0.761155,0.999782,-0.0131731,0.0155641,0,-0.0138212,-0.999,0.0422957,0,0.0149916,-0.0425024,-0.998984,0,0.717948,-0.0108113,0.0924988,1,0.101286,0.822883,-0.125988,-1.48985,0.0686447,2.30921,0.76116,-0.0183033,-0.14778,-0.00137274,-6.95308e-05,0.000694212,0.000133634,-0.00269757,0,0,0,0,0,0,0,0.227972,-48.1806,-1.96599,20.7267,0.636376,2.30272,0.0599243,0,0,0,0,0,0,0,0,0,0,0,0,0,0,0,0,0,0,0,0,0,0,0,0,0,0,0.001101,3.44324,0.0588967,-1.11372,0.0533553,-0.178708,0.0103611,4.82837,-0.0460955,-5.46102,-0.0505436,5.05436,-0.0683247,0.00882297,1
701.736,0.0961054,0.800523,-0.129106,-1.49256,0.0680803,2.30786,0.761162,0.999677,-0.0137376,0.0209186,0,-0.014601,-0.999014,0.0417002,0,0.0203255,-0.041993,-0.998911,0,0.719222,-0.0110803,0.0963637,1,0.101286,0.822883,-0.125988,-1.48985,0.0686447,2.30921,0.76116,-0.0160594,-0.169443,0.00036296,0.0048065,0.000333022,-0.000501315,0.000605574,0,0,0,0,0,0,0,0.299384,-47.8751,-1.93028,20.6553,0.645531,2.33293,-0.00050053,0,0,0,0,0,0,0,0,0,0,0,0,0,0,0,0,0,0,0,0,0,0,0,0,0,0,0.0173168,3.25189,0.0511983,-0.978023,0.0465084,-0.130115,0.0056421,4.90273,-0.0339838,-5.20629,-0.0581182,4.88642,-0.0523912,0.00882297,1
701.77,0.0957341,0.794312,-0.129103,-1.49257,0.0680781,2.30781,0.761162,0.999525,-0.0141228,0.0270311,0,-0.015225,-0.999033,0.0410125,0,0.0264263,-0.0414053,-0.998793,0,0.720653,-0.0112068,0.100798,1,0.101286,0.822883,-0.125988,-1.48985,0.0686447,2.30921,0.76116,-0.0118565,-0.18725,-0.000170814,0.00207537,-0.00035167,-0.00128974,-0.000188836,0,0,0,0,0,0,0,0.192267,-47.9505,-1.96599,20.7664,0.663842,2.36223,-0.0105713,0,0,0,0,0,0,0,0,0,0,0,0,0,0,0,0,0,0,0,0,0,0,0,0,0,0,-0.0822735,3.01884,-0.0284293,-0.841544,0.0443492,-0.0912531,0.00385324,4.91373,-0.17487,-4.86398,-0.0146695,4.65615,-0.146428,0.00882297,1
701.804,0.0955603,0.787598,-0.129097,-1.49258,0.0680912,2.30769,0.761168,0.999324,-0.014332,0.0335742,0,-0.0156805,-0.999057,0.0402521,0,0.0329663,-0.0407521,-0.998625,0,0.722158,-0.0111798,0.105596,1,0.101286,0.822883,-0.125988,-1.48985,0.0686447,2.30921,0.76116,-0.00107811,-0.200989,0.000403524,-0.000145616,8.33871e-05,-0.00183016,0.00109736,0,0,0,0,0,0,0,0.192267,-47.6847,-2.00169,20.8775,0.618065,2.40251,-0.0297974,0,0,0,0,0,0,0,0,0,0,0,0,0,0,0,0,0,0,0,0,0,0,0,0,0,0,-0.51704,2.47474,-0.361185,-0.556368,0.0436103,-0.0368893,0.00157086,4.8527,-0.776553,-4.04266,0.160634,4.08839,-0.565379,0.00882297,1
701.838,0.0955603,0.780276,-0.129085,-1.49263,0.0680929,2.30732,0.761176,0.999069,-0.014378,0.0404331,0,-0.0159736,-0.999085,0.0394206,0,0.0398301,-0.0400306,-0.998404,0,0.723702,-0.0110147,0.110801,1,0.101286,0.822883,-0.125988,-1.48985,0.0686447,2.30921,0.76116,0.000980604,-0.222088,0.000564056,-0.0024899,-0.000516311,-0.0162315,0.000580721,0,0,0,0,0,0,0,0.0454774,-47.9505,-2.04137,21.0639,0.627221,2.42174,-0.049939,0,0,0,0,0,0,0,0,0,0,0,0,0,0,0,0,0,0,0,0,0,0,0,0,0,0,-0.252218,2.67792,-0.186382,-0.580326,0.0159069,-0.0189707,-0.00788923,5.25733,-0.42584,-4.36506,0.0344004,4.42557,-0.309078,0.00882297,1
701.872,0.095567,0.772355,-0.129044,-1.49276,0.0681043,2.30661,0.761207,0.998759,-0.0144546,0.0474548,0,-0.0162883,-0.999117,0.0384847,0,0.0468575,-0.0392107,-0.998132,0,0.725234,-0.0108174,0.116376,1,0.101286,0.822883,-0.125988,-1.48985,0.0686447,2.30921,0.76116,-0.000836466,-0.235938,0.00165752,-0.00363141,-0.000604673,-0.0279954,0.0079171,0,0,0,0,0,0,0,0.0454774,-47.7243,-2.18816,21.2147,0.60067,2.41167,-0.149731,0,0,0,0,0,0,0,0,0,0,0,0,0,0,0,0,0,0,0,0,0,0,0,0,0,0,-0.0345253,1.86888,-0.11063,-0.134615,0.00569211,0.0448058,-0.0348079,5.03652,-0.161167,-3.12296,-0.0513646,3.53838,-0.104138,0.00882297,1
701.906,0.0955638,0.764063,-0.129043,-1.49311,0.0681101,2.30529,0.761249,0.998423,-0.0146265,0.0540266,0,-0.0166678,-0.999147,0.037526,0,0.0534326,-0.0383681,-0.997834,0,0.726593,-0.0106578,0.122073,1,0.101286,0.822883,-0.125988,-1.48985,0.0686447,2.30921,0.76116,3.91384e-05,-0.242077,2.94688e-05,-0.0151357,0.000419351,-0.0449501,-0.000497209,0,0,0,0,0,0,0,0.0454774,-47.6093,-2.04137,21.3258,0.591515,2.43181,-0.0600098,0,0,0,0,0,0,0,0,0,0,0,0,0,0,0,0,0,0,0,0,0,0,0,0,0,0,0.00888052,1.65248,-0.126446,0.0611609,-0.017121,0.0670205,-0.0663172,5.41187,-0.147974,-2.7682,-0.0757695,3.4433,-0.0696764,0.00882297,1
701.94,0.0955742,0.755403,-0.129029,-1.49353,0.068117,2.30352,0.761392,0.998051,-0.0149043,0.0604412,0,-0.0171313,-0.999177,0.0364963,0,0.0598487,-0.0374613,-0.997504,0,0.727864,-0.0104762,0.127968,1,0.101286,0.822883,-0.125988,-1.48985,0.0686447,2.30921,0.76116,0.00264123,-0.258547,-0.000152198,-0.0118144,-0.000182043,-0.0560746,0.0127988,0,0,0,0,0,0,0,-0.0259338,-47.6847,-2.11674,21.3258,0.573204,2.44188,-0.0902222,0,0,0,0,0,0,0,0,0,0,0,0,0,0,0,0,0,0,0,0,0,0,0,0,0,0,-0.0515075,2.2625,-0.148375,-0.196906,-0.0296723,0.0178828,-0.0844278,6.04913,-0.262007,-3.61845,-0.0497229,4.26683,-0.134669,0.00886237,1
701.974,0.0955734,0.746249,-0.128947,-1.49409,0.0681263,2.30172,0.761573,0.997616,-0.015208,0.0671651,0,-0.0176129,-0.99921,0.0353584,0,0.0665756,-0.0364578,-0.997115,0,0.729123,-0.0102586,0.134155,1,0.101286,0.822883,-0.125988,-1.48985,0.0686447,2.30921,0.76116,-0.00120942,-0.272513,0.00315062,-0.0199815,0.000569784,-0.0419805,0.00594995,0,0,0,0,0,0,0,0.0454774,-47.4546,-2.07707,21.4765,0.546654,2.48125,-0.12959,0,0,0,0,0,0,0,0,0,0,0,0,0,0,0,0,0,0,0,0,0,0,0,0,0,0,-0.0358084,1.87634,-0.182375,0.00302148,-0.0432331,0.0373028,-0.0821683,5.92123,-0.232719,-2.975,-0.0810882,3.83417,-0.121114,0.00886237,1
702.008,0.0956015,0.737086,-0.128689,-1.49472,0.0681286,2.30047,0.761571,0.997106,-0.0151628,0.0743629,0,-0.0177408,-0.99925,0.0341296,0,0.073791,-0.0353508,-0.996647,0,0.730419,-0.00991196,0.140377,1,0.101286,0.822883,-0.125988,-1.48985,0.0686447,2.30921,0.76116,0.000439904,-0.269723,0.0113458,-0.0201156,9.10961e-05,-0.0320289,0.000983121,0,0,0,0,0,0,0,-0.13305,-47.4189,-2.11674,21.663,0.554894,2.54076,-0.110364,0,0,0,0,0,0,0,0,0,0,0,0,0,0,0,0,0,0,0,0,0,0,0,0,0,0,-0.353134,1.01716,-0.456093,0.422834,-0.0381391,0.113414,-0.0767803,5.47323,-0.65647,-1.6783,0.0541691,2.82246,-0.427684,0.00886237,1
702.042,0.0957284,0.727915,-0.12826,-1.49531,0.0681343,2.29964,0.761578,0.996511,-0.014899,0.0820076,0,-0.0176395,-0.999297,0.0327942,0,0.0814629,-0.034127,-0.996092,0,0.731761,-0.00938495,0.146663,1,0.101286,0.822883,-0.125988,-1.48985,0.0686447,2.30921,0.76116,0.00475853,-0.275874,0.0181998,-0.0165039,0.0006391,-0.019864,0.00194719,0,0,0,0,0,0,0,-0.244134,-47.4546,-2.15245,21.6987,0.546654,2.55083,-0.0801514,0,0,0,0,0,0,0,0,0,0,0,0,0,0,0,0,0,0,0,0,0,0,0,0,0,0,-0.452536,1.51832,-0.457348,0.228807,-0.0600841,0.113315,-0.0848151,6.03428,-0.799235,-2.42268,0.11318,3.51555,-0.509454,0.00886237,1
702.076,0.0959219,0.718577,-0.127715,-1.49592,0.0681356,2.29917,0.761576,0.995814,-0.0144727,0.0901403,0,-0.0173644,-0.999347,0.0313784,0,0.089629,-0.0328129,-0.995435,0,0.733143,-0.00873535,0.153103,1,0.101286,0.822883,-0.125988,-1.48985,0.0686447,2.30921,0.76116,0.0018117,-0.271381,0.017371,-0.0174392,-0.000148488,-0.0101,-0.00201264,0,0,0,0,0,0,0,-0.172723,-47.4546,-2.15245,21.9248,0.573204,2.58012,-0.0297974,0,0,0,0,0,0,0,0,0,0,0,0,0,0,0,0,0,0,0,0,0,0,0,0,0,0,-0.314286,1.04173,-0.360022,0.437437,-0.0592352,0.15658,-0.0823215,5.55016,-0.594942,-1.69625,0.0669123,2.87825,-0.365232,0.00886237,1
702.11,0.09611,0.709436,-0.127093,-1.4964,0.0681371,2.29893,0.761587,0.995037,-0.0139988,0.0984147,0,-0.0170215,-0.999397,0.0299417,0,0.0979381,-0.0314689,-0.994695,0,0.734524,-0.00804321,0.15949,1,0.101286,0.822883,-0.125988,-1.48985,0.0686447,2.30921,0.76116,0.00463563,-0.264053,0.0209665,-0.00706849,0.000420693,-0.00310903,0.00235005,0,0,0,0,0,0,0,-0.172723,-47.0737,-2.15245,21.7384,0.564049,2.5609,-0.120435,0,0,0,0,0,0,0,0,0,0,0,0,0,0,0,0,0,0,0,0,0,0,0,0,0,0,-0.561051,0.715404,-0.555931,0.511868,-0.0526227,0.176143,-0.0809853,4.94618,-0.927323,-1.18436,0.182247,2.35019,-0.606774,0.00886237,1
702.144,0.0963415,0.700193,-0.126309,-1.49675,0.0681426,2.29876,0.761595,0.994161,-0.0133627,0.10699,0,-0.0164893,-0.999451,0.028392,0,0.106554,-0.0299909,-0.993854,0,0.735931,-0.00720852,0.166028,1,0.101286,0.822883,-0.125988,-1.48985,0.0686447,2.30921,0.76116,0.0109982,-0.28089,0.0244633,-0.0128606,0.000614628,-0.0133228,0.00170364,0,0,0,0,0,0,0,-0.244134,-47.153,-2.11674,21.9605,0.554894,2.63963,-0.149731,0,0,0,0,0,0,0,0,0,0,0,0,0,0,0,0,0,0,0,0,0,0,0,0,0,0,-0.633452,1.19514,-0.588443,0.323771,-0.063758,0.177982,-0.0815167,5.47026,-1.02447,-1.88425,0.205264,3.00598,-0.678127,0.00890309,1
702.178,0.0966307,0.690689,-0.125422,-1.49724,0.0681681,2.2983,0.761707,0.99323,-0.0127446,0.115379,0,-0.0159294,-0.999506,0.0267226,0,0.114984,-0.0283801,-0.992962,0,0.737212,-0.00626505,0.172664,1,0.101286,0.822883,-0.125988,-1.48985,0.0686447,2.30921,0.76116,0.01269,-0.280878,0.0226039,-0.0175271,0.00101973,-0.0203774,0.0109145,0,0,0,0,0,0,0,-0.351251,-46.9983,-2.11674,21.9248,0.500878,2.66985,-0.120435,0,0,0,0,0,0,0,0,0,0,0,0,0,0,0,0,0,0,0,0,0,0,0,0,0,0,-0.607372,1.27174,-0.577279,0.341123,-0.0829719,0.203694,-0.0985537,5.76148,-1.00587,-1.97886,0.189267,3.17887,-0.653809,0.00890309,1
702.212,0.0971618,0.681387,-0.124429,-1.49779,0.0682623,2.29741,0.762276,0.99231,-0.0123358,0.123081,0,-0.0155138,-0.99956,0.0248956,0,0.122722,-0.0266141,-0.992084,0,0.738295,-0.00507346,0.17908,1,0.101286,0.822883,-0.125988,-1.48985,0.0686447,2.30921,0.76116,0.0216416,-0.275382,0.0334252,-0.0103179,0.00650233,-0.0359481,0.0297229,0,0,0,0,0,0,0,-0.386957,-46.6928,-2.04137,22.0359,0.474327,2.67992,-0.229382,0,0,0,0,0,0,0,0,0,0,0,0,0,0,0,0,0,0,0,0,0,0,0,0,0,0,-0.848436,0.723754,-0.758344,0.524999,-0.103087,0.252646,-0.118288,4.96485,-1.35154,-1.18609,0.31831,2.36575,-0.878067,0.00890309,1
702.246,0.0981071,0.671813,-0.123343,-1.49877,0.0685694,2.29539,0.763933,0.991484,-0.0127474,0.129529,0,-0.0158104,-0.999609,0.0226467,0,0.129192,-0.0245022,-0.991317,0,0.738995,-0.00350271,0.185369,1,0.101286,0.822883,-0.125988,-1.48985,0.0686447,2.30921,0.76116,0.033785,-0.280719,0.0302437,-0.0347003,0.00475224,-0.0728369,0.0551898,0,0,0,0,0,0,0,-0.315546,-46.9983,-1.96599,22.1113,0.554894,2.74858,-0.179944,0,0,0,0,0,0,0,0,0,0,0,0,0,0,0,0,0,0,0,0,0,0,0,0,0,0,-0.986749,0.956515,-0.795947,0.579404,-0.127354,0.314749,-0.162622,5.94625,-1.59247,-1.54639,0.43511,2.93154,-0.997772,0.00890309,1
702.28,0.0994431,0.66216,-0.122119,-1.50025,0.068557,2.29239,0.765868,0.990813,-0.0128027,0.134564,0,-0.0157027,-0.999657,0.0205117,0,0.134257,-0.0224367,-0.990692,0,0.739282,-0.00159876,0.191357,1,0.101286,0.822883,-0.125988,-1.48985,0.0686447,2.30921,0.76116,0.0419918,-0.285491,0.0434812,-0.0415167,0.000116391,-0.102998,0.0592632,0,0,0,0,0,0,0,-0.386957,-46.5778,-1.96599,21.8852,0.58236,2.73943,-0.169873,0,0,0,0,0,0,0,0,0,0,0,0,0,0,0,0,0,0,0,0,0,0,0,0,0,0,-1.47348,0.484724,-1.16212,0.750309,-0.0748208,0.379063,-0.149185,5.35367,-2.24745,-0.906667,0.72089,2.26714,-1.47966,0.00890309,1
702.314,0.10099,0.652677,-0.120486,-1.50199,0.0685648,2.28742,0.768315,0.990451,-0.0129365,0.137185,0,-0.0155547,-0.999707,0.0180301,0,0.136914,-0.0199922,-0.990381,0,0.739011,0.000729358,0.196843,1,0.101286,0.822883,-0.125988,-1.48985,0.0686447,2.30921,0.76116,0.0423737,-0.2784,0.053088,-0.0515743,-0.000166614,-0.18239,0.0856106,0,0,0,0,0,0,0,-0.386957,-46.3874,-2.00169,22.0359,0.554894,2.77879,-0.139661,0,0,0,0,0,0,0,0,0,0,0,0,0,0,0,0,0,0,0,0,0,0,0,0,0,0,-1.32077,0.253123,-1.1022,0.831498,-0.0851937,0.419603,-0.156851,4.89789,-2.03846,-0.593615,0.63225,1.87953,-1.34015,0.00890309,1
702.348,0.102676,0.643063,-0.118269,-1.50377,0.0685591,2.279,0.771269,0.990551,-0.0130624,0.136449,0,-0.015262,-0.99976,0.0150864,0,0.136222,-0.0170266,-0.990532,0,0.738012,0.00355881,0.201976,1,0.101286,0.822883,-0.125988,-1.48985,0.0686447,2.30921,0.76116,0.0473998,-0.275208,0.0727236,-0.049246,0.000136084,-0.260057,0.0757079,0,0,0,0,0,0,0,-0.172723,-46.1969,-1.74382,22.1113,0.564049,2.76872,-0.110364,0,0,0,0,0,0,0,0,0,0,0,0,0,0,0,0,0,0,0,0,0,0,0,0,0,0,-1.4168,0.243756,-1.19338,0.75479,-0.0773615,0.428174,-0.140103,4.43886,-2.13987,-0.600736,0.668611,1.71709,-1.44006,0.00891819,1
702.382,0.104373,0.633708,-0.115161,-1.50563,0.0685579,2.2689,0.773903,0.990947,-0.0121993,0.133628,0,-0.0138873,-0.999825,0.011707,0,0.133465,-0.013457,-0.990962,0,0.736556,0.00698412,0.206645,1,0.101286,0.822883,-0.125988,-1.48985,0.0686447,2.30921,0.76116,0.051957,-0.267442,0.0967483,-0.0576009,0.000801005,-0.323217,0.074936,0,0,0,0,0,0,0,-0.386957,-46.2763,-1.93028,22.1113,0.564049,2.74858,-0.0206421,0,0,0,0,0,0,0,0,0,0,0,0,0,0,0,0,0,0,0,0,0,0,0,0,0,0,-1.86247,-0.230443,-1.55806,0.932846,-0.0541733,0.461343,-0.108827,3.9065,-2.70811,0.0799501,0.896195,1.0673,-1.88151,0.00891819,1
702.416,0.106207,0.624808,-0.11161,-1.50732,0.068557,2.2555,0.777093,0.991798,-0.0113806,0.12723,0,-0.0125096,-0.999879,0.0080781,0,0.127125,-0.00960364,-0.99184,0,0.734388,0.0108043,0.210668,1,0.101286,0.822883,-0.125988,-1.48985,0.0686447,2.30921,0.76116,0.0537389,-0.260238,0.108567,-0.0520185,-0.000256768,-0.40425,0.089366,0,0,0,0,0,0,0,-0.422662,-46.1612,-1.77953,22.2224,0.58236,2.77879,-0.12959,0,0,0,0,0,0,0,0,0,0,0,0,0,0,0,0,0,0,0,0,0,0,0,0,0,0,-1.5064,-0.205797,-1.32478,0.944054,-0.0712557,0.50569,-0.107292,3.83799,-2.19918,-0.00263589,0.691689,1.06456,-1.5383,0.00891819,1
702.45,0.108257,0.616297,-0.107612,-1.50872,0.0685393,2.24045,0.77951,0.992839,-0.00912077,0.119032,0,-0.00971552,-0.999933,0.00441716,0,0.118986,-0.00554209,-0.992881,0,0.731866,0.0150718,0.21435,1,0.101286,0.822883,-0.125988,-1.48985,0.0686447,2.30921,0.76116,0.056313,-0.235687,0.130607,-0.0259307,-0.00108688,-0.466592,0.0430878,0,0,0,0,0,0,0,-0.386957,-45.8557,-1.62877,22.0756,0.654686,2.74858,0.0690795,0,0,0,0,0,0,0,0,0,0,0,0,0,0,0,0,0,0,0,0,0,0,0,0,0,0,-1.56374,-0.295638,-1.37141,0.814626,-0.0481154,0.451952,-0.0718303,2.94904,-2.23543,0.13872,0.727757,0.680654,-1.59601,0.00891819,1
702.484,0.110295,0.608573,-0.10291,-1.50934,0.0685109,2.22456,0.779892,0.993918,-0.00413052,0.109956,0,-0.00423818,-0.999981,0.000745338,0,0.109953,-0.00120684,-0.993936,0,0.729266,0.0197954,0.217739,1,0.101286,0.822883,-0.125988,-1.48985,0.0686447,2.30921,0.76116,0.0584336,-0.209009,0.14415,-0.00199049,-0.0004519,-0.487801,0.000283642,0,0,0,0,0,0,0,-0.422662,-45.9311,-1.59306,22.1113,0.699547,2.67992,-0.0105713,0,0,0,0,0,0,0,0,0,0,0,0,0,0,0,0,0,0,0,0,0,0,0,0,0,0,-1.55547,-0.235319,-1.32955,0.579484,-0.004401,0.361544,-0.0208285,2.04458,-2.16571,0.0752189,0.748615,0.445435,-1.58155,0.00891819,1
702.518,0.112645,0.601765,-0.0980822,-1.50931,0.0685154,2.20877,0.779887,0.994906,0.00180495,0.100692,0,0.00210148,-0.999984,-0.00283886,0,0.100688,0.00303606,-0.994913,0,0.726709,0.0248177,0.220799,1,0.101286,0.822883,-0.125988,-1.48985,0.0686447,2.30921,0.76116,0.0714471,-0.190102,0.133772,0.00173965,0.000262275,-0.451398,-0.00201736,0,0,0,0,0,0,0,-0.533746,-45.6653,-1.51768,21.9605,0.654686,2.63048,0.0297119,0,0,0,0,0,0,0,0,0,0,0,0,0,0,0,0,0,0,0,0,0,0,0,0,0,0,-1.34427,-0.652814,-1.16706,0.720198,0.0179583,0.344491,-0.0177352,1.41201,-1.88259,0.696908,0.698336,-0.180328,-1.37203,0.00891819,1
702.552,0.11546,0.595277,-0.0935877,-1.50925,0.068492,2.19369,0.779903,0.995727,0.00806535,0.0918893,0,0.00866472,-0.999934,-0.00612567,0,0.0918356,0.00689582,-0.99575,0,0.724202,0.0299217,0.223758,1,0.101286,0.822883,-0.125988,-1.48985,0.0686447,2.30921,0.76116,0.0864646,-0.190043,0.128679,0.000829211,-0.00186507,-0.422424,0.00306494,0,0,0,0,0,0,0,-0.315546,-45.7804,-1.25584,22.147,0.735253,2.57097,-0.110364,0,0,0,0,0,0,0,0,0,0,0,0,0,0,0,0,0,0,0,0,0,0,0,0,0,0,-1.20971,0.191056,-0.985204,0.265159,0.0317374,0.236561,-0.025062,1.92246,-1.67572,-0.420645,0.636987,0.840515,-1.2292,0.00892935,1
702.586,0.118421,0.589028,-0.0891242,-1.50924,0.0684962,2.17925,0.779895,0.996396,0.0145559,0.0834492,0,0.0153883,-0.999828,-0.00933988,0,0.0833005,0.0105906,-0.996468,0,0.721712,0.0350802,0.226613,1,0.101286,0.822883,-0.125988,-1.48985,0.0686447,2.30921,0.76116,0.0876811,-0.174057,0.133598,-0.00206241,0.000684361,-0.405711,0.00021823,0,0,0,0,0,0,0,-0.605157,-45.5503,-1.36693,22.262,0.654686,2.67992,-0.0297974,0,0,0,0,0,0,0,0,0,0,0,0,0,0,0,0,0,0,0,0,0,0,0,0,0,0,-0.913503,-0.129966,-0.741713,0.407318,0.0341891,0.236498,-0.028559,1.55753,-1.26767,0.0536512,0.519942,0.398695,-0.927064,0.00892935,1
702.62,0.121458,0.583284,-0.084509,-1.50921,0.0684984,2.16605,0.779889,0.996888,0.0213271,0.0757645,0,0.022339,-0.999662,-0.0125339,0,0.075473,0.0141877,-0.997047,0,0.719355,0.0403584,0.22926,1,0.101286,0.822883,-0.125988,-1.48985,0.0686447,2.30921,0.76116,0.0934346,-0.158807,0.134359,0.00676057,0.000235433,-0.388475,-0.00178305,0,0,0,0,0,0,0,-0.533746,-45.5503,-1.25584,21.8852,0.663842,2.35216,0.00957027,0,0,0,0,0,0,0,0,0,0,0,0,0,0,0,0,0,0,0,0,0,0,0,0,0,0,-0.861025,-0.251235,-0.720363,0.469121,0.0141802,0.234715,-0.0320586,1.47718,-1.19268,0.252564,0.481544,0.248324,-0.876149,0.00892935,1
702.653,0.124542,0.578286,-0.0799143,-1.50909,0.068501,2.15513,0.77989,0.997161,0.0281813,0.0696948,0,0.0293355,-0.999438,-0.0155931,0,0.0692175,0.0175937,-0.997446,0,0.717347,0.0456285,0.231664,1,0.101286,0.822883,-0.125988,-1.48985,0.0686447,2.30921,0.76116,0.0951809,-0.144221,0.140382,-0.000421087,-0.0001562,-0.297391,-0.00325082,0,0,0,0,0,0,0,-0.244134,-45.1337,-0.918624,22.0756,0.654686,2.48125,0.0297119,0,0,0,0,0,0,0,0,0,0,0,0,0,0,0,0,0,0,0,0,0,0,0,0,0,0,-0.822811,-0.213363,-0.655774,0.323641,0.0150862,0.146048,-0.0366545,0.982125,-1.16178,0.255283,0.49186,0.12495,-0.827582,0.00892935,1
702.687,0.127856,0.573566,-0.0751681,-1.50889,0.0684942,2.14582,0.779894,0.997243,0.0354303,0.0650585,0,0.0367149,-0.999142,-0.0186565,0,0.0643429,0.0209941,-0.997707,0,0.715597,0.0511428,0.234087,1,0.101286,0.822883,-0.125988,-1.48985,0.0686447,2.30921,0.76116,0.103534,-0.134055,0.132875,0.00803769,-0.000298916,-0.259536,-0.00194464,0,0,0,0,0,0,0,-0.533746,-45.2845,-0.994003,22.0002,0.672997,2.3723,0.00957027,0,0,0,0,0,0,0,0,0,0,0,0,0,0,0,0,0,0,0,0,0,0,0,0,0,0,-0.766181,0.0778355,-0.536163,0.115279,0.015778,0.0679883,-0.0441103,0.969761,-1.07432,-0.0956842,0.477795,0.417583,-0.748891,0.00892935,1
702.721,0.131697,0.569181,-0.0709162,-1.50876,0.0685079,2.13908,0.779898,0.99711,0.0427891,0.062617,0,0.0442042,-0.998784,-0.0213902,0,0.0616268,0.0240967,-0.997808,0,0.714258,0.0566964,0.236516,1,0.101286,0.822883,-0.125988,-1.48985,0.0686447,2.30921,0.76116,0.116386,-0.125648,0.12234,0.000128961,0.00263185,-0.147338,-0.00101877,0,0,0,0,0,0,0,-0.569452,-45.4352,-0.994003,22.1113,0.636376,2.45195,-0.0297974,0,0,0,0,0,0,0,0,0,0,0,0,0,0,0,0,0,0,0,0,0,0,0,0,0,0,-0.975777,0.159566,-0.695423,0.0821179,0.00547071,0.0415787,-0.0537299,1.17711,-1.36195,-0.150198,0.585767,0.571339,-0.955209,0.00892935,1
702.755,0.135585,0.565183,-0.0666243,-1.50878,0.0685184,2.1363,0.779909,0.996705,0.0501507,0.063593,0,0.0517686,-0.99836,-0.0240533,0,0.0622836,0.0272667,-0.997686,0,0.713583,0.0623077,0.239001,1,0.101286,0.822883,-0.125988,-1.48985,0.0686447,2.30921,0.76116,0.10743,-0.116059,0.130283,0.00493635,-0.000435012,-0.0364067,-0.00156497,0,0,0,0,0,0,0,-0.422662,-45.0544,-0.732162,22.1113,0.627221,2.343,-0.0398682,0,0,0,0,0,0,0,0,0,0,0,0,0,0,0,0,0,0,0,0,0,0,0,0,0,0,-0.737582,0.0481594,-0.546824,0.152125,-0.0148462,0.0310547,-0.0689559,1.14362,-1.04815,0.0533351,0.446759,0.4432,-0.728212,0.00892935,1
702.789,0.139445,0.561643,-0.0624871,-1.5087,0.0685116,2.13615,0.779939,0.996107,0.0572882,0.0668589,0,0.0591721,-0.997885,-0.0265436,0,0.0651981,0.0303971,-0.997409,0,0.713397,0.0678072,0.241485,1,0.101286,0.822883,-0.125988,-1.48985,0.0686447,2.30921,0.76116,0.121492,-0.096911,0.11257,0.00559528,-0.000109085,0.004828,-6.25238e-06,0,0,0,0,0,0,0,-0.533746,-45.3241,-0.732162,22.0002,0.645531,2.343,-0.100293,0,0,0,0,0,0,0,0,0,0,0,0,0,0,0,0,0,0,0,0,0,0,0,0,0,0,-0.349389,-0.0910631,-0.238869,0.196704,-0.0155826,0.0207715,-0.0824114,0.836353,-0.537739,0.249564,0.26447,0.198926,-0.340974,0.00893526,1
702.823,0.143858,0.558595,-0.0591415,-1.50826,0.068533,2.13625,0.780128,0.995452,0.0641635,0.0702834,0,0.0663069,-0.99738,-0.0285981,0,0.0682656,0.033129,-0.997117,0,0.713294,0.0731978,0.243836,1,0.101286,0.822883,-0.125988,-1.48985,0.0686447,2.30921,0.76116,0.133747,-0.0889144,0.081869,0.0127049,-0.000375236,0.000307528,0.0101323,0,0,0,0,0,0,0,-0.605157,-44.9433,-0.732162,22.1113,0.58236,2.40251,-0.12959,0,0,0,0,0,0,0,0,0,0,0,0,0,0,0,0,0,0,0,0,0,0,0,0,0,0,-0.324326,0.032358,-0.168823,0.0485958,-0.0302332,0.0120306,-0.105602,0.451414,-0.553077,-0.0105571,0.273808,0.196933,-0.297847,0.00893526,1
702.857,0.148614,0.556012,-0.0564274,-1.50771,0.0685618,2.13628,0.781456,0.994861,0.0697318,0.0732772,0,0.0721129,-0.996925,-0.0303631,0,0.0709359,0.035492,-0.996849,0,0.713142,0.0784197,0.245913,1,0.101286,0.822883,-0.125988,-1.48985,0.0686447,2.30921,0.76116,0.133451,-0.0685035,0.0797635,0.0116259,0.00147643,0.00164316,0.0558596,0,0,0,0,0,0,0,-0.533746,-44.9433,-0.696456,22.1113,0.537499,2.39244,-0.190015,0,0,0,0,0,0,0,0,0,0,0,0,0,0,0,0,0,0,0,0,0,0,0,0,0,0,-0.367544,-0.573459,-0.17205,0.448879,-0.066331,0.0906794,-0.142095,0.452899,-0.647559,0.845412,0.376733,-0.403292,-0.320277,0.00893526,1
702.891,0.153469,0.553838,-0.0539422,-1.50738,0.0687456,2.13628,0.784502,0.994424,0.0734144,0.0755711,0,0.0760228,-0.996575,-0.0322334,0,0.0729473,0.0377995,-0.996619,0,0.712847,0.083567,0.247596,1,0.101286,0.822883,-0.125988,-1.48985,0.0686447,2.30921,0.76116,0.140203,-0.057601,0.0746267,0.00340585,0.010343,0.00088404,0.117459,0,0,0,0,0,0,0,-0.498041,-44.9036,-0.621078,22.147,0.519188,2.39244,-0.229382,0,0,0,0,0,0,0,0,0,0,0,0,0,0,0,0,0,0,0,0,0,0,0,0,0,0,-0.331217,-0.380401,-0.138776,0.431982,-0.127055,0.104839,-0.195581,0.974784,-0.602018,0.609682,0.311986,-0.0412636,-0.276779,0.00893526,1
702.925,0.158381,0.552097,-0.0514742,-1.50731,0.068853,2.13629,0.790817,0.994273,0.073919,0.0770587,0,0.076735,-0.996454,-0.0342419,0,0.0742557,0.0399596,-0.996438,0,0.712393,0.0887127,0.248845,1,0.101286,0.822883,-0.125988,-1.48985,0.0686447,2.30921,0.76116,0.145892,-0.0423923,0.0738841,0.00474793,-0.000224394,0.0010965,0.244191,0,0,0,0,0,0,0,-0.605157,-44.8282,-0.660751,22.0359,0.554894,2.39244,-0.219312,0,0,0,0,0,0,0,0,0,0,0,0,0,0,0,0,0,0,0,0,0,0,0,0,0,0,-0.626163,-0.36994,-0.361535,0.412299,-0.138319,0.0975424,-0.245403,1.00889,-1.08514,0.597636,0.523655,-0.0109828,-0.570823,0.00893526,1
702.959,0.163426,0.55092,-0.0489512,-1.50714,0.0688504,2.13633,0.802772,0.994558,0.0690453,0.0778972,0,0.0720613,-0.996719,-0.0365916,0,0.0751166,0.0420066,-0.99629,0,0.711876,0.0939695,0.249746,1,0.101286,0.822883,-0.125988,-1.48985,0.0686447,2.30921,0.76116,0.147224,-0.026045,0.0714628,0.00544875,-0.000331858,0.00127185,0.396119,0,0,0,0,0,0,0,-0.498041,-44.9433,-0.434615,22.1113,0.573204,2.38237,-0.239453,0,0,0,0,0,0,0,0,0,0,0,0,0,0,0,0,0,0,0,0,0,0,0,0,0,0,-0.695979,-0.551241,-0.435942,0.45414,-0.131583,0.0955541,-0.248744,0.653481,-1.23443,0.824193,0.607719,-0.307194,-0.648278,0.00893526,1
702.993,0.168869,0.55027,-0.0468601,-1.50704,0.0688581,2.13639,0.815738,0.99493,0.063208,0.0781052,0,0.0663849,-0.997031,-0.0387677,0,0.0754243,0.043757,-0.996191,0,0.711259,0.0992155,0.250242,1,0.101286,0.822883,-0.125988,-1.48985,0.0686447,2.30921,0.76116,0.170994,-0.00928119,0.0519177,-0.000104573,-8.97708e-05,0.00212679,0.384086,0,0,0,0,0,0,0,-0.422662,-44.9433,-0.434615,22.1113,0.537499,2.39244,-0.0700806,0,0,0,0,0,0,0,0,0,0,0,0,0,0,0,0,0,0,0,0,0,0,0,0,0,0,-0.910297,-0.823081,-0.578271,0.580984,-0.118077,0.112535,-0.185082,0.456851,-1.45829,1.19884,0.737403,-0.638008,-0.844989,0.00893526,1
703.027,0.174833,0.55014,-0.0452367,-1.50699,0.0688565,2.13651,0.828128,0.995264,0.0580952,0.0778193,0,0.061387,-0.997278,-0.0405974,0,0.0752504,0.0451831,-0.99614,0,0.710549,0.104515,0.250354,1,0.101286,0.822883,-0.125988,-1.48985,0.0686447,2.30921,0.76116,0.17669,0.00199532,0.0411867,0.00298634,0.000284821,0.00427444,0.338928,0,0,0,0,0,0,0,-0.605157,-45.1337,-0.585372,22.147,0.546654,2.36223,-0.0600098,0,0,0,0,0,0,0,0,0,0,0,0,0,0,0,0,0,0,0,0,0,0,0,0,0,0,-1.13479,-0.51557,-0.710997,0.360092,-0.111725,0.0789325,-0.128202,0.425041,-1.68293,0.742107,0.790882,-0.338954,-1.04855,0.00893526,1
703.061,0.181119,0.550303,-0.043689,-1.50711,0.0688648,2.13663,0.83966,0.995547,0.0540936,0.077075,0,0.0574696,-0.997442,-0.0422772,0,0.0745923,0.0465193,-0.996128,0,0.709694,0.109976,0.250175,1,0.101286,0.822883,-0.125988,-1.48985,0.0686447,2.30921,0.76116,0.184085,0.011702,0.0477574,-0.00963254,-0.000368516,-0.000422678,0.326448,0,0,0,0,0,0,0,-0.498041,-46.0462,-0.39891,22.5596,0.528344,2.44188,-0.110364,0,0,0,0,0,0,0,0,0,0,0,0,0,0,0,0,0,0,0,0,0,0,0,0,0,0,-1.1541,-0.904812,-0.746814,0.573528,-0.121164,0.110057,-0.0771658,0.2213,-1.65946,1.29227,0.805266,-0.797506,-1.06424,0.00894183,1
703.095,0.18729,0.550572,-0.0419214,-1.50753,0.0688917,2.13662,0.848263,0.995694,0.053072,0.0758846,0,0.0565029,-0.997431,-0.043802,0,0.0733664,0.047902,-0.996154,0,0.708661,0.115471,0.249757,1,0.101286,0.822883,-0.125988,-1.48985,0.0686447,2.30921,0.76116,0.178501,0.0131737,0.0611698,-0.0117438,-0.000453234,-0.000718071,0.21419,0,0,0,0,0,0,0,-0.458368,-46.1216,-0.470321,22.5239,0.546654,2.47118,0.00957027,0,0,0,0,0,0,0,0,0,0,0,0,0,0,0,0,0,0,0,0,0,0,0,0,0,0,-0.95219,-0.648275,-0.643607,0.512792,-0.144573,0.116246,-0.0576968,0.68083,-1.27654,0.968107,0.567249,-0.40421,-0.877822,0.00894183,1
703.129,0.193075,0.551017,-0.0396388,-1.50795,0.0688982,2.13661,0.853706,0.99567,0.055252,0.0746236,0,0.0587341,-0.997236,-0.0453009,0,0.0719157,0.0494886,-0.996182,0,0.707565,0.121013,0.249218,1,0.101286,0.822883,-0.125988,-1.48985,0.0686447,2.30921,0.76116,0.161301,0.0196593,0.0773645,-0.0104265,0.00320673,-0.000638462,0.136182,0,0,0,0,0,0,0,-0.498041,-46.0462,-0.359237,22.4842,0.500878,2.48125,-0.0206421,0,0,0,0,0,0,0,0,0,0,0,0,0,0,0,0,0,0,0,0,0,0,0,0,0,0,-0.526425,-0.76376,-0.388731,0.501128,-0.140512,0.118755,-0.0218139,0.0838216,-0.723199,1.0582,0.314995,-0.734643,-0.479631,0.00894183,1
703.163,0.19871,0.55171,-0.0367668,-1.50823,0.0689597,2.13661,0.857163,0.995512,0.0597161,0.0732892,0,0.0632568,-0.996881,-0.0469782,0,0.0702566,0.0514043,-0.996204,0,0.706395,0.12683,0.248561,1,0.101286,0.822883,-0.125988,-1.48985,0.0686447,2.30921,0.76116,0.166971,0.0284413,0.0897665,-0.0052857,0.00592033,-0.000406844,0.080874,0,0,0,0,0,0,0,-0.569452,-46.1216,-0.359237,22.5596,0.474327,2.47118,-0.110364,0,0,0,0,0,0,0,0,0,0,0,0,0,0,0,0,0,0,0,0,0,0,0,0,0,0,-1.02941,-1.03653,-0.771343,0.609817,-0.162258,0.143606,-0.0310169,-0.120414,-1.48373,1.40154,0.662424,-1.06217,-0.970091,0.00894183,1
703.197,0.204548,0.552751,-0.0335513,-1.5083,0.0693554,2.1366,0.859968,0.995281,0.0651416,0.071778,0,0.0687533,-0.996418,-0.0490494,0,0.068327,0.053754,-0.996214,0,0.705134,0.133051,0.247756,1,0.101286,0.822883,-0.125988,-1.48985,0.0686447,2.30921,0.76116,0.175058,0.0346091,0.0958019,-0.00247897,0.00906294,0.00182996,0.08945,0,0,0,0,0,0,0,-0.458368,-46.1216,-0.359237,22.5993,0.474327,2.48125,-0.159802,0,0,0,0,0,0,0,0,0,0,0,0,0,0,0,0,0,0,0,0,0,0,0,0,0,0,-1.39871,-0.907065,-1.01362,0.484112,-0.19347,0.128336,-0.0811438,-0.19957,-2.09009,1.17667,0.901,-0.948697,-1.31991,0.00894183,1
703.231,0.210661,0.554134,-0.0303063,-1.50832,0.0699632,2.1366,0.863359,0.995071,0.0701733,0.0699324,0,0.0738412,-0.995939,-0.0513207,0,0.0660484,0.0562327,-0.996231,0,0.703761,0.139498,0.246737,1,0.101286,0.822883,-0.125988,-1.48985,0.0686447,2.30921,0.76116,0.181458,0.0426453,0.100998,0.000276979,0.0169402,-0.000640494,0.100862,0,0,0,0,0,0,0,-0.640863,-46.2763,-0.359237,22.4485,0.500878,2.46202,-0.179944,0,0,0,0,0,0,0,0,0,0,0,0,0,0,0,0,0,0,0,0,0,0,0,0,0,0,-1.39177,-1.04059,-1.01613,0.534168,-0.204103,0.143346,-0.141754,-0.385251,-2.21478,1.32352,0.99001,-1.1371,-1.32108,0.00894446,1
703.265,0.216668,0.555822,-0.0264203,-1.50831,0.0703219,2.13663,0.867669,0.994882,0.0748411,0.067751,0,0.0785429,-0.995452,-0.0537293,0,0.0634229,0.0587767,-0.996254,0,0.702251,0.146233,0.245518,1,0.101286,0.822883,-0.125988,-1.48985,0.0686447,2.30921,0.76116,0.175292,0.0552633,0.116389,-0.000724491,0.00388614,0.00109712,0.140966,0,0,0,0,0,0,0,-0.498041,-46.3517,-0.0220177,22.4088,0.510033,2.36223,-0.120435,0,0,0,0,0,0,0,0,0,0,0,0,0,0,0,0,0,0,0,0,0,0,0,0,0,0,-1.01924,-1.31506,-0.749101,0.591275,-0.179107,0.12727,-0.15604,-1.07082,-1.85849,1.67469,0.915858,-1.63694,-0.967382,0.00894446,1
703.299,0.222949,0.557856,-0.0224174,-1.50828,0.0703366,2.13669,0.874313,0.994832,0.0777388,0.0651664,0,0.0814278,-0.995095,-0.0560017,0,0.0604944,0.0610198,-0.996302,0,0.700607,0.153171,0.244065,1,0.101286,0.822883,-0.125988,-1.48985,0.0686447,2.30921,0.76116,0.193896,0.0653193,0.113372,-0.000329641,-0.000222921,0.00819459,0.253999,0,0,0,0,0,0,0,-0.74798,-46.427,-0.283859,22.2224,0.528344,2.35216,-0.190015,0,0,0,0,0,0,0,0,0,0,0,0,0,0,0,0,0,0,0,0,0,0,0,0,0,0,-1.22275,-1.25833,-0.814415,0.47142,-0.160978,0.0723539,-0.166282,-1.33189,-2.22064,1.6057,1.1146,-1.64763,-1.14178,0.00894446,1
703.333,0.23006,0.560374,-0.0188515,-1.50818,0.070354,2.13725,0.884278,0.995001,0.0777798,0.0624771,0,0.0814329,-0.994967,-0.0582227,0,0.0576352,0.0630205,-0.996347,0,0.698901,0.160403,0.242354,1,0.101286,0.822883,-0.125988,-1.48985,0.0686447,2.30921,0.76116,0.216593,0.0788104,0.097042,0.00144948,0.00420478,0.0199267,0.304606,0,0,0,0,0,0,0,-0.533746,-46.5778,-0.0616905,22.147,0.500878,2.343,-0.269666,0,0,0,0,0,0,0,0,0,0,0,0,0,0,0,0,0,0,0,0,0,0,0,0,0,0,-1.69981,-1.63097,-1.0831,0.480083,-0.156981,0.0420808,-0.190885,-2.27026,-3.14755,2.05586,1.61679,-2.29658,-1.5813,0.00894446,1
703.367,0.237702,0.563461,-0.0157885,-1.50801,0.0703568,2.13796,0.895614,0.995283,0.076585,0.059389,0,0.0801493,-0.994956,-0.0601551,0,0.0544836,0.0646326,-0.996421,0,0.69711,0.167663,0.240293,1,0.101286,0.822883,-0.125988,-1.48985,0.0686447,2.30921,0.76116,0.223878,0.0961288,0.0822045,0.00633703,9.41714e-05,0.0164047,0.369098,0,0,0,0,0,0,0,-0.640863,-46.427,-0.0973961,22.0359,0.519188,2.30272,-0.149731,0,0,0,0,0,0,0,0,0,0,0,0,0,0,0,0,0,0,0,0,0,0,0,0,0,0,-0.969284,-2.04684,-0.527697,0.578556,-0.148624,0.0494867,-0.193052,-3.37185,-2.38061,2.55141,1.40087,-3.08056,-0.863734,0.00894446,1
703.401,0.245319,0.566949,-0.0130728,-1.50779,0.0703598,2.13841,0.908493,0.99573,0.073571,0.0555888,0,0.0769776,-0.995103,-0.0618515,0,0.050767,0.0658678,-0.996536,0,0.695221,0.174649,0.237942,1,0.101286,0.822883,-0.125988,-1.48985,0.0686447,2.30921,0.76116,0.218985,0.103277,0.0767015,0.0021656,0.000661606,0.0135468,0.40027,0,0,0,0,0,0,0,-0.569452,-46.8079,0.0136879,22.147,0.492638,2.26335,-0.279736,0,0,0,0,0,0,0,0,0,0,0,0,0,0,0,0,0,0,0,0,0,0,0,0,0,0,-0.10588,-1.42284,0.0933535,0.306213,-0.138333,0.0167918,-0.192321,-3.00937,-1.09502,1.70512,0.752095,-2.37133,-0.0301888,0.00894446,1
703.434,0.252731,0.570601,-0.0105873,-1.50779,0.0703933,2.13879,0.924348,0.996418,0.0671944,0.0511487,0,0.0703892,-0.995489,-0.0634579,0,0.0466549,0.0668322,-0.996673,0,0.693234,0.181305,0.235368,1,0.101286,0.822883,-0.125988,-1.48985,0.0686447,2.30921,0.76116,0.23159,0.116575,0.0715103,-0.00160968,-0.000428169,0.00878563,0.51879,0,0,0,0,0,0,0,-0.605157,-46.6928,0.0890663,22.2224,0.492638,2.33293,-0.379529,0,0,0,0,0,0,0,0,0,0,0,0,0,0,0,0,0,0,0,0,0,0,0,0,0,0,-0.55219,-1.82293,-0.241136,0.523177,-0.163347,0.033573,-0.241647,-2.99273,-1.84187,2.31076,1.15717,-2.73834,-0.469388,0.00894446,1
703.468,0.260722,0.57479,-0.00853946,-1.50761,0.0703887,2.1393,0.94324,0.997231,0.0580301,0.0462958,0,0.0609672,-0.996026,-0.0647764,0,0.0423536,0.0674208,-0.996825,0,0.691169,0.188062,0.232506,1,0.101286,0.822883,-0.125988,-1.48985,0.0686447,2.30921,0.76116,0.247365,0.128597,0.0495873,0.0127545,0.000625907,0.0164588,0.558312,0,0,0,0,0,0,0,-0.533746,-46.8476,0.164445,21.8494,0.537499,2.23406,-0.229382,0,0,0,0,0,0,0,0,0,0,0,0,0,0,0,0,0,0,0,0,0,0,0,0,0,0,-0.278459,-1.65078,-0.0304475,0.310717,-0.149437,-0.0237726,-0.218955,-3.54044,-1.58817,2.05379,1.02201,-2.75555,-0.200165,0.00894446,1
703.502,0.268976,0.5796,-0.00746715,-1.50706,0.0703833,2.14067,0.962785,0.997969,0.0476278,0.0420744,0,0.0503245,-0.99657,-0.0655462,0,0.0388091,0.0675318,-0.996962,0,0.689373,0.194409,0.229456,1,0.101286,0.822883,-0.125988,-1.48985,0.0686447,2.30921,0.76116,0.240741,0.146856,0.0162512,0.0181938,-6.29505e-05,0.0506937,0.57143,0,0,0,0,0,0,0,-0.458368,-46.7325,0.275529,21.8137,0.573204,2.16447,-0.149731,0,0,0,0,0,0,0,0,0,0,0,0,0,0,0,0,0,0,0,0,0,0,0,0,0,0,0.298747,-1.65548,0.420241,0.168428,-0.117417,-0.0905484,-0.174895,-4.40271,-0.955068,2.06842,0.790031,-3.05302,0.370642,0.00894446,1
703.536,0.277635,0.584998,-0.00723618,-1.50631,0.0703809,2.143,0.981688,0.998541,0.0375168,0.0385811,0,0.0400025,-0.99702,-0.0658115,0,0.0359978,0.0672602,-0.997086,0,0.687782,0.200527,0.226179,1,0.101286,0.822883,-0.125988,-1.48985,0.0686447,2.30921,0.76116,0.265077,0.170017,0.00546095,0.0241855,0.0013627,0.0770147,0.52657,0,0,0,0,0,0,0,-0.787652,-47.038,0.0890663,21.7384,0.546654,2.1837,-0.0902222,0,0,0,0,0,0,0,0,0,0,0,0,0,0,0,0,0,0,0,0,0,0,0,0,0,0,-0.523036,-1.77371,-0.142676,0.149733,-0.0973339,-0.114788,-0.138364,-4.49522,-2.15282,2.26628,1.32878,-3.1665,-0.418043,0.00894446,1
703.57,0.286531,0.591116,-0.00719925,-1.50537,0.0703602,2.14594,0.997973,0.998913,0.030068,0.0353576,0,0.0323467,-0.997302,-0.0657465,0,0.033286,0.06682,-0.99721,0,0.686209,0.206687,0.222525,1,0.101286,0.822883,-0.125988,-1.48985,0.0686447,2.30921,0.76116,0.257976,0.192919,0.000445524,0.0361618,0.000325659,0.0823633,0.431576,0,0,0,0,0,0,0,-0.386957,-47.0737,0.20015,21.5876,0.618065,2.12419,-0.0105713,0,0,0,0,0,0,0,0,0,0,0,0,0,0,0,0,0,0,0,0,0,0,0,0,0,0,-0.441968,-1.94046,-0.123447,0.148969,-0.0612976,-0.12927,-0.0431781,-5.0401,-2.10502,2.51268,1.33459,-3.51435,-0.349781,0.00894708,1
703.604,0.295066,0.597982,-0.00720046,-1.50401,0.0703555,2.14862,1.00857,0.99909,0.0279141,0.0319604,0,0.0299547,-0.997409,-0.0652582,0,0.0300565,0.0661574,-0.997356,0,0.684647,0.212564,0.218507,1,0.101286,0.822883,-0.125988,-1.48985,0.0686447,2.30921,0.76116,0.249599,0.206812,-0.000141548,0.0437985,-0.000242571,0.0816978,0.243609,0,0,0,0,0,0,0,-0.351251,-47.3435,0.235856,21.7384,0.627221,2.10497,0.119434,0,0,0,0,0,0,0,0,0,0,0,0,0,0,0,0,0,0,0,0,0,0,0,0,0,0,0.0963565,-2.32226,0.202666,0.3009,-0.0273498,-0.122947,0.0104738,-5.68949,-1.5038,3.0802,1.19036,-4.11223,0.150804,0.00894708,1
703.638,0.303572,0.605615,-0.00719751,-1.50203,0.0703307,2.15223,1.01396,0.999073,0.03088,0.0296845,0,0.0327496,-0.997357,-0.064708,0,0.0276084,0.0656214,-0.997463,0,0.683314,0.218482,0.214316,1,0.101286,0.822883,-0.125988,-1.48985,0.0686447,2.30921,0.76116,0.252535,0.228796,-0.000370134,0.0621601,-0.000252261,0.127184,0.0745656,0,0,0,0,0,0,0,-0.640863,-47.2641,0.235856,21.6273,0.672997,2.07475,0.158801,0,0,0,0,0,0,0,0,0,0,0,0,0,0,0,0,0,0,0,0,0,0,0,0,0,0,-0.361563,-2.01706,-0.130536,0.0638369,-0.00286086,-0.189805,0.0714467,-5.62477,-2.11433,2.72391,1.35144,-3.78408,-0.294413,0.00894708,1
703.672,0.312036,0.6138,-0.00721125,-1.49995,0.0703273,2.15766,1.0143,0.998818,0.038704,0.0290675,0,0.0405084,-0.997099,-0.0642922,0,0.0264953,0.065395,-0.997508,0,0.682248,0.224427,0.209941,1,0.101286,0.822883,-0.125988,-1.48985,0.0686447,2.30921,0.76116,0.241119,0.250574,0.000863885,0.0577145,9.53218e-05,0.191908,0.00160943,0,0,0,0,0,0,0,-0.386957,-47.645,0.350907,21.6987,0.645531,2.13426,-0.0297974,0,0,0,0,0,0,0,0,0,0,0,0,0,0,0,0,0,0,0,0,0,0,0,0,0,0,-0.0654788,-2.3694,0.110147,0.321626,0.0290912,-0.170652,0.0782883,-5.52366,-1.69787,3.32096,1.35035,-4.07603,-0.00349526,0.00894708,1
703.706,0.319958,0.622848,-0.00723174,-1.49786,0.0703041,2.16524,1.0143,0.99848,0.0461983,0.0297423,0,0.048029,-0.996777,-0.0641019,0,0.0266855,0.0654342,-0.9975,0,0.681556,0.230062,0.205152,1,0.101286,0.822883,-0.125988,-1.48985,0.0686447,2.30921,0.76116,0.229069,0.273998,0.000912077,0.0694963,-0.000504304,0.228297,0.00146661,0,0,0,0,0,0,0,-0.27984,-47.9505,0.497697,21.4011,0.735253,1.91637,-0.0398682,0,0,0,0,0,0,0,0,0,0,0,0,0,0,0,0,0,0,0,0,0,0,0,0,0,0,0.51177,-2.38826,0.568082,0.313267,0.028637,-0.202452,0.0225308,-5.78167,-1.07099,3.42052,1.17438,-4.17054,0.565505,0.00894708,1
703.74,0.327275,0.632692,-0.00724627,-1.49472,0.0701359,2.17318,1.01429,0.998093,0.053169,0.0310493,0,0.0550691,-0.996424,-0.0639375,0,0.0275393,0.0655267,-0.997471,0,0.681237,0.235361,0.2003,1,0.101286,0.822883,-0.125988,-1.48985,0.0686447,2.30921,0.76116,0.203817,0.291763,-0.00215191,0.104064,-0.00480187,0.24471,-0.000841574,0,0,0,0,0,0,0,-0.208429,-47.76,0.612748,21.5876,0.781029,2.02531,0.0498535,0,0,0,0,0,0,0,0,0,0,0,0,0,0,0,0,0,0,0,0,0,0,0,0,0,0,0.630324,-1.5024,0.678929,-0.228322,0.066644,-0.331912,0.00428648,-5.61271,-0.925339,2.2651,0.91194,-3.25113,0.676197,0.00895102,1
703.774,0.333974,0.643006,-0.00724251,-1.491,0.069837,2.18371,1.0143,0.997609,0.0594257,0.0350113,0,0.0615873,-0.996019,-0.0642909,0,0.031052,0.0662947,-0.997317,0,0.681629,0.240413,0.195621,1,0.101286,0.822883,-0.125988,-1.48985,0.0686447,2.30921,0.76116,0.188616,0.312618,0.00124029,0.105233,-0.00283178,0.351668,-0.000154902,0,0,0,0,0,0,0,-0.27984,-47.9901,0.497697,21.4369,0.672997,1.95573,-0.00050053,0,0,0,0,0,0,0,0,0,0,0,0,0,0,0,0,0,0,0,0,0,0,0,0,0,0,0.95043,-1.58853,0.96035,-0.243293,0.0905317,-0.361734,-0.00410589,-6.04676,-0.659158,2.44874,0.899589,-3.45971,0.99804,0.00895102,1
703.808,0.339985,0.653857,-0.00727638,-1.48695,0.0698463,2.19615,1.01431,0.997072,0.064671,0.0405631,0,0.0672294,-0.995592,-0.0652461,0,0.0361655,0.0677835,-0.997044,0,0.68252,0.245126,0.190885,1,0.101286,0.822883,-0.125988,-1.48985,0.0686447,2.30921,0.76116,0.165132,0.328087,-0.000186305,0.127143,-0.000324024,0.401851,-0.00101362,0,0,0,0,0,0,0,-0.208429,-48.2163,0.684159,21.3258,0.672997,2.00609,-0.0398682,0,0,0,0,0,0,0,0,0,0,0,0,0,0,0,0,0,0,0,0,0,0,0,0,0,0,1.11345,-1.58952,1.09926,-0.234871,0.0454503,-0.363321,-0.0330251,-6.06393,-0.501798,2.49894,0.846857,-3.4656,1.17105,0.00895102,1
703.842,0.345269,0.665082,-0.00730702,-1.48225,0.0698432,2.21132,1.01432,0.996401,0.0690034,0.0490287,0,0.0722065,-0.995135,-0.0668778,0,0.0441763,0.0701787,-0.996556,0,0.684209,0.249552,0.186446,1,0.101286,0.822883,-0.125988,-1.48985,0.0686447,2.30921,0.76116,0.140168,0.33674,0.000347263,0.147645,-1.12448e-05,0.453937,0.0016691,0,0,0,0,0,0,0,-0.172723,-48.7122,0.612748,21.5122,0.654686,2.02531,-0.120435,0,0,0,0,0,0,0,0,0,0,0,0,0,0,0,0,0,0,0,0,0,0,0,0,0,0,1.27477,-1.01098,1.26826,-0.637203,0.0460754,-0.459395,-0.0445569,-6.26784,-0.389679,1.75482,0.662646,-2.97079,1.34284,0.00895102,1
703.876,0.349772,0.676897,-0.0073624,-1.47685,0.0698695,2.22821,1.01444,0.995613,0.072279,0.0592514,0,0.0763143,-0.994688,-0.0689343,0,0.0539552,0.073155,-0.99586,0,0.686499,0.253583,0.182072,1,0.101286,0.822883,-0.125988,-1.48985,0.0686447,2.30921,0.76116,0.119594,0.351272,-0.000819739,0.167708,-0.000422662,0.510103,0.0121883,0,0,0,0,0,0,0,-0.244134,-48.7519,0.723832,21.1393,0.591515,2.07475,-0.149731,0,0,0,0,0,0,0,0,0,0,0,0,0,0,0,0,0,0,0,0,0,0,0,0,0,0,1.5052,-1.19201,1.38128,-0.519507,-0.00355827,-0.410345,-0.084046,-6.41761,-0.202097,2.00484,0.625885,-3.20324,1.55777,0.00895102,1
703.91,0.353516,0.688693,-0.00736776,-1.47111,0.0698821,2.24635,1.01494,0.994693,0.0743314,0.0709996,0,0.0793975,-0.994272,-0.0714158,0,0.0652857,0.0766755,-0.994916,0,0.689251,0.257236,0.17801,1,0.101286,0.822883,-0.125988,-1.48985,0.0686447,2.30921,0.76116,0.0980117,0.344296,5.20482e-05,0.177498,-0.000250631,0.541219,0.0205216,0,0,0,0,0,0,0,-0.244134,-49.0931,0.612748,21.175,0.564049,1.877,-0.179944,0,0,0,0,0,0,0,0,0,0,0,0,0,0,0,0,0,0,0,0,0,0,0,0,0,0,1.37151,-0.115612,1.27144,-0.99488,-0.0518638,-0.443324,-0.114056,-5.45683,-0.118216,0.466482,0.217926,-1.87538,1.42951,0.00895102,1
703.944,0.356649,0.700629,-0.00737555,-1.46457,0.0699598,2.26468,1.01652,0.993706,0.074601,0.0834496,0,0.0808552,-0.993946,-0.0742598,0,0.0774061,0.0805413,-0.993741,0,0.692356,0.260571,0.174249,1,0.101286,0.822883,-0.125988,-1.48985,0.0686447,2.30921,0.76116,0.0785026,0.342804,-0.00130074,0.189057,0.000366591,0.543759,0.0709534,0,0,0,0,0,0,0,-0.208429,-49.2835,0.723832,21.2147,0.510033,2.10497,-0.149731,0,0,0,0,0,0,0,0,0,0,0,0,0,0,0,0,0,0,0,0,0,0,0,0,0,0,1.29204,-0.128515,1.1751,-0.882666,-0.106844,-0.380944,-0.152437,-4.99116,-0.140424,0.459279,0.197387,-1.74396,1.34814,0.0091211,1
703.978,0.358966,0.71193,-0.00738492,-1.45849,0.0699743,2.28272,1.01987,0.992776,0.0723083,0.095648,0,0.0798249,-0.993802,-0.0772421,0,0.0894716,0.0843208,-0.992414,0,0.695496,0.263291,0.170723,1,0.101286,0.822883,-0.125988,-1.48985,0.0686447,2.30921,0.76116,0.0556073,0.313299,0.002103,0.167516,0.000880034,0.530773,0.101755,0,0,0,0,0,0,0,-0.386957,-49.1684,0.537369,21.2147,0.510033,2.07475,-0.149731,0,0,0,0,0,0,0,0,0,0,0,0,0,0,0,0,0,0,0,0,0,0,0,0,0,0,1.61067,0.579016,1.40301,-0.950171,-0.132075,-0.338676,-0.176493,-3.38846,0.86369,-0.589187,-0.379444,-0.544833,1.6625,0.0091211,1
704.012,0.360796,0.722541,-0.00739972,-1.45214,0.0699783,2.29996,1.0239,0.991766,0.0688456,0.10789,0,0.0777314,-0.993714,-0.0804385,0,0.101676,0.0881644,-0.990903,0,0.698739,0.265688,0.167759,1,0.101286,0.822883,-0.125988,-1.48985,0.0686447,2.30921,0.76116,0.0467542,0.304522,-0.000735258,0.187812,0.000718699,0.514432,0.140909,0,0,0,0,0,0,0,-0.172723,-49.3232,0.612748,21.0639,0.474327,2.30272,-0.200085,0,0,0,0,0,0,0,0,0,0,0,0,0,0,0,0,0,0,0,0,0,0,0,0,0,0,0.787734,1.00565,0.821136,-1.27476,-0.114199,-0.354232,-0.167023,-3.39912,-0.337553,-1.22704,-0.109624,-0.141342,0.854681,0.0091211,1
704.046,0.362378,0.732471,-0.00738316,-1.44551,0.0700359,2.31569,1.03033,0.990855,0.0627972,0.119347,0,0.0730988,-0.993772,-0.0839915,0,0.113331,0.0919493,-0.989293,0,0.701899,0.267919,0.165288,1,0.101286,0.822883,-0.125988,-1.48985,0.0686447,2.30921,0.76116,0.0464036,0.27793,0.001203,0.199259,0.00128316,0.435447,0.256126,0,0,0,0,0,0,0,-0.172723,-49.5136,0.422318,21.4765,0.411156,2.44188,-0.249524,0,0,0,0,0,0,0,0,0,0,0,0,0,0,0,0,0,0,0,0,0,0,0,0,0,0,0.383808,1.29348,0.471961,-1.42011,-0.147916,-0.286322,-0.193064,-3.26375,-0.912836,-1.75959,-0.0699293,0.154142,0.445789,0.0091211,1
704.078,0.36368,0.740787,-0.00740153,-1.4389,0.0701197,2.32794,1.04114,0.990317,0.0522722,0.128532,0,0.0638736,-0.994073,-0.087859,0,0.12318,0.0952199,-0.987806,0,0.704687,0.269829,0.163627,1,0.101286,0.822883,-0.125988,-1.48985,0.0686447,2.30921,0.76116,0.0387439,0.242226,-0.00676245,0.208856,0.00385372,0.318215,0.365782,0,0,0,0,0,0,0,-0.13305,-49.8548,0.684159,21.2147,0.437706,2.39244,-0.269666,0,0,0,0,0,0,0,0,0,0,0,0,0,0,0,0,0,0,0,0,0,0,0,0,0,0,0.128269,1.95948,0.250465,-1.53736,-0.182431,-0.248375,-0.246073,-1.75735,-0.803292,-2.78753,-0.37184,1.26789,0.184446,0.0091211,1
704.113,0.364842,0.748988,-0.00740861,-1.4321,0.0703608,2.338,1.05709,0.990118,0.0365598,0.135313,0,0.0493325,-0.994501,-0.0922773,0,0.131198,0.0980427,-0.986496,0,0.707142,0.271564,0.161891,1,0.101286,0.822883,-0.125988,-1.48985,0.0686447,2.30921,0.76116,0.0297404,0.220835,-0.000387106,0.179083,0.0119379,0.254203,0.526309,0,0,0,0,0,0,0,-0.172723,-49.7794,0.648453,21.2901,0.411156,2.48125,-0.279736,0,0,0,0,0,0,0,0,0,0,0,0,0,0,0,0,0,0,0,0,0,0,0,0,0,0,0.564181,0.824285,0.574243,-0.81449,-0.199183,-0.0786961,-0.28669,-1.9659,-0.315184,-1.27152,-0.112489,0.144635,0.615848,0.0091211,1
704.147,0.365812,0.756062,-0.00740013,-1.42579,0.0705835,2.34409,1.07826,0.990251,0.0158197,0.138324,0,0.029408,-0.994864,-0.0967501,0,0.136086,0.0998767,-0.98565,0,0.708908,0.27296,0.160303,1,0.101286,0.822883,-0.125988,-1.48985,0.0686447,2.30921,0.76116,0.0261408,0.198636,-0.000220627,0.193409,0.0024514,0.112486,0.688063,0,0,0,0,0,0,0,-0.27984,-49.8944,0.573075,21.175,0.446862,2.48125,-0.229382,0,0,0,0,0,0,0,0,0,0,0,0,0,0,0,0,0,0,0,0,0,0,0,0,0,0,0.171436,0.862661,0.295098,-0.862384,-0.217704,-0.0316745,-0.316164,-2.0331,-0.950136,-1.40178,0.0735431,0.153834,0.231313,0.0091211,1
704.181,0.366639,0.762176,-0.00739388,-1.4196,0.0706158,2.34548,1.10297,0.990492,-0.00806927,0.13726,0,0.00583434,-0.994901,-0.10059,0,0.137375,0.100436,-0.985414,0,0.709943,0.274019,0.158808,1,0.101286,0.822883,-0.125988,-1.48985,0.0686447,2.30921,0.76116,0.0233569,0.173497,0.000173147,0.181075,0.00113891,-0.0113803,0.74569,0,0,0,0,0,0,0,-0.27984,-50.0095,0.497697,21.5122,0.38369,2.5902,-0.159802,0,0,0,0,0,0,0,0,0,0,0,0,0,0,0,0,0,0,0,0,0,0,0,0,0,0,-0.102841,1.04069,0.107619,-0.848959,-0.20721,0.029202,-0.275991,-1.42073,-1.05058,-1.74415,0.0309803,0.51951,-0.0330663,0.0091211,1
704.215,0.367535,0.767399,-0.00736011,-1.41384,0.0706309,2.3449,1.12986,0.990332,-0.033857,0.13445,0,-0.0198401,-0.994343,-0.104256,0,0.137222,0.100582,-0.98542,0,0.710585,0.275036,0.157544,1,0.101286,0.822883,-0.125988,-1.48985,0.0686447,2.30921,0.76116,0.0318032,0.147628,0.000477292,0.153344,-0.000175775,-0.0233311,0.782734,0,0,0,0,0,0,0,-0.422662,-50.0452,0.275529,21.4765,0.456017,2.48125,-0.110364,0,0,0,0,0,0,0,0,0,0,0,0,0,0,0,0,0,0,0,0,0,0,0,0,0,0,-0.425858,0.625501,-0.177781,-0.537168,-0.19098,0.0676453,-0.224369,-0.932772,-1.25696,-1.12818,0.196621,0.274497,-0.36356,0.00912307,1
704.249,0.368541,0.77169,-0.00736537,-1.40921,0.0706165,2.34422,1.1552,0.989614,-0.057959,0.131474,0,-0.0438904,-0.993227,-0.107489,0,0.136816,0.100604,-0.985475,0,0.710973,0.276017,0.156431,1,0.101286,0.822883,-0.125988,-1.48985,0.0686447,2.30921,0.76116,0.0334206,0.11833,-4.04628e-05,0.123197,0.00177757,-0.00212674,0.696949,0,0,0,0,0,0,0,-0.27984,-50.5054,0.350907,21.4011,0.483483,2.3723,-0.0398682,0,0,0,0,0,0,0,0,0,0,0,0,0,0,0,0,0,0,0,0,0,0,0,0,0,0,-0.49704,0.587015,-0.266655,-0.546871,-0.141528,-0.00951127,-0.11337,-0.926941,-1.19848,-0.932388,0.160179,0.228578,-0.442885,0.00912307,1
704.283,0.369843,0.775411,-0.00735949,-1.40538,0.0706089,2.34421,1.17546,0.988611,-0.0767611,0.12937,0,-0.0626042,-0.991931,-0.110154,0,0.136784,0.100802,-0.985459,0,0.71123,0.277187,0.155442,1,0.101286,0.822883,-0.125988,-1.48985,0.0686447,2.30921,0.76116,0.0392314,0.102737,-0.00103629,0.102279,-0.000299,0.000435842,0.519091,0,0,0,0,0,0,0,-0.386957,-50.3904,0.311234,21.5122,0.537499,2.42174,0.0498535,0,0,0,0,0,0,0,0,0,0,0,0,0,0,0,0,0,0,0,0,0,0,0,0,0,0,-0.761708,0.276893,-0.472769,-0.474048,-0.092627,-0.0495491,-0.016626,-1.31711,-1.59108,-0.384598,0.380172,-0.199447,-0.708405,0.00912307,1
704.317,0.371386,0.778643,-0.00736752,-1.40203,0.0706041,2.34421,1.1885,0.987835,-0.0881532,0.128033,0,-0.0739346,-0.990961,-0.111855,0,0.136738,0.10103,-0.985442,0,0.711343,0.278492,0.154591,1,0.101286,0.822883,-0.125988,-1.48985,0.0686447,2.30921,0.76116,0.0461403,0.0877666,-0.000693394,0.0851188,-0.000672799,0.00084043,0.307816,0,0,0,0,0,0,0,-0.27984,-50.3904,0.386613,21.5122,0.537499,2.43181,0.178943,0,0,0,0,0,0,0,0,0,0,0,0,0,0,0,0,0,0,0,0,0,0,0,0,0,0,-0.813448,0.0734204,-0.505525,-0.395767,-0.0631573,-0.0458847,0.0870899,-1.55224,-1.59805,-0.0665896,0.437073,-0.474858,-0.751795,0.00912307,1
704.351,0.373084,0.781418,-0.0073679,-1.39936,0.0706071,2.34422,1.19499,0.987505,-0.0928857,0.12723,0,-0.0786567,-0.990509,-0.112633,0,0.136487,0.10122,-0.985457,0,0.711268,0.279857,0.153764,1,0.101286,0.822883,-0.125988,-1.48985,0.0686447,2.30921,0.76116,0.0494096,0.0767311,0.00106682,0.0705893,-2.53618e-05,0.00281019,0.0877392,0,0,0,0,0,0,0,-0.208429,-50.5411,0.386613,21.5122,0.510033,2.41167,0.0599243,0,0,0,0,0,0,0,0,0,0,0,0,0,0,0,0,0,0,0,0,0,0,0,0,0,0,-0.73712,-0.0471798,-0.409815,-0.346214,-0.0536041,-0.0476118,0.129681,-1.71418,-1.48814,0.124272,0.461351,-0.634447,-0.661831,0.00912307,1
704.385,0.375114,0.784007,-0.00736454,-1.39689,0.0706169,2.34423,1.1954,0.987674,-0.091268,0.127084,0,-0.0770492,-0.990635,-0.112632,0,0.136176,0.101454,-0.985476,0,0.711059,0.281448,0.152978,1,0.101286,0.822883,-0.125988,-1.48985,0.0686447,2.30921,0.76116,0.0644121,0.0717118,-3.42021e-05,0.0672142,-0.000111882,-0.000275778,-0.00135461,0,0,0,0,0,0,0,-0.315546,-50.5411,0.350907,21.4369,0.474327,2.43181,-0.0297974,0,0,0,0,0,0,0,0,0,0,0,0,0,0,0,0,0,0,0,0,0,0,0,0,0,0,-1.21374,-0.190123,-0.699352,-0.364636,-0.0712516,-0.0697996,0.065497,-1.96133,-2.37684,0.371163,0.828872,-0.842195,-1.12244,0.00912307,1
704.419,0.377459,0.786342,-0.00738058,-1.39479,0.0705964,2.34422,1.1954,0.987914,-0.088927,0.126879,0,-0.0747421,-0.990828,-0.112489,0,0.135721,0.101649,-0.985519,0,0.710681,0.283215,0.152203,1,0.101286,0.822883,-0.125988,-1.48985,0.0686447,2.30921,0.76116,0.0760177,0.0704653,-0.00150392,0.0597685,-0.000176881,-0.000142894,0.00210378,0,0,0,0,0,0,0,-0.244134,-50.5054,0.537369,21.4765,0.573204,2.45195,-0.0902222,0,0,0,0,0,0,0,0,0,0,0,0,0,0,0,0,0,0,0,0,0,0,0,0,0,0,-1.35664,-0.333011,-0.784203,-0.276298,-0.0776699,-0.0467794,-0.0102307,-1.86932,-2.67552,0.55349,1.00649,-0.934399,-1.26776,0.00912307,1
704.453,0.37983,0.788707,-0.00737635,-1.39259,0.070465,2.34422,1.19528,0.988152,-0.0863529,0.126803,0,-0.0721944,-0.991039,-0.1123,0,0.135367,0.101817,-0.98555,0,0.710319,0.285016,0.151456,1,0.101286,0.822883,-0.125988,-1.48985,0.0686447,2.30921,0.76116,0.0704165,0.0733155,0.00113223,0.0721056,-0.00867318,0.000639805,-0.00794315,0,0,0,0,0,0,0,-0.533746,-50.5808,0.461991,21.5876,0.708702,2.41167,0.0196411,0,0,0,0,0,0,0,0,0,0,0,0,0,0,0,0,0,0,0,0,0,0,0,0,0,0,-0.493083,-0.387397,-0.166792,-0.324242,-0.00309152,-0.0678094,0.00661985,-2.74255,-1.7734,0.648702,0.811678,-1.24193,-0.433018,0.00912438,1
704.487,0.382036,0.791077,-0.00737875,-1.38985,0.0702878,2.34421,1.19506,0.988315,-0.0838411,0.127217,0,-0.0696343,-0.991223,-0.112285,0,0.135517,0.102116,-0.985499,0,0.710171,0.28676,0.150965,1,0.101286,0.822883,-0.125988,-1.48985,0.0686447,2.30921,0.76116,0.0604066,0.0705478,0.00161574,0.0842259,-0.000322095,-0.00106624,-0.000971883,0,0,0,0,0,0,0,-0.315546,-50.6958,0.461991,21.5122,0.627221,2.50139,-0.0105713,0,0,0,0,0,0,0,0,0,0,0,0,0,0,0,0,0,0,0,0,0,0,0,0,0,0,-0.0673651,-0.115065,0.151772,-0.456947,0.0305053,-0.0940599,0.0178695,-2.79398,-1.17866,0.264187,0.561137,-0.986568,-0.0166064,0.00912438,1
704.521,0.384065,0.793478,-0.00739648,-1.38693,0.0702986,2.3442,1.19506,0.988422,-0.081866,0.127672,0,-0.0675781,-0.991343,-0.112488,0,0.135778,0.10256,-0.985417,0,0.710117,0.288404,0.150532,1,0.101286,0.822883,-0.125988,-1.48985,0.0686447,2.30921,0.76116,0.0539814,0.0677612,-2.56539e-06,0.0804561,7.94172e-05,0.000669339,0.00205848,0,0,0,0,0,0,0,-0.315546,-50.7315,0.612748,21.4369,0.60067,2.45195,-0.049939,0,0,0,0,0,0,0,0,0,0,0,0,0,0,0,0,0,0,0,0,0,0,0,0,0,0,0.129663,-0.664583,0.333029,-0.210046,0.0140946,-0.0349895,0.00371463,-3.41599,-1.16552,1.01142,0.787467,-1.69277,0.192154,0.00912438,1
704.555,0.385893,0.795847,-0.00739123,-1.3841,0.0703174,2.34418,1.19506,0.98852,-0.0800648,0.128058,0,-0.0657044,-0.991447,-0.112683,0,0.135988,0.102977,-0.985344,0,0.710086,0.289913,0.150082,1,0.101286,0.822883,-0.125988,-1.48985,0.0686447,2.30921,0.76116,0.0518114,0.0673848,0.000844845,0.0819339,0.000991397,-0.000268143,3.98871e-05,0,0,0,0,0,0,0,-0.27984,-50.6958,0.537369,21.3258,0.528344,2.46202,0.00957027,0,0,0,0,0,0,0,0,0,0,0,0,0,0,0,0,0,0,0,0,0,0,0,0,0,0,-0.000512549,-0.693254,0.270536,-0.238601,-0.00860694,-0.017034,0.000777593,-3.66122,-1.4547,1.02654,0.891459,-1.80182,0.0776363,0.00912373,1
704.589,0.387716,0.798458,-0.00740751,-1.38105,0.070326,2.34412,1.19506,0.988617,-0.07828,0.128408,0,-0.0638566,-0.99155,-0.112834,0,0.136158,0.103352,-0.985281,0,0.710081,0.291413,0.149547,1,0.101286,0.822883,-0.125988,-1.48985,0.0686447,2.30921,0.76116,0.0513691,0.0825655,-0.000412063,0.0993088,0.000269689,-0.000345824,0.000426328,0,0,0,0,0,0,0,-0.351251,-50.922,0.723832,21.4765,0.537499,2.49132,-0.0206421,0,0,0,0,0,0,0,0,0,0,0,0,0,0,0,0,0,0,0,0,0,0,0,0,0,0,-0.258257,-1.03929,0.113407,-0.200601,-0.0437373,0.00593615,0.0013556,-4.51008,-2.16163,1.51889,1.23498,-2.41375,-0.159904,0.00912373,1
704.623,0.389421,0.801483,-0.00739682,-1.37754,0.0703349,2.34392,1.19506,0.988718,-0.0765771,0.128659,0,-0.0621043,-0.991647,-0.112964,0,0.136237,0.103701,-0.985234,0,0.710147,0.29287,0.148898,1,0.101286,0.822883,-0.125988,-1.48985,0.0686447,2.30921,0.76116,0.0494699,0.0940395,0.000948379,0.114351,0.000966487,-0.0123221,0.00199824,0,0,0,0,0,0,0,-0.351251,-50.9616,0.537369,21.4011,0.500878,2.52062,-0.0105713,0,0,0,0,0,0,0,0,0,0,0,0,0,0,0,0,0,0,0,0,0,0,0,0,0,0,-0.0789425,-1.0414,0.269946,-0.234826,-0.0662338,0.01228,-0.00376375,-4.84404,-2.04733,1.50944,1.21084,-2.52122,0.0302453,0.00912373,1
704.657,0.391167,0.804805,-0.00740255,-1.3734,0.0703934,2.34369,1.19507,0.988782,-0.0748971,0.129155,0,-0.0603277,-0.991724,-0.113246,0,0.136571,0.104186,-0.985136,0,0.710341,0.29441,0.148318,1,0.101286,0.822883,-0.125988,-1.48985,0.0686447,2.30921,0.76116,0.0509512,0.0999741,-0.000583172,0.124336,0.00599396,-0.00374633,-0.00134181,0,0,0,0,0,0,0,-0.208429,-51.037,0.648453,21.2901,0.429467,2.50139,-0.0297974,0,0,0,0,0,0,0,0,0,0,0,0,0,0,0,0,0,0,0,0,0,0,0,0,0,0,-0.279581,-0.897056,0.0888452,-0.365117,-0.103822,-0.00843104,-0.0227416,-4.98002,-2.42014,1.32443,1.22994,-2.45347,-0.171508,0.00912373,1
704.691,0.392819,0.80826,-0.00739933,-1.36936,0.070641,2.34334,1.19512,0.988875,-0.0734456,0.129277,0,-0.0588185,-0.991781,-0.113538,0,0.136556,0.104673,-0.985087,0,0.710475,0.295875,0.147576,1,0.101286,0.822883,-0.125988,-1.48985,0.0686447,2.30921,0.76116,0.0493295,0.103947,0.000215767,0.116309,0.00464211,-0.0140376,0.000202035,0,0,0,0,0,0,0,-0.315546,-50.922,0.573075,21.4011,0.446862,2.52062,-0.12959,0,0,0,0,0,0,0,0,0,0,0,0,0,0,0,0,0,0,0,0,0,0,0,0,0,0,-0.0688973,-1.0408,0.201996,-0.208936,-0.149845,0.0447319,-0.0755776,-4.77813,-2.11393,1.46878,1.16064,-2.52815,0.031901,0.00912373,1
704.725,0.394354,0.811933,-0.00739432,-1.36508,0.0706398,2.34273,1.19513,0.98899,-0.0718848,0.129272,0,-0.0572522,-0.991872,-0.113548,0,0.136387,0.104899,-0.985086,0,0.710635,0.297239,0.146748,1,0.101286,0.822883,-0.125988,-1.48985,0.0686447,2.30921,0.76116,0.043982,0.111141,0.00027363,0.133071,-0.000301743,-0.0191861,0.00294246,0,0,0,0,0,0,0,-0.208429,-51.1124,0.537369,21.5876,0.474327,2.5609,-0.159802,0,0,0,0,0,0,0,0,0,0,0,0,0,0,0,0,0,0,0,0,0,0,0,0,0,0,-0.279402,-1.26105,0.062591,-0.0679768,-0.146222,0.0756684,-0.0954549,-4.64518,-2.40637,1.7662,1.34733,-2.68517,-0.17736,0.00912373,1
704.759,0.395692,0.815777,-0.00741916,-1.36074,0.0706061,2.34197,1.19512,0.989122,-0.0704655,0.129048,0,-0.0558735,-0.991968,-0.113398,0,0.136004,0.104957,-0.985133,0,0.710815,0.298427,0.145792,1,0.101286,0.822883,-0.125988,-1.48985,0.0686447,2.30921,0.76116,0.0371498,0.11035,-0.00466929,0.120032,7.34534e-05,-0.0167888,-0.00146627,0,0,0,0,0,0,0,-0.315546,-51.037,0.79921,21.4369,0.591515,2.52062,-0.0398682,0,0,0,0,0,0,0,0,0,0,0,0,0,0,0,0,0,0,0,0,0,0,0,0,0,0,0.210067,-1.07868,0.383253,0.0236961,-0.1075,0.0833711,-0.0914183,-3.78954,-1.36347,1.48089,0.969524,-2.2153,0.289332,0.00912373,1
704.793,0.396687,0.819553,-0.00745265,-1.35687,0.0705818,2.3419,1.19511,0.989187,-0.0694538,0.129099,0,-0.0548595,-0.992029,-0.113354,0,0.135945,0.105048,-0.985131,0,0.711086,0.29935,0.144745,1,0.101286,0.822883,-0.125988,-1.48985,0.0686447,2.30921,0.76116,0.0264887,0.112704,0.000648964,0.112414,-0.000588636,-0.00168848,-0.000562266,0,0,0,0,0,0,0,-0.172723,-51.3782,0.684159,21.3654,0.618065,2.48125,-0.0297974,0,0,0,0,0,0,0,0,0,0,0,0,0,0,0,0,0,0,0,0,0,0,0,0,0,0,0.421638,-0.830421,0.591949,-0.166424,-0.0384697,0.023443,-0.0695914,-4.07886,-1.17058,1.18689,0.897511,-2.04568,0.498617,0.00912373,1
704.827,0.3975,0.823584,-0.00754638,-1.35293,0.070586,2.34189,1.19512,0.989246,-0.0686876,0.129055,0,-0.0541117,-0.992083,-0.11324,0,0.135814,0.105041,-0.98515,0,0.711412,0.300104,0.143544,1,0.101286,0.822883,-0.125988,-1.48985,0.0686447,2.30921,0.76116,0.0208029,0.117086,-0.00640498,0.115038,-0.000132777,0.000612182,0.00157359,0,0,0,0,0,0,0,-0.351251,-51.5686,0.834916,21.5122,0.60067,2.49132,-0.110364,0,0,0,0,0,0,0,0,0,0,0,0,0,0,0,0,0,0,0,0,0,0,0,0,0,0,0.197851,-0.971094,0.465929,-0.196817,-0.0170863,0.0190167,-0.0608469,-4.61853,-1.7121,1.41444,1.1499,-2.34756,0.28137,0.00912438,1
704.861,0.398415,0.827754,-0.00817794,-1.34885,0.0705946,2.34189,1.19512,0.989268,-0.0681217,0.129188,0,-0.0535944,-0.992165,-0.112772,0,0.13586,0.10464,-0.985187,0,0.71186,0.30061,0.142299,1,0.101286,0.822883,-0.125988,-1.48985,0.0686447,2.30921,0.76116,0.0328996,0.119245,-0.0243922,0.113145,-7.04616e-05,0.00149938,-0.00117237,0,0,0,0,0,0,0,-0.27984,-51.3425,0.759537,21.3654,0.537499,2.48125,-0.0700806,0,0,0,0,0,0,0,0,0,0,0,0,0,0,0,0,0,0,0,0,0,0,0,0,0,0,0.344885,-0.782049,0.654225,-0.27105,-0.0202769,0.0117893,-0.0672872,-4.50766,-1.46958,1.13666,1.05545,-2.11079,0.448948,0.00912438,1
704.895,0.399542,0.83183,-0.00928429,-1.34504,0.0706003,2.34186,1.19511,0.989289,-0.0676048,0.129297,0,-0.0531849,-0.992286,-0.111898,0,0.135867,0.103825,-0.985272,0,0.712287,0.300945,0.140987,1,0.101286,0.822883,-0.125988,-1.48985,0.0686447,2.30921,0.76116,0.0307697,0.119875,-0.0364466,0.105439,0.000322678,-0.00454343,-0.00241052,0,0,0,0,0,0,0,-0.244134,-51.4179,0.79921,21.4369,0.528344,2.5609,-0.0297974,0,0,0,0,0,0,0,0,0,0,0,0,0,0,0,0,0,0,0,0,0,0,0,0,0,0,0.0803762,-0.972439,0.47734,-0.140181,-0.0413888,0.0529132,-0.0824136,-4.32769,-1.79654,1.37689,1.21874,-2.23401,0.193235,0.00912438,1
704.929,0.400573,0.835847,-0.0102864,-1.3417,0.0705933,2.3416,1.19513,0.989389,-0.0670851,0.128804,0,-0.0528645,-0.992424,-0.110814,0,0.135265,0.102831,-0.985459,0,0.712531,0.301201,0.139465,1,0.101286,0.822883,-0.125988,-1.48985,0.0686447,2.30921,0.76116,0.0259465,0.116642,-0.0200815,0.0936829,-0.000576802,-0.0064513,0.000624835,0,0,0,0,0,0,0,-0.172723,-51.4576,0.648453,21.6273,0.591515,2.5902,-0.100293,0,0,0,0,0,0,0,0,0,0,0,0,0,0,0,0,0,0,0,0,0,0,0,0,0,0,-0.0514155,-1.28875,0.338741,0.0885366,-0.0550291,0.124146,-0.0905661,-4.13067,-1.91267,1.76556,1.33853,-2.47722,0.0535883,0.00912438,1
704.963,0.401409,0.839885,-0.0110065,-1.33871,0.0704285,2.34118,1.19506,0.989565,-0.0663816,0.127808,0,-0.0524335,-0.992586,-0.109564,0,0.134136,0.101721,-0.985728,0,0.712615,0.301417,0.137734,1,0.101286,0.822883,-0.125988,-1.48985,0.0686447,2.30921,0.76116,0.0257828,0.118211,-0.0221983,0.0884518,-0.0121028,-0.0147578,0.00153736,0,0,0,0,0,0,0,-0.244134,-51.3425,0.759537,21.5876,0.771874,2.58012,0.0791503,0,0,0,0,0,0,0,0,0,0,0,0,0,0,0,0,0,0,0,0,0,0,0,0,0,0,-0.371448,-1.10367,0.145059,0.120728,0.0255639,0.123298,-0.0339935,-3.14859,-1.90249,1.49356,1.29578,-1.9655,-0.269806,0.00912438,1
704.997,0.402174,0.84379,-0.0118086,-1.33585,0.0697104,2.34113,1.19436,0.989714,-0.064828,0.127456,0,-0.0511346,-0.992834,-0.107919,0,0.133541,0.100293,-0.985955,0,0.712809,0.301502,0.136089,1,0.101286,0.822883,-0.125988,-1.48985,0.0686447,2.30921,0.76116,0.02209,0.113244,-0.0207407,0.0818755,-0.0236925,0.00075023,-0.0329583,0,0,0,0,0,0,0,-0.27984,-51.6837,0.79921,21.4369,0.735253,2.43181,0.0297119,0,0,0,0,0,0,0,0,0,0,0,0,0,0,0,0,0,0,0,0,0,0,0,0,0,0,-0.149662,-0.425606,0.357874,-0.177909,0.102779,0.0388627,0.0617851,-2.60818,-1.23171,0.586318,0.877676,-1.13111,-0.0446055,0.00912438,1
705.033,0.403039,0.847699,-0.0125453,-1.33309,0.0692592,2.34115,1.19366,0.989878,-0.0633068,0.126945,0,-0.0498534,-0.993054,-0.106489,0,0.132807,0.0990843,-0.986177,0,0.712919,0.301707,0.134395,1,0.101286,0.822883,-0.125988,-1.48985,0.0686447,2.30921,0.76116,0.0278492,0.10962,-0.0192188,0.0762907,-0.00633916,0.000859826,-0.0029456,0,0,0,0,0,0,0,-0.315546,-51.6837,0.79921,21.5122,0.654686,2.43181,0.0196411,0,0,0,0,0,0,0,0,0,0,0,0,0,0,0,0,0,0,0,0,0,0,0,0,0,0,-0.469403,-0.415411,0.199255,-0.29872,0.0897308,-0.0127168,0.0581345,-2.99958,-1.8612,0.6625,1.09158,-1.24793,-0.342047,0.00912701,1
705.067,0.404048,0.851171,-0.0131474,-1.33088,0.0692573,2.34115,1.19356,0.990046,-0.062465,0.126046,0,-0.0492313,-0.99319,-0.105504,0,0.13178,0.0982498,-0.986398,0,0.712835,0.302092,0.132774,1,0.101286,0.822883,-0.125988,-1.48985,0.0686447,2.30921,0.76116,0.0306293,0.0967543,-0.0193243,0.0557834,0.000778227,-0.000990875,-0.000405177,0,0,0,0,0,0,0,-0.27984,-51.7234,0.910294,21.5876,0.573204,2.51146,0.0892211,0,0,0,0,0,0,0,0,0,0,0,0,0,0,0,0,0,0,0,0,0,0,0,0,0,0,-0.590334,-0.64573,0.134004,-0.15371,0.0691795,-0.00470181,0.0637267,-2.84966,-1.96293,1.01099,1.20197,-1.41515,-0.451001,0.00912701,1
705.101,0.4054,0.854163,-0.0141167,-1.32994,0.069236,2.34116,1.19356,0.990289,-0.0615498,0.124577,0,-0.0486668,-0.993383,-0.103938,0,0.130153,0.0968678,-0.986751,0,0.712426,0.302358,0.130915,1,0.101286,0.822883,-0.125988,-1.48985,0.0686447,2.30921,0.76116,0.0483767,0.0788486,-0.0354229,0.00768221,-0.00986678,-0.00104655,-0.000299108,0,0,0,0,0,0,0,-0.422662,-51.7234,0.985673,21.5122,0.690392,2.46202,0.0690795,0,0,0,0,0,0,0,0,0,0,0,0,0,0,0,0,0,0,0,0,0,0,0,0,0,0,-0.712195,-0.930066,0.174516,0.230688,0.0360026,0.0647651,0.0615201,-1.56259,-1.60617,1.3266,1.23731,-1.22837,-0.530914,0.00912701,1
705.135,0.407199,0.856552,-0.0155564,-1.32987,0.0691946,2.34115,1.19346,0.990558,-0.0603336,0.123024,0,-0.0478646,-0.993632,-0.101905,0,0.128392,0.0950563,-0.987157,0,0.71183,0.302578,0.129102,1,0.101286,0.822883,-0.125988,-1.48985,0.0686447,2.30921,0.76116,0.0511082,0.0686007,-0.0524305,-0.00184033,-0.00144371,0.000760498,-0.00996351,0,0,0,0,0,0,0,-0.422662,-51.9138,0.870621,21.7384,0.699547,2.50139,0.139575,0,0,0,0,0,0,0,0,0,0,0,0,0,0,0,0,0,0,0,0,0,0,0,0,0,0,-0.460859,-0.172597,0.395886,-0.197427,0.0582731,-0.0187801,0.0898727,-1.5413,-1.19791,0.293135,0.856149,-0.501113,-0.274119,0.00912701,1
705.169,0.409435,0.858623,-0.0181612,-1.32987,0.0689696,2.34116,1.19264,0.990764,-0.0585229,0.122242,0,-0.0465019,-0.993993,-0.0989756,0,0.127302,0.0923788,-0.987553,0,0.711449,0.302399,0.127509,1,0.101286,0.822883,-0.125988,-1.48985,0.0686447,2.30921,0.76116,0.0710089,0.0567447,-0.0902059,0.00259511,-0.00353521,-9.22521e-05,-0.0339727,0,0,0,0,0,0,0,-0.533746,-51.7987,0.834916,21.4765,0.771874,2.42174,0.149646,0,0,0,0,0,0,0,0,0,0,0,0,0,0,0,0,0,0,0,0,0,0,0,0,0,0,-0.00616818,0.0814337,0.792291,-0.353584,0.0969871,-0.0446588,0.119177,-1.84138,-0.633954,-0.0628213,0.664699,-0.32409,0.189328,0.00912701,1
705.203,0.412021,0.860277,-0.0215251,-1.32988,0.0684598,2.34115,1.19175,0.990887,-0.0565428,0.122175,0,-0.0449704,-0.994405,-0.0954853,0,0.126892,0.0891226,-0.987905,0,0.711242,0.302015,0.126245,1,0.101286,0.822883,-0.125988,-1.48985,0.0686447,2.30921,0.76116,0.0815824,0.0468156,-0.105025,0.000640777,-0.00794592,-5.63914e-05,-0.0274318,0,0,0,0,0,0,0,-0.458368,-51.6837,0.612748,21.5519,0.771874,2.49132,0.099292,0,0,0,0,0,0,0,0,0,0,0,0,0,0,0,0,0,0,0,0,0,0,0,0,0,0,-0.295127,0.252381,0.558683,-0.473094,0.119686,-0.0795105,0.111566,-1.72127,-1.0175,-0.265098,0.700638,-0.135916,-0.112963,0.00912701,1
705.237,0.414928,0.861461,-0.0251412,-1.32987,0.0679499,2.34115,1.19147,0.990926,-0.055013,0.122558,0,-0.0438353,-0.994774,-0.092104,0,0.126987,0.0858975,-0.988178,0,0.711095,0.301745,0.125354,1,0.101286,0.822883,-0.125988,-1.48985,0.0686447,2.30921,0.76116,0.0856947,0.0284648,-0.108704,0.000787302,-0.0109633,0.00105149,-0.00106728,0,0,0,0,0,0,0,-0.386957,-51.648,0.723832,21.5122,0.781029,2.46202,0.099292,0,0,0,0,0,0,0,0,0,0,0,0,0,0,0,0,0,0,0,0,0,0,0,0,0,0,-0.764391,0.955554,0.197629,-0.784128,0.137723,-0.0816992,0.0885816,-0.942634,-1.40483,-1.34235,0.512102,0.753703,-0.59652,0.00912701,1
705.271,0.417919,0.862093,-0.0287608,-1.3298,0.067227,2.34117,1.19145,0.99088,-0.0535441,0.123578,0,-0.0426884,-0.995117,-0.0888801,0,0.127736,0.0827958,-0.988346,0,0.711067,0.301573,0.124937,1,0.101286,0.822883,-0.125988,-1.48985,0.0686447,2.30921,0.76116,0.0898823,0.0144707,-0.113955,0.00203114,-0.0181865,0.00265743,-0.00120755,0,0,0,0,0,0,0,-0.422662,-51.648,0.422318,21.4369,0.645531,2.36223,0.109363,0,0,0,0,0,0,0,0,0,0,0,0,0,0,0,0,0,0,0,0,0,0,0,0,0,0,-0.432907,1.15989,0.464795,-0.96389,0.164049,-0.116584,0.0957967,-1.45639,-1.13932,-1.60276,0.402094,0.798586,-0.26644,0.00912701,1
705.305,0.420904,0.862376,-0.0323303,-1.32978,0.0671468,2.34115,1.19145,0.990809,-0.0525184,0.124577,0,-0.0419125,-0.995379,-0.0862789,0,0.128535,0.0802661,-0.988451,0,0.711048,0.301498,0.124762,1,0.101286,0.822883,-0.125988,-1.48985,0.0686447,2.30921,0.76116,0.0857326,0.001778,-0.0998693,0.000436125,0.000267651,0.00113529,0.000261015,0,0,0,0,0,0,0,-0.315546,-51.5329,0.311234,21.4369,0.753563,2.48125,0.0690795,0,0,0,0,0,0,0,0,0,0,0,0,0,0,0,0,0,0,0,0,0,0,0,0,0,0,-0.373615,0.75287,0.388174,-0.744084,0.104257,-0.0652072,0.0888337,-1.6546,-1.1297,-1.0471,0.458255,0.315025,-0.221832,0.00912701,1
705.339,0.423622,0.862387,-0.0353362,-1.32968,0.0671827,2.34116,1.19146,0.990721,-0.0515329,0.125687,0,-0.0410896,-0.995582,-0.0843128,0,0.129479,0.0783675,-0.988481,0,0.711042,0.301624,0.12484,1,0.101286,0.822883,-0.125988,-1.48985,0.0686447,2.30921,0.76116,0.0712529,0.000983367,-0.0781766,0.00206716,-0.00105852,-0.00102829,-2.06247e-05,0,0,0,0,0,0,0,-0.172723,-51.4933,0.235856,21.3258,0.654686,2.47118,0.0599243,0,0,0,0,0,0,0,0,0,0,0,0,0,0,0,0,0,0,0,0,0,0,0,0,0,0,-0.448393,0.396551,0.16713,-0.592799,0.0598164,-0.0457237,0.0684846,-1.92846,-1.37021,-0.513327,0.553384,-0.159695,-0.328692,0.00913029,1
705.373,0.425731,0.862376,-0.0375025,-1.32935,0.0671536,2.34117,1.19146,0.990631,-0.0506407,0.126755,0,-0.0402843,-0.995727,-0.0829747,0,0.130418,0.0770925,-0.988457,0,0.711081,0.301858,0.125036,1,0.101286,0.822883,-0.125988,-1.48985,0.0686447,2.30921,0.76116,0.0608843,-0.000419331,-0.0549903,0.0151656,-0.000170678,-0.00518524,0.00249422,0,0,0,0,0,0,0,-0.208429,-51.3782,0.164445,21.3258,0.744408,2.43181,0.0498535,0,0,0,0,0,0,0,0,0,0,0,0,0,0,0,0,0,0,0,0,0,0,0,0,0,0,-0.249215,0.348243,0.229245,-0.639756,0.0742785,-0.064849,0.0709833,-2.45508,-1.30381,-0.400395,0.529825,-0.388813,-0.154531,0.00913029,1
705.407,0.427181,0.862378,-0.0388254,-1.32855,0.0671478,2.34117,1.19144,0.990515,-0.0499351,0.127932,0,-0.0395572,-0.995803,-0.0824155,0,0.131513,0.0765746,-0.988353,0,0.711245,0.302207,0.125438,1,0.101286,0.822883,-0.125988,-1.48985,0.0686447,2.30921,0.76116,0.0294346,-0.00173499,-0.0267793,0.0270361,-0.000222773,0.0100423,-0.00119227,0,0,0,0,0,0,0,-0.208429,-51.3782,0.275529,21.3258,0.753563,2.42174,0.129504,0,0,0,0,0,0,0,0,0,0,0,0,0,0,0,0,0,0,0,0,0,0,0,0,0,0,0.365583,0.27132,0.547482,-0.600772,0.098683,-0.0640523,0.0943963,-2.88276,-0.565353,-0.283858,0.307553,-0.605819,0.422919,0.00913029,1
705.441,0.42799,0.862437,-0.0394462,-1.32746,0.0671636,2.34117,1.19145,0.990391,-0.0495182,0.129051,0,-0.0390472,-0.995821,-0.0824423,0,0.132597,0.0766125,-0.988205,0,0.711494,0.302565,0.125921,1,0.101286,0.822883,-0.125988,-1.48985,0.0686447,2.30921,0.76116,0.0181413,0.00260872,-0.00723091,0.0322274,0.000602637,0.00312969,0.00113029,0,0,0,0,0,0,0,-0.208429,-51.7234,0.0890663,21.4369,0.654686,2.46202,0.0397827,0,0,0,0,0,0,0,0,0,0,0,0,0,0,0,0,0,0,0,0,0,0,0,0,0,0,-0.013003,-0.13467,0.311889,-0.475259,0.0992273,-0.0424443,0.0902895,-3.3091,-1.29995,0.317229,0.702682,-1.12474,0.0569443,0.00913029,1
705.475,0.428329,0.862693,-0.0393873,-1.32605,0.0671975,2.34115,1.19146,0.990278,-0.0491959,0.130036,0,-0.0385726,-0.995794,-0.0829875,0,0.133574,0.0771664,-0.98803,0,0.71177,0.303034,0.126398,1,0.101286,0.822883,-0.125988,-1.48985,0.0686447,2.30921,0.76116,0.00418856,0.0117163,0.00138252,0.0472615,0.000512656,-0.000903365,-0.000785795,0,0,0,0,0,0,0,-0.244134,-51.7987,-0.323531,21.4765,0.564049,2.55083,0.0498535,0,0,0,0,0,0,0,0,0,0,0,0,0,0,0,0,0,0,0,0,0,0,0,0,0,0,0.213169,-0.453077,0.314136,-0.358114,0.0419921,-0.0129597,0.0694603,-3.9,-1.23779,0.776694,0.707998,-1.66068,0.25542,0.00913029,1
705.509,0.428739,0.863342,-0.0393014,-1.32432,0.0673708,2.34107,1.19151,0.990186,-0.0489126,0.13084,0,-0.0381418,-0.99576,-0.0835953,0,0.134377,0.077786,-0.987873,0,0.712027,0.30359,0.126715,1,0.101286,0.822883,-0.125988,-1.48985,0.0686447,2.30921,0.76116,0.0149622,0.0257078,-0.000613563,0.0479639,0.0139338,-0.00119769,-0.000431832,0,0,0,0,0,0,0,-0.351251,-51.7987,-0.0973961,21.5876,0.510033,2.5902,-0.049939,0,0,0,0,0,0,0,0,0,0,0,0,0,0,0,0,0,0,0,0,0,0,0,0,0,0,-0.368506,-1.2576,-0.14515,0.113752,-0.0260877,0.100219,0.0187383,-3.65376,-2.03551,1.84405,1.19304,-2.36263,-0.318747,0.00913029,1
705.543,0.4295,0.864268,-0.0393061,-1.32288,0.0674983,2.34097,1.19162,0.990172,-0.048326,0.131167,0,-0.0374901,-0.995762,-0.083859,0,0.134667,0.0781189,-0.987807,0,0.712055,0.30427,0.126679,1,0.101286,0.822883,-0.125988,-1.48985,0.0686447,2.30921,0.76116,0.0239141,0.0278768,-0.00113634,0.0372204,-0.00299901,-0.00105568,0.00036576,0,0,0,0,0,0,0,-0.172723,-51.7987,-0.0616905,21.4369,0.663842,2.5902,0.0196411,0,0,0,0,0,0,0,0,0,0,0,0,0,0,0,0,0,0,0,0,0,0,0,0,0,0,-0.927665,-1.31769,-0.424456,0.198755,-0.023488,0.138948,-0.00896242,-3.06877,-2.6455,1.86832,1.45071,-2.20781,-0.848622,0.00913029,1
705.577,0.430244,0.865144,-0.0393732,-1.32191,0.067446,2.34093,1.19161,0.990195,-0.0475528,0.131275,0,-0.0367145,-0.995798,-0.0837816,0,0.13471,0.078142,-0.987799,0,0.711983,0.304824,0.126464,1,0.101286,0.822883,-0.125988,-1.48985,0.0686447,2.30921,0.76116,0.0153676,0.0276452,-0.00219694,0.0216623,-0.000902414,-0.000359463,-0.000847672,0,0,0,0,0,0,0,-0.172723,-51.8384,0.350907,21.4369,0.744408,2.5609,0.0599243,0,0,0,0,0,0,0,0,0,0,0,0,0,0,0,0,0,0,0,0,0,0,0,0,0,0,0.219561,-1.17203,0.36019,0.198052,0.0463551,0.147348,0.00961574,-3.34434,-1.10108,1.61052,0.999258,-2.11153,0.267567,0.00913029,1
705.611,0.430701,0.866096,-0.0394565,-1.32123,0.0674442,2.34092,1.19162,0.990245,-0.0471138,0.131058,0,-0.0363176,-0.995829,-0.0835811,0,0.134452,0.0780075,-0.987845,0,0.711898,0.305118,0.126053,1,0.101286,0.822883,-0.125988,-1.48985,0.0686447,2.30921,0.76116,0.0125864,0.0313764,-0.000718641,0.0157305,-0.00112254,-0.00132693,0.00105785,0,0,0,0,0,0,0,-0.172723,-51.7234,0.20015,21.4011,0.717858,2.57097,-0.0105713,0,0,0,0,0,0,0,0,0,0,0,0,0,0,0,0,0,0,0,0,0,0,0,0,0,0,0.168859,-1.43815,0.463721,0.274036,0.0829131,0.161938,0.0100745,-3.79003,-1.37932,1.99474,1.29878,-2.4567,0.244726,0.00913029,1
705.645,0.431201,0.86716,-0.0394679,-1.32078,0.0674044,2.34089,1.19161,0.990344,-0.0465417,0.130515,0,-0.0358309,-0.995875,-0.0832459,0,0.133853,0.0777671,-0.987945,0,0.711686,0.305438,0.125442,1,0.101286,0.822883,-0.125988,-1.48985,0.0686447,2.30921,0.76116,0.0142753,0.0294675,0.000114411,0.0103124,-0.00699263,-0.000130783,-0.000529271,0,0,0,0,0,0,0,-0.27984,-51.7234,0.275529,21.4369,0.790184,2.57097,0.0397827,0,0,0,0,0,0,0,0,0,0,0,0,0,0,0,0,0,0,0,0,0,0,0,0,0,0,-0.263314,-0.865549,0.237629,-0.0214223,0.104294,0.125037,0.0142439,-3.28225,-1.7884,1.17378,1.22435,-1.75354,-0.172709,0.00912701,1
705.679,0.431674,0.868242,-0.0397712,-1.32049,0.0673765,2.34087,1.19162,0.99044,-0.0461724,0.129912,0,-0.035588,-0.995934,-0.0826476,0,0.133202,0.0772356,-0.988075,0,0.711504,0.305536,0.124743,1,0.101286,0.822883,-0.125988,-1.48985,0.0686447,2.30921,0.76116,0.0120742,0.0299533,-0.0156485,0.00447699,0.00122912,-0.00489538,0.00164499,0,0,0,0,0,0,0,-0.244134,-51.9138,0.386613,21.4369,0.636376,2.60027,-0.0105713,0,0,0,0,0,0,0,0,0,0,0,0,0,0,0,0,0,0,0,0,0,0,0,0,0,0,0.445196,-0.786958,0.815831,-0.0513263,0.10959,0.114501,0.0304471,-3.633,-0.896376,1.0587,1.00033,-1.74941,0.551212,0.00912701,1
705.713,0.432087,0.869486,-0.0405542,-1.32048,0.0674082,2.34052,1.19163,0.990591,-0.0461373,0.128772,0,-0.0358021,-0.996024,-0.0814511,0,0.132021,0.0760758,-0.988323,0,0.711288,0.30523,0.123758,1,0.101286,0.822883,-0.125988,-1.48985,0.0686447,2.30921,0.76116,0.016303,0.0384501,-0.0275114,0.000550483,-9.70653e-05,-0.0184565,0.00113951,0,0,0,0,0,0,0,-0.422662,-51.8384,0.350907,21.4369,0.609825,2.67992,-0.0105713,0,0,0,0,0,0,0,0,0,0,0,0,0,0,0,0,0,0,0,0,0,0,0,0,0,0,0.381004,-1.1956,0.828646,0.176513,0.0514176,0.181344,0.000428419,-3.74813,-1.07118,1.58697,1.22457,-2.15981,0.516109,0.00912701,1
705.747,0.432681,0.871017,-0.0417463,-1.32047,0.0674111,2.33977,1.19177,0.990795,-0.0462159,0.127163,0,-0.0362385,-0.996151,-0.0796861,0,0.130359,0.0743458,-0.988676,0,0.710997,0.304749,0.122511,1,0.101286,0.822883,-0.125988,-1.48985,0.0686447,2.30921,0.76116,0.0225485,0.0464643,-0.0380535,1.60798e-05,0.000394001,-0.0162949,0.00270515,0,0,0,0,0,0,0,-0.458368,-51.9138,0.20015,21.3654,0.627221,2.60027,-0.049939,0,0,0,0,0,0,0,0,0,0,0,0,0,0,0,0,0,0,0,0,0,0,0,0,0,0,-0.360339,-1.24037,0.42297,0.150398,0.0275471,0.204123,-0.0292904,-3.62918,-2.13091,1.63457,1.59139,-2.16121,-0.187429,0.00912701,1
705.781,0.433494,0.872816,-0.043084,-1.32031,0.067409,2.33955,1.19177,0.990954,-0.0460367,0.125985,0,-0.0363752,-0.996284,-0.0779421,0,0.129108,0.0726557,-0.988965,0,0.710766,0.304368,0.121191,1,0.101286,0.822883,-0.125988,-1.48985,0.0686447,2.30921,0.76116,0.0268238,0.0522389,-0.0465413,0.00986431,-0.000359586,-0.000706874,0.00165725,0,0,0,0,0,0,0,-0.458368,-51.9892,0.311234,21.3654,0.645531,2.60027,-0.049939,0,0,0,0,0,0,0,0,0,0,0,0,0,0,0,0,0,0,0,0,0,0,0,0,0,0,-0.445899,-1.08969,0.358601,-0.0499556,0.0248631,0.157692,-0.0219778,-4.17517,-2.47209,1.50061,1.62959,-2.21144,-0.272608,0.00912701,1
705.815,0.435054,0.874793,-0.045388,-1.32018,0.0674121,2.33954,1.19178,0.991076,-0.0456586,0.125157,0,-0.0363689,-0.99647,-0.0755303,0,0.128166,0.0703059,-0.989258,0,0.710556,0.303928,0.119764,1,0.101286,0.822883,-0.125988,-1.48985,0.0686447,2.30921,0.76116,0.0541608,0.0640229,-0.0881272,0.0031399,0.00174014,-0.000280085,0.000768031,0,0,0,0,0,0,0,-0.605157,-52.1042,0.164445,21.4011,0.618065,2.63963,-0.049939,0,0,0,0,0,0,0,0,0,0,0,0,0,0,0,0,0,0,0,0,0,0,0,0,0,0,-0.771771,-1.11053,0.308151,-0.0208691,0.0335528,0.162456,-0.0230634,-3.85051,-2.81346,1.51919,1.83091,-2.08261,-0.553137,0.00912701,1
705.849,0.437458,0.876937,-0.0490621,-1.32012,0.0674012,2.33952,1.19178,0.991167,-0.045166,0.124614,0,-0.0363594,-0.996728,-0.0720626,0,0.127463,0.0668965,-0.989585,0,0.710397,0.30323,0.118205,1,0.101286,0.822883,-0.125988,-1.48985,0.0686447,2.30921,0.76116,0.0761289,0.0689544,-0.111667,0.0029443,-0.000350869,-0.000232132,-0.00073008,0,0,0,0,0,0,0,-0.458368,-52.1439,0.0136879,21.3258,0.672997,2.62041,0.00957027,0,0,0,0,0,0,0,0,0,0,0,0,0,0,0,0,0,0,0,0,0,0,0,0,0,0,-0.707027,-1.33507,0.356961,0.0543883,0.0488488,0.181233,-0.0247847,-4.23034,-2.88734,1.84926,1.96414,-2.40432,-0.490506,0.00912767,1
705.883,0.439954,0.879155,-0.0527761,-1.32006,0.0674168,2.33951,1.19179,0.991266,-0.0446225,0.124023,0,-0.0363031,-0.996977,-0.0685493,0,0.126709,0.0634494,-0.989909,0,0.710205,0.302567,0.116601,1,0.101286,0.822883,-0.125988,-1.48985,0.0686447,2.30921,0.76116,0.0752848,0.0669218,-0.110073,0.00291545,-0.000972059,-0.000309071,0.00152322,0,0,0,0,0,0,0,-0.498041,-51.9892,0.124772,21.2901,0.618065,2.63048,-0.0600098,0,0,0,0,0,0,0,0,0,0,0,0,0,0,0,0,0,0,0,0,0,0,0,0,0,0,-0.727066,-0.90311,0.240518,-0.144062,0.0324236,0.161884,-0.0198818,-3.91527,-2.76592,1.22737,1.67439,-1.93845,-0.534029,0.00912767,1
705.917,0.442641,0.881569,-0.0566546,-1.31974,0.0674003,2.33952,1.19179,0.99135,-0.0439382,0.123591,0,-0.0361049,-0.997227,-0.0649218,0,0.126104,0.0598991,-0.990207,0,0.710047,0.301961,0.114983,1,0.101286,0.822883,-0.125988,-1.48985,0.0686447,2.30921,0.76116,0.0887456,0.0717669,-0.120626,0.0144591,6.87668e-05,0.00340913,0.00313638,0,0,0,0,0,0,0,-0.498041,-52.3343,0.0493934,21.175,0.681237,2.52062,-0.0801514,0,0,0,0,0,0,0,0,0,0,0,0,0,0,0,0,0,0,0,0,0,0,0,0,0,0,-0.642907,-0.596241,0.351062,-0.415312,0.0258432,0.120016,-0.025226,-4.48341,-2.8935,0.845738,1.6253,-1.82903,-0.438702,0.00912767,1
705.951,0.446186,0.884275,-0.0614648,-1.3186,0.0673794,2.33952,1.19178,0.991348,-0.0428737,0.123982,0,-0.0355287,-0.997504,-0.0608584,0,0.126284,0.055928,-0.990416,0,0.71008,0.301504,0.113562,1,0.101286,0.822883,-0.125988,-1.48985,0.0686447,2.30921,0.76116,0.116311,0.0840038,-0.151885,0.048703,-0.000611745,0.000330341,-2.77315e-05,0,0,0,0,0,0,0,-0.74798,-52.1796,-0.212447,21.0639,0.744408,2.54076,-0.0105713,0,0,0,0,0,0,0,0,0,0,0,0,0,0,0,0,0,0,0,0,0,0,0,0,0,0,-1.26846,-0.618302,0.0446752,-0.658049,0.0623661,0.061734,-0.0197775,-5.45545,-4.21364,1.02069,2.10922,-2.15182,-1.03505,0.00912767,1
705.985,0.450205,0.887112,-0.0668012,-1.31637,0.0672694,2.33951,1.19175,0.991222,-0.041512,0.125444,0,-0.0346047,-0.997779,-0.05675,0,0.127523,0.0519119,-0.990476,0,0.710426,0.301222,0.112578,1,0.101286,0.822883,-0.125988,-1.48985,0.0686447,2.30921,0.76116,0.120217,0.078804,-0.158184,0.0730441,-0.00499725,-0.000109085,-0.001399,0,0,0,0,0,0,0,-0.386957,-51.9892,-0.0973961,21.175,0.816735,2.58012,0.129504,0,0,0,0,0,0,0,0,0,0,0,0,0,0,0,0,0,0,0,0,0,0,0,0,0,0,-0.847917,0.29829,0.36159,-1.11842,0.105185,-0.00704761,0.0124548,-5.30512,-3.50635,-0.289618,1.56334,-1.23135,-0.628317,0.00912767,1
706.019,0.453875,0.889772,-0.0722815,-1.31317,0.067108,2.33951,1.19174,0.990932,-0.0405414,0.128027,0,-0.0339832,-0.998006,-0.0530012,0,0.129923,0.0481708,-0.990353,0,0.711264,0.300789,0.112217,1,0.101286,0.822883,-0.125988,-1.48985,0.0686447,2.30921,0.76116,0.0958802,0.0769598,-0.15536,0.10837,0.00713789,-0.000147472,0.000274024,0,0,0,0,0,0,0,-0.172723,-52.1439,-0.509994,21.2901,0.681237,2.62041,0.0498535,0,0,0,0,0,0,0,0,0,0,0,0,0,0,0,0,0,0,0,0,0,0,0,0,0,0,0.336755,0.78403,0.92459,-1.32132,0.107548,-0.0411254,0.0574568,-5.71891,-1.89788,-0.974726,0.775716,-0.953343,0.480392,0.00912767,1
706.053,0.456557,0.892215,-0.0766522,-1.3089,0.0671728,2.33948,1.19178,0.990526,-0.0401295,0.131258,0,-0.0337163,-0.998134,-0.0507224,0,0.133051,0.0458171,-0.99005,0,0.712468,0.300546,0.1125,1,0.101286,0.822883,-0.125988,-1.48985,0.0686447,2.30921,0.76116,0.0669536,0.0663574,-0.105404,0.132788,0.0016533,-0.00148661,-0.00241652,0,0,0,0,0,0,0,0.00977179,-51.9138,-0.621078,21.2901,0.554894,2.68999,-0.0297974,0,0,0,0,0,0,0,0,0,0,0,0,0,0,0,0,0,0,0,0,0,0,0,0,0,0,0.254862,1.44634,0.574972,-1.50081,0.0142568,-0.0303928,0.00561535,-4.56777,-1.57933,-2.01148,0.176195,-0.076604,0.336406,0.00912767,1
706.087,0.457856,0.893762,-0.0791595,-1.305,0.0671741,2.33942,1.19181,0.990128,-0.040074,0.134246,0,-0.0336323,-0.998177,-0.0499135,0,0.136004,0.0449067,-0.98969,0,0.713645,0.300461,0.113235,1,0.101286,0.822883,-0.125988,-1.48985,0.0686447,2.30921,0.76116,0.0227945,0.0320195,-0.0536695,0.10592,-0.000286126,0.000889394,0.000610377,0,0,0,0,0,0,0,-0.0616393,-51.9535,-0.660751,21.175,0.636376,2.54076,-0.049939,0,0,0,0,0,0,0,0,0,0,0,0,0,0,0,0,0,0,0,0,0,0,0,0,0,0,0.781326,1.32915,0.708493,-1.1085,-0.0321313,0.0509804,-0.0339302,-3.13547,-0.260325,-2.0093,-0.312502,0.24237,0.80861,0.00912832,1
706.121,0.458063,0.894384,-0.0802866,-1.30166,0.0671854,2.3394,1.19181,0.989724,-0.0404107,0.137089,0,-0.0337907,-0.998154,-0.050278,0,0.138871,0.0451298,-0.989282,0,0.714802,0.300432,0.114388,1,0.101286,0.822883,-0.125988,-1.48985,0.0686447,2.30921,0.76116,-0.00178682,0.00571042,-0.0224119,0.0870118,-0.000163981,0.00031212,0.00279339,0,0,0,0,0,0,0,0.0454774,-51.9535,-0.621078,21.2504,0.573204,2.62041,-0.100293,0,0,0,0,0,0,0,0,0,0,0,0,0,0,0,0,0,0,0,0,0,0,0,0,0,0,0.513875,1.46081,0.574454,-1.06788,-0.0431979,0.0385046,-0.0335073,-2.18863,-0.241854,-2.22456,-0.376025,0.677562,0.557179,0.00912832,1
706.155,0.458055,0.894356,-0.0812296,-1.29873,0.0672504,2.33924,1.1919,0.989307,-0.0410116,0.139895,0,-0.0341808,-0.99811,-0.0508865,0,0.14172,0.0455615,-0.988858,0,0.715936,0.300346,0.11582,1,0.101286,0.822883,-0.125988,-1.48985,0.0686447,2.30921,0.76116,0.00267311,-0.00164582,-0.036505,0.0888081,0.000960299,-0.00731269,0.0036882,0,0,0,0,0,0,0,-0.172723,-51.4179,-0.545699,21.3258,0.528344,2.68999,-0.110364,0,0,0,0,0,0,0,0,0,0,0,0,0,0,0,0,0,0,0,0,0,0,0,0,0,0,0.527302,0.883932,0.681261,-0.709113,-0.0697404,0.111226,-0.0446365,-2.12546,-0.212258,-1.47089,-0.102479,0.197919,0.606717,0.00912832,1
706.189,0.458407,0.89436,-0.0828043,-1.29572,0.0675725,2.33878,1.19217,0.98888,-0.0419299,0.142616,0,-0.0349378,-0.998068,-0.0511839,0,0.144489,0.0456329,-0.988454,0,0.71708,0.300149,0.117258,1,0.101286,0.822883,-0.125988,-1.48985,0.0686447,2.30921,0.76116,0.0164667,-0.000817626,-0.0536483,0.0810491,0.00996876,-0.0149837,0.0131156,0,0,0,0,0,0,0,-0.351251,-51.5686,-0.585372,21.4369,0.554894,2.67992,-0.0902222,0,0,0,0,0,0,0,0,0,0,0,0,0,0,0,0,0,0,0,0,0,0,0,0,0,0,-0.194524,0.249418,0.414036,-0.324434,-0.0860469,0.182902,-0.0524652,-1.52832,-1.01422,-0.640038,0.485195,-0.14669,-0.0419793,0.00912832,1
706.223,0.459107,0.894354,-0.084807,-1.29312,0.0677067,2.33832,1.19226,0.98848,-0.0424246,0.145215,0,-0.0353649,-0.99807,-0.0508569,0,0.147095,0.0451364,-0.988092,0,0.718111,0.299863,0.118529,1,0.101286,0.822883,-0.125988,-1.48985,0.0686447,2.30921,0.76116,0.0238003,-0.00036702,-0.0624516,0.0658553,0.000651312,-0.0124526,-0.000175364,0,0,0,0,0,0,0,-0.315546,-51.5329,-0.732162,21.2901,0.554894,2.68999,-0.0105713,0,0,0,0,0,0,0,0,0,0,0,0,0,0,0,0,0,0,0,0,0,0,0,0,0,0,-0.33297,-0.148532,0.344308,-0.0600108,-0.0719971,0.224827,-0.0444194,-1.24564,-1.08596,-0.112367,0.682604,-0.409406,-0.171315,0.00912832,1
706.257,0.459721,0.89436,-0.0869434,-1.29094,0.0677645,2.33759,1.19243,0.988151,-0.0430757,0.147249,0,-0.0360433,-0.998084,-0.0500982,0,0.149127,0.0441982,-0.98783,0,0.719019,0.29934,0.119566,1,0.101286,0.822883,-0.125988,-1.48985,0.0686447,2.30921,0.76116,0.0174948,0.000249645,-0.060144,0.0560724,0.00102441,-0.0294412,0.0151347,0,0,0,0,0,0,0,-0.208429,-51.6083,-0.847213,21.4011,0.483483,2.68999,-0.110364,0,0,0,0,0,0,0,0,0,0,0,0,0,0,0,0,0,0,0,0,0,0,0,0,0,0,-0.152214,-0.383838,0.377031,0.0820724,-0.079623,0.2636,-0.0627989,-1.41326,-0.921426,0.19246,0.690024,-0.698211,-0.0121213,0.00912832,1
706.291,0.46007,0.894343,-0.0885724,-1.28934,0.0681958,2.33626,1.19346,0.987975,-0.0448277,0.147905,0,-0.037854,-0.99804,-0.0496337,0,0.149843,0.0434389,-0.987755,0,0.719581,0.298827,0.120256,1,0.101286,0.822883,-0.125988,-1.48985,0.0686447,2.30921,0.76116,0.00685847,-0.000104316,-0.0327075,0.040815,0.0113295,-0.0569299,0.0238112,0,0,0,0,0,0,0,-0.0973449,-51.4576,-0.882919,21.5519,0.537499,2.72936,0.00957027,0,0,0,0,0,0,0,0,0,0,0,0,0,0,0,0,0,0,0,0,0,0,0,0,0,0,-0.220162,-0.665779,0.179422,0.37121,-0.12138,0.326017,-0.0887796,-0.67901,-0.733636,0.519498,0.635275,-0.76619,-0.105959,0.00912832,1
706.325,0.460055,0.894339,-0.0895683,-1.28853,0.0684353,2.33383,1.19356,0.988121,-0.0455144,0.146721,0,-0.038764,-0.998059,-0.0485452,0,0.148648,0.0422819,-0.987986,0,0.719647,0.298204,0.120398,1,0.101286,0.822883,-0.125988,-1.48985,0.0686447,2.30921,0.76116,-0.000912147,0.00129738,-0.0241214,0.0138667,-0.000885127,-0.0957985,0.00256644,0,0,0,0,0,0,0,0.0454774,-51.4933,-0.771835,21.5876,0.554894,2.76872,-0.12959,0,0,0,0,0,0,0,0,0,0,0,0,0,0,0,0,0,0,0,0,0,0,0,0,0,0,0.0436983,-0.905975,0.279141,0.658226,-0.104813,0.395128,-0.0548346,-0.0995406,-0.0600729,0.760217,0.487069,-0.804946,0.138869,0.00912832,1
706.359,0.460036,0.89433,-0.0905737,-1.28837,0.0684188,2.33031,1.19354,0.988495,-0.0458866,0.144056,0,-0.0395522,-0.998124,-0.0465322,0,0.145924,0.0402999,-0.988475,0,0.719326,0.297364,0.120102,1,0.101286,0.822883,-0.125988,-1.48985,0.0686447,2.30921,0.76116,0.00131105,0.000468587,-0.0323831,-0.00102698,-0.000792505,-0.114298,-0.000701993,0,0,0,0,0,0,0,-0.0259338,-51.4933,-0.847213,21.6273,0.618065,2.68999,0.00957027,0,0,0,0,0,0,0,0,0,0,0,0,0,0,0,0,0,0,0,0,0,0,0,0,0,0,0.0636854,-0.785345,0.310687,0.621723,-0.076623,0.395217,-0.0490057,0.0780021,0.0449588,0.567443,0.428588,-0.623038,0.155327,0.00912832,1
706.393,0.459966,0.89438,-0.0914749,-1.28838,0.0684159,2.32519,1.19354,0.989106,-0.046239,0.139685,0,-0.0404687,-0.998208,-0.0438722,0,0.141466,0.0377421,-0.989223,0,0.718636,0.296402,0.119488,1,0.101286,0.822883,-0.125988,-1.48985,0.0686447,2.30921,0.76116,-0.00570327,0.00102608,-0.0264632,0.00149534,-0.000152992,-0.178463,0.000402845,0,0,0,0,0,0,0,0.116888,-51.9892,-0.771835,21.6987,0.60067,2.66985,-0.0206421,0,0,0,0,0,0,0,0,0,0,0,0,0,0,0,0,0,0,0,0,0,0,0,0,0,0,0.0291814,-0.641173,0.265185,0.474337,-0.0495378,0.365223,-0.0334365,-0.257339,-0.12355,0.405386,0.420677,-0.606491,0.109147,0.00912832,1
706.427,0.459873,0.894387,-0.0922473,-1.28841,0.0684159,2.3177,1.19354,0.989996,-0.0464837,0.133149,0,-0.0414421,-0.998315,-0.04039,0,0.134804,0.0344686,-0.990273,0,0.71749,0.295334,0.118628,1,0.101286,0.822883,-0.125988,-1.48985,0.0686447,2.30921,0.76116,-0.00230023,0.000877378,-0.0204617,-0.00128817,-0.000407305,-0.224514,0.000642273,0,0,0,0,0,0,0,0.156561,-51.9892,-0.882919,21.7741,0.60067,2.75865,-0.0206421,0,0,0,0,0,0,0,0,0,0,0,0,0,0,0,0,0,0,0,0,0,0,0,0,0,0,0.11042,-0.521893,0.327547,0.349939,-0.0508148,0.33097,-0.0220864,-0.608903,-0.132677,0.284762,0.379878,-0.612013,0.192071,0.00912767,1
706.461,0.45986,0.894413,-0.0927425,-1.28839,0.0684299,2.30994,1.19354,0.990895,-0.0465361,0.126263,0,-0.042174,-0.998415,-0.0370049,0,0.127787,0.0313436,-0.991306,0,0.7162,0.294476,0.11774,1,0.101286,0.822883,-0.125988,-1.48985,0.0686447,2.30921,0.76116,0.00752512,0.00238817,-0.00908145,0.00500697,0.000420399,-0.236035,-0.00131136,0,0,0,0,0,0,0,-0.13305,-52.1439,-1.03368,21.5519,0.546654,2.5609,-0.0206421,0,0,0,0,0,0,0,0,0,0,0,0,0,0,0,0,0,0,0,0,0,0,0,0,0,0,-0.68727,-0.442076,-0.178409,0.207345,-0.0631866,0.292859,-0.0295584,-0.509169,-1.23807,0.235556,0.662913,-0.530312,-0.587841,0.00912767,1
706.495,0.46011,0.894378,-0.0927359,-1.2883,0.0684248,2.30126,1.19354,0.991881,-0.0460374,0.118466,0,-0.042328,-0.998528,-0.0336408,0,0.119842,0.0283538,-0.992388,0,0.71456,0.294052,0.116821,1,0.101286,0.822883,-0.125988,-1.48985,0.0686447,2.30921,0.76116,0.0110597,-0.000101964,0.00134735,0.00615144,-0.000350337,-0.260068,-8.26357e-05,0,0,0,0,0,0,0,-0.386957,-51.6837,-1.22014,21.4765,0.564049,2.62041,-0.0105713,0,0,0,0,0,0,0,0,0,0,0,0,0,0,0,0,0,0,0,0,0,0,0,0,0,0,-1.18691,-0.287819,-0.49565,-0.0178303,-0.0668841,0.205786,-0.0354777,-0.771973,-2.06757,0.151942,0.845837,-0.491194,-1.07914,0.00912767,1
706.529,0.460608,0.8944,-0.0927033,-1.28829,0.0684492,2.29349,1.19355,0.992735,-0.0453616,0.111358,0,-0.0421966,-0.99863,-0.0306166,0,0.112597,0.0256958,-0.993308,0,0.712967,0.293868,0.115935,1,0.101286,0.822883,-0.125988,-1.48985,0.0686447,2.30921,0.76116,0.0179518,-0.000741985,0.00114849,-0.00168716,0.00471312,-0.210501,0.00418834,0,0,0,0,0,0,0,-0.315546,-51.9535,-1.29552,21.7384,0.500878,2.75865,-0.0902222,0,0,0,0,0,0,0,0,0,0,0,0,0,0,0,0,0,0,0,0,0,0,0,0,0,0,-0.926155,-0.203807,-0.376303,-0.0510557,-0.0834162,0.210634,-0.0380342,-0.912782,-1.75272,0.0225398,0.685707,-0.472939,-0.832093,0.00912767,1
706.563,0.461247,0.894412,-0.092712,-1.28828,0.06847,2.28573,1.19356,0.993539,-0.0445754,0.104279,0,-0.0419151,-0.998731,-0.0275662,0,0.105377,0.0230177,-0.994166,0,0.711341,0.293758,0.115073,1,0.101286,0.822883,-0.125988,-1.48985,0.0686447,2.30921,0.76116,0.0154398,-0.000140832,-0.000696867,0.00209363,2.67857e-05,-0.256153,0.000198351,0,0,0,0,0,0,0,-0.27984,-51.9892,-1.10509,21.5122,0.554894,2.50139,-0.049939,0,0,0,0,0,0,0,0,0,0,0,0,0,0,0,0,0,0,0,0,0,0,0,0,0,0,-0.651494,-0.231499,-0.225843,-0.0172933,-0.107903,0.222838,-0.0609225,-1.03853,-1.4423,0.0486036,0.587776,-0.543619,-0.564946,0.00912767,1
706.597,0.461755,0.894403,-0.0926958,-1.28824,0.0685028,2.27732,1.19357,0.994341,-0.0439305,0.0966227,0,-0.0417669,-0.998822,-0.0243027,0,0.0975784,0.02013,-0.995024,0,0.709631,0.293526,0.114179,1,0.101286,0.822883,-0.125988,-1.48985,0.0686447,2.30921,0.76116,0.0152924,0.00169191,0.000865973,-0.00364619,0.00236318,-0.225176,0.00224327,0,0,0,0,0,0,0,-0.351251,-51.9138,-1.29552,21.5122,0.492638,2.62041,-0.100293,0,0,0,0,0,0,0,0,0,0,0,0,0,0,0,0,0,0,0,0,0,0,0,0,0,0,-0.28661,-0.323093,0.0316242,-0.0136301,-0.102551,0.185969,-0.0686694,-1.51502,-1.12931,0.247057,0.562171,-0.765666,-0.201943,0.00912767,1
706.631,0.462034,0.894522,-0.0927155,-1.28825,0.0686225,2.26987,1.19359,0.995006,-0.0436219,0.0896764,0,-0.0418653,-0.998885,-0.0213774,0,0.0905107,0.0175167,-0.995741,0,0.708129,0.293164,0.113283,1,0.101286,0.822883,-0.125988,-1.48985,0.0686447,2.30921,0.76116,0.00189346,0.00650965,0.00181639,0.000264997,0.00148557,-0.22972,-0.000396922,0,0,0,0,0,0,0,-0.172723,-52.0645,-1.10509,21.5876,0.510033,2.52062,-0.0600098,0,0,0,0,0,0,0,0,0,0,0,0,0,0,0,0,0,0,0,0,0,0,0,0,0,0,0.537489,-0.691113,0.497031,0.151574,-0.123814,0.195975,-0.0763539,-2.43487,-0.339315,0.807691,0.456908,-1.40637,0.600333,0.00912767,1
706.665,0.461985,0.894626,-0.0927227,-1.28825,0.0687779,2.26163,1.19395,0.99565,-0.0440069,0.0820041,0,-0.0426511,-0.998914,-0.0182137,0,0.0827182,0.0146372,-0.996465,0,0.70657,0.292524,0.112334,1,0.101286,0.822883,-0.125988,-1.48985,0.0686447,2.30921,0.76116,-0.0029881,0.00427587,-0.000846398,0.000585958,0.00999321,-0.254973,0.0185163,0,0,0,0,0,0,0,0.0811829,-52.1796,-1.03368,21.5122,0.465172,2.5902,-0.100293,0,0,0,0,0,0,0,0,0,0,0,0,0,0,0,0,0,0,0,0,0,0,0,0,0,0,0.509955,-0.505937,0.466432,0.0649444,-0.148146,0.168449,-0.106498,-2.22775,-0.333052,0.566785,0.36332,-1.17633,0.57009,0.00912767,1
706.699,0.461915,0.894967,-0.0927311,-1.28826,0.0688199,2.25462,1.19411,0.996175,-0.0441736,0.0752703,0,-0.0431398,-0.998942,-0.0153058,0,0.0758683,0.0120004,-0.997046,0,0.705196,0.291921,0.111339,1,0.101286,0.822883,-0.125988,-1.48985,0.0686447,2.30921,0.76116,0.000289946,0.012184,-0.000707943,-0.00026802,-0.00265903,-0.169188,0.00136131,0,0,0,0,0,0,0,0.0811829,-52.2947,-0.958297,21.5876,0.636376,2.46202,-0.0105713,0,0,0,0,0,0,0,0,0,0,0,0,0,0,0,0,0,0,0,0,0,0,0,0,0,0,0.195515,-0.727999,0.233343,0.0779738,-0.123269,0.150146,-0.0681779,-2.64569,-0.903911,0.951968,0.612987,-1.53406,0.254714,0.00912767,1
706.733,0.461777,0.895601,-0.0927393,-1.28814,0.0687869,2.25122,1.19402,0.996438,-0.0441483,0.0717199,0,-0.0432767,-0.99896,-0.0136625,0,0.0722499,0.0105102,-0.997331,0,0.704505,0.29152,0.110558,1,0.101286,0.822883,-0.125988,-1.48985,0.0686447,2.30921,0.76116,-0.00523834,0.0206275,0.000218727,0.00425166,0.000934595,-0.0518657,-0.00203558,0,0,0,0,0,0,0,0.0811829,-52.255,-0.994003,21.4011,0.627221,2.32286,-0.00050053,0,0,0,0,0,0,0,0,0,0,0,0,0,0,0,0,0,0,0,0,0,0,0,0,0,0,0.277083,-0.445459,0.343687,-0.268616,-0.0279498,-0.0278146,0.0122862,-3.4564,-1.01336,0.80534,0.604637,-1.51136,0.330773,0.00912767,1
706.767,0.461562,0.89654,-0.0927535,-1.28791,0.0687978,2.25097,1.19401,0.99649,-0.0443189,0.0708822,0,-0.0434892,-0.998957,-0.0132067,0,0.0713949,0.0100779,-0.997397,0,0.704409,0.29129,0.109926,1,0.101286,0.822883,-0.125988,-1.48985,0.0686447,2.30921,0.76116,-0.00470011,0.0344642,-0.00089375,0.0124922,-0.00037802,-0.000121614,-0.00116771,0,0,0,0,0,0,0,0.227972,-52.4097,-0.882919,21.2901,0.60067,2.24321,0.0397827,0,0,0,0,0,0,0,0,0,0,0,0,0,0,0,0,0,0,0,0,0,0,0,0,0,0,0.353274,-0.803478,0.388656,-0.162979,-0.0156789,-0.0902649,0.0278852,-3.9264,-1.07457,1.45748,0.780357,-1.99049,0.407491,0.00912767,1
706.801,0.46138,0.897919,-0.0927254,-1.28705,0.0687984,2.25112,1.194,0.996508,-0.0443981,0.0705814,0,-0.043587,-0.998956,-0.012991,0,0.0710858,0.00986937,-0.997421,0,0.704479,0.291199,0.10929,1,0.101286,0.822883,-0.125988,-1.48985,0.0686447,2.30921,0.76116,-0.00301952,0.0419321,-0.00020879,0.0328441,-0.0011419,0.000151539,-0.00318944,0,0,0,0,0,0,0,0.156561,-52.37,-1.18046,21.4011,0.609825,2.28349,0.099292,0,0,0,0,0,0,0,0,0,0,0,0,0,0,0,0,0,0,0,0,0,0,0,0,0,0,0.166612,-0.892001,0.185551,-0.223523,-0.0369041,-0.118355,0.0257546,-4.41273,-1.54875,1.66756,0.90666,-2.26814,0.208944,0.00912701,1
706.835,0.461285,0.899676,-0.0927559,-1.28546,0.0687906,2.2512,1.194,0.99651,-0.0443766,0.0705616,0,-0.043577,-0.998958,-0.0128317,0,0.0710589,0.0097122,-0.997425,0,0.704679,0.291216,0.1087,1,0.101286,0.822883,-0.125988,-1.48985,0.0686447,2.30921,0.76116,-0.000922464,0.0587203,-0.00103314,0.0585744,4.65345e-05,3.68736e-05,-0.00153346,0,0,0,0,0,0,0,0.192267,-52.3343,-0.847213,21.3258,0.636376,2.27342,0.0498535,0,0,0,0,0,0,0,0,0,0,0,0,0,0,0,0,0,0,0,0,0,0,0,0,0,0,0.00205771,-0.74764,0.0877692,-0.289351,-0.0333607,-0.121003,0.0357854,-4.1992,-1.68097,1.45226,0.883764,-2.06879,0.0478476,0.00912701,1
706.869,0.461245,0.90186,-0.0927241,-1.28309,0.0688235,2.2513,1.19401,0.996495,-0.044258,0.0708443,0,-0.0434518,-0.998963,-0.0128821,0,0.0713424,0.00975882,-0.997404,0,0.705006,0.291404,0.108142,1,0.101286,0.822883,-0.125988,-1.48985,0.0686447,2.30921,0.76116,0.00167557,0.0675748,0.000859391,0.0732782,0.000834556,0.000291229,0.00139046,0,0,0,0,0,0,0,0.00977179,-52.4454,-1.18046,21.3654,0.510033,2.31279,-0.0297974,0,0,0,0,0,0,0,0,0,0,0,0,0,0,0,0,0,0,0,0,0,0,0,0,0,0,-0.156665,-0.705889,-0.00185328,-0.355414,-0.0525697,-0.11925,0.0283074,-4.36798,-1.98752,1.40003,0.954931,-2.09297,-0.101313,0.00912701,1
706.903,0.461248,0.904116,-0.0927262,-1.28077,0.0688239,2.25131,1.19401,0.996494,-0.0440789,0.0709761,0,-0.0432769,-0.998971,-0.0127992,0,0.0714686,0.0096829,-0.997396,0,0.705286,0.291579,0.107504,1,0.101286,0.822883,-0.125988,-1.48985,0.0686447,2.30921,0.76116,0.000521171,0.0687309,0.000746358,0.0678346,0.000407827,4.22079e-05,0.00135674,0,0,0,0,0,0,0,0.00977179,-52.4097,-1.14476,21.2147,0.510033,2.30272,-0.0105713,0,0,0,0,0,0,0,0,0,0,0,0,0,0,0,0,0,0,0,0,0,0,0,0,0,0,-0.019986,-1.00911,0.0441828,-0.133097,-0.0780378,-0.0606743,0.0177063,-4.28967,-1.77276,1.77387,0.983249,-2.35615,0.0315181,0.00912701,1
706.937,0.461273,0.906391,-0.0927181,-1.27858,0.0689005,2.25131,1.19404,0.996503,-0.0439595,0.0709232,0,-0.0431642,-0.998978,-0.012708,0,0.0714107,0.00960241,-0.997401,0,0.705501,0.291755,0.106781,1,0.101286,0.822883,-0.125988,-1.48985,0.0686447,2.30921,0.76116,0.00165567,0.0654638,0.000307156,0.0584559,0.00654328,0.000854409,0.00482141,0,0,0,0,0,0,0,-0.172723,-52.4454,-1.22014,21.2504,0.446862,2.28349,-0.12959,0,0,0,0,0,0,0,0,0,0,0,0,0,0,0,0,0,0,0,0,0,0,0,0,0,0,-0.0531649,-0.805288,0.0255772,-0.210657,-0.126982,-0.0501818,-0.0110513,-4.07348,-1.76703,1.45105,0.874743,-2.10884,0.00610676,0.00912767,1
706.971,0.4614,0.9086,-0.0927159,-1.27673,0.0689703,2.25131,1.19404,0.996534,-0.0437252,0.0706326,0,-0.0429474,-0.99899,-0.0124938,0,0.0711089,0.00941719,-0.997424,0,0.705596,0.291947,0.105956,1,0.101286,0.822883,-0.125988,-1.48985,0.0686447,2.30921,0.76116,0.00273892,0.0628121,-0.000560085,0.0516172,-0.000741186,0.000429528,0.00111557,0,0,0,0,0,0,0,-0.172723,-52.5248,-1.14476,21.2901,0.573204,2.29265,-0.0600098,0,0,0,0,0,0,0,0,0,0,0,0,0,0,0,0,0,0,0,0,0,0,0,0,0,0,-0.221534,-0.845787,-0.057629,-0.172516,-0.14132,-0.0387987,-0.0471228,-3.85939,-1.9716,1.49482,0.963264,-2.07186,-0.153399,0.00912767,1
707.005,0.461472,0.910783,-0.0927247,-1.27498,0.0689794,2.25131,1.19404,0.996567,-0.0435131,0.0703027,0,-0.042759,-0.999001,-0.0121973,0,0.0707646,0.00914954,-0.997451,0,0.705685,0.292074,0.105105,1,0.101286,0.822883,-0.125988,-1.48985,0.0686447,2.30921,0.76116,0.00118904,0.0614654,-0.00170607,0.0526102,7.96057e-05,0.000300874,0.000662412,0,0,0,0,0,0,0,-0.244134,-52.5248,-1.03368,21.3258,0.519188,2.29265,-0.0700806,0,0,0,0,0,0,0,0,0,0,0,0,0,0,0,0,0,0,0,0,0,0,0,0,0,0,-0.12825,-0.600083,0.0521204,-0.284304,-0.121865,-0.0608404,-0.0472169,-3.72266,-1.78309,1.14755,0.843865,-1.77982,-0.057325,0.00912767,1
707.039,0.46147,0.912977,-0.0927407,-1.27328,0.0689752,2.25131,1.19403,0.9966,-0.0433696,0.0699133,0,-0.042643,-0.99901,-0.0118532,0,0.0703595,0.00883171,-0.997483,0,0.705775,0.29213,0.104217,1,0.101286,0.822883,-0.125988,-1.48985,0.0686447,2.30921,0.76116,-0.00206795,0.067757,-0.00031153,0.0534396,-0.000339959,0.00599447,-0.00133002,0,0,0,0,0,0,0,0.0454774,-52.4851,-0.958297,21.3258,0.528344,2.32286,-0.0105713,0,0,0,0,0,0,0,0,0,0,0,0,0,0,0,0,0,0,0,0,0,0,0,0,0,0,0.0400906,-0.855398,0.247036,-0.12694,-0.108174,-0.045902,-0.0385475,-3.78472,-1.55141,1.5038,0.937294,-1.99905,0.13112,0.00912767,1
707.073,0.461367,0.915324,-0.0927725,-1.2715,0.0689866,2.25131,1.19405,0.996632,-0.0433577,0.0694699,0,-0.0426614,-0.999014,-0.011476,0,0.0699003,0.00847385,-0.997518,0,0.705893,0.292108,0.103255,1,0.101286,0.822883,-0.125988,-1.48985,0.0686447,2.30921,0.76116,-0.00416977,0.0742131,-0.000812928,0.0565627,0.000723233,0.000256983,0.0025269,0,0,0,0,0,0,0,0.156561,-52.4454,-0.882919,21.2504,0.500878,2.32286,-0.110364,0,0,0,0,0,0,0,0,0,0,0,0,0,0,0,0,0,0,0,0,0,0,0,0,0,0,0.159401,-0.83945,0.335408,-0.0840823,-0.117943,-0.0290544,-0.0401438,-3.59497,-1.30122,1.44763,0.85732,-1.91608,0.253553,0.00912767,1
707.107,0.461257,0.917737,-0.0928042,-1.26954,0.0689723,2.25132,1.19404,0.996657,-0.043305,0.0691411,0,-0.0426359,-0.999019,-0.0111247,0,0.0695563,0.00813975,-0.997545,0,0.706055,0.2921,0.102322,1,0.101286,0.822883,-0.125988,-1.48985,0.0686447,2.30921,0.76116,-0.00903161,0.0680984,0.00101704,0.0520011,8.71682e-05,0.000134126,-0.000260001,0,0,0,0,0,0,0,0.263678,-52.2947,-0.918624,21.1393,0.554894,2.29265,-0.049939,0,0,0,0,0,0,0,0,0,0,0,0,0,0,0,0,0,0,0,0,0,0,0,0,0,0,0.398284,-0.551369,0.492102,-0.24813,-0.109644,-0.0573894,-0.0458166,-3.75065,-1.03522,1.0592,0.676192,-1.69305,0.482732,0.00912767,1
707.141,0.460837,0.919896,-0.0927993,-1.26765,0.0689762,2.25132,1.19404,0.996659,-0.043563,0.0689525,0,-0.0429113,-0.99901,-0.0109061,0,0.0693607,0.00791098,-0.99756,0,0.706328,0.291911,0.10155,1,0.101286,0.822883,-0.125988,-1.48985,0.0686447,2.30921,0.76116,-0.0129387,0.0625099,-8.09034e-05,0.057085,0.000564149,5.55759e-05,-0.00293002,0,0,0,0,0,0,0,0.263678,-52.37,-0.958297,21.2147,0.519188,2.30272,0.00957027,0,0,0,0,0,0,0,0,0,0,0,0,0,0,0,0,0,0,0,0,0,0,0,0,0,0,0.710077,-0.0620499,0.613371,-0.457997,-0.09595,-0.0846301,-0.0494071,-3.55189,-0.518534,0.354202,0.292858,-1.18856,0.759131,0.00912767,1
707.175,0.4603,0.921666,-0.0928075,-1.26584,0.0689742,2.25133,1.19405,0.996634,-0.0439771,0.0690415,0,-0.0433309,-0.998992,-0.0108301,0,0.0694495,0.00780222,-0.997555,0,0.706692,0.291656,0.101037,1,0.101286,0.822883,-0.125988,-1.48985,0.0686447,2.30921,0.76116,-0.0147396,0.0427482,-0.000387663,0.0469159,-0.000177909,0.000876896,-0.00123884,0,0,0,0,0,0,0,0.227972,-52.37,-0.882919,21.175,0.537499,2.26335,-0.0297974,0,0,0,0,0,0,0,0,0,0,0,0,0,0,0,0,0,0,0,0,0,0,0,0,0,0,0.468527,0.549195,0.448824,-0.767503,-0.111384,-0.125511,-0.0639426,-3.08411,-0.689974,-0.514906,0.0686926,-0.490397,0.513227,0.00912832,1
707.209,0.459818,0.922985,-0.092908,-1.26445,0.0689794,2.25133,1.19405,0.996606,-0.044417,0.069168,0,-0.0437782,-0.998974,-0.0107252,0,0.0695748,0.0076609,-0.997547,0,0.707021,0.291359,0.100675,1,0.101286,0.822883,-0.125988,-1.48985,0.0686447,2.30921,0.76116,-0.0185458,0.0353354,-0.00891384,0.0310869,0.000400794,-9.77133e-06,0.000836545,0,0,0,0,0,0,0,0.227972,-52.4851,-0.847213,21.3258,0.500878,2.30272,-0.0801514,0,0,0,0,0,0,0,0,0,0,0,0,0,0,0,0,0,0,0,0,0,0,0,0,0,0,0.743255,0.152939,0.678334,-0.460239,-0.110536,-0.089293,-0.0560174,-2.80781,-0.163566,0.00299084,0.106804,-0.733563,0.802959,0.00912832,1
707.243,0.459347,0.923957,-0.0931976,-1.26358,0.0690715,2.25133,1.19405,0.996578,-0.0450272,0.069184,0,-0.0444054,-0.998949,-0.0104995,0,0.0695854,0.00739156,-0.997549,0,0.707302,0.290914,0.100349,1,0.101286,0.822883,-0.125988,-1.48985,0.0686447,2.30921,0.76116,-0.0116744,0.0255227,-0.0115116,0.0239775,0.00851547,-0.000735505,-0.000956978,0,0,0,0,0,0,0,0.156561,-52.6001,-0.882919,21.3258,0.474327,2.31279,-0.0297974,0,0,0,0,0,0,0,0,0,0,0,0,0,0,0,0,0,0,0,0,0,0,0,0,0,0,0.32801,-0.101235,0.434809,-0.309286,-0.142428,-0.062946,-0.0630159,-2.47257,-0.619324,0.345243,0.326639,-0.869845,0.410547,0.00912832,1
707.277,0.458923,0.925042,-0.0932698,-1.26256,0.0690653,2.25138,1.19405,0.996557,-0.0454073,0.0692283,0,-0.0447944,-0.998933,-0.0103814,0,0.0696272,0.00724474,-0.997547,0,0.70755,0.290637,0.0999993,1,0.101286,0.822883,-0.125988,-1.48985,0.0686447,2.30921,0.76116,-0.0104662,0.0331657,0.000187472,0.0343581,0.00044312,0.00312982,0.00383509,0,0,0,0,0,0,0,0.116888,-52.5605,-0.994003,21.1393,0.537499,2.27342,-0.0902222,0,0,0,0,0,0,0,0,0,0,0,0,0,0,0,0,0,0,0,0,0,0,0,0,0,0,-0.189864,-0.553559,0.0868448,-0.248253,-0.114665,-0.0810538,-0.0386533,-3.25136,-1.64866,1.10758,0.816272,-1.56076,-0.101667,0.00912898,1
707.311,0.458837,0.926107,-0.0932613,-1.26133,0.0690673,2.25152,1.19404,0.996538,-0.0453908,0.06952,0,-0.0447703,-0.998933,-0.0104581,0,0.0699218,0.00730963,-0.997526,0,0.707764,0.290693,0.0997678,1,0.101286,0.822883,-0.125988,-1.48985,0.0686447,2.30921,0.76116,-0.000435219,0.0310227,-0.000204228,0.0306332,-2.20588e-05,0.00189816,0.00056063,0,0,0,0,0,0,0,0.0811829,-52.5248,-1.06938,21.4369,0.519188,2.28349,-0.0398682,0,0,0,0,0,0,0,0,0,0,0,0,0,0,0,0,0,0,0,0,0,0,0,0,0,0,-0.656879,-0.489841,-0.211716,-0.300352,-0.0974209,-0.0885186,-0.0223986,-2.98175,-2.18252,1.02428,0.936451,-1.42803,-0.56478,0.00912898,1
707.345,0.458888,0.926815,-0.0932232,-1.26024,0.0690555,2.25152,1.19405,0.99652,-0.0452441,0.0698633,0,-0.0446105,-0.998939,-0.0106029,0,0.0702702,0.0074495,-0.9975,0,0.707935,0.290864,0.0997283,1,0.101286,0.822883,-0.125988,-1.48985,0.0686447,2.30921,0.76116,0.001449,0.0155554,0.00109251,0.0293803,-0.000229174,0.000903257,0.00113482,0,0,0,0,0,0,0,-0.208429,-52.5605,-1.29552,21.5122,0.58236,2.29265,-0.0600098,0,0,0,0,0,0,0,0,0,0,0,0,0,0,0,0,0,0,0,0,0,0,0,0,0,0,-0.354381,0.170728,-0.106127,-0.472618,-0.0989724,-0.094653,-0.0261189,-1.96115,-1.33875,-0.0113501,0.359765,-0.5005,-0.298033,0.00912898,1
707.379,0.459052,0.927254,-0.0932301,-1.25902,0.0690449,2.25154,1.19402,0.99648,-0.0449771,0.0706079,0,-0.0443152,-0.998948,-0.0109147,0,0.0710259,0.00774746,-0.997444,0,0.708188,0.291142,0.0999615,1,0.101286,0.822883,-0.125988,-1.48985,0.0686447,2.30921,0.76116,0.00904288,0.0115026,-0.000208962,0.0399695,-0.00012018,0.000173638,-0.0012994,0,0,0,0,0,0,0,-0.208429,-52.6755,-1.18046,21.3654,0.591515,2.27342,0.0397827,0,0,0,0,0,0,0,0,0,0,0,0,0,0,0,0,0,0,0,0,0,0,0,0,0,0,-0.57249,0.100088,-0.227521,-0.491814,-0.0647178,-0.119932,0.00684715,-2.10841,-1.66601,0.14168,0.501577,-0.611793,-0.512329,0.00912898,1
707.413,0.45935,0.927493,-0.0932227,-1.25778,0.0690578,2.25155,1.19402,0.996431,-0.0446224,0.0715135,0,-0.0439209,-0.998961,-0.0113536,0,0.0719472,0.00817229,-0.997375,0,0.708442,0.291548,0.100353,1,0.101286,0.822883,-0.125988,-1.48985,0.0686447,2.30921,0.76116,0.0103749,0.000440572,-0.000444768,0.0359723,0.00029224,-0.000858663,0.000290088,0,0,0,0,0,0,0,-0.244134,-52.6358,-1.25584,21.3654,0.528344,2.32286,0.00957027,0,0,0,0,0,0,0,0,0,0,0,0,0,0,0,0,0,0,0,0,0,0,0,0,0,0,-0.566375,0.285261,-0.159773,-0.544191,-0.0746191,-0.126146,0.0209681,-1.77494,-1.49332,-0.150021,0.392602,-0.318024,-0.4885,0.00912898,1
707.447,0.459657,0.927501,-0.0932165,-1.25695,0.0690518,2.25157,1.19402,0.996393,-0.0442701,0.072264,0,-0.0435353,-0.998974,-0.0117133,0,0.0727098,0.00852522,-0.997317,0,0.708613,0.291912,0.100732,1,0.101286,0.822883,-0.125988,-1.48985,0.0686447,2.30921,0.76116,0.00831955,-0.000771719,-0.000452541,0.0219883,-0.000240884,0.0013452,0.000300106,0,0,0,0,0,0,0,-0.172723,-52.5248,-1.25584,21.3258,0.573204,2.23406,0.0196411,0,0,0,0,0,0,0,0,0,0,0,0,0,0,0,0,0,0,0,0,0,0,0,0,0,0,-0.375511,-0.417741,-0.103618,-0.159603,-0.0822351,-0.0676682,0.0176755,-2.09693,-1.36008,0.834784,0.615061,-1.07832,-0.306489,0.00912898,1
707.481,0.459966,0.927495,-0.0931673,-1.25611,0.0690538,2.25167,1.19402,0.996349,-0.0439015,0.073091,0,-0.0431262,-0.998986,-0.0121527,0,0.0735518,0.00895632,-0.997251,0,0.708793,0.292312,0.101132,1,0.101286,0.822883,-0.125988,-1.48985,0.0686447,2.30921,0.76116,0.0116199,-0.000320816,0.00181521,0.0266694,0.00031936,0.00833154,0.000130553,0,0,0,0,0,0,0,-0.244134,-52.4454,-1.36693,21.2901,0.554894,2.29265,-0.00050053,0,0,0,0,0,0,0,0,0,0,0,0,0,0,0,0,0,0,0,0,0,0,0,0,0,0,-0.43655,-0.261942,-0.197186,-0.333785,-0.0748911,-0.106698,0.0184179,-2.53587,-1.63445,0.684638,0.612183,-1.09887,-0.384208,0.00912898,1
707.515,0.460304,0.927462,-0.093153,-1.25526,0.0690453,2.25173,1.19401,0.996304,-0.0435023,0.0739382,0,-0.0426877,-0.999,-0.0125634,0,0.0744122,0.00936093,-0.997184,0,0.708977,0.292713,0.101559,1,0.101286,0.822883,-0.125988,-1.48985,0.0686447,2.30921,0.76116,0.00545364,-0.00160082,-0.000128215,0.0283066,-4.54974e-05,0.00101996,-0.000892017,0,0,0,0,0,0,0,-0.0616393,-52.0645,-1.29552,21.2504,0.591515,2.29265,0.0690795,0,0,0,0,0,0,0,0,0,0,0,0,0,0,0,0,0,0,0,0,0,0,0,0,0,0,-0.0646998,-0.25709,-0.0226615,-0.284504,-0.0661736,-0.0780821,0.0223259,-2.57991,-1.12187,0.628488,0.438663,-1.11156,-0.0355687,0.00912635,1
707.549,0.460336,0.927483,-0.0931616,-1.25445,0.0690429,2.25173,1.194,0.996254,-0.0434215,0.0746505,0,-0.0425751,-0.999,-0.0128937,0,0.0751372,0.00966729,-0.997126,0,0.709219,0.292868,0.101918,1,0.101286,0.822883,-0.125988,-1.48985,0.0686447,2.30921,0.76116,0.000116012,0.00673751,0.000239402,0.0230224,-0.000237033,-0.000397874,0.000386754,0,0,0,0,0,0,0,0.0454774,-52.37,-1.22014,21.2504,0.609825,2.30272,0.0690795,0,0,0,0,0,0,0,0,0,0,0,0,0,0,0,0,0,0,0,0,0,0,0,0,0,0,0.347147,-0.342459,0.215386,-0.158264,-0.0484479,-0.0488969,0.0383337,-2.47186,-0.468323,0.695048,0.281067,-1.14228,0.36234,0.00912635,1
707.583,0.460318,0.92751,-0.0931623,-1.25392,0.0690299,2.25178,1.19396,0.996219,-0.0433743,0.0751525,0,-0.0425059,-0.999,-0.0131161,0,0.0756477,0.00987228,-0.997086,0,0.709395,0.292945,0.10215,1,0.101286,0.822883,-0.125988,-1.48985,0.0686447,2.30921,0.76116,0.00179032,0.000133895,0.00077282,0.0132151,-0.000314766,0.00338328,-0.0036413,0,0,0,0,0,0,0,-0.0259338,-52.6001,-1.22014,21.2504,0.654686,2.31279,0.0892211,0,0,0,0,0,0,0,0,0,0,0,0,0,0,0,0,0,0,0,0,0,0,0,0,0,0,-0.0286151,-0.544963,-0.022807,-0.138924,-0.0338608,-0.0615608,0.0514462,-2.74974,-1.10262,1.04025,0.552928,-1.43025,-0.00694032,0.00912635,1
707.617,0.460302,0.927496,-0.0931836,-1.25354,0.0690111,2.25186,1.19371,0.996196,-0.0431199,0.0755923,0,-0.0422349,-0.99901,-0.0132681,0,0.0760911,0.0100252,-0.99705,0,0.709541,0.292992,0.102344,1,0.101286,0.822883,-0.125988,-1.48985,0.0686447,2.30921,0.76116,-0.0021517,0.000772215,-3.74669e-05,0.0146353,-0.000134711,0.00822922,-0.00443411,0,0,0,0,0,0,0,0.156561,-52.4097,-1.03368,21.2901,0.681237,2.28349,0.0791503,0,0,0,0,0,0,0,0,0,0,0,0,0,0,0,0,0,0,0,0,0,0,0,0,0,0,0.331959,-0.489455,0.246162,-0.21195,0.000830909,-0.0783531,0.0661138,-3.27924,-0.791143,0.987741,0.491312,-1.52407,0.350247,0.00912635,1
707.651,0.459988,0.927515,-0.0931885,-1.25335,0.0690245,2.25194,1.19346,0.996175,-0.0431928,0.0758308,0,-0.0422981,-0.999006,-0.0133658,0,0.0763342,0.0101073,-0.997031,0,0.709708,0.292806,0.102431,1,0.101286,0.822883,-0.125988,-1.48985,0.0686447,2.30921,0.76116,-0.0121973,0.00122959,0.000766786,0.00152851,0.000345286,-0.000496692,0.00236601,0,0,0,0,0,0,0,0.156561,-52.6358,-1.10509,21.2147,0.60067,2.30272,-0.0297974,0,0,0,0,0,0,0,0,0,0,0,0,0,0,0,0,0,0,0,0,0,0,0,0,0,0,0.747668,-0.738719,0.498059,-0.0584757,0.0132974,-0.0567821,0.0540458,-3.55544,-0.332366,1.32996,0.477374,-1.82641,0.754965,0.00912635,1
707.685,0.459774,0.927529,-0.0931853,-1.25333,0.0690187,2.25197,1.19346,0.996165,-0.0433907,0.0758542,0,-0.0424959,-0.998998,-0.0133718,0,0.0763598,0.0100972,-0.997029,0,0.709776,0.292658,0.102429,1,0.101286,0.822883,-0.125988,-1.48985,0.0686447,2.30921,0.76116,0.000553789,0.000822853,-0.000194919,0.00162671,-0.00132736,0.00142422,-0.00105718,0,0,0,0,0,0,0,-0.0259338,-52.7509,-1.10509,21.2901,0.654686,2.30272,0.0791503,0,0,0,0,0,0,0,0,0,0,0,0,0,0,0,0,0,0,0,0,0,0,0,0,0,0,-0.164267,-0.677399,-0.0557811,-0.168446,-0.0074748,-0.0664095,0.0412734,-3.30493,-1.54407,1.26743,0.790986,-1.71703,-0.133277,0.00912635,1
707.719,0.459904,0.927652,-0.0931656,-1.25332,0.069015,2.25203,1.19344,0.996176,-0.0432281,0.0758044,0,-0.042335,-0.999005,-0.0133502,0,0.0763075,0.0100901,-0.997033,0,0.709722,0.292755,0.102343,1,0.101286,0.822883,-0.125988,-1.48985,0.0686447,2.30921,0.76116,0.00727369,0.00692303,0.00133381,-0.000397757,0.000293422,0.000901875,-0.000874957,0,0,0,0,0,0,0,-0.244134,-52.6755,-1.29552,21.2901,0.645531,2.28349,0.0791503,0,0,0,0,0,0,0,0,0,0,0,0,0,0,0,0,0,0,0,0,0,0,0,0,0,0,-0.502792,-0.750748,-0.231208,-0.207137,0.00695664,-0.0781325,0.0530947,-3.5283,-2.10362,1.41092,1.00849,-1.85664,-0.457824,0.00912635,1
707.753,0.460295,0.927775,-0.0931499,-1.2533,0.0690047,2.25218,1.19338,0.996192,-0.0427636,0.0758542,0,-0.0418679,-0.999024,-0.0133597,0,0.0763529,0.0101331,-0.997029,0,0.709614,0.293043,0.102274,1,0.101286,0.822883,-0.125988,-1.48985,0.0686447,2.30921,0.76116,0.0199523,0.0060104,0.000195612,0.000676066,-0.00118238,0.00596325,-0.0011791,0,0,0,0,0,0,0,-0.27984,-52.7906,-1.36693,21.2147,0.699547,2.25328,0.119434,0,0,0,0,0,0,0,0,0,0,0,0,0,0,0,0,0,0,0,0,0,0,0,0,0,0,-0.880871,-0.769773,-0.468583,-0.249063,0.0197324,-0.0953388,0.0665317,-3.52781,-2.62634,1.47569,1.16737,-1.88481,-0.830768,0.00912635,1
707.787,0.460918,0.92793,-0.093145,-1.25328,0.0689735,2.25262,1.19307,0.99621,-0.041805,0.0761461,0,-0.0408988,-0.999064,-0.0134214,0,0.0766374,0.0102564,-0.997006,0,0.709487,0.293504,0.10221,1,0.101286,0.822883,-0.125988,-1.48985,0.0686447,2.30921,0.76116,0.0170591,0.00319397,0.000996656,-0.000795298,-0.000326151,0.00803352,-0.0111621,0,0,0,0,0,0,0,-0.27984,-52.7906,-1.4066,21.2901,0.672997,2.32286,0.0297119,0,0,0,0,0,0,0,0,0,0,0,0,0,0,0,0,0,0,0,0,0,0,0,0,0,0,-0.812772,-0.562119,-0.410071,-0.35645,0.0488601,-0.111488,0.0793242,-3.49544,-2.50412,1.18107,1.06794,-1.67192,-0.768482,0.00912635,1
707.821,0.461484,0.928062,-0.0931289,-1.25328,0.0689737,2.25275,1.19303,0.996235,-0.0411901,0.0761518,0,-0.0402821,-0.999089,-0.0134211,0,0.0766367,0.0103032,-0.997006,0,0.709316,0.293912,0.102123,1,0.101286,0.822883,-0.125988,-1.48985,0.0686447,2.30921,0.76116,0.019449,0.00788555,0.000943069,0.000780629,-0.000299032,0.000717115,-0.00265283,0,0,0,0,0,0,0,-0.27984,-52.8263,-1.36693,21.2504,0.681237,2.31279,0.129504,0,0,0,0,0,0,0,0,0,0,0,0,0,0,0,0,0,0,0,0,0,0,0,0,0,0,-0.454817,-0.802309,-0.24328,-0.21036,0.0459726,-0.0628905,0.06306,-3.82484,-2.1607,1.47994,1.05063,-2.00325,-0.429309,0.00912635,1
707.855,0.461898,0.928288,-0.0931236,-1.25328,0.068961,2.25276,1.19302,0.996268,-0.0407485,0.0759631,0,-0.0398499,-0.999107,-0.0133086,0,0.0764391,0.010232,-0.997022,0,0.709148,0.294185,0.101951,1,0.101286,0.822883,-0.125988,-1.48985,0.0686447,2.30921,0.76116,0.0097983,0.00760286,7.30284e-05,0.0011203,-0.000490983,0.000360971,-0.000491651,0,0,0,0,0,0,0,-0.172723,-52.7906,-1.33122,21.2504,0.699547,2.30272,0.0498535,0,0,0,0,0,0,0,0,0,0,0,0,0,0,0,0,0,0,0,0,0,0,0,0,0,0,0.0941214,-1.00567,0.0641735,-0.0952428,0.0527318,-0.045171,0.0729199,-4.29651,-1.56356,1.76829,0.95744,-2.33639,0.102849,0.00912635,1
707.889,0.462183,0.928584,-0.0931161,-1.25328,0.0689487,2.25276,1.19302,0.9963,-0.040439,0.0757072,0,-0.0395533,-0.999121,-0.0131627,0,0.0761744,0.0101197,-0.997043,0,0.709003,0.29436,0.101725,1,0.101286,0.822883,-0.125988,-1.48985,0.0686447,2.30921,0.76116,0.00558276,0.00701404,0.000571428,0.00122122,0.000181164,0.000372573,0.000769367,0,0,0,0,0,0,0,-0.244134,-52.7906,-1.36693,21.2504,0.681237,2.30272,0.0599243,0,0,0,0,0,0,0,0,0,0,0,0,0,0,0,0,0,0,0,0,0,0,0,0,0,0,0.0756064,-0.724688,0.0533917,-0.236458,0.0506758,-0.0582927,0.0674411,-4.15961,-1.54304,1.36135,0.833315,-2.03561,0.0811507,0.00912898,1
707.923,0.462349,0.928997,-0.0931321,-1.25328,0.068767,2.25279,1.19295,0.996334,-0.0400899,0.0754422,0,-0.0392317,-0.999138,-0.0128239,0,0.0758927,0.00981732,-0.997068,0,0.708886,0.29441,0.101413,1,0.101286,0.822883,-0.125988,-1.48985,0.0686447,2.30921,0.76116,0.0025485,0.0159636,-0.00154846,-0.00071111,-0.0150008,0.00491161,-0.011831,0,0,0,0,0,0,0,-0.208429,-52.9056,-1.18046,21.2504,0.762719,2.24321,0.149646,0,0,0,0,0,0,0,0,0,0,0,0,0,0,0,0,0,0,0,0,0,0,0,0,0,0,0.105034,-1.06306,0.0843166,-0.0968068,0.0660533,-0.0547165,0.0863381,-4.49901,-1.61609,1.87885,1.0114,-2.4496,0.115819,0.00912898,1
707.957,0.462263,0.929525,-0.0931495,-1.25326,0.0686468,2.25303,1.1925,0.996366,-0.039641,0.0752642,0,-0.0388053,-0.999159,-0.0125341,0,0.0756992,0.00956806,-0.997085,0,0.708861,0.294293,0.101042,1,0.101286,0.822883,-0.125988,-1.48985,0.0686447,2.30921,0.76116,-0.00126937,0.0185271,-0.000305485,0.000767032,0.000570856,0.00434549,-0.00666334,0,0,0,0,0,0,0,0.156561,-52.8659,-1.03368,21.2147,0.636376,2.32286,0.0397827,0,0,0,0,0,0,0,0,0,0,0,0,0,0,0,0,0,0,0,0,0,0,0,0,0,0,0.458217,-0.866815,0.313114,-0.216496,0.0603437,-0.0871419,0.0996592,-4.77675,-1.20595,1.6372,0.815886,-2.3526,0.465145,0.00912898,1
707.991,0.462028,0.930229,-0.0931583,-1.25326,0.0686419,2.25322,1.19245,0.996392,-0.0398064,0.0748286,0,-0.0389962,-0.999155,-0.0122574,0,0.0752547,0.00929531,-0.997121,0,0.708823,0.294062,0.100524,1,0.101286,0.822883,-0.125988,-1.48985,0.0686447,2.30921,0.76116,-0.00933647,0.0257319,0.00124821,-0.000489675,0.000114464,-6.78075e-05,-0.00325419,0,0,0,0,0,0,0,0.192267,-52.7906,-1.03368,21.2504,0.681237,2.26335,0.178943,0,0,0,0,0,0,0,0,0,0,0,0,0,0,0,0,0,0,0,0,0,0,0,0,0,0,0.416965,-1.13767,0.303429,-0.0705324,0.036195,-0.0576348,0.0839772,-4.83639,-1.307,2.00821,0.957919,-2.61993,0.436467,0.00912898,1
708.025,0.461734,0.931152,-0.0931543,-1.25324,0.0686365,2.25342,1.19239,0.996429,-0.0400011,0.0742221,0,-0.0392243,-0.99915,-0.0118951,0,0.0746363,0.00894153,-0.997171,0,0.708759,0.293778,0.0998464,1,0.101286,0.822883,-0.125988,-1.48985,0.0686447,2.30921,0.76116,-0.00498988,0.0314453,0.000509885,0.00127152,-0.000545081,0.0109333,-0.000972789,0,0,0,0,0,0,0,0.263678,-52.7152,-1.10509,21.1393,0.690392,2.26335,0.109363,0,0,0,0,0,0,0,0,0,0,0,0,0,0,0,0,0,0,0,0,0,0,0,0,0,0,0.303079,-1.33927,0.237649,0.0176818,0.0473139,-0.0573616,0.0987765,-4.89322,-1.46984,2.32019,1.09322,-2.82326,0.327496,0.00912504,1
708.059,0.461434,0.932248,-0.0931608,-1.25315,0.068636,2.25375,1.1923,0.996465,-0.0401756,0.0736454,0,-0.039432,-0.999146,-0.0115238,0,0.0740469,0.00857926,-0.997218,0,0.708709,0.293487,0.0990826,1,0.101286,0.822883,-0.125988,-1.48985,0.0686447,2.30921,0.76116,-0.0113675,0.0328409,0.000592867,0.00536832,0.00020246,0.00822762,-0.0155789,0,0,0,0,0,0,0,0.156561,-52.7906,-1.03368,21.1393,0.690392,2.26335,0.149646,0,0,0,0,0,0,0,0,0,0,0,0,0,0,0,0,0,0,0,0,0,0,0,0,0,0,0.438753,-1.0212,0.302537,-0.152258,0.051014,-0.0856631,0.106991,-4.89944,-1.26681,1.8873,0.892707,-2.53723,0.451608,0.00912504,1
708.093,0.461203,0.933503,-0.0931796,-1.25297,0.0686058,2.25433,1.19195,0.996501,-0.040005,0.0732585,0,-0.0392908,-0.999156,-0.0111645,0,0.0736447,0.00824718,-0.99725,0,0.708685,0.293252,0.0982647,1,0.101286,0.822883,-0.125988,-1.48985,0.0686447,2.30921,0.76116,-0.00887733,0.0372512,0.00124597,0.00217974,-0.000105331,0.0193625,-0.0116069,0,0,0,0,0,0,0,0.156561,-52.9056,-0.958297,21.2504,0.708702,2.25328,0.129504,0,0,0,0,0,0,0,0,0,0,0,0,0,0,0,0,0,0,0,0,0,0,0,0,0,0,0.110775,-0.988396,0.159623,-0.211295,0.0654528,-0.103278,0.114637,-4.85645,-1.70387,1.87161,1.0402,-2.48376,0.141905,0.00912504,1
708.127,0.460953,0.934751,-0.0931892,-1.25285,0.0685593,2.25529,1.19171,0.996508,-0.039958,0.0731857,0,-0.0392607,-0.999159,-0.0109417,0,0.0735628,0.00803034,-0.997258,0,0.708723,0.293028,0.0974676,1,0.101286,0.822883,-0.125988,-1.48985,0.0686447,2.30921,0.76116,-0.00828427,0.038022,0.000901805,0.00200158,-7.14993e-05,0.0337114,-0.00296857,0,0,0,0,0,0,0,0.227972,-52.9056,-0.958297,21.1393,0.690392,2.27342,0.139575,0,0,0,0,0,0,0,0,0,0,0,0,0,0,0,0,0,0,0,0,0,0,0,0,0,0,0.0363899,-0.706445,0.176253,-0.363465,0.073012,-0.112193,0.101786,-4.75214,-1.78475,1.45778,0.986274,-2.17351,0.0775277,0.00912504,1
708.16,0.460742,0.935959,-0.0931984,-1.25267,0.0685593,2.2563,1.19171,0.996499,-0.0401257,0.0732171,0,-0.0394369,-0.999154,-0.0108298,0,0.0735911,0.00790459,-0.997257,0,0.70878,0.292853,0.0967318,1,0.101286,0.822883,-0.125988,-1.48985,0.0686447,2.30921,0.76116,-0.00362031,0.0399035,-0.000273967,0.0103839,3.30664e-05,0.0313956,-0.00061912,0,0,0,0,0,0,0,0.192267,-52.8263,-0.918624,21.0639,0.690392,2.25328,0.119434,0,0,0,0,0,0,0,0,0,0,0,0,0,0,0,0,0,0,0,0,0,0,0,0,0,0,0.0441128,-0.633665,0.210369,-0.44108,0.0631607,-0.114558,0.101095,-5.00678,-1.87777,1.36899,0.997563,-2.1861,0.0940216,0.00912504,1
708.195,0.460697,0.937501,-0.0931988,-1.25203,0.0685098,2.25724,1.19159,0.996498,-0.0399525,0.0733183,0,-0.0392729,-0.999162,-0.0106881,0,0.0736852,0.00777141,-0.997251,0,0.708846,0.292834,0.0959414,1,0.101286,0.822883,-0.125988,-1.48985,0.0686447,2.30921,0.76116,0.00132426,0.0486974,-0.000461146,0.0206048,-0.0052728,0.0225781,-0.00736996,0,0,0,0,0,0,0,0.0811829,-52.8659,-0.958297,21.0639,0.762719,2.25328,0.158801,0,0,0,0,0,0,0,0,0,0,0,0,0,0,0,0,0,0,0,0,0,0,0,0,0,0,-0.171945,-0.75869,0.087299,-0.443178,0.0798669,-0.111033,0.118753,-5.32316,-2.29392,1.5801,1.18239,-2.40756,-0.115642,0.00912504,1
708.229,0.460728,0.939128,-0.0931877,-1.25081,0.0683775,2.25825,1.19117,0.996477,-0.0393069,0.0739501,0,-0.0386195,-0.999187,-0.0107035,0,0.0743122,0.00781,-0.997204,0,0.709068,0.292964,0.0953633,1,0.101286,0.822883,-0.125988,-1.48985,0.0686447,2.30921,0.76116,0.00323557,0.0545526,0.00212055,0.0482701,0.000785006,0.0245837,-0.00872828,0,0,0,0,0,0,0,-0.0616393,-52.8263,-1.10509,21.1036,0.699547,2.27342,0.129504,0,0,0,0,0,0,0,0,0,0,0,0,0,0,0,0,0,0,0,0,0,0,0,0,0,0,-0.171865,-0.510136,0.114468,-0.616768,0.0935484,-0.142537,0.117861,-5.49195,-2.36859,1.26499,1.12707,-2.22617,-0.115775,0.00912504,1
708.263,0.460819,0.941106,-0.0931821,-1.24869,0.0683666,2.25921,1.19113,0.99641,-0.0390107,0.0750119,0,-0.0382888,-0.999196,-0.0110396,0,0.0753837,0.00812798,-0.997121,0,0.709472,0.293262,0.0949316,1,0.101286,0.822883,-0.125988,-1.48985,0.0686447,2.30921,0.76116,0.00103938,0.0616396,-0.000819924,0.0770861,0.000457273,0.0279162,-0.00270465,0,0,0,0,0,0,0,-0.13305,-52.9056,-1.10509,21.1393,0.654686,2.30272,0.149646,0,0,0,0,0,0,0,0,0,0,0,0,0,0,0,0,0,0,0,0,0,0,0,0,0,0,-0.255817,-0.447224,0.0687955,-0.671199,0.0719835,-0.139909,0.0955843,-5.57494,-2.55545,1.18022,1.15343,-2.20096,-0.194647,0.00912504,1
708.297,0.460796,0.943322,-0.0932115,-1.24585,0.068355,2.2597,1.19113,0.996334,-0.0388478,0.0760873,0,-0.038092,-0.9992,-0.0113602,0,0.0764693,0.00842041,-0.997036,0,0.710002,0.293522,0.0945993,1,0.101286,0.822883,-0.125988,-1.48985,0.0686447,2.30921,0.76116,-0.00455204,0.0639351,-0.000187587,0.0888988,-0.000643898,0.00481304,0.000944349,0,0,0,0,0,0,0,0.299384,-52.7906,-0.80754,21.2504,0.717858,2.343,0.0892211,0,0,0,0,0,0,0,0,0,0,0,0,0,0,0,0,0,0,0,0,0,0,0,0,0,0,0.138071,-0.488893,0.308578,-0.522877,0.0543928,-0.0916133,0.0954015,-5.20764,-1.83834,1.14049,0.94999,-2.10785,0.19568,0.00912504,1
708.331,0.460443,0.945578,-0.0933882,-1.24266,0.0683668,2.25975,1.19113,0.996249,-0.0390711,0.077084,0,-0.0382929,-0.99919,-0.0115487,0,0.0774743,0.00855377,-0.996958,0,0.710682,0.293486,0.0943599,1,0.101286,0.822883,-0.125988,-1.48985,0.0686447,2.30921,0.76116,-0.0119226,0.0695135,-0.00997737,0.102788,8.06496e-05,0.000574129,-0.00117249,0,0,0,0,0,0,0,0.263678,-52.7906,-0.882919,21.1393,0.654686,2.30272,0.139575,0,0,0,0,0,0,0,0,0,0,0,0,0,0,0,0,0,0,0,0,0,0,0,0,0,0,0.811099,-0.175863,0.740201,-0.588343,0.045292,-0.0904411,0.0974372,-5.06565,-0.813773,0.637894,0.534528,-1.74885,0.858448,0.00912504,1
708.365,0.460143,0.947769,-0.0937041,-1.23932,0.0683711,2.25975,1.19113,0.996146,-0.0393211,0.0782802,0,-0.0385209,-0.99918,-0.0117077,0,0.0786779,0.00864731,-0.996863,0,0.711431,0.293432,0.0942376,1,0.101286,0.822883,-0.125988,-1.48985,0.0686447,2.30921,0.76116,-0.00915306,0.0641711,-0.0110328,0.0912768,-0.000101212,-0.000147437,-0.00160612,0,0,0,0,0,0,0,0.192267,-52.9056,-0.882919,21.175,0.645531,2.32286,0.109363,0,0,0,0,0,0,0,0,0,0,0,0,0,0,0,0,0,0,0,0,0,0,0,0,0,0,0.420029,-0.116198,0.498072,-0.573584,0.0280877,-0.0822633,0.0925208,-4.46917,-1.12557,0.518149,0.574456,-1.51439,0.477606,0.00912635,1
708.399,0.459918,0.949912,-0.0941862,-1.23587,0.068355,2.25976,1.19112,0.996024,-0.0395476,0.0797003,0,-0.0387278,-0.99917,-0.0118059,0,0.0801026,0.00867247,-0.996749,0,0.712247,0.293357,0.0942129,1,0.101286,0.822883,-0.125988,-1.48985,0.0686447,2.30921,0.76116,-0.00448671,0.0619671,-0.0141184,0.0998563,-0.000237828,0.000376938,-0.000454872,0,0,0,0,0,0,0,0.192267,-53.0564,-0.847213,21.2901,0.717858,2.30272,0.119434,0,0,0,0,0,0,0,0,0,0,0,0,0,0,0,0,0,0,0,0,0,0,0,0,0,0,0.401609,-0.263792,0.517654,-0.498469,0.0409269,-0.0825232,0.092642,-4.50211,-1.16481,0.739185,0.672109,-1.6476,0.465649,0.00912635,1
708.433,0.459791,0.952198,-0.0951331,-1.23185,0.0683749,2.25976,1.19112,0.99585,-0.039914,0.0816695,0,-0.0390811,-0.999157,-0.0117715,0,0.0820721,0.00853105,-0.99659,0,0.713296,0.293166,0.0943642,1,0.101286,0.822883,-0.125988,-1.48985,0.0686447,2.30921,0.76116,-0.00185546,0.062816,-0.030111,0.12524,0.000535131,0.000299878,0.000886836,0,0,0,0,0,0,0,0.156561,-52.9056,-0.918624,21.2147,0.609825,2.31279,0.0791503,0,0,0,0,0,0,0,0,0,0,0,0,0,0,0,0,0,0,0,0,0,0,0,0,0,0,0.461306,-0.173323,0.579449,-0.551743,0.0455812,-0.104862,0.105081,-4.53528,-1.07278,0.633514,0.622196,-1.56684,0.529487,0.00912635,1
708.467,0.459778,0.954478,-0.0960316,-1.22773,0.0684074,2.25976,1.19114,0.995671,-0.0401587,0.0837128,0,-0.0393046,-0.999148,-0.0118267,0,0.084118,0.00848533,-0.99642,0,0.714328,0.293104,0.0945647,1,0.101286,0.822883,-0.125988,-1.48985,0.0686447,2.30921,0.76116,0.000757845,0.0660599,-0.018682,0.120324,0.00325969,0.00143635,0.00153002,0,0,0,0,0,0,0,0.00977179,-53.1317,-1.06938,21.1393,0.537499,2.343,-0.0206421,0,0,0,0,0,0,0,0,0,0,0,0,0,0,0,0,0,0,0,0,0,0,0,0,0,0,-0.296431,-0.500355,0.0624875,-0.370263,-0.0071103,-0.0693015,0.0874386,-4.01763,-1.95137,1.0749,0.936258,-1.74712,-0.211723,0.00912635,1
708.501,0.459864,0.956658,-0.0964154,-1.22399,0.0684325,2.25976,1.19117,0.99554,-0.0400634,0.0853022,0,-0.0391694,-0.999149,-0.0121292,0,0.0857172,0.00873405,-0.996281,0,0.715099,0.293359,0.0946443,1,0.101286,0.822883,-0.125988,-1.48985,0.0686447,2.30921,0.76116,0.00391625,0.0694004,-0.00361427,0.1017,0.00382169,-5.92604e-05,-0.000745782,0,0,0,0,0,0,0,-0.0973449,-53.0564,-1.14476,21.4011,0.537499,2.3723,0.0297119,0,0,0,0,0,0,0,0,0,0,0,0,0,0,0,0,0,0,0,0,0,0,0,0,0,0,-0.723599,-0.755983,-0.218289,-0.209281,-0.0574306,-0.0236833,0.0257275,-3.65187,-2.49176,1.38952,1.16483,-1.88538,-0.627424,0.00912635,1
708.535,0.459948,0.958567,-0.0964198,-1.22074,0.0684649,2.25974,1.19119,0.995444,-0.0398051,0.086527,0,-0.0388563,-0.999155,-0.0126235,0,0.0869581,0.00920406,-0.996169,0,0.715673,0.293779,0.0946847,1,0.101286,0.822883,-0.125988,-1.48985,0.0686447,2.30921,0.76116,0.00760225,0.0518694,-3.46214e-05,0.0890363,0.00029521,0.000501989,-0.00225633,0,0,0,0,0,0,0,-0.172723,-53.0564,-1.14476,21.4765,0.546654,2.40251,0.0196411,0,0,0,0,0,0,0,0,0,0,0,0,0,0,0,0,0,0,0,0,0,0,0,0,0,0,-0.650331,-0.52313,-0.186201,-0.170867,-0.0831919,-0.00115006,-0.00500621,-2.63549,-2.00879,0.949181,0.899754,-1.33902,-0.559214,0.00912701,1
708.569,0.460142,0.959979,-0.09649,-1.2182,0.0684699,2.25974,1.19119,0.995364,-0.0394905,0.087589,0,-0.0384986,-0.999165,-0.0129851,0,0.0880303,0.00955305,-0.996072,0,0.716118,0.294166,0.0947813,1,0.101286,0.822883,-0.125988,-1.48985,0.0686447,2.30921,0.76116,0.000527473,0.035738,-7.16683e-05,0.0623868,0.0004864,7.93184e-05,0.00288077,0,0,0,0,0,0,0,-0.172723,-53.1714,-1.03368,21.3654,0.546654,2.40251,-0.049939,0,0,0,0,0,0,0,0,0,0,0,0,0,0,0,0,0,0,0,0,0,0,0,0,0,0,-0.0606266,-0.176657,0.247996,-0.220461,-0.0833636,0.0109216,-0.0123263,-2.19085,-0.998375,0.359591,0.508642,-0.831044,0.0326009,0.00912701,1
708.603,0.460362,0.960895,-0.0966538,-1.21681,0.0685974,2.25973,1.19126,0.995327,-0.0394004,0.0880529,0,-0.0383914,-0.999167,-0.013124,0,0.0884984,0.00968239,-0.996029,0,0.716324,0.294384,0.0947302,1,0.101286,0.822883,-0.125988,-1.48985,0.0686447,2.30921,0.76116,0.00312865,0.0194344,7.72995e-05,0.0241221,0.00842551,-0.000357499,0.00670425,0,0,0,0,0,0,0,-0.0973449,-53.096,-1.18046,21.4765,0.492638,2.43181,-0.0902222,0,0,0,0,0,0,0,0,0,0,0,0,0,0,0,0,0,0,0,0,0,0,0,0,0,0,-0.26872,-0.522632,0.143403,-0.0350856,-0.0972505,0.0576802,-0.0276457,-2.17868,-1.30938,0.812787,0.746988,-1.14484,-0.160193,0.00912701,1
708.637,0.460553,0.96131,-0.0966538,-1.2166,0.0686785,2.25969,1.19167,0.995338,-0.0396475,0.0878089,0,-0.0386443,-0.999158,-0.0130968,0,0.0882559,0.00964258,-0.996051,0,0.716233,0.294518,0.0945035,1,0.101286,0.822883,-0.125988,-1.48985,0.0686447,2.30921,0.76116,0.00541207,0.0129932,-0.00370946,-0.00155196,-0.000365423,-0.00486784,0.0109905,0,0,0,0,0,0,0,-0.244134,-53.2468,-1.18046,21.5876,0.564049,2.54076,-0.0600098,0,0,0,0,0,0,0,0,0,0,0,0,0,0,0,0,0,0,0,0,0,0,0,0,0,0,-0.20352,-0.819546,0.0974101,0.177191,-0.102024,0.108837,-0.0310842,-2.03894,-1.16531,1.17817,0.779009,-1.39163,-0.112212,0.00912701,1
708.671,0.460598,0.961582,-0.0966408,-1.21664,0.0686828,2.25942,1.19167,0.995386,-0.0395895,0.0872877,0,-0.0386121,-0.999162,-0.0128585,0,0.0877253,0.00942897,-0.9961,0,0.716097,0.294503,0.0942461,1,0.101286,0.822883,-0.125988,-1.48985,0.0686447,2.30921,0.76116,0.000129407,0.00700049,0.00138834,-0.00132685,7.18254e-05,-0.0094189,-0.00189274,0,0,0,0,0,0,0,-0.0616393,-53.2071,-1.33122,21.663,0.528344,2.52062,0.0196411,0,0,0,0,0,0,0,0,0,0,0,0,0,0,0,0,0,0,0,0,0,0,0,0,0,0,0.0678382,-0.577425,0.232067,0.060908,-0.0924937,0.128371,-0.0222567,-2.22761,-0.850135,0.791524,0.581105,-1.23184,0.142735,0.00912701,1
708.705,0.460595,0.96185,-0.0966452,-1.2167,0.0686948,2.25923,1.19169,0.995427,-0.0396104,0.0868192,0,-0.038657,-0.999163,-0.0126353,0,0.0872487,0.00922154,-0.996144,0,0.715986,0.294446,0.0939914,1,0.101286,0.822883,-0.125988,-1.48985,0.0686447,2.30921,0.76116,0.000355459,0.00633722,0.000432118,-0.00296617,0.000256493,-0.00346799,0.00431766,0,0,0,0,0,0,0,-0.0616393,-53.2865,-1.25584,21.7384,0.510033,2.52062,-0.12959,0,0,0,0,0,0,0,0,0,0,0,0,0,0,0,0,0,0,0,0,0,0,0,0,0,0,0.0552554,-0.583062,0.12455,0.0520141,-0.108641,0.118474,-0.0273114,-2.27609,-0.894842,0.829295,0.535414,-1.28627,0.109736,0.00912701,1
708.739,0.460596,0.962239,-0.0966481,-1.21675,0.0688176,2.25915,1.19172,0.995466,-0.0397047,0.0863251,0,-0.0387689,-0.99916,-0.0124909,0,0.0867503,0.00908775,-0.996189,0,0.715868,0.294401,0.0936592,1,0.101286,0.822883,-0.125988,-1.48985,0.0686447,2.30921,0.76116,0.0040256,0.0160416,-0.00315645,0.000236248,0.0175572,0.000524733,0.00706747,0,0,0,0,0,0,0,-0.0973449,-53.3222,-1.22014,21.663,0.456017,2.50139,0.00957027,0,0,0,0,0,0,0,0,0,0,0,0,0,0,0,0,0,0,0,0,0,0,0,0,0,0,-0.0733684,-0.833095,0.0392538,0.144574,-0.133688,0.128434,-0.0363472,-2.50098,-1.17993,1.20992,0.707986,-1.60091,-0.00976242,0.00912701,1
708.773,0.460744,0.962941,-0.0966451,-1.21675,0.0688889,2.25914,1.19179,0.995524,-0.0396477,0.0856817,0,-0.0387414,-0.999165,-0.0122151,0,0.0860961,0.00884115,-0.996248,0,0.715669,0.294441,0.093116,1,0.101286,0.822883,-0.125988,-1.48985,0.0686447,2.30921,0.76116,0.00643458,0.0255767,-0.000424603,0.000556033,-0.00026479,0.000668049,-5.4983e-05,0,0,0,0,0,0,0,-0.244134,-53.3222,-1.25584,21.5876,0.528344,2.44188,-0.0297974,0,0,0,0,0,0,0,0,0,0,0,0,0,0,0,0,0,0,0,0,0,0,0,0,0,0,-0.347488,-1.3451,-0.111026,0.368548,-0.134782,0.151434,-0.0428793,-2.71629,-1.66703,1.96419,1.07094,-2.14319,-0.268902,0.00912832,1
708.807,0.460979,0.96382,-0.0966478,-1.21675,0.0688665,2.25915,1.19179,0.9956,-0.0393622,0.0849224,0,-0.0384993,-0.99918,-0.0117749,0,0.0853178,0.00845375,-0.996318,0,0.715412,0.294511,0.0924366,1,0.101286,0.822883,-0.125988,-1.48985,0.0686447,2.30921,0.76116,0.0057317,0.0247044,-0.000672337,1.88846e-05,-0.000517845,0.000444019,-0.00210605,0,0,0,0,0,0,0,-0.208429,-53.2865,-1.22014,21.6273,0.60067,2.44188,0.0196411,0,0,0,0,0,0,0,0,0,0,0,0,0,0,0,0,0,0,0,0,0,0,0,0,0,0,-0.410755,-1.16073,-0.0966562,0.277327,-0.0975672,0.116714,-0.0336342,-2.4873,-1.65293,1.72377,1.03268,-1.87748,-0.329244,0.00912832,1
708.841,0.46114,0.964632,-0.0966531,-1.21675,0.0688482,2.25915,1.19179,0.995667,-0.0391653,0.0842249,0,-0.038342,-0.99919,-0.0113703,0,0.0846036,0.00809187,-0.996382,0,0.715192,0.294535,0.09181,1,0.101286,0.822883,-0.125988,-1.48985,0.0686447,2.30921,0.76116,0.00330059,0.023005,-0.0018368,-0.000294956,-0.000551694,-0.000121636,0.00229552,0,0,0,0,0,0,0,-0.208429,-53.1317,-1.14476,21.6273,0.636376,2.43181,-0.049939,0,0,0,0,0,0,0,0,0,0,0,0,0,0,0,0,0,0,0,0,0,0,0,0,0,0,-0.0292131,-0.707519,0.157855,0.0936788,-0.0555448,0.0694997,-0.0256106,-2.21689,-0.993774,1.08279,0.690828,-1.34372,0.0350555,0.00912964,1
708.875,0.461191,0.965357,-0.0966379,-1.21674,0.0688434,2.25916,1.19179,0.995723,-0.0390738,0.0835995,0,-0.0382835,-0.999196,-0.011036,0,0.0839651,0.00778846,-0.996438,0,0.71502,0.294503,0.0912541,1,0.101286,0.822883,-0.125988,-1.48985,0.0686447,2.30921,0.76116,-0.000906705,0.0173621,-1.25726e-05,0.00096173,-0.00073533,0.000548622,0.000696813,0,0,0,0,0,0,0,-0.172723,-53.0167,-1.33122,21.5519,0.636376,2.41167,-0.0206421,0,0,0,0,0,0,0,0,0,0,0,0,0,0,0,0,0,0,0,0,0,0,0,0,0,0,0.0182517,-0.320172,0.190917,-0.0750439,-0.0272779,0.0342513,-0.0166066,-1.85704,-0.767798,0.531064,0.474973,-0.862222,0.0713469,0.00912964,1
708.909,0.461178,0.965931,-0.0966531,-1.21675,0.0688463,2.25915,1.19179,0.995767,-0.0390755,0.0830794,0,-0.0383139,-0.999198,-0.0107419,0,0.0834342,0.00751347,-0.996485,0,0.714898,0.29442,0.0908057,1,0.101286,0.822883,-0.125988,-1.48985,0.0686447,2.30921,0.76116,-0.000289987,0.016767,-0.0012667,-0.00152245,-2.78285e-05,-0.00772097,0.000907673,0,0,0,0,0,0,0,-0.0259338,-53.096,-1.14476,21.663,0.609825,2.47118,-0.0206421,0,0,0,0,0,0,0,0,0,0,0,0,0,0,0,0,0,0,0,0,0,0,0,0,0,0,0.00674036,-0.225208,0.133862,-0.0999448,-0.0228179,0.0369002,-0.0164276,-1.67298,-0.709345,0.379259,0.390426,-0.728555,0.0455901,0.00912964,1
708.943,0.461047,0.966454,-0.0967376,-1.21677,0.0688484,2.25914,1.19179,0.995798,-0.0392343,0.0826308,0,-0.0385034,-0.999194,-0.0104211,0,0.0829747,0.00719593,-0.996526,0,0.714837,0.294217,0.0903971,1,0.101286,0.822883,-0.125988,-1.48985,0.0686447,2.30921,0.76116,-0.0093327,0.0133374,-0.000461901,0.000973194,0.000596526,-0.000636864,0.00248448,0,0,0,0,0,0,0,0.192267,-53.096,-0.958297,21.6273,0.591515,2.50139,-0.049939,0,0,0,0,0,0,0,0,0,0,0,0,0,0,0,0,0,0,0,0,0,0,0,0,0,0,0.479637,-0.4138,0.435526,0.0459816,-0.0232159,0.0784055,-0.0108683,-1.89014,-0.119587,0.594166,0.317599,-0.950225,0.516782,0.00912964,1
708.977,0.46086,0.967115,-0.0970428,-1.21684,0.0688713,2.25911,1.19179,0.99583,-0.0395672,0.0820838,0,-0.0388875,-0.999185,-0.00986304,0,0.0824088,0.00663,-0.996577,0,0.7148,0.293822,0.0898669,1,0.101286,0.822883,-0.125988,-1.48985,0.0686447,2.30921,0.76116,-0.00152815,0.0225372,-0.0139951,-0.00163982,0.00204393,-0.000244561,0.000402721,0,0,0,0,0,0,0,0.156561,-53.1317,-1.03368,21.663,0.510033,2.50139,-0.0398682,0,0,0,0,0,0,0,0,0,0,0,0,0,0,0,0,0,0,0,0,0,0,0,0,0,0,0.41202,-0.911058,0.392504,0.319582,-0.0469715,0.139973,-0.0090896,-1.99888,-0.252738,1.25802,0.547508,-1.4482,0.462817,0.00912964,1
709.011,0.460833,0.968043,-0.0972209,-1.21687,0.0688615,2.25911,1.19179,0.99589,-0.0396457,0.0813152,0,-0.0390201,-0.999186,-0.00926803,0,0.081618,0.00605712,-0.996645,0,0.714641,0.293592,0.0891462,1,0.101286,0.822883,-0.125988,-1.48985,0.0686447,2.30921,0.76116,-0.000302472,0.0321926,-0.000806984,-0.00446292,-0.00908243,0.000313687,0.00126014,0,0,0,0,0,0,0,0.00977179,-53.2071,-1.14476,21.5519,0.564049,2.45195,-0.0398682,0,0,0,0,0,0,0,0,0,0,0,0,0,0,0,0,0,0,0,0,0,0,0,0,0,0,-0.259384,-0.939279,-0.0392633,0.284525,-0.0710815,0.139105,-0.0230929,-1.78891,-1.13581,1.32059,0.773582,-1.44248,-0.197319,0.00912964,1
709.045,0.460886,0.969133,-0.0972091,-1.21687,0.0688424,2.25912,1.19179,0.995971,-0.0395352,0.080377,0,-0.0389574,-0.999193,-0.00874541,0,0.0806594,0.005579,-0.996726,0,0.714388,0.293518,0.0883079,1,0.101286,0.822883,-0.125988,-1.48985,0.0686447,2.30921,0.76116,0.00211653,0.0299096,0.00205744,0.000331366,-0.000178894,-6.75732e-05,0.0014811,0,0,0,0,0,0,0,-0.244134,-53.1317,-1.33122,21.5519,0.645531,2.42174,-0.0398682,0,0,0,0,0,0,0,0,0,0,0,0,0,0,0,0,0,0,0,0,0,0,0,0,0,0,-0.289093,-0.887992,-0.0320462,0.218089,-0.0428696,0.102579,-0.018788,-1.91641,-1.2281,1.30612,0.809505,-1.42519,-0.227944,0.00912832,1
709.079,0.460927,0.970179,-0.0972082,-1.21687,0.0688313,2.25913,1.19177,0.996047,-0.0394277,0.0794717,0,-0.0388953,-0.9992,-0.00823726,0,0.0797345,0.00511372,-0.996803,0,0.714147,0.293433,0.0875018,1,0.101286,0.822883,-0.125988,-1.48985,0.0686447,2.30921,0.76116,0.00249247,0.026889,-0.00102087,0.000262356,-0.00391803,0.000746217,-0.0034084,0,0,0,0,0,0,0,-0.172723,-53.1317,-1.29552,21.5519,0.672997,2.39244,0.109363,0,0,0,0,0,0,0,0,0,0,0,0,0,0,0,0,0,0,0,0,0,0,0,0,0,0,-0.205509,-0.526235,-0.0123811,0.0608262,-0.0144234,0.0602909,0.00120569,-1.58934,-0.948557,0.805268,0.567692,-0.987959,-0.163232,0.00912832,1
709.113,0.460992,0.971106,-0.0972174,-1.21687,0.0688058,2.25913,1.19177,0.996115,-0.0393223,0.0786718,0,-0.0388309,-0.999206,-0.00776695,0,0.0789163,0.00468198,-0.99687,0,0.713928,0.29337,0.0867885,1,0.101286,0.822883,-0.125988,-1.48985,0.0686447,2.30921,0.76116,-0.000211963,0.024636,0.00022595,0.000991057,-0.000170367,0.000271401,0.00105238,0,0,0,0,0,0,0,-0.13305,-53.0564,-1.22014,21.5519,0.672997,2.42174,-0.00050053,0,0,0,0,0,0,0,0,0,0,0,0,0,0,0,0,0,0,0,0,0,0,0,0,0,0,-0.157984,-0.106835,0.0580979,-0.113852,0.0159747,0.0235976,0.0246153,-1.15083,-0.667154,0.19561,0.337914,-0.441333,-0.117166,0.00912832,1
709.147,0.461013,0.971923,-0.0972308,-1.21687,0.0688186,2.25912,1.19177,0.996173,-0.0392877,0.0779565,0,-0.0388304,-0.999209,-0.00737469,0,0.0781861,0.00431947,-0.996929,0,0.713744,0.293289,0.0861613,1,0.101286,0.822883,-0.125988,-1.48985,0.0686447,2.30921,0.76116,-0.000106028,0.0247383,-0.00247533,0.00152932,2.73546e-05,-0.000485427,-0.000804457,0,0,0,0,0,0,0,-0.0973449,-53.1714,-1.10509,21.5122,0.609825,2.45195,0.0397827,0,0,0,0,0,0,0,0,0,0,0,0,0,0,0,0,0,0,0,0,0,0,0,0,0,0,-0.123823,-0.191058,0.125429,-0.0595363,0.0123239,0.0361494,0.0257344,-1.15411,-0.616166,0.298547,0.381788,-0.505022,-0.0702408,0.00912832,1
709.181,0.460972,0.972805,-0.0973548,-1.21688,0.068819,2.25912,1.19178,0.996227,-0.03937,0.0772147,0,-0.0389565,-0.999208,-0.0068543,0,0.0774249,0.0038205,-0.996991,0,0.713587,0.293087,0.0854818,1,0.101286,0.822883,-0.125988,-1.48985,0.0686447,2.30921,0.76116,-0.00169745,0.0258753,-0.0104001,0.000369519,0.000393766,-0.000422935,0.00243205,0,0,0,0,0,0,0,0.0811829,-53.1317,-1.06938,21.5876,0.609825,2.48125,-0.0398682,0,0,0,0,0,0,0,0,0,0,0,0,0,0,0,0,0,0,0,0,0,0,0,0,0,0,0.182046,-0.597694,0.330494,0.13792,-0.00207924,0.0754508,0.0242628,-1.68753,-0.402448,0.873232,0.509025,-1.03742,0.243671,0.00912767,1
709.215,0.460897,0.973654,-0.0977227,-1.21695,0.0688126,2.25911,1.19177,0.996269,-0.0395939,0.0765538,0,-0.0392384,-0.999201,-0.00614369,0,0.0767374,0.00311698,-0.997046,0,0.713493,0.292712,0.0848132,1,0.101286,0.822883,-0.125988,-1.48985,0.0686447,2.30921,0.76116,-0.0011552,0.0247183,-0.0119458,-0.00104404,-0.000192537,0.000172266,0.000356458,0,0,0,0,0,0,0,0.0811829,-53.096,-1.14476,21.5519,0.654686,2.47118,0.0196411,0,0,0,0,0,0,0,0,0,0,0,0,0,0,0,0,0,0,0,0,0,0,0,0,0,0,0.455386,-0.472812,0.435801,0.133795,-0.00172668,0.0953435,0.0243016,-1.5382,0.0457198,0.641166,0.299301,-0.880262,0.495811,0.00912767,1
709.249,0.460795,0.974437,-0.0982406,-1.21698,0.0688109,2.25912,1.19176,0.996295,-0.0399194,0.0760506,0,-0.0396248,-0.999191,-0.00537856,0,0.0762053,0.00234518,-0.997089,0,0.713471,0.292245,0.0842207,1,0.101286,0.822883,-0.125988,-1.48985,0.0686447,2.30921,0.76116,-0.000347241,0.0201164,-0.0158853,-0.000177251,0.000723837,-0.000475171,-0.00178041,0,0,0,0,0,0,0,0.156561,-53.1714,-1.22014,21.5519,0.636376,2.45195,0.0791503,0,0,0,0,0,0,0,0,0,0,0,0,0,0,0,0,0,0,0,0,0,0,0,0,0,0,0.264205,-0.159386,0.304031,-0.0548282,0.00848487,0.0722462,0.0286093,-1.44587,-0.183491,0.210428,0.224546,-0.57522,0.29817,0.00912767,1
709.283,0.460628,0.975203,-0.0988589,-1.21697,0.0688048,2.25913,1.19176,0.996308,-0.0403687,0.0756467,0,-0.0401382,-0.999174,-0.00456593,0,0.07577,0.00151278,-0.997124,0,0.713513,0.29168,0.0836649,1,0.101286,0.822883,-0.125988,-1.48985,0.0686447,2.30921,0.76116,-0.00841537,0.024392,-0.0219032,0.000941982,-0.00046627,0.0045678,-0.00277686,0,0,0,0,0,0,0,0.156561,-53.1714,-1.18046,21.4765,0.681237,2.40251,0.0196411,0,0,0,0,0,0,0,0,0,0,0,0,0,0,0,0,0,0,0,0,0,0,0,0,0,0,0.336384,-0.522867,0.277089,0.0807437,0.0239184,0.0685478,0.036945,-1.92632,-0.269867,0.797769,0.378999,-1.08024,0.353816,0.00912767,1
709.316,0.460459,0.975923,-0.0996176,-1.21697,0.0688066,2.25914,1.19174,0.996311,-0.0408774,0.0753261,0,-0.0407163,-0.999154,-0.00367271,0,0.075414,0.000592167,-0.997152,0,0.713596,0.291037,0.0831471,1,0.101286,0.822883,-0.125988,-1.48985,0.0686447,2.30921,0.76116,-0.00298237,0.0235265,-0.0266131,-0.000665492,0.000624262,-0.00145157,-0.00268853,0,0,0,0,0,0,0,0.116888,-53.2071,-1.14476,21.5122,0.618065,2.43181,0.129504,0,0,0,0,0,0,0,0,0,0,0,0,0,0,0,0,0,0,0,0,0,0,0,0,0,0,0.51581,-0.416494,0.399592,0.000702536,0.0334516,0.0277343,0.0532557,-2.11051,-0.0656653,0.704273,0.292226,-1.03237,0.531142,0.00912767,1
709.35,0.460507,0.976592,-0.100493,-1.21696,0.0687852,2.25918,1.19172,0.996311,-0.0412051,0.0751474,0,-0.0411171,-0.999141,-0.00271939,0,0.0751963,-0.000380486,-0.997169,0,0.713668,0.290487,0.0826842,1,0.101286,0.822883,-0.125988,-1.48985,0.0686447,2.30921,0.76116,0.000406928,0.0233007,-0.0157038,-0.000505926,-6.17503e-05,0.000881327,-0.00510261,0,0,0,0,0,0,0,-0.0973449,-53.2865,-1.29552,21.4011,0.690392,2.27342,0.139575,0,0,0,0,0,0,0,0,0,0,0,0,0,0,0,0,0,0,0,0,0,0,0,0,0,0,-0.258514,-0.203368,0.0289193,-0.163905,0.035584,-0.0126198,0.0746622,-1.6829,-0.951123,0.439127,0.478111,-0.70245,-0.206195,0.00912767,1
709.384,0.460506,0.97702,-0.100823,-1.21693,0.0687761,2.25933,1.19169,0.996312,-0.0413238,0.0750665,0,-0.041265,-0.999136,-0.00233503,0,0.0750996,-0.000771216,-0.997176,0,0.713694,0.290261,0.0823995,1,0.101286,0.822883,-0.125988,-1.48985,0.0686447,2.30921,0.76116,0.000119073,0.00753963,-0.00219182,4.75929e-05,-0.000158791,0.00798247,-0.00164957,0,0,0,0,0,0,0,-0.0259338,-53.0564,-1.22014,21.2504,0.681237,2.28349,0.139575,0,0,0,0,0,0,0,0,0,0,0,0,0,0,0,0,0,0,0,0,0,0,0,0,0,0,-0.541907,-0.0517685,-0.147761,-0.337391,0.044209,-0.0672687,0.0872604,-1.92076,-1.43317,0.325068,0.54903,-0.656805,-0.488436,0.00912767,1
709.418,0.460612,0.97721,-0.100851,-1.21692,0.0687459,2.25951,1.19166,0.996316,-0.0411708,0.0750981,0,-0.0411161,-0.999142,-0.0022746,0,0.0751287,-0.00082153,-0.997174,0,0.713666,0.290312,0.0822778,1,0.101286,0.822883,-0.125988,-1.48985,0.0686447,2.30921,0.76116,0.00456891,0.00271823,0.00122777,-0.000172228,0.000104983,0.00200303,-0.000293711,0,0,0,0,0,0,0,-0.172723,-53.1714,-1.25584,21.2504,0.699547,2.29265,0.119434,0,0,0,0,0,0,0,0,0,0,0,0,0,0,0,0,0,0,0,0,0,0,0,0,0,0,-0.747202,0.0926771,-0.192667,-0.47441,0.0494556,-0.08546,0.09827,-2.10529,-1.78352,0.151862,0.630272,-0.572551,-0.672784,0.00912767,1
709.452,0.460895,0.977215,-0.100851,-1.21692,0.0685831,2.25951,1.19138,0.99634,-0.0405129,0.0751339,0,-0.0404677,-0.999169,-0.00212386,0,0.075159,-0.000924431,-0.997171,0,0.713587,0.290495,0.0822721,1,0.101286,0.822883,-0.125988,-1.48985,0.0686447,2.30921,0.76116,0.00958098,-0.000718606,0.00124234,0.00257962,-5.08273e-05,-0.000327356,-0.0134014,0,0,0,0,0,0,0,-0.208429,-52.9056,-1.29552,21.2901,0.708702,2.3723,0.0690795,0,0,0,0,0,0,0,0,0,0,0,0,0,0,0,0,0,0,0,0,0,0,0,0,0,0,-0.652443,0.0793267,-0.086877,-0.457685,0.0659284,-0.0665231,0.112289,-2.17922,-1.66104,0.138629,0.635417,-0.58851,-0.57039,0.00912767,1
709.486,0.461264,0.977196,-0.100848,-1.21685,0.0685659,2.25951,1.19131,0.996352,-0.0400533,0.0752297,0,-0.0400047,-0.999188,-0.00215248,0,0.0752563,-0.000864938,-0.997164,0,0.71351,0.290776,0.0823243,1,0.101286,0.822883,-0.125988,-1.48985,0.0686447,2.30921,0.76116,0.00674544,0.00120877,-0.0013641,0.0033429,-0.000229918,-0.000304712,-0.0035419,0,0,0,0,0,0,0,-0.244134,-52.7152,-1.29552,21.2901,0.717858,2.343,0.119434,0,0,0,0,0,0,0,0,0,0,0,0,0,0,0,0,0,0,0,0,0,0,0,0,0,0,-0.463614,0.0187234,-0.0114033,-0.393274,0.0674684,-0.043864,0.106309,-2.18731,-1.40838,0.191109,0.574682,-0.64846,-0.394617,0.00912767,1
709.52,0.461614,0.977223,-0.100843,-1.21677,0.0685673,2.25951,1.19129,0.996364,-0.039678,0.0752692,0,-0.0396269,-0.999203,-0.00217387,0,0.0752969,-0.000816729,-0.997161,0,0.713423,0.291038,0.082336,1,0.101286,0.822883,-0.125988,-1.48985,0.0686447,2.30921,0.76116,0.0131222,0.000722197,-0.000385162,0.0013526,0.000123463,-0.000583739,0.000865124,0,0,0,0,0,0,0,-0.27984,-53.0167,-1.33122,21.2504,0.690392,2.35216,0.0791503,0,0,0,0,0,0,0,0,0,0,0,0,0,0,0,0,0,0,0,0,0,0,0,0,0,0,-0.423634,-0.403197,-0.042102,-0.120711,0.0686438,-0.0133803,0.110796,-2.00372,-1.26949,0.765209,0.677087,-0.985314,-0.362742,0.00912767,1
709.554,0.461973,0.97723,-0.100834,-1.21677,0.0685352,2.25952,1.19125,0.99638,-0.0392577,0.0752797,0,-0.0392068,-0.999219,-0.00215461,0,0.0753069,-0.000804687,-0.99716,0,0.713318,0.291297,0.0823323,1,0.101286,0.822883,-0.125988,-1.48985,0.0686447,2.30921,0.76116,0.0112134,-0.000293559,-0.000837642,-0.000228241,0.000298743,-0.000132692,-0.00629836,0,0,0,0,0,0,0,-0.351251,-53.0167,-1.4066,21.2504,0.735253,2.31279,0.158801,0,0,0,0,0,0,0,0,0,0,0,0,0,0,0,0,0,0,0,0,0,0,0,0,0,0,-0.349351,-0.27325,-0.0159881,-0.229351,0.075047,-0.0389409,0.117109,-2.25984,-1.26359,0.626486,0.619718,-0.953858,-0.29704,0.00912767,1
709.588,0.462311,0.977194,-0.100834,-1.21675,0.0685073,2.25954,1.19105,0.996395,-0.0387023,0.0753593,0,-0.03865,-0.999241,-0.0021535,0,0.0753869,-0.000766918,-0.997154,0,0.71324,0.291545,0.0823718,1,0.101286,0.822883,-0.125988,-1.48985,0.0686447,2.30921,0.76116,0.0111047,-0.000467285,-0.000147973,0.0010202,0.000202788,0.00318278,-0.00518592,0,0,0,0,0,0,0,-0.208429,-52.6001,-1.4066,21.1393,0.727013,2.28349,0.0498535,0,0,0,0,0,0,0,0,0,0,0,0,0,0,0,0,0,0,0,0,0,0,0,0,0,0,-0.317522,-0.219437,-0.0421515,-0.245738,0.0931519,-0.0500254,0.125965,-2.16762,-1.17167,0.55654,0.553062,-0.88249,-0.281053,0.00912767,1
709.622,0.462553,0.977226,-0.100834,-1.21673,0.0684414,2.25962,1.19087,0.996407,-0.0382359,0.0754437,0,-0.0381852,-0.999259,-0.00211511,0,0.0754701,-0.000773342,-0.997148,0,0.713187,0.291717,0.0823659,1,0.101286,0.822883,-0.125988,-1.48985,0.0686447,2.30921,0.76116,0.00960837,0.00052436,-7.46206e-05,0.000618504,-0.00930171,0.00695066,-0.00824938,0,0,0,0,0,0,0,-0.27984,-53.0167,-1.4066,21.2147,0.753563,2.27342,0.139575,0,0,0,0,0,0,0,0,0,0,0,0,0,0,0,0,0,0,0,0,0,0,0,0,0,0,0.00886868,-0.342172,0.120903,-0.133371,0.105248,-0.0478436,0.122867,-2.12377,-0.697091,0.721112,0.46506,-0.97167,0.0289997,0.00912767,1
709.656,0.462837,0.977247,-0.100839,-1.21673,0.0681128,2.2598,1.1905,0.996421,-0.0373752,0.0756924,0,-0.0373388,-0.999291,-0.00189548,0,0.0757111,-0.000937584,-0.997129,0,0.713146,0.291895,0.0823686,1,0.101286,0.822883,-0.125988,-1.48985,0.0686447,2.30921,0.76116,0.0105606,0.00144436,2.13448e-05,-7.48912e-05,-0.00485921,0.00287654,-0.0293765,0,0,0,0,0,0,0,-0.386957,-53.1317,-1.36693,21.2504,0.735253,2.27342,0.209155,0,0,0,0,0,0,0,0,0,0,0,0,0,0,0,0,0,0,0,0,0,0,0,0,0,0,-0.121754,-0.329691,0.0855007,-0.202109,0.118247,-0.0705177,0.139534,-2.37978,-0.965067,0.756105,0.564133,-1.03696,-0.090254,0.00912701,1
709.69,0.463086,0.977269,-0.100829,-1.21674,0.0679186,2.25995,1.18928,0.996466,-0.0357787,0.0758644,0,-0.035752,-0.99935,-0.00171033,0,0.0758777,-0.00100803,-0.997117,0,0.713101,0.292067,0.0823647,1,0.101286,0.822883,-0.125988,-1.48985,0.0686447,2.30921,0.76116,0.00815675,0.000701191,0.00215785,-0.0018469,-0.000576971,0.00040729,-0.039682,0,0,0,0,0,0,0,-0.315546,-53.1317,-1.48198,21.3258,0.735253,2.30272,0.109363,0,0,0,0,0,0,0,0,0,0,0,0,0,0,0,0,0,0,0,0,0,0,0,0,0,0,-0.0106562,-0.462388,0.147815,-0.176884,0.114876,-0.0654572,0.150649,-2.82009,-0.973984,0.975927,0.624838,-1.30302,0.0217,0.00912701,1
709.724,0.46332,0.977309,-0.100837,-1.21673,0.067889,2.26004,1.18802,0.996515,-0.0342734,0.0759265,0,-0.0342506,-0.999402,-0.00160296,0,0.0759375,-0.00100318,-0.997112,0,0.713044,0.292229,0.0823457,1,0.101286,0.822883,-0.125988,-1.48985,0.0686447,2.30921,0.76116,0.00544533,0.00219631,0.000261126,0.00460041,1.88113e-05,0.00575542,-0.0194307,0,0,0,0,0,0,0,-0.27984,-53.2468,-1.36693,21.2504,0.727013,2.26335,0.0599243,0,0,0,0,0,0,0,0,0,0,0,0,0,0,0,0,0,0,0,0,0,0,0,0,0,0,-0.286818,-0.645703,0.000127225,-0.127834,0.115433,-0.0623228,0.133409,-2.93815,-1.44135,1.2656,0.847258,-1.51287,-0.24435,0.00912701,1
709.758,0.463676,0.977463,-0.100815,-1.21675,0.0678906,2.26016,1.18776,0.99654,-0.0336488,0.075877,0,-0.0336269,-0.999424,-0.00156688,0,0.0758874,-0.000990065,-0.997116,0,0.712917,0.292485,0.082231,1,0.101286,0.822883,-0.125988,-1.48985,0.0686447,2.30921,0.76116,0.00794009,0.00229762,0.00126547,5.99764e-05,-0.00010168,0.00110752,0.00192024,0,0,0,0,0,0,0,-0.27984,-53.2071,-1.59306,21.4011,0.708702,2.29265,0.0599243,0,0,0,0,0,0,0,0,0,0,0,0,0,0,0,0,0,0,0,0,0,0,0,0,0,0,-0.641122,-0.702266,-0.202621,-0.0975387,0.103787,-0.0556416,0.115403,-2.65355,-1.85227,1.33546,0.980112,-1.4822,-0.587699,0.00912701,1
709.792,0.46398,0.977785,-0.100745,-1.21682,0.0679174,2.26013,1.18777,0.996581,-0.0333295,0.0754737,0,-0.0333154,-0.999434,-0.00144594,0,0.0754806,-0.00107346,-0.997147,0,0.71271,0.292695,0.0819456,1,0.101286,0.822883,-0.125988,-1.48985,0.0686447,2.30921,0.76116,0.00765835,0.0120617,0.00302917,-0.00175056,0.000986467,-0.00146584,0.00446748,0,0,0,0,0,0,0,-0.208429,-53.3222,-1.74382,21.5519,0.60067,2.43181,0.0397827,0,0,0,0,0,0,0,0,0,0,0,0,0,0,0,0,0,0,0,0,0,0,0,0,0,0,-0.225137,-1.20354,-0.136507,0.28797,0.0641966,0.0142299,0.0997993,-2.42349,-1.18772,1.96599,0.886636,-1.90578,-0.208952,0.00912701,1
709.826,0.464188,0.978257,-0.100622,-1.21702,0.0679428,2.26011,1.18783,0.996639,-0.0331337,0.0747954,0,-0.033134,-0.999441,-0.001237,0,0.074796,-0.00124546,-0.997198,0,0.712441,0.292825,0.0814794,1,0.464074,0.978014,-0.100693,-1.21686,0.0679294,2.26013,1.1878,0.00999488,0.00778095,0.00303275,-0.00937121,0.00144655,-0.000760983,0.00246657,0,0,0,0,0,0,0,-1.00189,-54.5441,-2.33891,22.3374,0.500878,2.5609,-0.0297974,0,0,0,0,0,0,0,0,0,0,0,0,0,0,0,0,0,0,0,0,0,0,0,0,0,0,-0.184607,-1.09539,-0.233146,0.373528,0.0119157,0.0571413,0.0466696,-1.57369,-0.85287,1.69155,0.652091,-1.56576,-0.192607,0.00912701,1
709.86,0.464339,0.978506,-0.100587,-1.21741,0.0679444,2.26008,1.18791,0.996686,-0.0330513,0.0741958,0,-0.03307,-0.999443,-0.000977381,0,0.0741882,-0.00147954,-0.997243,0,0.712206,0.292855,0.0811078,1,0.464074,0.978014,-0.100693,-1.21686,0.0679294,2.26013,1.1878,0.00587581,0.00281857,-0.00163469,-0.0100348,-0.000122745,-0.000350891,0.00259011,0,0,0,0,0,0,0,-1.68823,-56.865,-2.78722,23.5673,0.519188,2.78886,-0.110364,0,0,0,0,0,0,0,0,0,0,0,0,0,0,0,0,0,0,0,0,0,0,0,0,0,0,-0.471958,-1.81131,-0.54919,0.847192,-0.065337,0.181637,-0.0133541,-1.09874,-1.14616,2.57452,0.916364,-2.1254,-0.486002,0.00912701,1
709.894,0.464304,0.978453,-0.100605,-1.21748,0.0679496,2.26007,1.18796,0.996685,-0.0331546,0.0741706,0,-0.0331747,-0.999439,-0.000961032,0,0.0741623,-0.00150277,-0.997245,0,0.712208,0.292813,0.0811157,1,0.464074,0.978014,-0.100693,-1.21686,0.0679294,2.26013,1.1878,-0.00626363,-0.00342254,0.000143442,0.000343339,-0.000105248,-0.000214295,0.00473305,0,0,0,0,0,0,0,-0.96618,-55.9525,-2.52537,23.0833,0.483483,2.8383,-0.0902222,0,0,0,0,0,0,0,0,0,0,0,0,0,0,0,0,0,0,0,0,0,0,0,0,0,0,-0.803869,-2.45609,-0.83218,1.13996,-0.107943,0.265859,-0.0529549,-1.46322,-1.82641,3.46903,1.32226,-2.87792,-0.816052,0.00912701,1
709.928,0.464236,0.978415,-0.100642,-1.21746,0.0679574,2.26007,1.18798,0.996676,-0.0332669,0.0742404,0,-0.0332868,-0.999436,-0.000970628,0,0.0742322,-0.00150385,-0.99724,0,0.712253,0.292752,0.0811558,1,0.464074,0.978014,-0.100693,-1.21686,0.0679294,2.26013,1.1878,-0.00285868,0.00197772,-0.000828522,-0.00130916,-0.000665371,-0.000953432,0.00121166,0,0,0,0,0,0,0,-0.172723,-55.4169,-2.04137,22.6707,0.456017,2.74858,-0.100293,0,0,0,0,0,0,0,0,0,0,0,0,0,0,0,0,0,0,0,0,0,0,0,0,0,0,-0.781041,-2.94809,-0.9465,1.39705,-0.143359,0.370424,-0.0661087,-1.8797,-1.98794,4.09497,1.49576,-3.50852,-0.809573,0.00912767,1
709.962,0.464262,0.978465,-0.100627,-1.21747,0.0679512,2.26009,1.18799,0.99668,-0.0332393,0.074199,0,-0.03326,-0.999437,-0.000956674,0,0.0741904,-0.00151439,-0.997243,0,0.71223,0.292772,0.0811128,1,0.464074,0.978014,-0.100693,-1.21686,0.0679294,2.26013,1.1878,0.00209421,0.00181105,0.00145842,-0.00029927,-0.00086138,0.000453871,-0.000731624,0,0,0,0,0,0,0,-0.498041,-56.0675,-2.26353,22.7104,0.500878,2.5902,-0.0700806,0,0,0,0,0,0,0,0,0,0,0,0,0,0,0,0,0,0,0,0,0,0,0,0,0,0,-0.654494,-3.00579,-0.919164,1.34097,-0.157908,0.334186,-0.0755046,-2.48345,-2.07297,4.28307,1.52749,-3.77356,-0.693894,0.00912767,1
709.996,0.46431,0.978437,-0.1006,-1.21747,0.0679524,2.26009,1.18801,0.996681,-0.0332018,0.074203,0,-0.0332201,-0.999438,-0.000987841,0,0.0741955,-0.0014805,-0.997243,0,0.712213,0.292824,0.081131,1,0.464074,0.978014,-0.100693,-1.21686,0.0679294,2.26013,1.1878,0.00100061,0.00107179,0.00032348,0.000434317,-0.000352958,-1.08922e-05,0.0026089,0,0,0,0,0,0,0,-1.03759,-55.6867,-2.60075,22.635,0.500878,2.65978,-0.049939,0,0,0,0,0,0,0,0,0,0,0,0,0,0,0,0,0,0,0,0,0,0,0,0,0,0,-0.721989,-3.032,-0.981099,1.23927,-0.147038,0.278133,-0.0704362,-3.06345,-2.40497,4.4554,1.6367,-3.9974,-0.767228,0.00912767,1
710.03,0.464271,0.978442,-0.100615,-1.2175,0.0679574,2.26009,1.18802,0.99668,-0.0332614,0.0741868,0,-0.033281,-0.999436,-0.000971452,0,0.0741787,-0.00150081,-0.997244,0,0.71222,0.292784,0.0811169,1,0.46431,0.978434,-0.1006,-1.21748,0.0679523,2.26008,1.18801,-0.00277174,3.60154e-05,-0.00160885,-0.000906529,0.00436169,0.00145774,0.00176021,0,0,0,0,0,0,0,-0.351251,-55.1511,-2.30321,22.3731,0.456017,2.57097,-0.0902222,0,0,0,0,0,0,0,0,0,0,0,0,0,0,0,0,0,0,0,0,0,0,0,0,0,0,-0.536641,-3.1919,-0.930249,1.33564,-0.141081,0.309816,-0.0673084,-3.25449,-2.21971,4.65869,1.62751,-4.21517,-0.59886,0.00912767,1
710.064,0.464188,0.978504,-0.100646,-1.21755,0.0679592,2.26009,1.18803,0.996683,-0.0333679,0.0740934,0,-0.0333932,-0.999432,-0.000896843,0,0.0740827,-0.00158038,-0.997251,0,0.712221,0.29269,0.0810469,1,0.46431,0.978434,-0.1006,-1.21748,0.0679523,2.26008,1.18801,-0.000813583,0.00434554,-0.000339275,-0.00099283,-0.000709747,0.000971168,-0.000155882,0,0,0,0,0,0,0,0.481879,-55.3415,-1.8549,22.6707,0.483483,2.61034,-0.0600098,0,0,0,0,0,0,0,0,0,0,0,0,0,0,0,0,0,0,0,0,0,0,0,0,0,0,-0.198623,-2.76959,-0.807283,1.12421,-0.154008,0.26376,-0.0645325,-3.28885,-1.75001,4.09226,1.27326,-3.85616,-0.288797,0.00912767,1
710.098,0.464176,0.978525,-0.100636,-1.2176,0.0679612,2.26008,1.18802,0.996689,-0.0333762,0.0740113,0,-0.0334037,-0.999432,-0.000867485,0,0.0739997,-0.00160767,-0.997257,0,0.712198,0.292674,0.0810032,1,0.46431,0.978434,-0.1006,-1.21748,0.0679523,2.26008,1.18801,0.000755634,-0.00101484,0.00285464,-0.00206481,0.000267858,0.000250053,-0.000891302,0,0,0,0,0,0,0,0.4065,-55.2265,-2.00169,22.7857,0.465172,2.6497,-0.0398682,0,0,0,0,0,0,0,0,0,0,0,0,0,0,0,0,0,0,0,0,0,0,0,0,0,0,0.0676372,-2.55735,-0.698199,1.15127,-0.15928,0.278003,-0.0682404,-2.56822,-1.07739,3.69051,0.954973,-3.42785,-0.0421092,0.00912767,1
710.132,0.464224,0.978519,-0.100625,-1.21761,0.0679581,2.26007,1.18802,0.996691,-0.03332,0.0740083,0,-0.0333468,-0.999434,-0.000874119,0,0.0739969,-0.00159674,-0.997257,0,0.712181,0.292714,0.0810068,1,0.46431,0.978434,-0.1006,-1.21748,0.0679523,2.26008,1.18801,0.000678509,-0.00156561,0.00174684,-0.000276204,-6.30611e-05,0.000100132,-0.00289526,0,0,0,0,0,0,0,-0.172723,-55.036,-2.15245,22.7104,0.492638,2.68999,0.0196411,0,0,0,0,0,0,0,0,0,0,0,0,0,0,0,0,0,0,0,0,0,0,0,0,0,0,0.0852658,-2.49162,-0.644343,1.1844,-0.153761,0.282033,-0.0709818,-2.10942,-0.864226,3.54502,0.885932,-3.19983,-0.0172628,0.00912964,1
710.166,0.464236,0.978532,-0.100628,-1.21761,0.0679581,2.26008,1.18803,0.996693,-0.0333132,0.0739911,0,-0.0333407,-0.999434,-0.000863119,0,0.0739794,-0.00160668,-0.997258,0,0.712173,0.292719,0.0809928,1,0.46431,0.978434,-0.1006,-1.21748,0.0679523,2.26008,1.18801,0.000236578,-0.000861506,0.00010356,-0.000674408,0.000589606,0.000143659,-0.000736922,0,0,0,0,0,0,0,-0.208429,-55.1908,-2.11674,22.7857,0.492638,2.66985,-0.049939,0,0,0,0,0,0,0,0,0,0,0,0,0,0,0,0,0,0,0,0,0,0,0,0,0,0,-0.0366858,-2.56435,-0.644497,1.27334,-0.135743,0.30477,-0.0662005,-1.72423,-0.869796,3.58673,0.956053,-3.11698,-0.122343,0.00912964,1
710.2,0.464162,0.978522,-0.100661,-1.21763,0.0679602,2.26006,1.18802,0.99669,-0.033404,0.0739874,0,-0.033434,-0.999431,-0.000833242,0,0.0739746,-0.00164324,-0.997259,0,0.712198,0.292644,0.0809938,1,0.46431,0.978434,-0.1006,-1.21748,0.0679523,2.26008,1.18801,-0.000472416,-0.00039873,0.000717072,-0.00148774,-0.000202405,-0.00037692,-0.00146901,0,0,0,0,0,0,0,0.660407,-55.036,-1.66844,22.9325,0.474327,2.74858,-0.0297974,0,0,0,0,0,0,0,0,0,0,0,0,0,0,0,0,0,0,0,0,0,0,0,0,0,0,0.246844,-2.47157,-0.473326,1.30851,-0.135728,0.314846,-0.0638453,-1.39847,-0.326921,3.39423,0.761745,-2.91204,0.154759,0.00912964,1
710.234,0.464147,0.97853,-0.100676,-1.21765,0.0679592,2.26007,1.18803,0.99669,-0.0334355,0.0739693,0,-0.0334673,-0.99943,-0.000810407,0,0.0739556,-0.00166786,-0.99726,0,0.712198,0.29262,0.0809787,1,0.46431,0.978434,-0.1006,-1.21748,0.0679523,2.26008,1.18801,-1.50808e-06,0.000451061,0.000197976,0.000267629,4.27908e-05,0.000770045,8.1161e-05,0,0,0,0,0,0,0,0.55329,-55.1511,-1.51768,23.0079,0.483483,2.69914,-0.0801514,0,0,0,0,0,0,0,0,0,0,0,0,0,0,0,0,0,0,0,0,0,0,0,0,0,0,0.360351,-2.47893,-0.329785,1.43684,-0.148539,0.356836,-0.0714761,-0.746581,0.0993869,3.28036,0.668808,-2.6767,0.28653,0.00912964,1
710.268,0.464171,0.978525,-0.100665,-1.21766,0.0679592,2.26006,1.18804,0.996692,-0.0334114,0.0739593,0,-0.0334426,-0.999431,-0.000816256,0,0.0739459,-0.00165987,-0.997261,0,0.712187,0.292643,0.0809781,1,0.46431,0.978434,-0.1006,-1.21748,0.0679523,2.26008,1.18801,-0.000712272,-0.000653456,0.000835423,0.000458542,0.000508717,0.000271764,0.00232171,0,0,0,0,0,0,0,0.299384,-55.036,-1.66844,23.0079,0.483483,2.75865,-0.120435,0,0,0,0,0,0,0,0,0,0,0,0,0,0,0,0,0,0,0,0,0,0,0,0,0,0,0.396732,-2.42521,-0.264003,1.48071,-0.146988,0.350716,-0.0734111,-0.241293,0.3613,3.16367,0.588298,-2.4441,0.331091,0.00912964,1
710.302,0.464122,0.978482,-0.100692,-1.21768,0.0679581,2.26003,1.18803,0.99669,-0.0334715,0.0739587,0,-0.0335045,-0.999429,-0.000794574,0,0.0739444,-0.00168604,-0.997261,0,0.712204,0.29259,0.0809977,1,0.46431,0.978434,-0.1006,-1.21748,0.0679523,2.26008,1.18801,-0.00241554,-0.00140613,-0.000418995,-0.000359854,-0.000758028,-0.000303693,0.00071556,0,0,0,0,0,0,0,0.914313,-54.4648,-1.29552,23.1944,0.492638,2.88774,-0.0801514,0,0,0,0,0,0,0,0,0,0,0,0,0,0,0,0,0,0,0,0,0,0,0,0,0,0,0.542668,-2.2678,-0.151625,1.57917,-0.148791,0.416609,-0.0700629,0.711967,0.971096,2.74603,0.34361,-1.97103,0.478941,0.00912964,1
710.336,0.464111,0.97846,-0.100711,-1.21768,0.0679572,2.26004,1.18804,0.996686,-0.0334926,0.0739992,0,-0.0335256,-0.999428,-0.000796086,0,0.073985,-0.00168745,-0.997258,0,0.712221,0.292575,0.0810196,1,0.46431,0.978434,-0.1006,-1.21748,0.0679523,2.26008,1.18801,0.00190166,0.000445996,-0.000151194,0.000235976,-0.000876256,-0.000741888,0.000489258,0,0,0,0,0,0,0,0.696112,-54.1593,-1.10509,23.0079,0.500878,2.80809,-0.0902222,0,0,0,0,0,0,0,0,0,0,0,0,0,0,0,0,0,0,0,0,0,0,0,0,0,0,0.629805,-1.94999,-0.0114229,1.63512,-0.154599,0.450498,-0.0723066,2.13261,1.68775,2.09711,0.0254715,-1.18047,0.582131,0.00912964,1
710.37,0.46418,0.978452,-0.100658,-1.21768,0.06795,2.26004,1.18803,0.99669,-0.0333898,0.0739869,0,-0.0334198,-0.999431,-0.000832424,0,0.073974,-0.00164299,-0.997259,0,0.712189,0.292655,0.0810229,1,0.46431,0.978434,-0.1006,-1.21748,0.0679523,2.26008,1.18801,0.00358497,-0.000980363,0.00101648,0.000168531,-0.000246427,-0.000780407,-0.000804951,0,0,0,0,0,0,0,-0.0616393,-54.0482,-1.81523,23.0476,0.537499,2.81816,-0.0600098,0,0,0,0,0,0,0,0,0,0,0,0,0,0,0,0,0,0,0,0,0,0,0,0,0,0,0.370486,-1.67555,-0.00551382,1.58396,-0.139013,0.441973,-0.0709122,3.07015,1.71578,1.62147,-0.0245536,-0.578055,0.35887,0.00912964,1
710.404,0.464181,0.978401,-0.100669,-1.21766,0.0679622,2.26005,1.18803,0.996685,-0.0333982,0.0740506,0,-0.0334258,-0.999431,-0.000866864,0,0.0740389,-0.00161124,-0.997254,0,0.712208,0.29266,0.0810705,1,0.46431,0.978434,-0.1006,-1.21748,0.0679523,2.26008,1.18801,-0.00226778,-0.00363835,-0.000287106,-0.000782598,0.000443813,0.000413292,-0.00163265,0,0,0,0,0,0,0,0.156561,-53.3619,-1.66844,22.8214,0.456017,2.77879,-0.0206421,0,0,0,0,0,0,0,0,0,0,0,0,0,0,0,0,0,0,0,0,0,0,0,0,0,0,0.265846,-1.22866,-0.0783742,1.4542,-0.127494,0.41994,-0.0694341,4.00696,1.95782,0.917862,-0.300111,0.135276,0.244888,0.00912964,1
710.438,0.464145,0.978414,-0.100685,-1.21766,0.0679592,2.26005,1.18803,0.996684,-0.0334392,0.0740516,0,-0.0334683,-0.99943,-0.000848934,0,0.0740392,-0.00163229,-0.997254,0,0.712221,0.292624,0.081062,1,0.46431,0.978434,-0.1006,-1.21748,0.0679523,2.26008,1.18801,-0.00143856,0.0015558,0.000652765,-0.000254628,-2.6802e-05,0.00108314,-0.00234829,0,0,0,0,0,0,0,0.588995,-53.588,-1.44231,22.8214,0.483483,2.72936,-0.0105713,0,0,0,0,0,0,0,0,0,0,0,0,0,0,0,0,0,0,0,0,0,0,0,0,0,0,0.267252,-1.10374,-0.0878995,1.47666,-0.138896,0.434412,-0.0677386,4.58785,2.20596,0.665632,-0.447315,0.436081,0.245184,0.00912898,1
710.472,0.46413,0.978417,-0.100691,-1.21766,0.0679622,2.26005,1.18804,0.996683,-0.0334699,0.0740472,0,-0.0334993,-0.999429,-0.000844649,0,0.0740346,-0.00163871,-0.997254,0,0.712226,0.292609,0.0810595,1,0.46431,0.978434,-0.1006,-1.21748,0.0679523,2.26008,1.18801,5.22481e-05,-0.000250327,0.000401306,-3.73001e-05,0.000111968,-0.000294609,0.00180435,0,0,0,0,0,0,0,0.660407,-53.6277,-1.36693,22.8214,0.456017,2.75865,-0.110364,0,0,0,0,0,0,0,0,0,0,0,0,0,0,0,0,0,0,0,0,0,0,0,0,0,0,0.380121,-0.985569,-0.0443144,1.4059,-0.147725,0.398122,-0.0671554,4.5563,2.35542,0.543385,-0.554264,0.528381,0.350501,0.00912898,1
710.506,0.46416,0.978414,-0.100674,-1.21766,0.0679592,2.26005,1.18803,0.996685,-0.0334264,0.0740424,0,-0.0334549,-0.99943,-0.00085507,0,0.0740302,-0.00162488,-0.997255,0,0.712213,0.29264,0.0810609,1,0.46431,0.978434,-0.1006,-1.21748,0.0679523,2.26008,1.18801,0.00108696,0.00135993,-7.30678e-05,-0.000626596,-0.000317675,-3.38009e-05,-0.000243811,0,0,0,0,0,0,0,0.263678,-53.588,-1.59306,22.8214,0.483483,2.77879,-0.0801514,0,0,0,0,0,0,0,0,0,0,0,0,0,0,0,0,0,0,0,0,0,0,0,0,0,0,0.40243,-0.9816,-0.0584317,1.40736,-0.152199,0.404946,-0.0704149,4.53961,2.37493,0.530595,-0.577178,0.518417,0.36654,0.00912898,1
710.539,0.464161,0.978416,-0.100679,-1.21766,0.0679602,2.26005,1.18804,0.996685,-0.0334318,0.0740448,0,-0.0334606,-0.99943,-0.000852201,0,0.0740325,-0.00162824,-0.997255,0,0.712214,0.292638,0.0810594,1,0.46431,0.978434,-0.1006,-1.21748,0.0679523,2.26008,1.18801,0.000464855,3.8733e-05,-0.000563493,0.000202427,0.000428911,0.000669551,0.000430531,0,0,0,0,0,0,0,0.263678,-53.6277,-1.51768,22.8214,0.474327,2.74858,-0.110364,0,0,0,0,0,0,0,0,0,0,0,0,0,0,0,0,0,0,0,0,0,0,0,0,0,0,0.386218,-0.946737,-0.0766845,1.39841,-0.146921,0.40584,-0.075479,4.621,2.37686,0.472088,-0.594161,0.575922,0.34618,0.00912898,1
710.573,0.464156,0.978414,-0.100682,-1.21766,0.0679592,2.26005,1.18803,0.996685,-0.0334321,0.0740462,0,-0.0334611,-0.99943,-0.000849442,0,0.0740339,-0.00163107,-0.997254,0,0.712216,0.292633,0.0810605,1,0.46431,0.978434,-0.1006,-1.21748,0.0679523,2.26008,1.18801,0.00150044,0.000210949,0.00106562,-0.000754067,-0.000274656,0.00095551,-0.00064853,0,0,0,0,0,0,0,0.335089,-53.588,-1.48198,22.8571,0.483483,2.73943,-0.0600098,0,0,0,0,0,0,0,0,0,0,0,0,0,0,0,0,0,0,0,0,0,0,0,0,0,0,0.326856,-0.953934,-0.0876073,1.40274,-0.148886,0.404579,-0.0746887,4.67992,2.31957,0.480633,-0.565192,0.593227,0.294615,0.00912898,1
710.607,0.464158,0.978414,-0.100677,-1.21766,0.0679592,2.26005,1.18804,0.996684,-0.0334325,0.0740479,0,-0.0334611,-0.99943,-0.000855112,0,0.0740357,-0.00162548,-0.997254,0,0.712215,0.292638,0.0810611,1,0.46431,0.978434,-0.1006,-1.21748,0.0679523,2.26008,1.18801,0.000745634,0.000396254,-0.000254529,-0.000765077,-0.000647299,0.000278089,0.00148336,0,0,0,0,0,0,0,0.299384,-53.588,-1.55339,22.8214,0.483483,2.72936,-0.110364,0,0,0,0,0,0,0,0,0,0,0,0,0,0,0,0,0,0,0,0,0,0,0,0,0,0,0.339292,-1.0229,-0.0876289,1.44187,-0.152833,0.401262,-0.0758002,4.69409,2.34258,0.588084,-0.548784,0.532827,0.306713,0.00912898,1
710.641,0.464158,0.978406,-0.100674,-1.21766,0.0679633,2.26005,1.18803,0.996684,-0.0334295,0.074051,0,-0.0334575,-0.99943,-0.000863092,0,0.0740391,-0.00161736,-0.997254,0,0.712216,0.292641,0.0810672,1,0.46431,0.978434,-0.1006,-1.21748,0.0679523,2.26008,1.18801,-0.00026968,-0.00124496,-0.000481272,-0.00316674,-9.15378e-05,-0.00058655,-0.000199295,0,0,0,0,0,0,0,0.299384,-53.4769,-1.59306,22.8214,0.456017,2.74858,-0.0700806,0,0,0,0,0,0,0,0,0,0,0,0,0,0,0,0,0,0,0,0,0,0,0,0,0,0,0.312872,-0.949368,-0.122655,1.38586,-0.159697,0.386668,-0.0727491,4.64453,2.28945,0.507294,-0.579244,0.574149,0.277332,0.00912964,1
710.675,0.464161,0.978411,-0.100679,-1.21765,0.0679676,2.26006,1.18803,0.996683,-0.0334296,0.0740622,0,-0.0334573,-0.99943,-0.000866584,0,0.0740504,-0.00161425,-0.997253,0,0.712219,0.292641,0.0810679,1,0.46431,0.978434,-0.1006,-1.21748,0.0679523,2.26008,1.18801,0.000651989,2.5786e-05,-0.0012338,0.000431466,0.000930084,0.000334364,-0.00174664,0,0,0,0,0,0,0,0.263678,-53.5523,-1.51768,22.7104,0.420311,2.66985,-0.049939,0,0,0,0,0,0,0,0,0,0,0,0,0,0,0,0,0,0,0,0,0,0,0,0,0,0,0.283139,-0.896538,-0.154077,1.33388,-0.17358,0.363547,-0.0724758,4.5764,2.22145,0.471956,-0.596428,0.590553,0.24772,0.00912964,1
710.709,0.464158,0.978407,-0.100671,-1.21766,0.0679699,2.26006,1.18803,0.996684,-0.0334299,0.0740603,0,-0.033457,-0.99943,-0.000875142,0,0.0740487,-0.00160563,-0.997253,0,0.712218,0.292644,0.0810699,1,0.46431,0.978434,-0.1006,-1.21748,0.0679523,2.26008,1.18801,-2.69732e-05,-2.60698e-05,0.00168507,-0.0010059,0.000170731,0.000490551,-0.00107411,0,0,0,0,0,0,0,0.299384,-53.4769,-1.62877,22.7461,0.420311,2.66985,-0.049939,0,0,0,0,0,0,0,0,0,0,0,0,0,0,0,0,0,0,0,0,0,0,0,0,0,0,0.287482,-0.871736,-0.159103,1.28753,-0.188131,0.3332,-0.0768481,4.43848,2.16642,0.492854,-0.59899,0.561956,0.25287,0.00912964,1
710.742,0.464171,0.978398,-0.100669,-1.21765,0.06797,2.26006,1.18804,0.996683,-0.03342,0.0740751,0,-0.0334463,-0.99943,-0.000885588,0,0.0740639,-0.00159492,-0.997252,0,0.712218,0.292658,0.0810803,1,0.46431,0.978434,-0.1006,-1.21748,0.0679523,2.26008,1.18801,0.00129493,-0.00180903,-0.000533753,-7.47875e-05,-0.000392046,0.00030909,0.000345789,0,0,0,0,0,0,0,0.156561,-53.3619,-1.66844,22.635,0.429467,2.65978,-0.0902222,0,0,0,0,0,0,0,0,0,0,0,0,0,0,0,0,0,0,0,0,0,0,0,0,0,0,0.272859,-0.849503,-0.203319,1.26033,-0.201704,0.320238,-0.0816664,4.38372,2.11684,0.488588,-0.618685,0.549868,0.232579,0.00912964,1
710.776,0.464164,0.978406,-0.100671,-1.21765,0.067972,2.26007,1.18804,0.996682,-0.0334329,0.0740777,0,-0.0334592,-0.99943,-0.00088553,0,0.0740666,-0.00159602,-0.997252,0,0.712221,0.292651,0.0810761,1,0.46431,0.978434,-0.1006,-1.21748,0.0679523,2.26008,1.18801,-0.000609839,0.00148993,-0.000575871,-0.000145877,-4.26674e-05,0.0003217,0.00171439,0,0,0,0,0,0,0,0.263678,-53.4769,-1.62877,22.5993,0.411156,2.63048,-0.120435,0,0,0,0,0,0,0,0,0,0,0,0,0,0,0,0,0,0,0,0,0,0,0,0,0,0,0.246401,-0.792979,-0.240307,1.21261,-0.211618,0.297173,-0.0855009,4.35788,2.064,0.444667,-0.642937,0.583178,0.20279,0.00912964,1
710.81,0.464172,0.978398,-0.100666,-1.21764,0.0679783,2.26007,1.18804,0.996682,-0.0334256,0.0740861,0,-0.0334508,-0.99943,-0.000900413,0,0.0740755,-0.00158085,-0.997251,0,0.712221,0.292662,0.0810846,1,0.46431,0.978434,-0.1006,-1.21748,0.0679523,2.26008,1.18801,0.000258952,-0.000424498,0.000418295,0.000402512,0.000358445,-0.000183386,0.000557524,0,0,0,0,0,0,0,0.156561,-53.3619,-1.70415,22.5596,0.392845,2.63048,-0.110364,0,0,0,0,0,0,0,0,0,0,0,0,0,0,0,0,0,0,0,0,0,0,0,0,0,0,0.201044,-0.77,-0.281828,1.18431,-0.224191,0.285586,-0.0905095,4.32144,1.97856,0.435125,-0.64163,0.583104,0.157179,0.00912964,1
710.844,0.464172,0.978395,-0.100671,-1.21765,0.067961,2.26005,1.18804,0.996683,-0.0334182,0.0740742,0,-0.0334452,-0.999431,-0.000875305,0,0.0740627,-0.00160506,-0.997252,0,0.712218,0.292655,0.081082,1,0.46431,0.978434,-0.1006,-1.21748,0.0679523,2.26008,1.18801,-0.000188548,-0.000411144,-0.00174361,-0.0001537,-0.00152039,-0.00127122,0.000952353,0,0,0,0,0,0,0,0.156561,-53.3222,-1.62877,22.635,0.510033,2.77879,-0.110364,0,0,0,0,0,0,0,0,0,0,0,0,0,0,0,0,0,0,0,0,0,0,0,0,0,0,0.190284,-0.702962,-0.295843,1.14559,-0.229228,0.273707,-0.0907528,4.34925,1.97519,0.351975,-0.676293,0.649364,0.145164,0.00912964,1
710.878,0.464138,0.978403,-0.10069,-1.21766,0.067966,2.26006,1.18803,0.996682,-0.0334615,0.0740713,0,-0.0334897,-0.999429,-0.000860528,0,0.0740593,-0.00162299,-0.997253,0,0.71223,0.292619,0.0810734,1,0.46431,0.978434,-0.1006,-1.21748,0.0679523,2.26008,1.18801,-0.00118018,-0.000918996,-0.00102682,-0.000114399,0.000402635,-6.37401e-05,-0.001156,0,0,0,0,0,0,0,0.588995,-53.4372,-1.36693,22.7461,0.465172,2.70921,-0.049939,0,0,0,0,0,0,0,0,0,0,0,0,0,0,0,0,0,0,0,0,0,0,0,0,0,0,0.279076,-0.754554,-0.163493,1.25085,-0.180179,0.333953,-0.0887764,4.63375,2.21596,0.301402,-0.657236,0.736732,0.239785,0.00912964,1
710.912,0.464137,0.978408,-0.100692,-1.21766,0.0679629,2.26006,1.18804,0.996682,-0.0334624,0.0740681,0,-0.0334911,-0.999429,-0.00085407,0,0.0740558,-0.00162942,-0.997253,0,0.712229,0.292616,0.0810694,1,0.46431,0.978434,-0.1006,-1.21748,0.0679523,2.26008,1.18801,0.00102091,0.00167365,0.000366279,-0.000727006,-0.000931905,0.000531474,0.00135142,0,0,0,0,0,0,0,0.55329,-53.5126,-1.36693,22.7461,0.492638,2.70921,-0.100293,0,0,0,0,0,0,0,0,0,0,0,0,0,0,0,0,0,0,0,0,0,0,0,0,0,0,0.375476,-0.799324,-0.0757476,1.29024,-0.16704,0.348626,-0.0851023,4.61439,2.34905,0.339527,-0.651595,0.705529,0.339139,0.00912898,1
710.946,0.46416,0.978408,-0.100679,-1.21766,0.067965,2.26005,1.18803,0.996684,-0.0334317,0.0740582,0,-0.0334597,-0.99943,-0.000862916,0,0.0740463,-0.00161794,-0.997253,0,0.712218,0.29264,0.0810684,1,0.46431,0.978434,-0.1006,-1.21748,0.0679523,2.26008,1.18801,0.00170736,0.000766454,-8.01758e-05,0.000390211,0.000443625,-0.000306232,-0.000287138,0,0,0,0,0,0,0,0.263678,-53.5126,-1.51768,22.7461,0.474327,2.71928,-0.0700806,0,0,0,0,0,0,0,0,0,0,0,0,0,0,0,0,0,0,0,0,0,0,0,0,0,0,0.427887,-0.822277,-0.0503052,1.31047,-0.160399,0.360831,-0.0833274,4.58542,2.41266,0.355456,-0.658622,0.676933,0.387956,0.00912898,1
710.978,0.464156,0.978398,-0.100682,-1.21766,0.0679629,2.26005,1.18804,0.996683,-0.0334411,0.0740694,0,-0.033469,-0.99943,-0.000865129,0,0.0740575,-0.0016168,-0.997253,0,0.712223,0.292637,0.0810766,1,0.46431,0.978434,-0.1006,-1.21748,0.0679523,2.26008,1.18801,1.544e-05,-0.00148259,-0.00019124,0.000150155,-0.000258997,0.00064678,0.000253749,0,0,0,0,0,0,0,0.335089,-53.3619,-1.48198,22.7461,0.492638,2.71928,-0.0801514,0,0,0,0,0,0,0,0,0,0,0,0,0,0,0,0,0,0,0,0,0,0,0,0,0,0,0.39261,-0.791377,-0.0727422,1.30013,-0.15577,0.361625,-0.08408,4.65732,2.39041,0.303897,-0.665167,0.728329,0.3514,0.00912898,1
711.013,0.464148,0.978411,-0.100685,-1.21765,0.0679639,2.26005,1.18804,0.996683,-0.0334506,0.0740598,0,-0.033479,-0.999429,-0.000858093,0,0.0740477,-0.00162424,-0.997253,0,0.712223,0.292628,0.0810676,1,0.46431,0.978434,-0.1006,-1.21748,0.0679523,2.26008,1.18801,-0.00132891,0.00232774,-0.000513818,0.000987632,-0.000559039,1.58226e-06,0.00199196,0,0,0,0,0,0,0,0.446173,-53.5523,-1.44231,22.7104,0.483483,2.72936,-0.120435,0,0,0,0,0,0,0,0,0,0,0,0,0,0,0,0,0,0,0,0,0,0,0,0,0,0,0.362205,-0.791233,-0.0842505,1.30243,-0.153159,0.367431,-0.0834382,4.68152,2.35774,0.293586,-0.652175,0.737778,0.322645,0.00912898,1
711.047,0.464142,0.978403,-0.100689,-1.21766,0.067967,2.26005,1.18803,0.996683,-0.0334509,0.0740636,0,-0.0334793,-0.999429,-0.000858186,0,0.0740515,-0.00162429,-0.997253,0,0.712226,0.292622,0.0810718,1,0.46431,0.978434,-0.1006,-1.21748,0.0679523,2.26008,1.18801,0.000620348,-0.000597184,0.00131231,-0.000499577,0.00107083,-0.000143349,-0.00282705,0,0,0,0,0,0,0,0.481879,-53.4372,-1.4066,22.7857,0.456017,2.72936,-0.0297974,0,0,0,0,0,0,0,0,0,0,0,0,0,0,0,0,0,0,0,0,0,0,0,0,0,0,0.412867,-0.815123,-0.037495,1.31402,-0.155095,0.364066,-0.0816384,4.64109,2.41676,0.333748,-0.6499,0.708965,0.377235,0.00912898,1
711.081,0.464163,0.978403,-0.100677,-1.21765,0.0679629,2.26005,1.18803,0.996684,-0.0334235,0.074064,0,-0.0334513,-0.99943,-0.000866335,0,0.0740522,-0.0016141,-0.997253,0,0.712219,0.292645,0.0810734,1,0.46431,0.978434,-0.1006,-1.21748,0.0679523,2.26008,1.18801,0.000522587,-0.00100358,0.000418425,0.000826735,-0.000299523,0.000169598,-0.00166907,0,0,0,0,0,0,0,0.227972,-53.4372,-1.55339,22.7104,0.492638,2.72936,-0.049939,0,0,0,0,0,0,0,0,0,0,0,0,0,0,0,0,0,0,0,0,0,0,0,0,0,0,0.363705,-0.825048,-0.0727359,1.32085,-0.153684,0.367689,-0.0857219,4.68262,2.35769,0.342767,-0.631744,0.710819,0.32698,0.00912898,1
711.115,0.464159,0.978406,-0.100679,-1.21766,0.067966,2.26005,1.18803,0.996683,-0.0334323,0.0740621,0,-0.0334601,-0.99943,-0.000865617,0,0.0740503,-0.00161541,-0.997253,0,0.71222,0.29264,0.0810705,1,0.46431,0.978434,-0.1006,-1.21748,0.0679523,2.26008,1.18801,-0.000579873,0.000729209,0.000128079,-9.60824e-05,0.000778824,0.000184081,-0.00114714,0,0,0,0,0,0,0,0.299384,-53.4769,-1.51768,22.7461,0.465172,2.70921,-0.0600098,0,0,0,0,0,0,0,0,0,0,0,0,0,0,0,0,0,0,0,0,0,0,0,0,0,0,0.347303,-0.809601,-0.094996,1.30682,-0.150623,0.366967,-0.0839879,4.65712,2.32525,0.324352,-0.634398,0.712518,0.307161,0.00912832,1
711.149,0.464151,0.978403,-0.10069,-1.21766,0.067966,2.26006,1.18804,0.996682,-0.0334523,0.0740727,0,-0.0334805,-0.999429,-0.000861458,0,0.0740607,-0.00162143,-0.997252,0,0.712226,0.292628,0.0810736,1,0.46431,0.978434,-0.1006,-1.21748,0.0679523,2.26008,1.18801,-0.000121803,-5.80817e-05,-0.00112069,-4.55944e-05,0.00023294,0.000809643,-9.36839e-05,0,0,0,0,0,0,0,0.4065,-53.4372,-1.36693,22.7461,0.465172,2.68999,-0.0801514,0,0,0,0,0,0,0,0,0,0,0,0,0,0,0,0,0,0,0,0,0,0,0,0,0,0,0.340635,-0.816276,-0.0764093,1.31119,-0.154107,0.361376,-0.0820667,4.68706,2.33277,0.338734,-0.624767,0.721773,0.307185,0.00912832,1
711.183,0.464161,0.9784,-0.100679,-1.21765,0.0679638,2.26006,1.18805,0.996682,-0.0334433,0.0740736,0,-0.0334708,-0.99943,-0.000870423,0,0.0740619,-0.0016118,-0.997252,0,0.712222,0.292642,0.0810766,1,0.46431,0.978434,-0.1006,-1.21748,0.0679523,2.26008,1.18801,0.00156332,-0.000257304,-0.000150045,-9.312e-05,0.000178854,-5.40519e-05,0.00341592,0,0,0,0,0,0,0,0.263678,-53.3976,-1.51768,22.7104,0.456017,2.70921,-0.149731,0,0,0,0,0,0,0,0,0,0,0,0,0,0,0,0,0,0,0,0,0,0,0,0,0,0,0.33572,-0.783093,-0.0860127,1.29602,-0.162699,0.351223,-0.0827774,4.74202,2.3492,0.301555,-0.652677,0.765959,0.30232,0.00912832,1
711.217,0.464156,0.9784,-0.100679,-1.21765,0.067966,2.26006,1.18804,0.996682,-0.0334441,0.0740775,0,-0.0334713,-0.99943,-0.000873772,0,0.0740659,-0.00160863,-0.997252,0,0.712225,0.29264,0.0810788,1,0.46431,0.978434,-0.1006,-1.21748,0.0679523,2.26008,1.18801,0.000297521,-0.000842692,-0.000111774,0.00216479,-5.92307e-05,0.000227399,0.00134648,0,0,0,0,0,0,0,0.335089,-53.3976,-1.51768,22.635,0.465172,2.67992,-0.12959,0,0,0,0,0,0,0,0,0,0,0,0,0,0,0,0,0,0,0,0,0,0,0,0,0,0,0.350983,-0.790205,-0.10526,1.2915,-0.16727,0.345893,-0.0804792,4.68433,2.35028,0.326951,-0.66733,0.73105,0.312,0.00912832,1
711.25,0.464153,0.978403,-0.100682,-1.21765,0.067968,2.26006,1.18804,0.996682,-0.03345,0.0740687,0,-0.0334776,-0.999429,-0.000869119,0,0.0740569,-0.00161344,-0.997253,0,0.712223,0.292635,0.0810741,1,0.46431,0.978434,-0.1006,-1.21748,0.0679523,2.26008,1.18801,-6.56191e-06,0.000719286,-0.000275485,-0.000156799,2.69391e-06,-0.000337973,0.00136814,0,0,0,0,0,0,0,0.370795,-53.4372,-1.48198,22.7104,0.446862,2.69914,-0.110364,0,0,0,0,0,0,0,0,0,0,0,0,0,0,0,0,0,0,0,0,0,0,0,0,0,0,0.345742,-0.775421,-0.110588,1.2699,-0.172469,0.333712,-0.0806981,4.63154,2.32155,0.327989,-0.668363,0.72477,0.307405,0.00912832,1
711.285,0.464161,0.978403,-0.100677,-1.21765,0.067968,2.26006,1.18803,0.996683,-0.0334312,0.0740735,0,-0.0334584,-0.99943,-0.000875039,0,0.074062,-0.00160627,-0.997252,0,0.712221,0.292644,0.0810746,1,0.46431,0.978434,-0.1006,-1.21748,0.0679523,2.26008,1.18801,0.00175221,0.000714279,0.000718687,0.000205119,0.000115558,0.00107771,-0.00166767,0,0,0,0,0,0,0,0.263678,-53.4372,-1.55339,22.7104,0.446862,2.65978,-0.0297974,0,0,0,0,0,0,0,0,0,0,0,0,0,0,0,0,0,0,0,0,0,0,0,0,0,0,0.343859,-0.78001,-0.108014,1.26815,-0.17767,0.332475,-0.0784303,4.6065,2.31298,0.338725,-0.66526,0.711655,0.308138,0.00912832,1
711.319,0.464153,0.978403,-0.100682,-1.21766,0.067966,2.26006,1.18804,0.996683,-0.0334492,0.0740665,0,-0.0334771,-0.999429,-0.000866209,0,0.0740547,-0.00161623,-0.997253,0,0.712222,0.292634,0.0810719,1,0.46431,0.978434,-0.1006,-1.21748,0.0679523,2.26008,1.18801,-0.00113352,-0.000194002,-0.000643751,-0.00167603,-0.000241149,0.000171388,0.00174668,0,0,0,0,0,0,0,0.370795,-53.4372,-1.48198,22.7857,0.465172,2.67992,-0.110364,0,0,0,0,0,0,0,0,0,0,0,0,0,0,0,0,0,0,0,0,0,0,0,0,0,0,0.329182,-0.792342,-0.128165,1.27399,-0.176636,0.331683,-0.0789512,4.61536,2.2945,0.359296,-0.660723,0.699773,0.290839,0.00912832,1
711.353,0.464156,0.978403,-0.100682,-1.21765,0.067965,2.26006,1.18804,0.996682,-0.0334465,0.074075,0,-0.0334741,-0.99943,-0.000869313,0,0.0740632,-0.00161319,-0.997252,0,0.712224,0.292638,0.0810758,1,0.46431,0.978434,-0.1006,-1.21748,0.0679523,2.26008,1.18801,-0.000350456,0.000174965,-0.00140231,0.000392471,-0.000388393,0.000894093,0.0018162,0,0,0,0,0,0,0,0.335089,-53.4372,-1.48198,22.6707,0.474327,2.66985,-0.120435,0,0,0,0,0,0,0,0,0,0,0,0,0,0,0,0,0,0,0,0,0,0,0,0,0,0,0.322756,-0.772738,-0.132995,1.26594,-0.176219,0.329418,-0.077267,4.6449,2.30019,0.331389,-0.67208,0.726751,0.284121,0.00912832,1
711.387,0.464153,0.9784,-0.100679,-1.21765,0.067967,2.26006,1.18803,0.996682,-0.0334407,0.0740714,0,-0.0334682,-0.99943,-0.000871353,0,0.0740597,-0.0016106,-0.997253,0,0.712224,0.292637,0.0810763,1,0.46431,0.978434,-0.1006,-1.21748,0.0679523,2.26008,1.18801,-0.000533142,-0.00103446,0.000550209,-0.00018785,0.000652318,0.000281599,-0.00117587,0,0,0,0,0,0,0,0.370795,-53.3976,-1.51768,22.7104,0.456017,2.68999,-0.0398682,0,0,0,0,0,0,0,0,0,0,0,0,0,0,0,0,0,0,0,0,0,0,0,0,0,0,0.343013,-0.78086,-0.119116,1.27692,-0.173762,0.331293,-0.0826766,4.67066,2.33127,0.337627,-0.673457,0.730642,0.303244,0.00912832,1
711.421,0.464153,0.978403,-0.100679,-1.21765,0.067966,2.26006,1.18804,0.996683,-0.0334433,0.0740682,0,-0.0334709,-0.99943,-0.000869074,0,0.0740565,-0.00161297,-0.997253,0,0.712223,0.292637,0.081074,1,0.46431,0.978434,-0.1006,-1.21748,0.0679523,2.26008,1.18801,-0.00185296,0.000141109,0.000462118,0.000428209,3.3126e-05,0.000532362,-0.000198568,0,0,0,0,0,0,0,0.370795,-53.4372,-1.51768,22.7104,0.465172,2.68999,-0.0700806,0,0,0,0,0,0,0,0,0,0,0,0,0,0,0,0,0,0,0,0,0,0,0,0,0,0,0.324966,-0.784769,-0.12342,1.28294,-0.169167,0.336643,-0.0790001,4.69553,2.32085,0.333226,-0.664846,0.73726,0.286455,0.00912832,1
711.455,0.464156,0.9784,-0.100685,-1.21766,0.067966,2.26006,1.18804,0.996682,-0.0334483,0.0740743,0,-0.033476,-0.99943,-0.000867419,0,0.0740624,-0.0016152,-0.997252,0,0.712224,0.292636,0.0810756,1,0.46431,0.978434,-0.1006,-1.21748,0.0679523,2.26008,1.18801,0.00029207,-0.000873217,-0.00108151,-0.000559218,-0.000164712,0.00132247,0.00253912,0,0,0,0,0,0,0,0.335089,-53.3976,-1.44231,22.7461,0.465172,2.67992,-0.139661,0,0,0,0,0,0,0,0,0,0,0,0,0,0,0,0,0,0,0,0,0,0,0,0,0,0,0.344489,-0.775708,-0.114607,1.27858,-0.168096,0.340057,-0.075997,4.67034,2.34207,0.315735,-0.675807,0.736954,0.304855,0.00912964,1
711.489,0.464153,0.978408,-0.100679,-1.21765,0.067965,2.26006,1.18804,0.996683,-0.0334409,0.0740647,0,-0.0334687,-0.99943,-0.000865994,0,0.0740528,-0.00161576,-0.997253,0,0.712222,0.292636,0.08107,1,0.46431,0.978434,-0.1006,-1.21748,0.0679523,2.26008,1.18801,-0.000682931,0.00127953,-0.000186401,0.000352515,-0.000302664,-0.000274938,-0.00105295,0,0,0,0,0,0,0,0.370795,-53.5126,-1.51768,22.7104,0.474327,2.71928,-0.0600098,0,0,0,0,0,0,0,0,0,0,0,0,0,0,0,0,0,0,0,0,0,0,0,0,0,0,0.329078,-0.78756,-0.113264,1.29012,-0.16634,0.344647,-0.0789658,4.70697,2.33102,0.323365,-0.661028,0.741683,0.291705,0.00912964,1
711.523,0.464156,0.978398,-0.100682,-1.21766,0.067966,2.26006,1.18804,0.996682,-0.0334447,0.0740711,0,-0.0334723,-0.99943,-0.000868664,0,0.0740593,-0.00161358,-0.997253,0,0.712223,0.292637,0.0810769,1,0.46431,0.978434,-0.1006,-1.21748,0.0679523,2.26008,1.18801,-0.000486657,-0.000659,-0.00101533,-0.00093493,-0.000525281,0.00076342,0.00103863,0,0,0,0,0,0,0,0.335089,-53.3619,-1.48198,22.7461,0.465172,2.68999,-0.0902222,0,0,0,0,0,0,0,0,0,0,0,0,0,0,0,0,0,0,0,0,0,0,0,0,0,0,0.333649,-0.767141,-0.112653,1.27593,-0.165672,0.345274,-0.0780696,4.67802,2.32635,0.294142,-0.668677,0.750166,0.295344,0.00912964,1
711.557,0.464151,0.978403,-0.100679,-1.21765,0.067966,2.26006,1.18804,0.996682,-0.0334467,0.0740765,0,-0.0334741,-0.99943,-0.000872793,0,0.0740649,-0.00160978,-0.997252,0,0.712226,0.292636,0.0810759,1,0.46431,0.978434,-0.1006,-1.21748,0.0679523,2.26008,1.18801,-0.00142581,0.000239019,0.000239655,0.00090232,-0.000187446,0.000954422,-2.76515e-05,0,0,0,0,0,0,0,0.4065,-53.4372,-1.51768,22.6707,0.465172,2.66985,-0.0902222,0,0,0,0,0,0,0,0,0,0,0,0,0,0,0,0,0,0,0,0,0,0,0,0,0,0,0.333836,-0.772238,-0.116275,1.27555,-0.167822,0.345321,-0.0758623,4.6545,2.32036,0.303968,-0.668378,0.73576,0.295525,0.00912964,1
711.591,0.464156,0.978403,-0.100685,-1.21765,0.067968,2.26005,1.18804,0.996682,-0.0334478,0.0740686,0,-0.0334756,-0.99943,-0.000866534,0,0.0740568,-0.00161586,-0.997253,0,0.712223,0.292635,0.0810742,1,0.46431,0.978434,-0.1006,-1.21748,0.0679523,2.26008,1.18801,0.00016747,0.000601445,-0.00104824,9.89075e-05,0.000177855,-0.000427774,0.00131668,0,0,0,0,0,0,0,0.335089,-53.4372,-1.44231,22.7104,0.446862,2.69914,-0.100293,0,0,0,0,0,0,0,0,0,0,0,0,0,0,0,0,0,0,0,0,0,0,0,0,0,0,0.329377,-0.780164,-0.120106,1.27288,-0.171626,0.340935,-0.0753685,4.62309,2.30241,0.325393,-0.662358,0.716562,0.291985,0.00912964,1
711.625,0.464161,0.978406,-0.100677,-1.21765,0.0679669,2.26006,1.18804,0.996683,-0.0334338,0.0740694,0,-0.0334611,-0.99943,-0.000872343,0,0.0740578,-0.00160903,-0.997253,0,0.712221,0.292644,0.081073,1,0.46431,0.978434,-0.1006,-1.21748,0.0679523,2.26008,1.18801,4.62284e-06,0.00165184,0.000104042,-4.20272e-05,0.000333222,-0.000145636,-0.000718738,0,0,0,0,0,0,0,0.263678,-53.4769,-1.55339,22.7104,0.456017,2.69914,-0.0600098,0,0,0,0,0,0,0,0,0,0,0,0,0,0,0,0,0,0,0,0,0,0,0,0,0,0,0.32314,-0.841251,-0.133228,1.30254,-0.173445,0.342216,-0.0756382,4.60107,2.28435,0.417824,-0.637405,0.650304,0.28488,0.00912964,1
711.659,0.464156,0.9784,-0.100682,-1.21765,0.067966,2.26006,1.18803,0.996682,-0.0334388,0.0740726,0,-0.0334664,-0.99943,-0.000868802,0,0.0740609,-0.00161305,-0.997252,0,0.712224,0.292638,0.0810768,1,0.46431,0.978434,-0.1006,-1.21748,0.0679523,2.26008,1.18801,-0.000242275,-0.000810956,-0.000586496,-9.37762e-05,-0.000566888,-0.000406342,-0.0016648,0,0,0,0,0,0,0,0.335089,-53.3976,-1.48198,22.7104,0.465172,2.69914,-0.0398682,0,0,0,0,0,0,0,0,0,0,0,0,0,0,0,0,0,0,0,0,0,0,0,0,0,0,0.323126,-0.764157,-0.131589,1.26298,-0.176894,0.333863,-0.0759573,4.64146,2.30119,0.312043,-0.676135,0.733411,0.285049,0.00912964,1
711.693,0.464156,0.978403,-0.100679,-1.21765,0.067968,2.26006,1.18804,0.996682,-0.0334465,0.0740736,0,-0.0334738,-0.99943,-0.000873569,0,0.074062,-0.00160888,-0.997252,0,0.712224,0.292639,0.0810754,1,0.46431,0.978434,-0.1006,-1.21748,0.0679523,2.26008,1.18801,-0.000459706,0.00051803,0.000416894,0.00015371,0.000132696,-0.000473372,0.00155404,0,0,0,0,0,0,0,0.335089,-53.4372,-1.51768,22.7104,0.446862,2.67992,-0.110364,0,0,0,0,0,0,0,0,0,0,0,0,0,0,0,0,0,0,0,0,0,0,0,0,0,0,0.314664,-0.769611,-0.131053,1.26774,-0.17979,0.329445,-0.0781278,4.6768,2.30154,0.324187,-0.672636,0.741095,0.278572,0.00912964,1
711.727,0.464158,0.978406,-0.100679,-1.21765,0.067968,2.26006,1.18804,0.996683,-0.0334418,0.0740679,0,-0.0334693,-0.99943,-0.000870598,0,0.0740562,-0.00161132,-0.997253,0,0.712221,0.29264,0.0810721,1,0.46431,0.978434,-0.1006,-1.21748,0.0679523,2.26008,1.18801,-0.00034583,0.00100907,-0.00107003,-9.41925e-05,0.000135792,2.74987e-06,-0.000220672,0,0,0,0,0,0,0,0.299384,-53.4769,-1.51768,22.7104,0.446862,2.68999,-0.0902222,0,0,0,0,0,0,0,0,0,0,0,0,0,0,0,0,0,0,0,0,0,0,0,0,0,0,0.303222,-0.76229,-0.140384,1.25711,-0.180856,0.32539,-0.0794352,4.65266,2.27339,0.322055,-0.668916,0.738375,0.266787,0.00912964,1
711.761,0.464156,0.9784,-0.100679,-1.21765,0.067967,2.26006,1.18804,0.996682,-0.0334393,0.0740765,0,-0.0334666,-0.99943,-0.000873609,0,0.0740649,-0.00160841,-0.997252,0,0.712224,0.292639,0.0810768,1,0.46431,0.978434,-0.1006,-1.21748,0.0679523,2.26008,1.18801,-0.00197382,7.57139e-05,-0.0011846,-0.00121133,-0.000171005,0.000682567,-0.00152619,0,0,0,0,0,0,0,0.335089,-53.3976,-1.51768,22.7104,0.456017,2.66985,-0.049939,0,0,0,0,0,0,0,0,0,0,0,0,0,0,0,0,0,0,0,0,0,0,0,0,0,0,0.277963,-0.774946,-0.161082,1.26483,-0.179721,0.325744,-0.0815267,4.67975,2.24537,0.340035,-0.658359,0.733728,0.240347,0.00912701,1
711.795,0.464156,0.9784,-0.100677,-1.21766,0.067967,2.26006,1.18804,0.996682,-0.033446,0.0740711,0,-0.0334733,-0.99943,-0.000874029,0,0.0740595,-0.0016083,-0.997253,0,0.712222,0.29264,0.0810753,1,0.46431,0.978434,-0.1006,-1.21748,0.0679523,2.26008,1.18801,-0.00067113,0.000272644,0.000189379,-0.00138497,-0.000442671,-0.000164035,0.00148862,0,0,0,0,0,0,0,0.335089,-53.3976,-1.55339,22.7461,0.456017,2.68999,-0.120435,0,0,0,0,0,0,0,0,0,0,0,0,0,0,0,0,0,0,0,0,0,0,0,0,0,0,0.295309,-0.73882,-0.153258,1.24035,-0.181582,0.319137,-0.0831653,4.65123,2.2558,0.29777,-0.677371,0.756742,0.256473,0.00912701,1
711.829,0.464158,0.978398,-0.100677,-1.21765,0.067968,2.26006,1.18804,0.996682,-0.0334416,0.0740806,0,-0.0334685,-0.99943,-0.000879404,0,0.0740692,-0.00160291,-0.997252,0,0.712224,0.292644,0.0810807,1,0.46431,0.978434,-0.1006,-1.21748,0.0679523,2.26008,1.18801,1.69944e-05,-0.00124226,-0.00192234,3.73376e-05,-8.08332e-05,-4.17432e-05,0.00147042,0,0,0,0,0,0,0,0.299384,-53.3619,-1.55339,22.6707,0.446862,2.67992,-0.100293,0,0,0,0,0,0,0,0,0,0,0,0,0,0,0,0,0,0,0,0,0,0,0,0,0,0,0.280676,-0.755436,-0.162442,1.25495,-0.183543,0.317554,-0.0768509,4.70596,2.26807,0.321345,-0.678727,0.75791,0.243474,0.00912701,1
711.863,0.464158,0.9784,-0.100677,-1.21765,0.067967,2.26006,1.18804,0.996682,-0.0334354,0.074078,0,-0.0334625,-0.99943,-0.000876639,0,0.0740665,-0.00160513,-0.997252,0,0.712224,0.292643,0.0810779,1,0.46431,0.978434,-0.1006,-1.21748,0.0679523,2.26008,1.18801,-0.000461628,-0.000203619,-0.000451044,9.07756e-05,-0.000301695,0.000467586,-0.000656576,0,0,0,0,0,0,0,0.299384,-53.3976,-1.55339,22.6707,0.456017,2.66985,-0.049939,0,0,0,0,0,0,0,0,0,0,0,0,0,0,0,0,0,0,0,0,0,0,0,0,0,0,0.286038,-0.771921,-0.168613,1.25852,-0.183665,0.318382,-0.0783042,4.66127,2.25457,0.348943,-0.67169,0.725625,0.2466,0.00912701,1
711.897,0.464158,0.978403,-0.100679,-1.21765,0.067966,2.26006,1.18804,0.996682,-0.0334434,0.0740775,0,-0.0334707,-0.99943,-0.000873545,0,0.0740659,-0.00160881,-0.997252,0,0.712224,0.292641,0.081076,1,0.46431,0.978434,-0.1006,-1.21748,0.0679523,2.26008,1.18801,0.000244612,0.000940233,-0.000696437,2.85262e-05,-0.00085151,0.000450307,0.00170877,0,0,0,0,0,0,0,0.299384,-53.4372,-1.51768,22.6707,0.465172,2.65978,-0.120435,0,0,0,0,0,0,0,0,0,0,0,0,0,0,0,0,0,0,0,0,0,0,0,0,0,0,0.299262,-0.755344,-0.157743,1.25016,-0.184906,0.314035,-0.0782259,4.66819,2.27674,0.329318,-0.683882,0.744114,0.260314,0.00912701,1
711.931,0.464161,0.978402,-0.100674,-1.21766,0.067967,2.26006,1.18804,0.996683,-0.0334384,0.0740685,0,-0.0334656,-0.99943,-0.000875136,0,0.0740569,-0.00160654,-0.997253,0,0.71222,0.292645,0.0810737,1,0.46431,0.978434,-0.1006,-1.21748,0.0679523,2.26008,1.18801,0.000628292,0.00121982,0.000958431,-0.00134799,-0.000160228,-0.000119192,0.00171756,0,0,0,0,0,0,0,0.263678,-53.4372,-1.59306,22.7461,0.456017,2.67992,-0.110364,0,0,0,0,0,0,0,0,0,0,0,0,0,0,0,0,0,0,0,0,0,0,0,0,0,0,0.289534,-0.749206,-0.159349,1.24397,-0.185327,0.312274,-0.076996,4.66157,2.26225,0.323288,-0.68074,0.748083,0.251959,0.00912701,1
711.965,0.464158,0.9784,-0.100679,-1.21765,0.067967,2.26006,1.18804,0.996682,-0.0334399,0.0740803,0,-0.033467,-0.99943,-0.0008757,0,0.0740687,-0.00160648,-0.997252,0,0.712225,0.292642,0.0810791,1,0.46431,0.978434,-0.1006,-1.21748,0.0679523,2.26008,1.18801,0.000700996,-2.7772e-06,-0.000766982,0.00110408,2.04577e-05,-5.90314e-05,-0.000159678,0,0,0,0,0,0,0,0.299384,-53.3976,-1.51768,22.635,0.456017,2.67992,-0.0801514,0,0,0,0,0,0,0,0,0,0,0,0,0,0,0,0,0,0,0,0,0,0,0,0,0,0,0.313943,-0.754259,-0.149473,1.25418,-0.184392,0.313154,-0.0752104,4.68986,2.31125,0.326551,-0.695275,0.752576,0.274778,0.00912701,1
711.999,0.464158,0.978403,-0.100677,-1.21765,0.067966,2.26006,1.18804,0.996683,-0.0334401,0.0740706,0,-0.0334674,-0.99943,-0.000872554,0,0.0740589,-0.00160932,-0.997253,0,0.712221,0.292642,0.0810743,1,0.46431,0.978434,-0.1006,-1.21748,0.0679523,2.26008,1.18801,0.000449282,0.00102533,0.000355105,-0.00134476,-0.000774077,-0.000700945,0.00138649,0,0,0,0,0,0,0,0.299384,-53.4372,-1.55339,22.7104,0.465172,2.69914,-0.100293,0,0,0,0,0,0,0,0,0,0,0,0,0,0,0,0,0,0,0,0,0,0,0,0,0,0,0.308252,-0.749593,-0.152287,1.24812,-0.181816,0.315443,-0.0793021,4.66403,2.28555,0.318294,-0.686382,0.749281,0.268165,0.00912701,1
712.033,0.464158,0.9784,-0.100677,-1.21765,0.067967,2.26006,1.18804,0.996682,-0.0334377,0.0740732,0,-0.0334649,-0.99943,-0.000874712,0,0.0740616,-0.00160707,-0.997252,0,0.712222,0.292643,0.0810771,1,0.46431,0.978434,-0.1006,-1.21748,0.0679523,2.26008,1.18801,0.000721632,-0.000564153,0.000437359,-1.93114e-05,-0.000242308,0.000274844,-0.000133612,0,0,0,0,0,0,0,0.299384,-53.3976,-1.55339,22.7104,0.456017,2.67992,-0.0700806,0,0,0,0,0,0,0,0,0,0,0,0,0,0,0,0,0,0,0,0,0,0,0,0,0,0,0.31617,-0.753457,-0.144196,1.24692,-0.181917,0.31631,-0.0816891,4.63266,2.28015,0.324696,-0.679895,0.736889,0.276541,0.00912701,1
712.067,0.464153,0.978403,-0.100682,-1.21766,0.0679639,2.26006,1.18804,0.996682,-0.0334457,0.0740717,0,-0.0334735,-0.99943,-0.000866556,0,0.0740598,-0.00161579,-0.997252,0,0.712224,0.292635,0.0810734,1,0.46431,0.978434,-0.1006,-1.21748,0.0679523,2.26008,1.18801,-0.00139694,0.00109454,-0.00119754,-0.00158877,-0.00126358,-6.78111e-05,0.000347987,0,0,0,0,0,0,0,0.370795,-53.4372,-1.48198,22.7461,0.483483,2.68999,-0.0902222,0,0,0,0,0,0,0,0,0,0,0,0,0,0,0,0,0,0,0,0,0,0,0,0,0,0,0.311875,-0.752124,-0.146202,1.2447,-0.180343,0.317515,-0.0816315,4.62197,2.2693,0.321716,-0.676076,0.734921,0.272074,0.00912701,1
712.101,0.464158,0.9784,-0.100679,-1.21765,0.067967,2.26006,1.18803,0.996683,-0.0334314,0.0740724,0,-0.0334587,-0.99943,-0.000871476,0,0.0740608,-0.00160982,-0.997252,0,0.712222,0.292641,0.0810763,1,0.46431,0.978434,-0.1006,-1.21748,0.0679523,2.26008,1.18801,0.000663441,-0.000322256,0.000112777,-6.69288e-05,-7.89244e-05,0.000760974,-0.0030964,0,0,0,0,0,0,0,0.299384,-53.3976,-1.51768,22.7104,0.456017,2.67992,-0.00050053,0,0,0,0,0,0,0,0,0,0,0,0,0,0,0,0,0,0,0,0,0,0,0,0,0,0,0.315362,-0.683167,-0.136166,1.20736,-0.17927,0.317499,-0.0829819,4.61839,2.27036,0.218042,-0.699706,0.799214,0.276102,0.00912701,1
712.135,0.464156,0.978403,-0.100679,-1.21766,0.067966,2.26006,1.18804,0.996682,-0.0334455,0.074069,0,-0.033473,-0.99943,-0.000869638,0,0.0740573,-0.00161259,-0.997253,0,0.712222,0.292638,0.0810731,1,0.46431,0.978434,-0.1006,-1.21748,0.0679523,2.26008,1.18801,-0.000752121,0.000177502,7.23881e-05,-0.0013623,-9.16571e-05,-0.000125726,0.00135143,0,0,0,0,0,0,0,0.335089,-53.4372,-1.51768,22.7461,0.465172,2.69914,-0.110364,0,0,0,0,0,0,0,0,0,0,0,0,0,0,0,0,0,0,0,0,0,0,0,0,0,0,0.31729,-0.782454,-0.132318,1.26682,-0.173726,0.331451,-0.0809725,4.61428,2.27364,0.345056,-0.655178,0.70976,0.278789,0.00912701,1
712.169,0.464153,0.978403,-0.100687,-1.21765,0.067966,2.26006,1.18804,0.996682,-0.0334507,0.0740746,0,-0.0334787,-0.999429,-0.000864811,0,0.0740626,-0.00161801,-0.997252,0,0.712226,0.292632,0.0810747,1,0.46431,0.978434,-0.1006,-1.21748,0.0679523,2.26008,1.18801,-0.000680744,-0.000162372,-0.00139431,2.51259e-05,-0.000176052,0.000167466,0.00123305,0,0,0,0,0,0,0,0.370795,-53.4372,-1.4066,22.7104,0.465172,2.69914,-0.100293,0,0,0,0,0,0,0,0,0,0,0,0,0,0,0,0,0,0,0,0,0,0,0,0,0,0,0.338508,-0.786344,-0.113596,1.26705,-0.169992,0.333443,-0.0799805,4.57709,2.28923,0.348966,-0.651776,0.697343,0.300264,0.00912701,1
712.202,0.464153,0.9784,-0.100682,-1.21765,0.067966,2.26005,1.18803,0.996682,-0.033439,0.0740724,0,-0.0334667,-0.99943,-0.000868607,0,0.0740606,-0.00161326,-0.997252,0,0.712225,0.292636,0.0810775,1,0.46431,0.978434,-0.1006,-1.21748,0.0679523,2.26008,1.18801,-0.000669282,-0.000639928,-0.000261067,0.00135277,0.000537635,-0.000186106,-0.00189097,0,0,0,0,0,0,0,0.370795,-53.3976,-1.48198,22.6707,0.465172,2.71928,-0.0206421,0,0,0,0,0,0,0,0,0,0,0,0,0,0,0,0,0,0,0,0,0,0,0,0,0,0,0.331205,-0.790618,-0.101908,1.2828,-0.166564,0.341932,-0.0778509,4.65117,2.31284,0.335369,-0.648426,0.723194,0.296446,0.00912701,1
712.237,0.464156,0.978406,-0.100687,-1.21766,0.067965,2.26006,1.18804,0.996683,-0.0334418,0.074065,0,-0.0334701,-0.99943,-0.000859459,0,0.0740529,-0.00162239,-0.997253,0,0.712222,0.292633,0.0810698,1,0.46431,0.978434,-0.1006,-1.21748,0.0679523,2.26008,1.18801,-0.000481784,0.00119763,-0.000696443,-0.00115072,-0.000172631,0.000207131,-0.000839363,0,0,0,0,0,0,0,0.335089,-53.4769,-1.44231,22.7857,0.474327,2.71928,-0.049939,0,0,0,0,0,0,0,0,0,0,0,0,0,0,0,0,0,0,0,0,0,0,0,0,0,0,0.331432,-0.776347,-0.0931243,1.28316,-0.160355,0.34872,-0.0779327,4.68669,2.32679,0.29973,-0.650861,0.752149,0.296986,0.00913161,1
712.271,0.464153,0.978406,-0.100679,-1.21766,0.067965,2.26005,1.18803,0.996683,-0.0334373,0.0740605,0,-0.0334652,-0.99943,-0.000864089,0,0.0740486,-0.00161726,-0.997253,0,0.712221,0.292636,0.0810703,1,0.46431,0.978434,-0.1006,-1.21748,0.0679523,2.26008,1.18801,-0.000932056,0.000983309,0.00159229,7.63454e-05,0.00325109,0.000669257,-0.00278473,0,0,0,0,0,0,0,0.370795,-53.4769,-1.51768,22.7461,0.474327,2.71928,-0.0206421,0,0,0,0,0,0,0,0,0,0,0,0,0,0,0,0,0,0,0,0,0,0,0,0,0,0,0.342296,-0.794335,-0.0872542,1.29476,-0.157207,0.356895,-0.0794254,4.66541,2.3303,0.31547,-0.641835,0.729934,0.306801,0.00913161,1
712.305,0.464153,0.978406,-0.100685,-1.21766,0.067965,2.26005,1.18803,0.996683,-0.0334428,0.0740605,0,-0.0334711,-0.99943,-0.00085956,0,0.0740485,-0.00162221,-0.997253,0,0.712222,0.292632,0.0810703,1,0.46431,0.978434,-0.1006,-1.21748,0.0679523,2.26008,1.18801,-0.00121139,0.00123986,-0.00114889,4.86761e-05,3.16287e-05,-0.000349366,-0.000785219,0,0,0,0,0,0,0,0.370795,-53.4769,-1.44231,22.7461,0.474327,2.73943,-0.049939,0,0,0,0,0,0,0,0,0,0,0,0,0,0,0,0,0,0,0,0,0,0,0,0,0,0,0.325442,-0.803892,-0.0973246,1.29768,-0.154153,0.362043,-0.0788095,4.64734,2.29898,0.323981,-0.62743,0.715208,0.289751,0.00913161,1
712.339,0.464158,0.978404,-0.100687,-1.21766,0.0679628,2.26006,1.18803,0.996683,-0.033437,0.0740694,0,-0.0334653,-0.99943,-0.00085933,0,0.0740573,-0.00162231,-0.997253,0,0.712223,0.292635,0.0810727,1,0.46431,0.978434,-0.1006,-1.21748,0.0679523,2.26008,1.18801,0.00120265,0.000976949,-0.00117221,-0.000416522,0.000685424,0.000334432,-0.00122725,0,0,0,0,0,0,0,0.299384,-53.4769,-1.4066,22.7461,0.465172,2.71928,-0.0398682,0,0,0,0,0,0,0,0,0,0,0,0,0,0,0,0,0,0,0,0,0,0,0,0,0,0,0.346959,-0.789858,-0.0705679,1.29307,-0.153541,0.36326,-0.0771877,4.64638,2.33188,0.298883,-0.634876,0.732604,0.31401,0.00913161,1
712.373,0.464153,0.978406,-0.100679,-1.21766,0.067965,2.26005,1.18804,0.996683,-0.0334416,0.0740624,0,-0.0334695,-0.99943,-0.000865218,0,0.0740505,-0.00161651,-0.997253,0,0.712221,0.292636,0.0810705,1,0.46431,0.978434,-0.1006,-1.21748,0.0679523,2.26008,1.18801,-0.000770904,0.00103175,0.00176156,-0.000210811,0.000170841,0.000855172,-0.000585971,0,0,0,0,0,0,0,0.370795,-53.4769,-1.51768,22.7461,0.474327,2.70921,-0.0600098,0,0,0,0,0,0,0,0,0,0,0,0,0,0,0,0,0,0,0,0,0,0,0,0,0,0,0.340096,-0.832155,-0.077751,1.3165,-0.152159,0.367254,-0.0777598,4.64418,2.32011,0.356843,-0.614648,0.692678,0.306695,0.00913161,1
712.407,0.464153,0.978403,-0.100682,-1.21765,0.0679639,2.26006,1.18804,0.996682,-0.0334455,0.0740711,0,-0.0334733,-0.99943,-0.00086638,0,0.0740592,-0.00161593,-0.997253,0,0.712224,0.292635,0.0810743,1,0.46431,0.978434,-0.1006,-1.21748,0.0679523,2.26008,1.18801,-0.000648389,-0.00025192,0.00100693,0.00127042,0.000403361,0.000687957,0.00115776,0,0,0,0,0,0,0,0.370795,-53.4372,-1.48198,22.7104,0.474327,2.70921,-0.0902222,0,0,0,0,0,0,0,0,0,0,0,0,0,0,0,0,0,0,0,0,0,0,0,0,0,0,0.350463,-0.788639,-0.0643892,1.29624,-0.152691,0.365228,-0.0784625,4.66484,2.34254,0.29214,-0.635599,0.741577,0.318023,0.00913161,1
712.441,0.464158,0.9784,-0.100679,-1.21765,0.067965,2.26005,1.18804,0.996683,-0.03344,0.0740685,0,-0.0334676,-0.99943,-0.000868755,0,0.0740568,-0.00161306,-0.997253,0,0.712222,0.29264,0.0810758,1,0.46431,0.978434,-0.1006,-1.21748,0.0679523,2.26008,1.18801,0.00122669,-0.000812399,0.0011311,0.000325653,0.000262629,-0.000239587,0.000257404,0,0,0,0,0,0,0,0.299384,-53.3976,-1.51768,22.7104,0.474327,2.73943,-0.0902222,0,0,0,0,0,0,0,0,0,0,0,0,0,0,0,0,0,0,0,0,0,0,0,0,0,0,0.338456,-0.788789,-0.0739599,1.2946,-0.151193,0.365194,-0.0781667,4.66277,2.32475,0.293212,-0.631213,0.739898,0.305343,0.00913161,1
712.475,0.464153,0.978403,-0.100685,-1.21765,0.067965,2.26005,1.18804,0.996682,-0.0334491,0.0740697,0,-0.0334771,-0.999429,-0.000863664,0,0.0740577,-0.00161887,-0.997253,0,0.712224,0.292633,0.0810742,1,0.46431,0.978434,-0.1006,-1.21748,0.0679523,2.26008,1.18801,0.00012975,-0.000398187,0.000212086,0.00160106,0.000286896,-9.21613e-05,0.000957055,0,0,0,0,0,0,0,0.370795,-53.4372,-1.44231,22.7104,0.474327,2.72936,-0.100293,0,0,0,0,0,0,0,0,0,0,0,0,0,0,0,0,0,0,0,0,0,0,0,0,0,0,0.369432,-0.725827,-0.0571324,1.25018,-0.151428,0.358874,-0.0756208,4.58151,2.33833,0.213564,-0.661074,0.770397,0.334813,0.00913161,1
712.509,0.464158,0.978403,-0.100677,-1.21766,0.0679626,2.26005,1.18804,0.996683,-0.0334328,0.0740626,0,-0.0334606,-0.99943,-0.00086563,0,0.0740507,-0.00161545,-0.997253,0,0.712219,0.292641,0.0810723,1,0.46431,0.978434,-0.1006,-1.21748,0.0679523,2.26008,1.18801,0.000946654,-0.000355897,0.00234986,0.000528153,-0.000264147,3.71094e-05,-0.000620514,0,0,0,0,0,0,0,0.299384,-53.4372,-1.55339,22.7461,0.492638,2.71928,-0.049939,0,0,0,0,0,0,0,0,0,0,0,0,0,0,0,0,0,0,0,0,0,0,0,0,0,0,0.344819,-0.817954,-0.0732593,1.31224,-0.149084,0.369465,-0.0760173,4.65643,2.33402,0.330671,-0.622642,0.710923,0.310977,0.00913161,1
712.543,0.464156,0.978406,-0.100687,-1.21766,0.067966,2.26005,1.18804,0.996683,-0.033448,0.0740609,0,-0.0334763,-0.99943,-0.000859162,0,0.0740489,-0.00162301,-0.997253,0,0.712221,0.292633,0.0810704,1,0.46431,0.978434,-0.1006,-1.21748,0.0679523,2.26008,1.18801,-5.35207e-05,0.0014489,-0.000206811,0.000371139,0.000656523,-0.000244607,0.000892422,0,0,0,0,0,0,0,0.335089,-53.4769,-1.44231,22.7461,0.465172,2.73943,-0.100293,0,0,0,0,0,0,0,0,0,0,0,0,0,0,0,0,0,0,0,0,0,0,0,0,0,0,0.332723,-0.797611,-0.0712415,1.31037,-0.147239,0.368836,-0.0739969,4.73261,2.35164,0.294668,-0.632491,0.757262,0.300793,0.00913161,1
712.577,0.464153,0.978403,-0.100685,-1.21766,0.067965,2.26005,1.18804,0.996683,-0.0334512,0.074065,0,-0.0334793,-0.999429,-0.000862144,0,0.074053,-0.00162039,-0.997253,0,0.712223,0.292633,0.0810727,1,0.46431,0.978434,-0.1006,-1.21748,0.0679523,2.26008,1.18801,-4.74594e-05,-6.76137e-05,-0.000169106,0.000244682,0.00050953,0.000720586,0.0018158,0,0,0,0,0,0,0,0.370795,-53.4372,-1.44231,22.7461,0.474327,2.71928,-0.120435,0,0,0,0,0,0,0,0,0,0,0,0,0,0,0,0,0,0,0,0,0,0,0,0,0,0,0.358327,-0.799595,-0.0598856,1.30893,-0.146725,0.368747,-0.076686,4.69435,2.36772,0.300062,-0.635928,0.743063,0.324501,0.00912504,1
712.611,0.464156,0.978406,-0.100682,-1.21766,0.067965,2.26005,1.18804,0.996683,-0.0334471,0.0740584,0,-0.0334752,-0.99943,-0.000861745,0,0.0740464,-0.00162027,-0.997253,0,0.71222,0.292636,0.0810701,1,0.46431,0.978434,-0.1006,-1.21748,0.0679523,2.26008,1.18801,0.000199758,-9.06003e-05,0.000782803,0.000261814,0.00020047,-8.29746e-05,0.00146052,0,0,0,0,0,0,0,0.335089,-53.4769,-1.48198,22.7461,0.474327,2.74858,-0.120435,0,0,0,0,0,0,0,0,0,0,0,0,0,0,0,0,0,0,0,0,0,0,0,0,0,0,0.355475,-0.826024,-0.0575213,1.32158,-0.146902,0.376403,-0.0768025,4.66145,2.34971,0.33045,-0.617108,0.709124,0.323121,0.00912504,1
712.645,0.464156,0.978406,-0.100682,-1.21766,0.0679639,2.26005,1.18804,0.996683,-0.0334421,0.0740618,0,-0.0334702,-0.99943,-0.000861869,0,0.0740498,-0.00161988,-0.997253,0,0.71222,0.292636,0.0810696,1,0.46431,0.978434,-0.1006,-1.21748,0.0679523,2.26008,1.18801,0.00013339,0.000167156,0.00015635,0.000122993,-4.62329e-05,-3.95583e-05,-0.000400835,0,0,0,0,0,0,0,0.335089,-53.4769,-1.48198,22.7461,0.483483,2.73943,-0.0801514,0,0,0,0,0,0,0,0,0,0,0,0,0,0,0,0,0,0,0,0,0,0,0,0,0,0,0.34103,-0.803118,-0.0669691,1.30321,-0.14499,0.373941,-0.076823,4.63902,2.31935,0.302228,-0.617208,0.72208,0.30801,0.00912504,1
712.679,0.464151,0.9784,-0.100685,-1.21766,0.067965,2.26005,1.18803,0.996683,-0.0334447,0.0740663,0,-0.0334728,-0.99943,-0.000862545,0,0.0740543,-0.00161955,-0.997253,0,0.712224,0.292631,0.0810747,1,0.46431,0.978434,-0.1006,-1.21748,0.0679523,2.26008,1.18801,-0.00149371,-0.00126591,-0.000567976,-0.000376127,0.000421457,0.000636826,-0.00180032,0,0,0,0,0,0,0,0.4065,-53.3976,-1.44231,22.7461,0.474327,2.72936,-0.0398682,0,0,0,0,0,0,0,0,0,0,0,0,0,0,0,0,0,0,0,0,0,0,0,0,0,0,0.344096,-0.795713,-0.0652885,1.30441,-0.145664,0.375725,-0.0759296,4.66678,2.33667,0.286249,-0.626516,0.737843,0.311175,0.00912504,1
712.713,0.464156,0.978403,-0.100685,-1.21766,0.067961,2.26005,1.18804,0.996683,-0.0334427,0.0740672,0,-0.033471,-0.99943,-0.000859557,0,0.0740552,-0.00162243,-0.997253,0,0.712222,0.292634,0.0810728,1,0.46431,0.978434,-0.1006,-1.21748,0.0679523,2.26008,1.18801,0.000273535,-0.000205074,-6.6441e-05,0.000293088,-0.000592667,0.00108419,0.00213735,0,0,0,0,0,0,0,0.335089,-53.4372,-1.44231,22.7461,0.510033,2.70921,-0.0902222,0,0,0,0,0,0,0,0,0,0,0,0,0,0,0,0,0,0,0,0,0,0,0,0,0,0,0.353591,-0.79076,-0.0565204,1.30121,-0.146628,0.373149,-0.0761366,4.66347,2.34883,0.282309,-0.630559,0.742342,0.321341,0.00912504,1
712.746,0.464156,0.978406,-0.100682,-1.21766,0.0679629,2.26005,1.18803,0.996683,-0.0334369,0.0740603,0,-0.0334651,-0.99943,-0.000860088,0,0.0740482,-0.00162123,-0.997253,0,0.71222,0.292635,0.0810702,1,0.46431,0.978434,-0.1006,-1.21748,0.0679523,2.26008,1.18801,0.000344715,7.77015e-05,0.000723171,-0.000109767,-0.000333081,-3.03541e-05,-0.00129526,0,0,0,0,0,0,0,0.335089,-53.4769,-1.48198,22.7461,0.492638,2.73943,-0.0398682,0,0,0,0,0,0,0,0,0,0,0,0,0,0,0,0,0,0,0,0,0,0,0,0,0,0,0.35036,-0.824769,-0.055574,1.31498,-0.145716,0.373951,-0.0772926,4.63259,2.32971,0.334194,-0.607873,0.702283,0.318969,0.00912504,1
712.781,0.464153,0.9784,-0.100679,-1.21766,0.067965,2.26005,1.18804,0.996683,-0.0334464,0.0740617,0,-0.0334743,-0.99943,-0.000865718,0,0.0740499,-0.00161635,-0.997253,0,0.712221,0.292636,0.0810732,1,0.46431,0.978434,-0.1006,-1.21748,0.0679523,2.26008,1.18801,-0.000232803,-0.000967605,0.00180422,-0.000922748,1.14636e-05,0.00012568,0.00121254,0,0,0,0,0,0,0,0.370795,-53.3976,-1.51768,22.7857,0.474327,2.72936,-0.100293,0,0,0,0,0,0,0,0,0,0,0,0,0,0,0,0,0,0,0,0,0,0,0,0,0,0,0.343172,-0.783532,-0.060554,1.29391,-0.147764,0.369156,-0.0760053,4.66121,2.33362,0.277989,-0.628872,0.74808,0.311832,0.00912504,1
712.815,0.464156,0.978408,-0.100684,-1.21766,0.0679639,2.26005,1.18804,0.996683,-0.0334441,0.0740583,0,-0.0334725,-0.99943,-0.000858408,0,0.0740462,-0.00162338,-0.997253,0,0.71222,0.292634,0.0810684,1,0.46431,0.978434,-0.1006,-1.21748,0.0679523,2.26008,1.18801,0.000547413,0.00160693,0.000359729,-0.000923043,-5.82336e-05,-0.000350243,0.00108988,0,0,0,0,0,0,0,0.335089,-53.5126,-1.48198,22.7461,0.483483,2.73943,-0.0902222,0,0,0,0,0,0,0,0,0,0,0,0,0,0,0,0,0,0,0,0,0,0,0,0,0,0,0.348233,-0.812698,-0.0611259,1.3115,-0.150311,0.370599,-0.0764188,4.66547,2.34244,0.319388,-0.622448,0.721573,0.316921,0.00912504,1
712.849,0.464158,0.978406,-0.100685,-1.21765,0.0679629,2.26005,1.18804,0.996683,-0.0334367,0.0740633,0,-0.0334651,-0.99943,-0.000859067,0,0.0740512,-0.00162235,-0.997253,0,0.712221,0.292636,0.0810715,1,0.46431,0.978434,-0.1006,-1.21748,0.0679523,2.26008,1.18801,0.00130668,0.00123959,-0.000528103,0.000828059,-0.00065961,-0.000118664,-0.000938473,0,0,0,0,0,0,0,0.299384,-53.4769,-1.44231,22.7104,0.492638,2.73943,-0.049939,0,0,0,0,0,0,0,0,0,0,0,0,0,0,0,0,0,0,0,0,0,0,0,0,0,0,0.34614,-0.797114,-0.0623258,1.29751,-0.152656,0.367501,-0.0732915,4.63633,2.33244,0.303176,-0.62793,0.724958,0.315667,0.00912767,0
712.883,0.464153,0.978406,-0.100685,-1.21766,0.067965,2.26005,1.18804,0.996683,-0.0334432,0.0740608,0,-0.0334714,-0.99943,-0.000859713,0,0.0740488,-0.00162209,-0.997253,0,0.712222,0.292632,0.0810703,1,0.46431,0.978434,-0.1006,-1.21748,0.0679523,2.26008,1.18801,-0.000957061,0.000485113,-0.000598595,0.000550988,0.000158713,-0.000480572,-0.000154345,0,0,0,0,0,0,0,0.370795,-53.4769,-1.44231,22.7461,0.474327,2.73943,-0.049939,0,0,0,0,0,0,0,0,0,0,0,0,0,0,0,0,0,0,0,0,0,0,0,0,0,0,0.333287,-0.73358,-0.0669711,1.25363,-0.154667,0.360972,-0.0733393,4.60002,2.29906,0.221252,-0.64398,0.770372,0.303465,0.00912767,0
712.917,0.464156,0.978403,-0.100683,-1.21765,0.0679639,2.26005,1.18804,0.996682,-0.0334444,0.0740692,0,-0.0334723,-0.99943,-0.000865091,0,0.0740573,-0.00161708,-0.997253,0,0.712223,0.292637,0.081075,1,0.46431,0.978434,-0.1006,-1.21748,0.0679523,2.26008,1.18801,0.000160582,-0.000984882,0.000846364,0.00141293,-0.000196732,2.67355e-05,0.00155858,0,0,0,0,0,0,0,0.335089,-53.4372,-1.48198,22.6707,0.483483,2.71928,-0.100293,0,0,0,0,0,0,0,0,0,0,0,0,0,0,0,0,0,0,0,0,0,0,0,0,0,0,0.337397,-0.832905,-0.0770666,1.31584,-0.156207,0.363576,-0.0710202,4.64817,2.32909,0.363134,-0.620318,0.692069,0.306405,0.00912701,0
712.951,0.464156,0.978433,-0.100679,-1.21768,0.067962,2.26005,1.18804,0.996687,-0.0334435,0.0740064,0,-0.0334735,-0.99943,-0.000835177,0,0.0739935,-0.00164488,-0.997257,0,0.712204,0.292628,0.0810361,1,0.46431,0.978434,-0.1006,-1.21748,0.0679523,2.26008,1.18801,-0.00022147,0.00416036,4.45073e-05,-0.000799665,-0.000122274,0.00124852,-0.00112112,0,0,0,0,0,0,0,0.335089,-53.8578,-1.51768,23.119,0.500878,2.77879,-0.110364,0,0,0,0,0,0,0,0,0,0,0,0,0,0,0,0,0,0,0,0,0,0,0,0,0,0,0.334187,-0.973649,-0.0888531,1.42631,-0.158926,0.406622,-0.0768108,4.7582,2.36112,0.501753,-0.578288,0.597785,0.30298,0.00912701,0
712.985,0.464143,0.978464,-0.100679,-1.21769,0.0679722,2.26005,1.18804,0.996689,-0.0334609,0.0739716,0,-0.0334916,-0.999429,-0.000825706,0,0.0739584,-0.00165449,-0.99726,0,0.712198,0.292616,0.0810089,1,0.46431,0.978434,-0.1006,-1.21748,0.0679523,2.26008,1.18801,-0.000338135,-0.00117843,0.000743979,-0.000534522,0.000697177,-0.000239058,0.000278931,0,0,0,0,0,0,0,0.517584,-54.2743,-1.51768,23.1944,0.446862,2.75865,-0.100293,0,0,0,0,0,0,0,0,0,0,0,0,0,0,0,0,0,0,0,0,0,0,0,0,0,0,0.377665,-1.15482,-0.0651124,1.51403,-0.143277,0.389346,-0.0851644,4.71304,2.39071,0.799098,-0.498297,0.424711,0.34224,0.00912701,0
713.018,0.464142,0.978401,-0.100688,-1.21766,0.0679629,2.26005,1.18805,0.996682,-0.0334671,0.0740661,0,-0.0334955,-0.999429,-0.000858475,0,0.0740539,-0.00162529,-0.997253,0,0.712226,0.292622,0.0810724,1,0.46431,0.978434,-0.1006,-1.21748,0.0679523,2.26008,1.18801,0.00124444,-0.00216831,0.000339849,0.000687841,0.000196148,-0.000459681,0.00306241,0,0,0,0,0,0,0,0.481879,-53.3976,-1.4066,22.7461,0.492638,2.69914,-0.159802,0,0,0,0,0,0,0,0,0,0,0,0,0,0,0,0,0,0,0,0,0,0,0,0,0,0,0.367873,-1.13929,-0.0438664,1.47241,-0.143496,0.356674,-0.0885812,4.59585,2.32465,0.83246,-0.467702,0.407839,0.338387,0.00912701,0
713.052,0.464151,0.978398,-0.100679,-1.21766,0.067966,2.26006,1.18804,0.996682,-0.0334474,0.0740696,0,-0.033475,-0.99943,-0.000870069,0,0.0740579,-0.00161233,-0.997253,0,0.712223,0.292635,0.0810757,1,0.46431,0.978434,-0.1006,-1.21748,0.0679523,2.26008,1.18801,-0.000101611,0.000869573,-0.000349222,0.000185792,0.00176582,0.000223406,-0.000434668,0,0,0,0,0,0,0,0.4065,-53.3619,-1.51768,22.7104,0.465172,2.66985,-0.0801514,0,0,0,0,0,0,0,0,0,0,0,0,0,0,0,0,0,0,0,0,0,0,0,0,0,0,0.420737,-1.04989,-0.0381102,1.42141,-0.143533,0.3383,-0.090561,4.58865,2.39325,0.726951,-0.536616,0.481469,0.382479,0.00912701,0
713.086,0.464151,0.97844,-0.100677,-1.21768,0.067962,2.26005,1.18804,0.996687,-0.0334469,0.074007,0,-0.0334768,-0.99943,-0.000836945,0,0.0739942,-0.00164338,-0.997257,0,0.712205,0.292626,0.0810315,1,0.46431,0.978434,-0.1006,-1.21748,0.0679523,2.26008,1.18801,-0.000491923,0.00147634,0.000727349,-0.00148637,0.000844064,0.000109851,0.000989993,0,0,0,0,0,0,0,0.4065,-53.9688,-1.55339,23.0476,0.500878,2.70921,-0.110364,0,0,0,0,0,0,0,0,0,0,0,0,0,0,0,0,0,0,0,0,0,0,0,0,0,0,0.411884,-1.01487,-0.0649644,1.40069,-0.141802,0.334336,-0.0930203,4.59512,2.37856,0.682033,-0.55725,0.509458,0.36744,0.00912701,0
713.117,0.464148,0.978427,-0.100692,-1.21767,0.067965,2.26006,1.18804,0.996684,-0.0334544,0.0740394,0,-0.0334841,-0.999429,-0.000841287,0,0.0740267,-0.00164068,-0.997255,0,0.712217,0.29262,0.0810487,1,0.46431,0.978434,-0.1006,-1.21748,0.0679523,2.26008,1.18801,-0.000449844,-0.000380116,-0.00111949,0.000519317,0.000621361,-0.000972578,-0.00101249,0,0,0,0,0,0,0,0.446173,-53.7784,-1.36693,22.8571,0.474327,2.70921,-0.0700806,0,0,0,0,0,0,0,0,0,0,0,0,0,0,0,0,0,0,0,0,0,0,0,0,0,0,0.400481,-1.01993,-0.056768,1.41711,-0.142092,0.334366,-0.091459,4.70155,2.40991,0.680411,-0.558891,0.544055,0.360165,0.00912701,0
713.153,0.464148,0.978411,-0.100687,-1.21766,0.067966,2.26006,1.18804,0.996683,-0.0334572,0.0740581,0,-0.0334857,-0.999429,-0.000856895,0,0.0740459,-0.00162587,-0.997254,0,0.712222,0.292626,0.0810644,1,0.46431,0.978434,-0.1006,-1.21748,0.0679523,2.26008,1.18801,-0.000411562,-0.000573221,-0.000298558,-0.000471078,0.000323442,0.000259562,0.000665531,0,0,0,0,0,0,0,0.446173,-53.5523,-1.4066,22.7461,0.465172,2.66985,-0.110364,0,0,0,0,0,0,0,0,0,0,0,0,0,0,0,0,0,0,0,0,0,0,0,0,0,0,0.385669,-1.06328,-0.0409852,1.43395,-0.142594,0.331052,-0.0942365,4.68209,2.37781,0.750358,-0.517419,0.505113,0.351872,0.00912701,0
713.187,0.464151,0.978425,-0.100681,-1.21767,0.067961,2.26006,1.18804,0.996685,-0.033446,0.0740389,0,-0.0334752,-0.99943,-0.000847583,0,0.0740264,-0.00163372,-0.997255,0,0.712215,0.292628,0.0810512,1,0.46431,0.978434,-0.1006,-1.21748,0.0679523,2.26008,1.18801,-0.0011817,0.000396645,0.000723129,-5.29206e-05,-0.000849522,-4.43134e-05,-0.000599971,0,0,0,0,0,0,0,0.4065,-53.7427,-1.51768,22.8571,0.510033,2.68999,-0.0902222,0,0,0,0,0,0,0,0,0,0,0,0,0,0,0,0,0,0,0,0,0,0,0,0,0,0,0.400245,-1.03458,-0.0428107,1.40764,-0.141362,0.331284,-0.0923529,4.59108,2.36249,0.714279,-0.528674,0.498398,0.363221,0.00912701,0
713.221,0.464151,0.978419,-0.100689,-1.21767,0.0679639,2.26005,1.18804,0.996684,-0.0334564,0.0740436,0,-0.0334857,-0.999429,-0.000846075,0,0.0740311,-0.00163616,-0.997255,0,0.712218,0.292624,0.0810552,1,0.46431,0.978434,-0.1006,-1.21748,0.0679523,2.26008,1.18801,-1.5702e-05,-0.000573106,-0.000950513,-5.56109e-05,0.000427125,-0.000825177,0.00184513,0,0,0,0,0,0,0,0.4065,-53.6673,-1.4066,22.8571,0.483483,2.70921,-0.12959,0,0,0,0,0,0,0,0,0,0,0,0,0,0,0,0,0,0,0,0,0,0,0,0,0,0,0.404729,-1.01223,-0.0533385,1.40356,-0.141585,0.333945,-0.0973589,4.63549,2.37917,0.674683,-0.549222,0.530286,0.363606,0.00912701,0
713.255,0.464151,0.978419,-0.100687,-1.21767,0.067966,2.26006,1.18803,0.996684,-0.0334454,0.0740466,0,-0.0334743,-0.99943,-0.000850342,0,0.0740342,-0.00163117,-0.997254,0,0.712218,0.292626,0.0810566,1,0.46431,0.978434,-0.1006,-1.21748,0.0679523,2.26008,1.18801,0.000254551,0.00124007,9.50879e-05,-6.41934e-05,0.000793678,-0.000320585,-0.0027301,0,0,0,0,0,0,0,0.4065,-53.6673,-1.4066,22.7857,0.465172,2.68999,-0.0297974,0,0,0,0,0,0,0,0,0,0,0,0,0,0,0,0,0,0,0,0,0,0,0,0,0,0,0.391981,-1.03087,-0.0526462,1.40284,-0.141886,0.329267,-0.0923709,4.58441,2.34791,0.713202,-0.529039,0.497603,0.354049,0.0358343,0
713.289,0.464153,0.978422,-0.100687,-1.21767,0.0679621,2.26006,1.18804,0.996684,-0.0334495,0.0740426,0,-0.0334788,-0.999429,-0.000845454,0,0.07403,-0.00163624,-0.997255,0,0.712216,0.292627,0.0810528,1,0.46431,0.978434,-0.1006,-1.21748,0.0679523,2.26008,1.18801,0.000142341,-0.0010641,-0.00178313,-0.000480119,-0.000435463,-0.00062846,0.00124442,0,0,0,0,0,0,0,0.370795,-53.703,-1.4066,22.8571,0.500878,2.70921,-0.110364,0,0,0,0,0,0,0,0,0,0,0,0,0,0,0,0,0,0,0,0,0,0,0,0,0,0,0.390105,-1.03807,-0.054992,1.40602,-0.141252,0.332194,-0.0939734,4.57224,2.33745,0.720706,-0.522658,0.486926,0.351661,0.0358343,0
713.323,0.464148,0.978419,-0.100685,-1.21767,0.067961,2.26005,1.18804,0.996684,-0.0334504,0.0740448,0,-0.0334796,-0.999429,-0.00084792,0,0.0740323,-0.00163391,-0.997255,0,0.712218,0.292625,0.0810562,1,0.46431,0.978434,-0.1006,-1.21748,0.0679523,2.26008,1.18801,-0.000566791,2.69655e-06,0.000639865,0.000571061,-0.000689779,-0.000990151,-0.000525432,0,0,0,0,0,0,0,0.446173,-53.6673,-1.44231,22.8214,0.510033,2.70921,-0.0902222,0,0,0,0,0,0,0,0,0,0,0,0,0,0,0,0,0,0,0,0,0,0,0,0,0,0,0.409193,-1.04097,-0.0475307,1.4154,-0.142097,0.335636,-0.0922068,4.59902,2.3784,0.717325,-0.536517,0.492404,0.369891,0.0358343,0
713.357,0.464148,0.978422,-0.100685,-1.21767,0.067967,2.26005,1.18803,0.996685,-0.0334443,0.0740385,0,-0.0334734,-0.99943,-0.000849325,0,0.0740261,-0.00163184,-0.997255,0,0.712217,0.292625,0.0810539,1,0.46431,0.978434,-0.1006,-1.21748,0.0679523,2.26008,1.18801,-0.0011215,0.00076097,0.000121772,0.00057009,0.00163156,-0.00117066,-0.00322965,0,0,0,0,0,0,0,0.446173,-53.703,-1.44231,22.8214,0.456017,2.72936,-0.00050053,0,0,0,0,0,0,0,0,0,0,0,0,0,0,0,0,0,0,0,0,0,0,0,0,0,0,0.396421,-1.03276,-0.0459525,1.4093,-0.142368,0.328559,-0.0931702,4.62184,2.36898,0.713587,-0.532695,0.509759,0.359405,0.0358343,0
713.391,0.464153,0.978425,-0.100685,-1.21767,0.067965,2.26006,1.18804,0.996685,-0.0334481,0.0740369,0,-0.0334773,-0.999429,-0.000846685,0,0.0740244,-0.00163471,-0.997255,0,0.712214,0.292628,0.0810501,1,0.46431,0.978434,-0.1006,-1.21748,0.0679523,2.26008,1.18801,0.000865471,0.000592624,0.000407034,0.000146152,0.000465731,0.000402658,-0.000509548,0,0,0,0,0,0,0,0.370795,-53.7427,-1.44231,22.8571,0.474327,2.68999,-0.0902222,0,0,0,0,0,0,0,0,0,0,0,0,0,0,0,0,0,0,0,0,0,0,0,0,0,0,0.409108,-1.0337,-0.0401022,1.41076,-0.142903,0.331872,-0.0908791,4.60611,2.38378,0.710801,-0.538017,0.503241,0.37183,0.0358343,0
713.425,0.464156,0.978414,-0.100682,-1.21766,0.0679639,2.26006,1.18804,0.996684,-0.0334455,0.0740513,0,-0.033474,-0.99943,-0.000856584,0,0.0740392,-0.00162508,-0.997254,0,0.712217,0.292634,0.081061,1,0.46431,0.978434,-0.1006,-1.21748,0.0679523,2.26008,1.18801,0.00113026,-0.000975017,0.00109012,0.000734052,-7.41785e-05,0.000271991,0.000534086,0,0,0,0,0,0,0,0.335089,-53.588,-1.48198,22.7857,0.483483,2.67992,-0.110364,0,0,0,0,0,0,0,0,0,0,0,0,0,0,0,0,0,0,0,0,0,0,0,0,0,0,0.391349,-1.01925,-0.0516327,1.40639,-0.141122,0.331807,-0.0938985,4.64643,2.37044,0.687097,-0.53986,0.529584,0.353193,0.0358343,0
713.459,0.464151,0.978425,-0.100687,-1.21767,0.067961,2.26006,1.18804,0.996684,-0.0334468,0.0740432,0,-0.0334762,-0.99943,-0.000844069,0,0.0740306,-0.00163744,-0.997255,0,0.712217,0.292625,0.0810507,1,0.46431,0.978434,-0.1006,-1.21748,0.0679523,2.26008,1.18801,0.000452567,0.00166206,-0.000300739,-0.000296352,-0.000321203,0.00049782,-0.000520771,0,0,0,0,0,0,0,0.4065,-53.7427,-1.4066,22.8571,0.510033,2.67992,-0.0700806,0,0,0,0,0,0,0,0,0,0,0,0,0,0,0,0,0,0,0,0,0,0,0,0,0,0,0.414139,-1.04466,-0.0308768,1.41426,-0.141466,0.331914,-0.0955379,4.58723,2.37599,0.727869,-0.524968,0.489984,0.377494,0.0358343,0
713.493,0.464153,0.978416,-0.10069,-1.21767,0.067967,2.26005,1.18804,0.996684,-0.0334529,0.0740485,0,-0.0334819,-0.999429,-0.000850339,0,0.0740361,-0.00163179,-0.997254,0,0.712219,0.292627,0.0810586,1,0.46431,0.978434,-0.1006,-1.21748,0.0679523,2.26008,1.18801,0.00112258,-0.00206729,-0.00177447,0.000586612,-0.00292214,-0.000506054,-0.000656971,0,0,0,0,0,0,0,0.370795,-53.6277,-1.36693,22.8214,0.456017,2.70921,-0.100293,0,0,0,0,0,0,0,0,0,0,0,0,0,0,0,0,0,0,0,0,0,0,0,0,0,0,0.407913,-1.03296,-0.0356985,1.4117,-0.138991,0.331537,-0.0901117,4.61796,2.38773,0.70856,-0.534936,0.510252,0.370951,0.0536287,0
713.527,0.464151,0.978416,-0.100682,-1.21766,0.0679629,2.26006,1.18803,0.996684,-0.0334397,0.0740528,0,-0.0334682,-0.99943,-0.000855384,0,0.0740406,-0.0016259,-0.997254,0,0.712219,0.29263,0.0810603,1,0.46431,0.978434,-0.1006,-1.21748,0.0679523,2.26008,1.18801,-0.000799021,0.000254465,0.000696955,0.00128573,-0.00434489,0.000769094,-0.00273394,0,0,0,0,0,0,0,0.4065,-53.6277,-1.48198,22.7461,0.492638,2.66985,-0.0206421,0,0,0,0,0,0,0,0,0,0,0,0,0,0,0,0,0,0,0,0,0,0,0,0,0,0,0.400499,-1.01863,-0.0437362,1.40212,-0.138551,0.330136,-0.0898991,4.61513,2.37616,0.690132,-0.539482,0.520999,0.362588,0.0536287,0
713.561,0.464153,0.978422,-0.100685,-1.21767,0.067961,2.26006,1.18804,0.996685,-0.0334455,0.0740409,0,-0.0334748,-0.99943,-0.000845689,0,0.0740284,-0.00163565,-0.997255,0,0.712215,0.292628,0.0810514,1,0.46431,0.978434,-0.1006,-1.21748,0.0679523,2.26008,1.18801,0.000160647,0.000318192,-0.000540041,-0.000177579,-0.000523236,0.000223839,-0.000536788,0,0,0,0,0,0,0,0.370795,-53.703,-1.44231,22.8968,0.510033,2.69914,-0.0902222,0,0,0,0,0,0,0,0,0,0,0,0,0,0,0,0,0,0,0,0,0,0,0,0,0,0,0.386312,-1.03099,-0.0655724,1.4067,-0.14081,0.332444,-0.0929304,4.60519,2.34708,0.708028,-0.5337,0.501703,0.345875,0.0536287,0
713.595,0.464146,0.978416,-0.10069,-1.21767,0.067962,2.26005,1.18803,0.996684,-0.0334499,0.0740461,0,-0.0334793,-0.999429,-0.000844171,0,0.0740335,-0.00163767,-0.997254,0,0.71222,0.29262,0.0810567,1,0.46431,0.978434,-0.1006,-1.21748,0.0679523,2.26008,1.18801,-0.00113874,-0.000923025,-0.00113237,-5.36e-05,-0.000681816,-0.000295753,-0.00271387,0,0,0,0,0,0,0,0.481879,-53.6277,-1.36693,22.8571,0.500878,2.69914,-0.0297974,0,0,0,0,0,0,0,0,0,0,0,0,0,0,0,0,0,0,0,0,0,0,0,0,0,0,0.40558,-1.00738,-0.0494055,1.411,-0.141939,0.334509,-0.0937701,4.70251,2.41411,0.660873,-0.562046,0.557562,0.36574,0.0536287,0
713.629,0.464151,0.978419,-0.100687,-1.21767,0.067961,2.26006,1.18805,0.996684,-0.0334578,0.0740473,0,-0.033487,-0.999429,-0.000847383,0,0.0740348,-0.00163508,-0.997254,0,0.712218,0.292626,0.0810563,1,0.46431,0.978434,-0.1006,-1.21748,0.0679523,2.26008,1.18801,-2.71862e-05,0.000788077,-0.000502281,0.000379607,-0.000524589,-0.00014204,0.00373393,0,0,0,0,0,0,0,0.4065,-53.6673,-1.4066,22.8214,0.510033,2.68999,-0.169873,0,0,0,0,0,0,0,0,0,0,0,0,0,0,0,0,0,0,0,0,0,0,0,0,0,0,0.41414,-1.00306,-0.039147,1.40604,-0.142629,0.331878,-0.0920322,4.68493,2.42187,0.658846,-0.563697,0.557131,0.375607,0.0536287,0
713.663,0.464148,0.978422,-0.100687,-1.21767,0.0679652,2.26006,1.18804,0.996684,-0.0334579,0.0740393,0,-0.0334871,-0.999429,-0.000847039,0,0.0740268,-0.00163516,-0.997255,0,0.712216,0.292623,0.0810512,1,0.46431,0.978434,-0.1006,-1.21748,0.0679523,2.26008,1.18801,-0.00139255,1.32205e-05,-5.9208e-05,-0.000424473,-0.000360077,0.000208695,0.00124489,0,0,0,0,0,0,0,0.446173,-53.703,-1.44231,22.8968,0.500878,2.69914,-0.120435,0,0,0,0,0,0,0,0,0,0,0,0,0,0,0,0,0,0,0,0,0,0,0,0,0,0,0.402785,-1.00028,-0.0483814,1.39738,-0.142031,0.330586,-0.0903635,4.64743,2.39239,0.660136,-0.5575,0.545918,0.363941,0.0536287,0
713.697,0.464146,0.978416,-0.100685,-1.21767,0.0679639,2.26005,1.18804,0.996684,-0.0334595,0.0740419,0,-0.0334886,-0.999429,-0.000849719,0,0.0740295,-0.00163269,-0.997255,0,0.712218,0.292623,0.0810561,1,0.46431,0.978434,-0.1006,-1.21748,0.0679523,2.26008,1.18801,-0.001211,-0.000801564,0.000776428,-0.000576838,0.00028008,-0.000465702,0.000660884,0,0,0,0,0,0,0,0.481879,-53.6277,-1.44231,22.8571,0.483483,2.70921,-0.12959,0,0,0,0,0,0,0,0,0,0,0,0,0,0,0,0,0,0,0,0,0,0,0,0,0,0,0.405226,-1.02385,-0.048606,1.40479,-0.143051,0.33344,-0.0902596,4.59888,2.37578,0.695077,-0.54349,0.507646,0.366531,0.0536287,0
713.731,0.464146,0.978419,-0.100682,-1.21767,0.0679629,2.26006,1.18804,0.996684,-0.0334521,0.0740441,0,-0.0334811,-0.999429,-0.000851019,0,0.0740318,-0.00163091,-0.997255,0,0.712218,0.292625,0.0810552,1,0.46431,0.978434,-0.1006,-1.21748,0.0679523,2.26008,1.18801,-0.00227363,-0.000511891,0.000590655,-0.000119254,6.94552e-05,0.000185973,-0.00116702,0,0,0,0,0,0,0,0.481879,-53.6673,-1.48198,22.8571,0.492638,2.68999,-0.0801514,0,0,0,0,0,0,0,0,0,0,0,0,0,0,0,0,0,0,0,0,0,0,0,0,0,0,0.408275,-1.06658,-0.04379,1.42456,-0.1414,0.337691,-0.096143,4.56259,2.35594,0.755147,-0.514675,0.458881,0.36973,0.0772989,0
713.765,0.464151,0.978419,-0.100682,-1.21767,0.067965,2.26006,1.18805,0.996684,-0.0334546,0.0740394,0,-0.0334835,-0.999429,-0.000851834,0,0.0740271,-0.00163012,-0.997255,0,0.712215,0.292628,0.0810536,1,0.46431,0.978434,-0.1006,-1.21748,0.0679523,2.26008,1.18801,-0.000648957,-0.000961364,0.00164288,-0.000742128,0.00032111,5.80006e-05,0.00169073,0,0,0,0,0,0,0,0.4065,-53.6673,-1.48198,22.8968,0.483483,2.69914,-0.139661,0,0,0,0,0,0,0,0,0,0,0,0,0,0,0,0,0,0,0,0,0,0,0,0,0,0,0.405826,-1.01112,-0.0491707,1.39793,-0.143145,0.332185,-0.0980711,4.60531,2.36743,0.677772,-0.544458,0.522012,0.36581,0.0772989,0
713.799,0.464148,0.978416,-0.100685,-1.21767,0.0679639,2.26006,1.18804,0.996684,-0.0334525,0.0740486,0,-0.0334814,-0.999429,-0.000852321,0,0.0740363,-0.00162978,-0.997254,0,0.712219,0.292626,0.0810576,1,0.46431,0.978434,-0.1006,-1.21748,0.0679523,2.26008,1.18801,-0.001469,-0.00118045,0.000556673,0.000306077,0.000159399,-0.000334932,-0.000316745,0,0,0,0,0,0,0,0.446173,-53.6277,-1.44231,22.8214,0.483483,2.69914,-0.0902222,0,0,0,0,0,0,0,0,0,0,0,0,0,0,0,0,0,0,0,0,0,0,0,0,0,0,0.394321,-1.04456,-0.0538727,1.41875,-0.14299,0.335146,-0.0998993,4.62625,2.35725,0.722113,-0.526346,0.499046,0.355276,0.0772989,0
713.833,0.464151,0.978419,-0.100685,-1.21767,0.0679629,2.26005,1.18803,0.996685,-0.0334426,0.0740426,0,-0.0334718,-0.99943,-0.000848139,0,0.0740302,-0.00163304,-0.997255,0,0.712217,0.292627,0.0810554,1,0.46431,0.978434,-0.1006,-1.21748,0.0679523,2.26008,1.18801,0.000127267,0.000302875,-0.000294752,0.000835919,-0.000246407,-0.000505704,-0.00281297,0,0,0,0,0,0,0,0.4065,-53.6673,-1.44231,22.8214,0.492638,2.70921,-0.0297974,0,0,0,0,0,0,0,0,0,0,0,0,0,0,0,0,0,0,0,0,0,0,0,0,0,0,0.393631,-1.02871,-0.0519067,1.40727,-0.142682,0.333885,-0.101267,4.61081,2.34773,0.701331,-0.528036,0.509211,0.354752,0.0772989,0
713.867,0.464148,0.978422,-0.100685,-1.21767,0.0679629,2.26006,1.18804,0.996684,-0.0334561,0.0740418,0,-0.0334852,-0.999429,-0.000848309,0,0.0740293,-0.00163384,-0.997255,0,0.712217,0.292625,0.0810533,1,0.46431,0.978434,-0.1006,-1.21748,0.0679523,2.26008,1.18801,-0.000353362,-0.00072513,1.93768e-05,0.00122929,5.21603e-05,-0.000254386,0.00153023,0,0,0,0,0,0,0,0.446173,-53.703,-1.44231,22.8214,0.492638,2.69914,-0.12959,0,0,0,0,0,0,0,0,0,0,0,0,0,0,0,0,0,0,0,0,0,0,0,0,0,0,0.416631,-1.03502,-0.0391228,1.41155,-0.143104,0.334067,-0.0971724,4.59543,2.38022,0.710608,-0.536037,0.498439,0.377682,0.0772989,0
713.901,0.464151,0.978419,-0.100687,-1.21767,0.0679639,2.26006,1.18804,0.996684,-0.0334531,0.074051,0,-0.0334821,-0.999429,-0.000850876,0,0.0740386,-0.00163136,-0.997254,0,0.712219,0.292626,0.081057,1,0.46431,0.978434,-0.1006,-1.21748,0.0679523,2.26008,1.18801,-0.00019592,0.000957562,-0.000582585,0.00100497,0.000234143,0.000228415,0.000783312,0,0,0,0,0,0,0,0.4065,-53.6673,-1.4066,22.7857,0.483483,2.67992,-0.110364,0,0,0,0,0,0,0,0,0,0,0,0,0,0,0,0,0,0,0,0,0,0,0,0,0,0,0.39054,-1.02123,-0.0496502,1.39799,-0.142775,0.333681,-0.0943229,4.57469,2.33878,0.69281,-0.528134,0.504165,0.353439,0.0772989,0
713.935,0.464153,0.978422,-0.100685,-1.21767,0.0679629,2.26006,1.18804,0.996684,-0.0334454,0.0740431,0,-0.0334745,-0.99943,-0.000848403,0,0.0740307,-0.001633,-0.997255,0,0.712216,0.292629,0.0810528,1,0.46431,0.978434,-0.1006,-1.21748,0.0679523,2.26008,1.18801,-0.000623515,-0.000291906,-0.000470836,-0.000311901,-8.7003e-05,4.44475e-06,0.000187127,0,0,0,0,0,0,0,0.370795,-53.703,-1.44231,22.8571,0.492638,2.68999,-0.0801514,0,0,0,0,0,0,0,0,0,0,0,0,0,0,0,0,0,0,0,0,0,0,0,0,0,0,0.384053,-1.05564,-0.0557727,1.41395,-0.143754,0.334748,-0.0921568,4.5578,2.32608,0.744429,-0.51244,0.465868,0.347528,0.0772989,0
713.969,0.464148,0.978419,-0.100687,-1.21767,0.0679652,2.26006,1.18803,0.996684,-0.0334469,0.0740427,0,-0.033476,-0.99943,-0.000847765,0,0.0740303,-0.00163373,-0.997255,0,0.712218,0.292624,0.0810546,1,0.46431,0.978434,-0.1006,-1.21748,0.0679523,2.26008,1.18801,-0.000364015,-0.000699866,-8.35522e-05,-0.000592806,-0.000341616,0.000419428,-0.00247364,0,0,0,0,0,0,0,0.446173,-53.6673,-1.4066,22.8571,0.500878,2.68999,-0.0206421,0,0,0,0,0,0,0,0,0,0,0,0,0,0,0,0,0,0,0,0,0,0,0,0,0,0,0.417949,-1.02278,-0.0442291,1.40372,-0.143386,0.334575,-0.0923846,4.58152,2.38334,0.692976,-0.546739,0.50256,0.378111,0.0794376,0
714.003,0.464151,0.978416,-0.100685,-1.21767,0.067962,2.26006,1.18804,0.996684,-0.0334459,0.0740454,0,-0.0334751,-0.99943,-0.000847934,0,0.0740329,-0.00163358,-0.997254,0,0.712217,0.292626,0.0810554,1,0.46431,0.978434,-0.1006,-1.21748,0.0679523,2.26008,1.18801,0.000153139,-0.000561793,0.000510531,-0.00127323,-0.000222232,-0.000373216,-0.000317241,0,0,0,0,0,0,0,0.4065,-53.6277,-1.44231,22.8968,0.500878,2.69914,-0.0600098,0,0,0,0,0,0,0,0,0,0,0,0,0,0,0,0,0,0,0,0,0,0,0,0,0,0,0.393582,-1.04242,-0.0493296,1.41239,-0.139431,0.33429,-0.0940607,4.59136,2.35007,0.721956,-0.521738,0.491038,0.355531,0.0794376,0
714.037,0.464156,0.978422,-0.100679,-1.21767,0.067965,2.26006,1.18804,0.996685,-0.0334461,0.0740391,0,-0.0334748,-0.99943,-0.000853536,0,0.0740269,-0.00162777,-0.997255,0,0.712213,0.292633,0.0810522,1,0.46431,0.978434,-0.1006,-1.21748,0.0679523,2.26008,1.18801,0.000861481,-0.000402994,0.00145595,3.9299e-07,0.000556953,0.000493036,0.000565721,0,0,0,0,0,0,0,0.335089,-53.703,-1.51768,22.8571,0.474327,2.67992,-0.120435,0,0,0,0,0,0,0,0,0,0,0,0,0,0,0,0,0,0,0,0,0,0,0,0,0,0,0.410024,-1.0514,-0.0439536,1.42163,-0.139836,0.332785,-0.0940077,4.61297,2.38266,0.735642,-0.529985,0.489355,0.37073,0.0794376,0
714.069,0.464148,0.978419,-0.100687,-1.21767,0.067962,2.26005,1.18805,0.996684,-0.0334604,0.0740404,0,-0.0334897,-0.999429,-0.000845036,0,0.0740278,-0.00163739,-0.997255,0,0.712217,0.292623,0.0810537,1,0.46431,0.978434,-0.1006,-1.21748,0.0679523,2.26008,1.18801,-0.000874171,-0.000430443,-0.000461714,-0.00131353,-0.00037129,-0.000514319,0.00157603,0,0,0,0,0,0,0,0.446173,-53.6673,-1.4066,22.8968,0.500878,2.70921,-0.159802,0,0,0,0,0,0,0,0,0,0,0,0,0,0,0,0,0,0,0,0,0,0,0,0,0,0,0.408696,-1.03487,-0.0514154,1.41529,-0.14393,0.333336,-0.0944342,4.62968,2.38736,0.709793,-0.544458,0.506904,0.368611,0.0794376,0
714.105,0.464151,0.978416,-0.100685,-1.21767,0.0679639,2.26006,1.18804,0.996684,-0.0334521,0.0740439,0,-0.0334811,-0.999429,-0.000850406,0,0.0740315,-0.00163152,-0.997255,0,0.712217,0.292627,0.0810563,1,0.46431,0.978434,-0.1006,-1.21748,0.0679523,2.26008,1.18801,-0.000269435,0.00636457,-0.000248905,-0.000531629,0.000247174,6.00986e-05,0.000578368,0,0,0,0,0,0,0,0.4065,-53.6277,-1.44231,22.8571,0.483483,2.68999,-0.110364,0,0,0,0,0,0,0,0,0,0,0,0,0,0,0,0,0,0,0,0,0,0,0,0,0,0,0.388364,-1.04723,-0.0575299,1.42222,-0.142504,0.335604,-0.0995333,4.64403,2.35671,0.724241,-0.525442,0.502357,0.349361,0.0794376,0
714.139,0.464151,0.978422,-0.100685,-1.21767,0.0679653,2.26006,1.18804,0.996684,-0.0334528,0.0740404,0,-0.0334818,-0.999429,-0.000849598,0,0.074028,-0.00163226,-0.997255,0,0.712216,0.292627,0.0810526,1,0.46431,0.978434,-0.1006,-1.21748,0.0679523,2.26008,1.18801,-0.00121774,-0.000665168,-0.000574225,-4.84286e-05,0.00060295,0.000871774,0.000715248,0,0,0,0,0,0,0,0.4065,-53.703,-1.44231,22.8571,0.474327,2.67992,-0.110364,0,0,0,0,0,0,0,0,0,0,0,0,0,0,0,0,0,0,0,0,0,0,0,0,0,0,0.385509,-1.0239,-0.0528902,1.40937,-0.141201,0.33444,-0.094239,4.64653,2.36161,0.69013,-0.534274,0.525816,0.348068,0.0798172,0
714.173,0.464153,0.978422,-0.100687,-1.21767,0.0679629,2.26006,1.18804,0.996684,-0.0334452,0.0740444,0,-0.0334743,-0.99943,-0.000847126,0,0.074032,-0.0016343,-0.997255,0,0.712217,0.292628,0.0810544,1,0.46431,0.978434,-0.1006,-1.21748,0.0679523,2.26008,1.18801,0.000651634,0.00041589,0.00125316,0.000218022,-0.000126054,9.41141e-05,-0.000465609,0,0,0,0,0,0,0,0.370795,-53.703,-1.44231,22.8214,0.492638,2.68999,-0.0700806,0,0,0,0,0,0,0,0,0,0,0,0,0,0,0,0,0,0,0,0,0,0,0,0,0,0,0.379956,-1.03527,-0.054367,1.4077,-0.140342,0.335169,-0.0922003,4.59349,2.33456,0.710132,-0.520092,0.498098,0.343293,0.0798172,0
714.207,0.464151,0.978422,-0.100679,-1.21767,0.0679629,2.26006,1.18804,0.996684,-0.033444,0.0740447,0,-0.0334727,-0.99943,-0.000853781,0,0.0740324,-0.00162756,-0.997255,0,0.712216,0.29263,0.0810536,1,0.46431,0.978434,-0.1006,-1.21748,0.0679523,2.26008,1.18801,-0.000436411,0.000730987,0.00201084,0.000561158,-0.000155557,0.000532793,-0.000412021,0,0,0,0,0,0,0,0.4065,-53.703,-1.51768,22.8214,0.492638,2.67992,-0.0700806,0,0,0,0,0,0,0,0,0,0,0,0,0,0,0,0,0,0,0,0,0,0,0,0,0,0,0.39811,-1.03358,-0.0350848,1.40641,-0.141482,0.334274,-0.0929433,4.5792,2.35377,0.708568,-0.52143,0.497931,0.363263,0.0798172,0
714.241,0.464151,0.978419,-0.100687,-1.21767,0.067964,2.26006,1.18804,0.996684,-0.0334529,0.0740466,0,-0.033482,-0.999429,-0.000849478,0,0.0740342,-0.0016326,-0.997254,0,0.712218,0.292626,0.0810559,1,0.46431,0.978434,-0.1006,-1.21748,0.0679523,2.26008,1.18801,0.000150033,-0.00051613,-0.000123691,0.000364847,0.000236216,0.000830997,0.000844873,0,0,0,0,0,0,0,0.4065,-53.6673,-1.44231,22.8214,0.483483,2.67992,-0.110364,0,0,0,0,0,0,0,0,0,0,0,0,0,0,0,0,0,0,0,0,0,0,0,0,0,0,0.40793,-1.02215,-0.0453886,1.40095,-0.141365,0.333253,-0.0906405,4.57696,2.36965,0.694175,-0.539994,0.502928,0.36908,0.0798172,0
714.275,0.464153,0.978419,-0.100685,-1.21767,0.0679629,2.26005,1.18804,0.996684,-0.033451,0.0740397,0,-0.0334802,-0.999429,-0.000847594,0,0.0740273,-0.00163411,-0.997255,0,0.712215,0.292628,0.0810539,1,0.46431,0.978434,-0.1006,-1.21748,0.0679523,2.26008,1.18801,0.000299283,-0.000257614,0.000595498,-0.00088381,-0.00047118,-0.000896271,0.000475572,0,0,0,0,0,0,0,0.370795,-53.6673,-1.44231,22.8571,0.492638,2.70921,-0.12959,0,0,0,0,0,0,0,0,0,0,0,0,0,0,0,0,0,0,0,0,0,0,0,0,0,0,0.397155,-1.04336,-0.0481688,1.40876,-0.140861,0.333655,-0.0933428,4.5608,2.34362,0.726722,-0.520425,0.479396,0.359234,0.0798172,0
714.309,0.464151,0.978427,-0.100682,-1.21767,0.0679629,2.26006,1.18804,0.996685,-0.0334498,0.0740367,0,-0.0334789,-0.999429,-0.000847782,0,0.0740242,-0.00163373,-0.997255,0,0.712214,0.292628,0.0810481,1,0.46431,0.978434,-0.1006,-1.21748,0.0679523,2.26008,1.18801,-0.000631645,0.00229703,0.000188735,-0.00192324,-0.000135813,-0.000362366,0.00143313,0,0,0,0,0,0,0,0.4065,-53.7784,-1.48198,22.8968,0.492638,2.69914,-0.110364,0,0,0,0,0,0,0,0,0,0,0,0,0,0,0,0,0,0,0,0,0,0,0,0,0,0,0.395886,-1.02618,-0.0541025,1.3893,-0.14267,0.330455,-0.0942158,4.50009,2.31516,0.71126,-0.521872,0.472801,0.356902,0.0799052,0
714.343,0.464141,0.978419,-0.100687,-1.21767,0.0679639,2.26005,1.18803,0.996684,-0.0334556,0.0740431,0,-0.0334848,-0.999429,-0.000847016,0,0.0740306,-0.00163514,-0.997255,0,0.71222,0.292618,0.0810553,1,0.46431,0.978434,-0.1006,-1.21748,0.0679523,2.26008,1.18801,-0.00112969,-0.000923011,0.00122422,0.000230887,0.00023406,-0.000501215,-0.00220231,0,0,0,0,0,0,0,0.55329,-53.6673,-1.4066,22.8571,0.483483,2.70921,-0.0398682,0,0,0,0,0,0,0,0,0,0,0,0,0,0,0,0,0,0,0,0,0,0,0,0,0,0,0.429407,-1.05378,-0.0313652,1.41172,-0.141618,0.335356,-0.0937261,4.50943,2.36738,0.742637,-0.522867,0.453273,0.390575,0.0799052,0
714.377,0.464153,0.978416,-0.100685,-1.21766,0.067962,2.26005,1.18804,0.996684,-0.0334453,0.0740513,0,-0.0334742,-0.99943,-0.000851085,0,0.074039,-0.00163058,-0.997254,0,0.712219,0.292629,0.0810599,1,0.46431,0.978434,-0.1006,-1.21748,0.0679523,2.26008,1.18801,0.00171849,-0.00158501,0.00114262,0.00242807,-0.000384394,-0.000406068,-0.000157422,0,0,0,0,0,0,0,0.370795,-53.6277,-1.44231,22.7461,0.500878,2.69914,-0.0801514,0,0,0,0,0,0,0,0,0,0,0,0,0,0,0,0,0,0,0,0,0,0,0,0,0,0,0.418519,-1.04273,-0.0207515,1.41175,-0.141956,0.334095,-0.0929554,4.56563,2.3773,0.722528,-0.52274,0.48648,0.384001,0.0799052,0
714.411,0.464167,0.978422,-0.100677,-1.21767,0.0679639,2.26006,1.18804,0.996686,-0.0334256,0.074037,0,-0.0334543,-0.99943,-0.000853409,0,0.0740248,-0.00162631,-0.997255,0,0.712209,0.292642,0.0810519,1,0.46431,0.978434,-0.1006,-1.21748,0.0679523,2.26008,1.18801,0.000409472,-0.000898249,0.000496175,-6.03727e-05,-0.00501771,3.2167e-05,-0.00195865,0,0,0,0,0,0,0,0.192267,-53.703,-1.55339,22.8571,0.483483,2.68999,-0.049939,0,0,0,0,0,0,0,0,0,0,0,0,0,0,0,0,0,0,0,0,0,0,0,0,0,0,0.369597,-1.06817,-0.0571004,1.41375,-0.140572,0.332732,-0.0921398,4.52836,2.29319,0.768218,-0.491699,0.447064,0.334476,0.0799052,0
714.445,0.464162,0.978425,-0.100682,-1.21767,0.0679639,2.26005,1.18804,0.996685,-0.0334383,0.0740338,0,-0.0334674,-0.99943,-0.00084766,0,0.0740213,-0.0016329,-0.997255,0,0.712211,0.292636,0.0810498,1,0.46431,0.978434,-0.1006,-1.21748,0.0679523,2.26008,1.18801,0.000838198,-0.00141955,-0.000355397,-0.000374194,0.000197557,-0.000429764,0.000417224,0,0,0,0,0,0,0,0.263678,-53.7427,-1.48198,22.8571,0.483483,2.70921,-0.100293,0,0,0,0,0,0,0,0,0,0,0,0,0,0,0,0,0,0,0,0,0,0,0,0,0,0,0.331637,-1.08641,-0.0843234,1.40275,-0.140963,0.332414,-0.0925391,4.41486,2.19094,0.807029,-0.456065,0.389664,0.296539,0.0799052,0
714.479,0.464153,0.978425,-0.100692,-1.21767,0.067965,2.26005,1.18804,0.996684,-0.0334517,0.0740391,0,-0.0334813,-0.999429,-0.000841267,0,0.0740264,-0.00164048,-0.997255,0,0.712216,0.292623,0.0810504,1,0.46431,0.978434,-0.1006,-1.21748,0.0679523,2.26008,1.18801,0.000673175,-0.00084213,-0.00164759,-4.72371e-05,0.000636733,-0.000108747,-0.000110481,0,0,0,0,0,0,0,0.370795,-53.7427,-1.33122,22.8571,0.474327,2.69914,-0.0902222,0,0,0,0,0,0,0,0,0,0,0,0,0,0,0,0,0,0,0,0,0,0,0,0,0,0,0.309532,-1.12645,-0.0722567,1.40983,-0.14182,0.332623,-0.0939721,4.33353,2.12438,0.871733,-0.405482,0.332715,0.281556,0.0799052,0
714.512,0.464156,0.978433,-0.100687,-1.21767,0.0679639,2.26006,1.18805,0.996685,-0.0334522,0.0740303,0,-0.0334818,-0.999429,-0.000840935,0,0.0740176,-0.00164055,-0.997256,0,0.712212,0.292627,0.0810435,1,0.46431,0.978434,-0.1006,-1.21748,0.0679523,2.26008,1.18801,0.000267302,0.00178649,-0.000908646,0.000297723,0.000457424,0.000254211,0.0022166,0,0,0,0,0,0,0,0.335089,-53.8578,-1.4066,22.8571,0.483483,2.68999,-0.149731,0,0,0,0,0,0,0,0,0,0,0,0,0,0,0,0,0,0,0,0,0,0,0,0,0,0,0.34273,-1.13356,-0.0417109,1.40826,-0.14144,0.332765,-0.0934265,4.2677,2.14514,0.884718,-0.400611,0.308911,0.316688,0.0799052,0
714.548,0.464156,0.97843,-0.100685,-1.21767,0.067962,2.26005,1.18803,0.996686,-0.0334365,0.0740311,0,-0.0334661,-0.99943,-0.000841154,0,0.0740184,-0.00163919,-0.997256,0,0.712212,0.292629,0.0810459,1,0.46431,0.978434,-0.1006,-1.21748,0.0679523,2.26008,1.18801,0.000578435,0.000550409,0.000335121,0.000480947,-0.000446669,-0.000632081,-0.00277128,0,0,0,0,0,0,0,0.335089,-53.8181,-1.44231,22.8571,0.500878,2.70921,-0.0297974,0,0,0,0,0,0,0,0,0,0,0,0,0,0,0,0,0,0,0,0,0,0,0,0,0,0,0.366789,-1.15357,-0.0505018,1.43229,-0.141191,0.334295,-0.0955766,4.33491,2.20367,0.908205,-0.42148,0.307651,0.33467,0.0799052,0
714.582,0.464151,0.978422,-0.100687,-1.21767,0.0679639,2.26006,1.18804,0.996684,-0.0334552,0.0740438,0,-0.0334844,-0.999429,-0.00084782,0,0.0740313,-0.00163433,-0.997255,0,0.712217,0.292626,0.0810536,1,0.46431,0.978434,-0.1006,-1.21748,0.0679523,2.26008,1.18801,-0.000778583,-0.00028633,0.000314764,0.0006735,0.000195243,0.000409372,0.00103624,0,0,0,0,0,0,0,0.4065,-53.703,-1.4066,22.8214,0.483483,2.67992,-0.12959,0,0,0,0,0,0,0,0,0,0,0,0,0,0,0,0,0,0,0,0,0,0,0,0,0,0,0.352121,-1.11646,-0.0401711,1.42316,-0.14024,0.332663,-0.0935632,4.42953,2.22574,0.846539,-0.435165,0.377921,0.324301,0.0799052,0
714.616,0.464153,0.978425,-0.10069,-1.21767,0.067961,2.26006,1.18804,0.996685,-0.0334437,0.0740384,0,-0.0334735,-0.99943,-0.000839028,0,0.0740257,-0.00164211,-0.997255,0,0.712215,0.292624,0.0810491,1,0.46431,0.978434,-0.1006,-1.21748,0.0679523,2.26008,1.18801,0.000416581,-0.000967799,-0.00162864,-0.00128395,-0.000712729,-0.000334188,-0.00201821,0,0,0,0,0,0,0,0.370795,-53.7427,-1.36693,22.8968,0.510033,2.70921,-0.049939,0,0,0,0,0,0,0,0,0,0,0,0,0,0,0,0,0,0,0,0,0,0,0,0,0,0,0.370304,-1.11789,-0.0298843,1.42198,-0.140428,0.334278,-0.0926962,4.39477,2.23835,0.848139,-0.437859,0.365483,0.342205,0.0799052,0
714.65,0.464156,0.978425,-0.100682,-1.21767,0.0679639,2.26006,1.18805,0.996684,-0.0334486,0.0740411,0,-0.0334775,-0.999429,-0.000851221,0,0.0740288,-0.00163034,-0.997255,0,0.712214,0.292632,0.0810515,1,0.46431,0.978434,-0.1006,-1.21748,0.0679523,2.26008,1.18801,0.000341174,0.000293418,0.000264075,1.82835e-05,0.00329218,-4.10216e-06,0.00243234,0,0,0,0,0,0,0,0.335089,-53.7427,-1.48198,22.8214,0.483483,2.68999,-0.139661,0,0,0,0,0,0,0,0,0,0,0,0,0,0,0,0,0,0,0,0,0,0,0,0,0,0,0.361308,-1.09528,-0.0339843,1.4133,-0.141111,0.330256,-0.0920512,4.43967,2.24552,0.817173,-0.450271,0.400734,0.333563,0.0799052,0
714.684,0.464187,0.978422,-0.100669,-1.21767,0.067966,2.26006,1.18803,0.996686,-0.0334016,0.0740406,0,-0.0334294,-0.999431,-0.00086415,0,0.0740288,-0.00161388,-0.997255,0,0.712203,0.292663,0.0810543,1,0.46431,0.978434,-0.1006,-1.21748,0.0679523,2.26008,1.18801,0.00175321,-0.00041063,-0.00128535,-0.000152789,0.000469469,0.000748197,-0.00228574,0,0,0,0,0,0,0,-0.0616393,-53.703,-1.66844,22.8214,0.465172,2.65978,-0.0398682,0,0,0,0,0,0,0,0,0,0,0,0,0,0,0,0,0,0,0,0,0,0,0,0,0,0,0.229839,-1.08928,-0.145124,1.3927,-0.147661,0.32107,-0.093812,4.4559,2.06322,0.830305,-0.424528,0.394938,0.19838,0.0799052,0
714.718,0.464188,0.978419,-0.100666,-1.21766,0.067961,2.26006,1.18804,0.996686,-0.0333999,0.0740472,0,-0.0334276,-0.999431,-0.000865449,0,0.0740354,-0.00161267,-0.997254,0,0.712204,0.292666,0.0810574,1,0.46431,0.978434,-0.1006,-1.21748,0.0679523,2.26008,1.18801,-0.00172781,-0.00143261,0.000266039,0.00181994,-0.000386676,0.000129225,-0.000682132,0,0,0,0,0,0,0,0.00977179,-53.6673,-1.70415,22.7461,0.510033,2.66985,-0.0801514,0,0,0,0,0,0,0,0,0,0,0,0,0,0,0,0,0,0,0,0,0,0,0,0,0,0,0.128591,-1.07789,-0.219381,1.37618,-0.146207,0.317348,-0.0960237,4.48014,1.92539,0.822828,-0.398385,0.405655,0.0951322,0.0799052,0
714.752,0.464183,0.978408,-0.100677,-1.21764,0.067961,2.26007,1.18804,0.996683,-0.0334106,0.074083,0,-0.0334378,-0.999431,-0.000873259,0,0.0740715,-0.00160684,-0.997252,0,0.712218,0.292661,0.0810755,1,0.46431,0.978434,-0.1006,-1.21748,0.0679523,2.26008,1.18801,-0.000407018,-0.000127028,3.7686e-05,0.000390156,-0.000399017,-0.000210541,-0.000259797,0,0,0,0,0,0,0,0.0811829,-53.5126,-1.55339,22.5239,0.510033,2.63048,-0.0902222,0,0,0,0,0,0,0,0,0,0,0,0,0,0,0,0,0,0,0,0,0,0,0,0,0,0,0.0297587,-0.989969,-0.239805,1.26441,-0.136934,0.298849,-0.0959455,4.17291,1.65584,0.743439,-0.327881,0.392691,0.00412486,0.0799052,0
714.786,0.464188,0.97844,-0.100674,-1.21766,0.067962,2.26006,1.18805,0.996686,-0.0334101,0.0740377,0,-0.0334387,-0.999431,-0.000853759,0,0.0740255,-0.00162483,-0.997255,0,0.712203,0.29266,0.0810433,1,0.46431,0.978434,-0.1006,-1.21748,0.0679523,2.26008,1.18801,0.000135014,0.000186113,-0.000701844,-0.00133679,7.19676e-05,-0.000196887,0.00238065,0,0,0,0,0,0,0,0.00977179,-53.9688,-1.59306,22.7461,0.500878,2.6497,-0.139661,0,0,0,0,0,0,0,0,0,0,0,0,0,0,0,0,0,0,0,0,0,0,0,0,0,0,0.0289854,-1.1474,-0.225448,1.26167,-0.132183,0.294041,-0.089691,3.57293,1.4135,1.03087,-0.17257,0.0546362,0.00867414,0.0799052,0
714.82,0.464186,0.978452,-0.100674,-1.21766,0.0679629,2.26006,1.18804,0.996687,-0.0334086,0.0740205,0,-0.0334378,-0.999431,-0.000845556,0,0.074008,-0.00163236,-0.997256,0,0.712199,0.292656,0.0810326,1,0.46431,0.978434,-0.1006,-1.21748,0.0679523,2.26008,1.18801,0.000406751,0.000933896,0.00123318,0.000677106,0.000397608,-6.32367e-05,0.000289563,0,0,0,0,0,0,0,0.0454774,-54.1236,-1.59306,22.7857,0.492638,2.6497,-0.100293,0,0,0,0,0,0,0,0,0,0,0,0,0,0,0,0,0,0,0,0,0,0,0,0,0,0,0.0498812,-1.17564,-0.190057,1.2572,-0.131922,0.286323,-0.0913996,3.44428,1.38791,1.09159,-0.137259,-0.00587734,0.0347223,0.0799052,0
714.854,0.464188,0.978422,-0.100674,-1.21766,0.0679629,2.26006,1.18804,0.996685,-0.0334036,0.0740517,0,-0.0334316,-0.999431,-0.000861903,0,0.0740398,-0.00161665,-0.997254,0,0.712207,0.292662,0.0810574,1,0.46431,0.978434,-0.1006,-1.21748,0.0679523,2.26008,1.18801,-7.12444e-05,-2.2893e-06,0.00396724,-0.00133283,-0.000208798,-7.53585e-05,-0.00127845,0,0,0,0,0,0,0,0.00977179,-53.703,-1.59306,22.7461,0.492638,2.66985,-0.0700806,0,0,0,0,0,0,0,0,0,0,0,0,0,0,0,0,0,0,0,0,0,0,0,0,0,0,-0.0242626,-1.26609,-0.208788,1.28797,-0.131553,0.293897,-0.0918864,3.35877,1.24692,1.22329,-0.0448678,-0.111911,-0.0306487,0.0799052,0
714.888,0.464176,0.978433,-0.100687,-1.21766,0.0679579,2.26006,1.18804,0.996685,-0.033426,0.0740457,0,-0.0334555,-0.99943,-0.000842516,0,0.0740331,-0.00163754,-0.997254,0,0.712211,0.292643,0.0810493,1,0.46431,0.978434,-0.1006,-1.21748,0.0679523,2.26008,1.18801,-0.00102141,0.000735006,-0.00105564,0.000881725,-0.000559556,9.98667e-05,0.00196514,0,0,0,0,0,0,0,0.192267,-53.8578,-1.4066,22.7461,0.537499,2.68999,-0.12959,0,0,0,0,0,0,0,0,0,0,0,0,0,0,0,0,0,0,0,0,0,0,0,0,0,0,0.115177,-1.19185,-0.108984,1.30435,-0.128084,0.310394,-0.093979,3.58633,1.53624,1.06169,-0.148571,0.0431659,0.107762,0.0799052,0
714.922,0.464107,0.978395,-0.100727,-1.21766,0.067956,2.26005,1.18804,0.996679,-0.0335133,0.07409,0,-0.0335442,-0.999427,-0.000827662,0,0.0740767,-0.00166041,-0.997251,0,0.712249,0.292574,0.0810793,1,0.46431,0.978434,-0.1006,-1.21748,0.0679523,2.26008,1.18801,-0.00207534,-0.00408316,-0.00252996,-0.000662658,0.000160927,-0.000172809,0.00132749,0,0,0,0,0,0,0,0.985724,-53.3222,-0.882919,22.7461,0.554894,2.69914,-0.120435,0,0,0,0,0,0,0,0,0,0,0,0,0,0,0,0,0,0,0,0,0,0,0,0,0,0,0.452199,-1.01842,0.135703,1.26259,-0.101869,0.313302,-0.0914209,3.65859,2.04528,0.771027,-0.323227,0.25814,0.439508,0.0799052,0
714.956,0.464006,0.978363,-0.100755,-1.21765,0.0679569,2.26006,1.18804,0.996671,-0.0336235,0.0741403,0,-0.0336547,-0.999424,-0.000827908,0,0.0741269,-0.00167005,-0.997247,0,0.712296,0.292492,0.0811108,1,0.46431,0.978434,-0.1006,-1.21748,0.0679523,2.26008,1.18801,-0.00315087,-0.000153036,0.000681404,-1.85967e-05,-0.000182898,0.000248986,-0.00052908,0,0,0,0,0,0,0,1.31104,-52.9056,-0.660751,22.5993,0.546654,2.68999,-0.0700806,0,0,0,0,0,0,0,0,0,0,0,0,0,0,0,0,0,0,0,0,0,0,0,0,0,0,0.924974,-0.719875,0.450438,1.21236,-0.0893671,0.317268,-0.0921035,4.02648,2.86723,0.264686,-0.655205,0.684516,0.902901,0.0799052,0
714.99,0.463978,0.978354,-0.100756,-1.21763,0.0679506,2.26006,1.18804,0.996668,-0.0336496,0.0741716,0,-0.0336803,-0.999423,-0.000836737,0,0.0741584,-0.00166421,-0.997245,0,0.712313,0.292475,0.0811255,1,0.46431,0.978434,-0.1006,-1.21748,0.0679523,2.26008,1.18801,0.000165712,-0.00308111,-0.00061586,0.0010407,-0.000583804,0.000480546,-0.000757487,0,0,0,0,0,0,0,1.27534,-52.7906,-0.696456,22.4088,0.60067,2.65978,-0.0902222,0,0,0,0,0,0,0,0,0,0,0,0,0,0,0,0,0,0,0,0,0,0,0,0,0,0,1.00137,-0.471293,0.526165,1.15527,-0.0791009,0.320974,-0.0949448,4.49314,3.16447,-0.155861,-0.828281,1.08079,0.978578,0.0799052,0
715.024,0.463964,0.978173,-0.100748,-1.21761,0.0679297,2.26005,1.18804,0.996655,-0.0336524,0.0743422,0,-0.0336774,-0.999423,-0.000917849,0,0.0743316,-0.0015889,-0.997232,0,0.712361,0.292491,0.0812718,1,0.463996,0.9783,-0.100745,-1.2176,0.0679392,2.26007,1.18804,-0.00635468,-0.00367122,-0.00184784,-0.00228195,-0.000575677,0.000561619,-0.000835429,0,0,0,0,0,0,0,0.116888,-51.5329,-1.22014,21.5519,0.654686,2.54076,0.0297119,0,0,0,0,0,0,0,0,0,0,0,0,0,0,0,0,0,0,0,0,0,0,0,0,0,0,1.30708,0.271556,0.70507,0.751728,-0.0418597,0.270901,-0.084787,4.36561,3.55188,-1.19708,-1.22452,1.73253,1.25891,0.0799052,0
715.058,0.463706,0.977601,-0.100805,-1.21763,0.0679107,2.2598,1.18821,0.996618,-0.0341195,0.0746225,0,-0.034137,-0.999407,-0.0010416,0,0.0746153,-0.00150934,-0.997211,0,0.712528,0.292314,0.0816821,1,0.463996,0.9783,-0.100745,-1.2176,0.0679392,2.26007,1.18804,-0.0104906,-0.0210487,-0.00388901,-0.00342566,-0.00353831,-0.00382825,0.0119199,0,0,0,0,0,0,0,0.263678,-51.7591,-1.06938,21.6273,0.708702,2.48125,-0.0700806,0,0,0,0,0,0,0,0,0,0,0,0,0,0,0,0,0,0,0,0,0,0,0,0,0,0,1.18097,1.46424,0.74474,0.0354641,0.00564281,0.151323,-0.0579144,4.33455,3.39099,-2.80546,-1.59737,2.84282,1.13781,0.0799052,0
715.092,0.463285,0.976365,-0.101041,-1.21762,0.0679091,2.25974,1.18891,0.996489,-0.0353934,0.0757503,0,-0.0353822,-0.999363,-0.00149112,0,0.0757563,-0.00119435,-0.997126,0,0.71298,0.292011,0.0826382,1,0.463996,0.9783,-0.100745,-1.2176,0.0679392,2.26007,1.18804,-0.012785,-0.0460493,-0.0112969,0.000799103,0.00021718,-0.00028248,0.023837,0,0,0,0,0,0,0,0.227972,-51.6083,-1.06938,21.5122,0.717858,2.46202,-0.0801514,0,0,0,0,0,0,0,0,0,0,0,0,0,0,0,0,0,0,0,0,0,0,0,0,0,0,0.939065,2.51405,0.708482,-0.567727,0.0296219,0.0272994,-0.0524023,4.68155,3.19447,-4.21017,-1.91889,3.93953,0.906877,0.0799052,0
715.126,0.462765,0.974135,-0.101429,-1.2176,0.0678849,2.25977,1.18938,0.996278,-0.0366361,0.077906,0,-0.036567,-0.999319,-0.00231364,0,0.0779392,-0.000543774,-0.996958,0,0.713741,0.291664,0.0843828,1,0.463996,0.9783,-0.100745,-1.2176,0.0679392,2.26007,1.18804,-0.0143951,-0.0771136,-0.010799,0.000894309,-0.000181152,9.4942e-05,0.0177974,0,0,0,0,0,0,0,0.192267,-51.5329,-1.18046,21.3654,0.753563,2.3723,-0.049939,0,0,0,0,0,0,0,0,0,0,0,0,0,0,0,0,0,0,0,0,0,0,0,0,0,0,0.850684,3.65033,0.727273,-1.16628,0.0504902,-0.0905562,-0.0378601,5.24246,3.31579,-5.76508,-2.39185,5.18009,0.818096,0.0799052,0
715.16,0.462237,0.97058,-0.101515,-1.21757,0.0678822,2.25979,1.18938,0.995997,-0.037327,0.0811055,0,-0.0371267,-0.999293,-0.00397662,0,0.0811981,0.000949543,-0.996698,0,0.714719,0.291638,0.0871417,1,0.463996,0.9783,-0.100745,-1.2176,0.0679392,2.26007,1.18804,-0.0175915,-0.118275,0.00162801,0.00111542,-0.000321268,0.000255524,-0.00394078,0,0,0,0,0,0,0,0.156561,-51.3028,-1.4066,21.2901,0.744408,2.343,0.0599243,0,0,0,0,0,0,0,0,0,0,0,0,0,0,0,0,0,0,0,0,0,0,0,0,0,0,-0.112771,4.45411,0.107824,-1.67799,0.0610648,-0.188621,-0.0246628,5.83372,2.20543,-6.79566,-2.45562,6.05844,-0.148146,0.0799052,0
715.194,0.462078,0.965616,-0.101511,-1.21758,0.0678832,2.25978,1.18938,0.995622,-0.0376736,0.0854247,0,-0.0372672,-0.999276,-0.00634807,0,0.0856036,0.00313681,-0.996324,0,0.715843,0.292064,0.0909595,1,0.463996,0.9783,-0.100745,-1.2176,0.0679392,2.26007,1.18804,-0.000629859,-0.158072,0.000293337,-0.000570716,-2.68454e-05,-8.86829e-05,0.000314669,0,0,0,0,0,0,0,0.116888,-51.3425,-1.36693,21.4369,0.735253,2.42174,-0.0206421,0,0,0,0,0,0,0,0,0,0,0,0,0,0,0,0,0,0,0,0,0,0,0,0,0,0,-0.706485,5.01272,-0.263098,-1.98947,0.0613072,-0.222396,-0.017627,6.40262,1.60682,-7.56028,-2.5429,6.72937,-0.740244,0.0799052,0
715.228,0.462194,0.959118,-0.101488,-1.21759,0.067893,2.25976,1.18939,0.995117,-0.0378193,0.0910633,0,-0.03711,-0.999257,-0.0094711,0,0.0913555,0.00604561,-0.9958,0,0.717188,0.292851,0.0959646,1,0.463996,0.9783,-0.100745,-1.2176,0.0679392,2.26007,1.18804,0.00671414,-0.199298,-0.00144537,0.000352795,0.000373095,-1.66809e-05,0.00208657,0,0,0,0,0,0,0,-0.208429,-51.3425,-1.48198,21.5519,0.690392,2.48125,-0.0700806,0,0,0,0,0,0,0,0,0,0,0,0,0,0,0,0,0,0,0,0,0,0,0,0,0,0,-0.736499,4.9579,-0.288609,-1.92717,0.0545736,-0.184709,-0.0163292,6.5805,1.64216,-7.49831,-2.53853,6.73569,-0.768452,0.0799058,0
715.262,0.462507,0.951307,-0.101474,-1.21759,0.067892,2.25975,1.1894,0.99447,-0.0378311,0.0978674,0,-0.0367116,-0.999229,-0.0132151,0,0.0982938,0.00954935,-0.995112,0,0.718726,0.293899,0.102004,1,0.463996,0.9783,-0.100745,-1.2176,0.0679392,2.26007,1.18804,0.00817067,-0.243794,0.000759252,0.00333116,9.1774e-05,0.000264593,-0.000597042,0,0,0,0,0,0,0,-0.172723,-51.1878,-1.55339,21.4765,0.699547,2.50139,-0.0105713,0,0,0,0,0,0,0,0,0,0,0,0,0,0,0,0,0,0,0,0,0,0,0,0,0,0,-0.512205,4.93389,-0.165302,-1.85991,0.032666,-0.157252,-0.0273436,6.74126,2.01713,-7.46017,-2.64992,6.76902,-0.546362,0.0799058,0
715.296,0.462768,0.942409,-0.101485,-1.2176,0.0678812,2.25973,1.18941,0.993672,-0.0379856,0.105613,0,-0.0363417,-0.999177,-0.0174469,0,0.106191,0.0134986,-0.994254,0,0.720458,0.294979,0.108896,1,0.463996,0.9783,-0.100745,-1.2176,0.0679392,2.26007,1.18804,0.0108745,-0.284809,-0.00115762,0.000259735,-0.00027207,-0.000776554,0.00142002,0,0,0,0,0,0,0,-0.244134,-51.1878,-1.4066,21.663,0.753563,2.53069,-0.0600098,0,0,0,0,0,0,0,0,0,0,0,0,0,0,0,0,0,0,0,0,0,0,0,0,0,0,-0.146537,4.73016,0.0345053,-1.71206,0.0434845,-0.125808,-0.0307845,6.65449,2.49435,-7.14291,-2.70199,6.56471,-0.192854,0.0799058,0
715.33,0.462834,0.93187,-0.101494,-1.21766,0.0678842,2.2595,1.18941,0.992665,-0.0384465,0.114538,0,-0.0361141,-0.999088,-0.0223699,0,0.115296,0.0180698,-0.993167,0,0.722455,0.296029,0.117036,1,0.463996,0.9783,-0.100745,-1.2176,0.0679392,2.26007,1.18804,-0.00186511,-0.329327,0.00119009,-0.00170574,0.00014471,-0.0123235,-0.000368294,0,0,0,0,0,0,0,0.00977179,-51.0767,-1.33122,22.0002,0.727013,2.63963,-0.0398682,0,0,0,0,0,0,0,0,0,0,0,0,0,0,0,0,0,0,0,0,0,0,0,0,0,0,0.227592,5.66797,0.345372,-2.07006,0.0437415,-0.144819,-0.0343111,7.57146,3.39915,-8.47702,-3.32367,7.75859,0.182471,0.0799058,0
715.364,0.462458,0.920103,-0.101521,-1.21782,0.06789,2.25867,1.18958,0.991495,-0.0396251,0.123886,0,-0.0364722,-0.998943,-0.0276155,0,0.124852,0.0228626,-0.991912,0,0.7246,0.296766,0.126045,1,0.463996,0.9783,-0.100745,-1.2176,0.0679392,2.26007,1.18804,-0.0172251,-0.359876,-0.000466425,-0.00327518,-0.000602466,-0.0233524,0.00914839,0,0,0,0,0,0,0,0.335089,-50.8466,-1.18046,22.0002,0.717858,2.63048,-0.049939,0,0,0,0,0,0,0,0,0,0,0,0,0,0,0,0,0,0,0,0,0,0,0,0,0,0,0.961651,4.51542,0.711438,-1.35582,0.0387886,-0.0256716,-0.0523902,7.24423,4.27202,-6.83137,-3.1433,6.59482,0.898838,0.0799058,0
715.398,0.461882,0.906856,-0.101527,-1.21809,0.0679102,2.25763,1.19008,0.99008,-0.041457,0.13418,0,-0.0372784,-0.998733,-0.0335069,0,0.135402,0.028173,-0.99039,0,0.726896,0.297418,0.136154,1,0.463996,0.9783,-0.100745,-1.2176,0.0679392,2.26007,1.18804,-0.0153935,-0.405345,-0.000620673,-0.0152064,0.00207534,-0.020782,0.0180161,0,0,0,0,0,0,0,0.263678,-51.037,-1.14476,22.3731,0.663842,2.65978,0.00957027,0,0,0,0,0,0,0,0,0,0,0,0,0,0,0,0,0,0,0,0,0,0,0,0,0,0,0.673219,5.30548,0.555749,-1.63306,0.00455001,-0.0552409,-0.0677003,8.78698,4.48346,-7.85618,-3.56156,7.81857,0.616926,0.0799058,0
715.432,0.461105,0.892318,-0.101525,-1.21888,0.0679375,2.25607,1.19086,0.988502,-0.043898,0.144631,0,-0.0385373,-0.99846,-0.0396613,0,0.146153,0.0336322,-0.98869,0,0.729112,0.297858,0.146994,1,0.463996,0.9783,-0.100745,-1.2176,0.0679392,2.26007,1.18804,-0.0231191,-0.440664,9.92355e-05,-0.0250835,0.000502471,-0.0526432,0.0262806,0,0,0,0,0,0,0,0.227972,-50.4657,-1.18046,22.262,0.591515,2.72936,-0.110364,0,0,0,0,0,0,0,0,0,0,0,0,0,0,0,0,0,0,0,0,0,0,0,0,0,0,0.895227,3.97563,0.613268,-0.819776,-0.0306575,0.0811566,-0.0673186,8.79645,4.80387,-5.92629,-3.18039,6.57929,0.842522,0.0799052,0
715.466,0.460226,0.876432,-0.101529,-1.22015,0.0679577,2.25404,1.19141,0.98676,-0.0463443,0.155361,0,-0.0396307,-0.998144,-0.0460364,0,0.157209,0.0392706,-0.986784,0,0.731218,0.298143,0.158622,1,0.463996,0.9783,-0.100745,-1.2176,0.0679392,2.26007,1.18804,-0.023989,-0.481837,-0.000489099,-0.040571,0.000826152,-0.0693496,0.00818235,0,0,0,0,0,0,0,0.299384,-50.7315,-1.14476,22.3731,0.609825,2.73943,-0.0105713,0,0,0,0,0,0,0,0,0,0,0,0,0,0,0,0,0,0,0,0,0,0,0,0,0,0,0.725923,4.56457,0.509638,-1.00399,-0.0751783,0.0866558,-0.0570949,9.99864,5.08051,-6.62685,-3.55354,7.49822,0.680643,0.0799052,0
715.5,0.459167,0.859664,-0.101527,-1.2219,0.0679859,2.25053,1.19147,0.985076,-0.048548,0.165074,0,-0.0404626,-0.997818,-0.0519965,0,0.167241,0.044542,-0.984909,0,0.732956,0.298108,0.170546,1,0.463996,0.9783,-0.100745,-1.2176,0.0679392,2.26007,1.18804,-0.0286248,-0.518091,-0.000582749,-0.0609208,0.000168052,-0.132087,-0.000836398,0,0,0,0,0,0,0,0.192267,-50.1245,-1.14476,22.5993,0.573204,2.80809,-0.049939,0,0,0,0,0,0,0,0,0,0,0,0,0,0,0,0,0,0,0,0,0,0,0,0,0,0,0.817957,3.96655,0.52357,-0.669798,-0.0967025,0.165839,-0.0564015,9.7437,5.10118,-5.68428,-3.35619,6.84693,0.773701,0.0799052,0
715.534,0.458051,0.841388,-0.101513,-1.22424,0.0682136,2.24422,1.19155,0.983605,-0.0509732,0.172926,0,-0.0415803,-0.997469,-0.057514,0,0.175423,0.0493817,-0.983254,0,0.734086,0.297794,0.183027,1,0.463996,0.9783,-0.100745,-1.2176,0.0679392,2.26007,1.18804,-0.0285908,-0.52967,0.000923354,-0.0735746,0.0123994,-0.231467,0.00678677,0,0,0,0,0,0,0,0.227972,-50.1603,-1.29552,22.5239,0.573204,2.78886,-0.120435,0,0,0,0,0,0,0,0,0,0,0,0,0,0,0,0,0,0,0,0,0,0,0,0,0,0,0.621995,3.01811,0.355528,-0.208178,-0.116289,0.267632,-0.0704227,9.14665,4.5517,-4.27931,-2.82345,5.76317,0.584417,0.0799052,0
715.568,0.4571,0.821973,-0.101502,-1.22712,0.0684677,2.23468,1.19181,0.98251,-0.0533936,0.178337,0,-0.0429045,-0.997134,-0.0621657,0,0.181149,0.053428,-0.982003,0,0.734415,0.297286,0.195728,1,0.463996,0.9783,-0.100745,-1.2176,0.0679392,2.26007,1.18804,-0.0227336,-0.579297,0.00133092,-0.0957117,0.00447094,-0.30394,0.0174193,0,0,0,0,0,0,0,0.299384,-50.0849,-1.36693,22.5993,0.573204,2.94725,-0.0206421,0,0,0,0,0,0,0,0,0,0,0,0,0,0,0,0,0,0,0,0,0,0,0,0,0,0,0.132903,3.80058,0.0157182,-0.526508,-0.142683,0.30282,-0.0830963,10.3621,4.33645,-5.2455,-3.0917,6.87186,0.0876156,0.0799052,0
715.602,0.456516,0.801815,-0.101487,-1.23037,0.0686465,2.22076,1.19215,0.982083,-0.0553134,0.180094,0,-0.044176,-0.996879,-0.0652784,0,0.183146,0.0561541,-0.981481,0,0.733652,0.296641,0.208247,1,0.463996,0.9783,-0.100745,-1.2176,0.0679392,2.26007,1.18804,-0.010123,-0.606466,0.00317845,-0.0964656,0.000752383,-0.486227,-0.000972522,0,0,0,0,0,0,0,0.156561,-49.8944,-1.44231,22.8214,0.537499,3.09557,0.00957027,0,0,0,0,0,0,0,0,0,0,0,0,0,0,0,0,0,0,0,0,0,0,0,0,0,0,-0.687961,3.74741,-0.546868,-0.541733,-0.152444,0.406455,-0.0542245,10.4481,3.24953,-5.15839,-2.70973,6.8511,-0.727953,0.0799052,0
715.635,0.456446,0.781753,-0.101413,-1.23341,0.068677,2.20261,1.19215,0.982389,-0.0560085,0.178203,0,-0.0447359,-0.996763,-0.0666607,0,0.181363,0.0575157,-0.981733,0,0.731819,0.296042,0.220225,1,0.463996,0.9783,-0.100745,-1.2176,0.0679392,2.26007,1.18804,0.00292908,-0.607225,0.00225319,-0.0773511,0.000647558,-0.62668,-3.72454e-05,0,0,0,0,0,0,0,-0.0259338,-49.2081,-1.48198,22.7104,0.58236,3.03606,-0.0297974,0,0,0,0,0,0,0,0,0,0,0,0,0,0,0,0,0,0,0,0,0,0,0,0,0,0,-1.14226,2.10184,-0.950593,0.15456,-0.140248,0.567642,-0.0348942,8.65497,1.89337,-2.98194,-1.60846,4.73905,-1.1873,0.0799052,0
715.67,0.456496,0.760219,-0.100826,-1.23565,0.0687722,2.17704,1.19215,0.983604,-0.0559755,0.171378,0,-0.0451265,-0.996752,-0.0665609,0,0.17455,0.057737,-0.982954,0,0.728619,0.295425,0.23277,1,0.463996,0.9783,-0.100745,-1.2176,0.0679392,2.26007,1.18804,0.00206597,-0.596689,0.0273319,-0.0584571,0.00322778,-0.829849,-0.000478428,0,0,0,0,0,0,0,-0.0973449,-48.7519,-1.51768,22.8214,0.474327,3.54234,-0.0398682,0,0,0,0,0,0,0,0,0,0,0,0,0,0,0,0,0,0,0,0,0,0,0,0,0,0,-1.07784,1.19869,-1.01937,0.552841,-0.157009,0.711405,-0.0242474,7.34129,1.46121,-1.84503,-1.1496,3.44886,-1.13864,0.0799058,0
715.704,0.456737,0.738848,-0.0996634,-1.23753,0.0689972,2.14615,1.19215,0.98562,-0.0550849,0.159688,0,-0.0451981,-0.996858,-0.0648999,0,0.162764,0.0567501,-0.985032,0,0.724081,0.294874,0.244653,1,0.463996,0.9783,-0.100745,-1.2176,0.0679392,2.26007,1.18804,0.0116038,-0.616064,0.0381243,-0.0486637,0.00872968,-0.975499,0.00130918,0,0,0,0,0,0,0,-0.208429,-48.8669,-1.66844,22.8214,0.510033,2.99669,-0.0398682,0,0,0,0,0,0,0,0,0,0,0,0,0,0,0,0,0,0,0,0,0,0,0,0,0,0,-1.26294,1.79646,-1.11799,0.242103,-0.179838,0.718133,-0.0193054,7.75038,1.3727,-2.56807,-1.32716,4.14905,-1.3194,0.0799058,0
715.738,0.457248,0.717195,-0.0982213,-1.23926,0.0691264,2.10966,1.19215,0.988243,-0.0533101,0.143231,0,-0.0449045,-0.9971,-0.0612926,0,0.146086,0.0541413,-0.987789,0,0.718176,0.294203,0.256125,1,0.463996,0.9783,-0.100745,-1.2176,0.0679392,2.26007,1.18804,0.019416,-0.626618,0.0433021,-0.0490691,0.00178986,-1.14172,0.00135062,0,0,0,0,0,0,0,-0.172723,-48.7876,-1.44231,22.7461,0.618065,2.98662,-0.0206421,0,0,0,0,0,0,0,0,0,0,0,0,0,0,0,0,0,0,0,0,0,0,0,0,0,0,-1.27283,2.07989,-1.09023,0.112277,-0.170468,0.721008,-0.000157252,8.03304,1.4971,-2.80675,-1.43726,4.52528,-1.32451,0.0799058,0
715.772,0.457846,0.695325,-0.09688,-1.2413,0.0691756,2.06832,1.19212,0.991162,-0.0511526,0.122318,0,-0.0446173,-0.997447,-0.0555841,0,0.124852,0.0496363,-0.990933,0,0.711041,0.29303,0.267052,1,0.463996,0.9783,-0.100745,-1.2176,0.0679392,2.26007,1.18804,0.0128937,-0.642081,0.0399831,-0.0626156,-0.00255031,-1.22142,-0.000874195,0,0,0,0,0,0,0,-0.208429,-48.2956,-1.36693,22.8214,0.618065,2.90788,0.0599243,0,0,0,0,0,0,0,0,0,0,0,0,0,0,0,0,0,0,0,0,0,0,0,0,0,0,-0.355202,1.82647,-0.463923,0.266289,-0.154349,0.711944,0.0178727,7.37037,2.56752,-2.28804,-1.76259,4.03708,-0.408188,0.0799058,0
715.806,0.45858,0.673626,-0.0954347,-1.24319,0.0692247,2.02442,1.19212,0.993891,-0.0486289,0.0989815,0,-0.0439569,-0.997829,-0.048847,0,0.101144,0.0441985,-0.99389,0,0.703084,0.291706,0.277662,1,0.463996,0.9783,-0.100745,-1.2176,0.0679392,2.26007,1.18804,0.0236931,-0.633011,0.0531881,-0.0447501,0.00347592,-1.31342,-0.00169729,0,0,0,0,0,0,0,-0.458368,-47.5696,-1.4066,22.7461,0.528344,2.98662,0.0599243,0,0,0,0,0,0,0,0,0,0,0,0,0,0,0,0,0,0,0,0,0,0,0,0,0,0,-1.02711,0.481633,-0.863856,0.672426,-0.150687,0.659041,0.0261437,5.42222,0.811744,-0.553302,-0.515528,2.21883,-1.04423,0.0799058,0
715.84,0.459464,0.652392,-0.0936674,-1.24474,0.0692549,1.97985,1.19212,0.996145,-0.0456211,0.0748009,0,-0.0425732,-0.998207,-0.0418484,0,0.0765774,0.0385032,-0.99632,0,0.694626,0.290501,0.288059,1,0.463996,0.9783,-0.100745,-1.2176,0.0679392,2.26007,1.18804,0.0298058,-0.625934,0.0574112,-0.041703,0.00231038,-1.28004,-0.000162514,0,0,0,0,0,0,0,-0.458368,-46.5024,-1.22014,23.1587,0.554894,2.57097,0.0397827,0,0,0,0,0,0,0,0,0,0,0,0,0,0,0,0,0,0,0,0,0,0,0,0,0,0,-1.01871,-0.524673,-0.813893,0.953308,-0.129945,0.574732,0.0306782,3.48138,0.0279859,0.719402,0.200247,0.676846,-1.01369,0.0799058,0
715.874,0.460383,0.63167,-0.0918834,-1.24583,0.0693095,1.93636,1.19211,0.997754,-0.0425344,0.0515607,0,-0.0407497,-0.99854,-0.0351838,0,0.052983,0.0330043,-0.99805,0,0.686147,0.2893,0.298474,1,0.463996,0.9783,-0.100745,-1.2176,0.0679392,2.26007,1.18804,0.0235933,-0.576164,0.0480933,-0.0311113,0.00704294,-1.27111,-0.0027931,0,0,0,0,0,0,0,-0.208429,-46.9626,-1.03368,22.9722,0.519188,3.07634,0.119434,0,0,0,0,0,0,0,0,0,0,0,0,0,0,0,0,0,0,0,0,0,0,0,0,0,0,-0.662397,-0.645337,-0.521225,0.980696,-0.119006,0.456763,0.0350389,3.18035,0.436012,1.12452,0.0972134,0.459278,-0.643568,0.0799058,0
715.908,0.461392,0.61198,-0.0901173,-1.24648,0.069444,1.89538,1.19209,0.998761,-0.0393924,0.030082,0,-0.0385157,-0.998822,-0.029189,0,0.031197,0.0279947,-0.999121,0,0.677911,0.288227,0.308631,1,0.463996,0.9783,-0.100745,-1.2176,0.0679392,2.26007,1.18804,0.0317318,-0.564532,0.0515264,-0.017112,0.00220291,-1.14755,-0.000338844,0,0,0,0,0,0,0,-0.351251,-46.5778,-1.14476,23.0079,0.627221,2.32286,0.099292,0,0,0,0,0,0,0,0,0,0,0,0,0,0,0,0,0,0,0,0,0,0,0,0,0,0,-0.548981,-0.597705,-0.428512,0.872947,-0.13728,0.343035,0.0491743,2.82807,0.482282,1.20822,0.0416992,0.375622,-0.521733,0.0799058,0
715.942,0.462644,0.593787,-0.0884068,-1.24662,0.069567,1.85791,1.19207,0.99928,-0.0360497,0.0110124,0,-0.0357775,-0.999062,-0.0239831,0,0.0118669,0.0235723,-0.999652,0,0.670139,0.287443,0.318305,1,0.463996,0.9783,-0.100745,-1.2176,0.0679392,2.26007,1.18804,0.0403414,-0.523327,0.0488169,-0.00703672,-0.000270227,-1.02171,-0.00475228,0,0,0,0,0,0,0,-0.458368,-46.1969,-1.06938,23.0476,0.636376,2.25328,0.099292,0,0,0,0,0,0,0,0,0,0,0,0,0,0,0,0,0,0,0,0,0,0,0,0,0,0,-0.890534,-1.48305,-0.652581,1.09011,-0.128461,0.234894,0.0583665,1.21817,-0.68981,2.22538,0.879305,-0.925519,-0.84961,0.0799058,0
715.976,0.464077,0.576742,-0.0867056,-1.24656,0.0695893,1.82566,1.19204,0.999452,-0.0325526,-0.00401832,0,-0.0326275,-0.999253,-0.0202368,0,-0.00335663,0.0203572,-0.999787,0,0.663173,0.287033,0.327732,1,0.463996,0.9783,-0.100745,-1.2176,0.0679392,2.26007,1.18804,0.0392203,-0.48027,0.0507929,-0.00742946,0.00541546,-0.870438,-0.0046667,0,0,0,0,0,0,0,-0.386957,-45.2845,-1.14476,22.8968,0.519188,2.25328,0.0690795,0,0,0,0,0,0,0,0,0,0,0,0,0,0,0,0,0,0,0,0,0,0,0,0,0,0,-0.673494,-1.96909,-0.530647,1.20594,-0.0950757,0.119061,0.0650004,0.102089,-0.850995,2.84991,1.11532,-1.74997,-0.645451,0.0799058,0
716.01,0.465587,0.560749,-0.0852865,-1.24658,0.0696042,1.79849,1.19203,0.999444,-0.0292929,-0.0152901,0,-0.0295634,-0.999395,-0.0177781,0,-0.0147604,0.0182206,-0.999725,0,0.657061,0.286775,0.336803,1,0.463996,0.9783,-0.100745,-1.2176,0.0679392,2.26007,1.18804,0.0456059,-0.458901,0.0365632,-0.00287429,0.000322777,-0.73272,0.00119767,0,0,0,0,0,0,0,-0.315546,-45.4749,-0.994003,22.6707,0.591515,2.09489,0.0297119,0,0,0,0,0,0,0,0,0,0,0,0,0,0,0,0,0,0,0,0,0,0,0,0,0,0,-0.317315,-1.15915,-0.315687,0.871421,-0.107793,0.0590056,0.0573919,1.01494,0.0413576,2.08503,0.40446,-0.748956,-0.311229,0.0799058,0
716.044,0.466936,0.546235,-0.0840622,-1.24667,0.0697246,1.77469,1.19204,0.999334,-0.0264166,-0.024802,0,-0.0268155,-0.999504,-0.0158911,0,-0.0243704,0.0165459,-0.999566,0,0.651556,0.286479,0.345056,1,0.463996,0.9783,-0.100745,-1.2176,0.0679392,2.26007,1.18804,0.0393837,-0.418485,0.036079,-0.0021691,0.000515072,-0.662064,0.00319757,0,0,0,0,0,0,0,-0.386957,-44.6735,-0.882919,22.7461,0.627221,2.30272,-0.0206421,0,0,0,0,0,0,0,0,0,0,0,0,0,0,0,0,0,0,0,0,0,0,0,0,0,0,0.2042,-2.01629,-0.00458016,1.41567,-0.103666,0.161655,0.0522808,0.366921,0.534218,3.18311,0.452045,-1.81867,0.196619,0.0799058,0
716.078,0.468017,0.532593,-0.0828499,-1.24673,0.0697984,1.75384,1.19203,0.999185,-0.0238024,-0.0323022,0,-0.0242871,-0.999587,-0.0146962,0,-0.0319396,0.0154691,-0.99937,0,0.64662,0.286152,0.352925,1,0.463996,0.9783,-0.100745,-1.2176,0.0679392,2.26007,1.18804,0.0213309,-0.385746,0.0393183,-0.00253132,0.00214971,-0.584075,-0.00276755,0,0,0,0,0,0,0,-0.244134,-44.5227,-0.918624,22.8571,0.564049,2.33293,0.099292,0,0,0,0,0,0,0,0,0,0,0,0,0,0,0,0,0,0,0,0,0,0,0,0,0,0,0.391766,-1.62302,0.110798,1.28796,-0.107842,0.138481,0.0424242,0.996152,1.0663,2.91126,0.0631342,-1.27656,0.370827,0.0799058,0
716.112,0.468613,0.520339,-0.0815384,-1.24702,0.070051,1.73549,1.19204,0.998994,-0.0216773,-0.0390213,0,-0.022235,-0.999646,-0.0139148,0,-0.0387066,0.0147687,-0.999141,0,0.642169,0.285718,0.359881,1,0.463996,0.9783,-0.100745,-1.2176,0.0679392,2.26007,1.18804,0.0149994,-0.347209,0.0364642,-0.00674785,0.0104557,-0.498986,0.00293366,0,0,0,0,0,0,0,-0.208429,-44.2926,-0.771835,22.6707,0.58236,2.21391,-0.0206421,0,0,0,0,0,0,0,0,0,0,0,0,0,0,0,0,0,0,0,0,0,0,0,0,0,0,0.364404,-2.21856,0.0596834,1.69998,-0.120137,0.215476,0.0364594,1.02961,1.02586,3.78397,0.309841,-1.81526,0.337755,0.0799058,0
716.146,0.468986,0.509323,-0.0798949,-1.24716,0.0704499,1.7204,1.19203,0.99884,-0.0194896,-0.0438171,0,-0.020127,-0.999688,-0.0141523,0,-0.0435284,0.0150181,-0.998939,0,0.638321,0.285584,0.366282,1,0.463996,0.9783,-0.100745,-1.2176,0.0679392,2.26007,1.18804,0.00764217,-0.306281,0.0557893,-0.00232482,0.010776,-0.381453,0.000137228,0,0,0,0,0,0,0,-0.0973449,-44.1022,-0.771835,22.635,0.58236,2.04546,0.0397827,0,0,0,0,0,0,0,0,0,0,0,0,0,0,0,0,0,0,0,0,0,0,0,0,0,0,-0.110372,-2.38313,-0.281879,1.61454,-0.153381,0.127083,0.0384163,0.381064,0.013616,3.81828,0.82538,-2.12506,-0.132362,0.0799058,0
716.18,0.469162,0.499872,-0.0778235,-1.24728,0.0707784,1.7079,1.19204,0.998707,-0.0171543,-0.0476507,0,-0.0178767,-0.999721,-0.0147762,0,-0.0473849,0.0156092,-0.998755,0,0.634937,0.285734,0.371776,1,0.463996,0.9783,-0.100745,-1.2176,0.0679392,2.26007,1.18804,0.0021925,-0.254828,0.0608404,-0.0104562,0.0110366,-0.328211,0.000528398,0,0,0,0,0,0,0,-0.172723,-43.646,-0.660751,22.8214,0.60067,2.39244,-0.0206421,0,0,0,0,0,0,0,0,0,0,0,0,0,0,0,0,0,0,0,0,0,0,0,0,0,0,-0.0581722,-3.34225,-0.242012,2.13754,-0.136461,0.181139,0.0331528,-0.362207,-0.236158,4.98414,1.30493,-3.24656,-0.0746948,0.0799058,0
716.214,0.469362,0.491511,-0.076195,-1.24786,0.0708112,1.69828,1.19204,0.998624,-0.015199,-0.0499908,0,-0.0159851,-0.999745,-0.0153618,0,-0.0497455,0.0161401,-0.998632,0,0.632163,0.285779,0.376519,1,0.463996,0.9783,-0.100745,-1.2176,0.0679392,2.26007,1.18804,0.00534146,-0.235337,0.0393842,-0.0210878,0.000197274,-0.282583,-0.00162036,0,0,0,0,0,0,0,-0.172723,-43.7967,-0.621078,22.8214,0.60067,2.31279,0.0397827,0,0,0,0,0,0,0,0,0,0,0,0,0,0,0,0,0,0,0,0,0,0,0,0,0,0,0.341401,-2.12495,0.114108,1.68592,-0.110317,0.185955,0.0130848,1.31395,1.10383,3.87554,0.281963,-1.61577,0.33185,0.0799058,0
716.248,0.469558,0.483971,-0.0751906,-1.24896,0.0708339,1.68872,1.19207,0.998472,-0.0138687,-0.0533175,0,-0.0146926,-0.999769,-0.0150923,0,-0.0530969,0.0158529,-0.998464,0,0.629468,0.285437,0.380446,1,0.463996,0.9783,-0.100745,-1.2176,0.0679392,2.26007,1.18804,0.00225281,-0.216563,0.0218158,-0.0420643,5.45538e-05,-0.264773,0.00222439,0,0,0,0,0,0,0,-0.172723,-43.1501,-0.660751,22.8214,0.654686,2.343,-0.100293,0,0,0,0,0,0,0,0,0,0,0,0,0,0,0,0,0,0,0,0,0,0,0,0,0,0,0.603641,-2.1292,0.293936,1.82354,-0.105528,0.25931,-0.00906931,1.75867,1.67195,4.06161,0.021149,-1.50914,0.586534,0.0799058,0
716.282,0.469727,0.47692,-0.0746644,-1.25092,0.0708349,1.68062,1.19208,0.998312,-0.0130508,-0.0564235,0,-0.0138947,-0.999787,-0.0145903,0,-0.0562222,0.01535,-0.9983,0,0.627034,0.284849,0.383737,1,0.463996,0.9783,-0.100745,-1.2176,0.0679392,2.26007,1.18804,0.00460652,-0.201487,0.0119112,-0.062444,0.000115751,-0.232623,0.000376602,0,0,0,0,0,0,0,-0.208429,-43.1897,-0.696456,22.6707,0.645531,2.23406,-0.0297974,0,0,0,0,0,0,0,0,0,0,0,0,0,0,0,0,0,0,0,0,0,0,0,0,0,0,0.626029,-1.89682,0.286935,1.71742,-0.0882994,0.232416,-0.03697,2.05995,1.77848,3.88533,-0.0962737,-1.19068,0.589903,0.0799058,0
716.316,0.469833,0.470416,-0.074305,-1.25331,0.0708211,1.67315,1.19208,0.998125,-0.012484,-0.0597622,0,-0.0133332,-0.999806,-0.0138324,0,-0.0595791,0.0146036,-0.998117,0,0.624725,0.284145,0.386499,1,0.463996,0.9783,-0.100745,-1.2176,0.0679392,2.26007,1.18804,0.000981556,-0.194886,0.00847541,-0.0777513,-0.000619166,-0.217346,0.00186144,0,0,0,0,0,0,0,-0.0973449,-42.9596,-0.621078,22.7461,0.699547,2.343,-0.0801514,0,0,0,0,0,0,0,0,0,0,0,0,0,0,0,0,0,0,0,0,0,0,0,0,0,0,0.357136,-0.910574,0.0729632,1.22158,-0.0987001,0.165209,-0.0348986,3.25545,1.86984,2.89054,-0.455997,0.145669,0.304272,0.0799058,0
716.35,0.469778,0.463542,-0.0742521,-1.25689,0.0707811,1.66763,1.19208,0.997988,-0.0124199,-0.0620142,0,-0.013274,-0.999813,-0.0133794,0,-0.0618376,0.0141759,-0.997986,0,0.622689,0.283203,0.389097,1,0.463996,0.9783,-0.100745,-1.2176,0.0679392,2.26007,1.18804,-0.00744973,-0.205545,-0.00463907,-0.12122,-0.00182051,-0.132593,-0.00210431,0,0,0,0,0,0,0,0.227972,-42.8446,-0.283859,22.9325,0.8442,2.28349,-0.00050053,0,0,0,0,0,0,0,0,0,0,0,0,0,0,0,0,0,0,0,0,0,0,0,0,0,0,0.952706,0.237447,0.51441,0.840393,-0.0324862,0.151351,-0.0356839,4.99075,3.55512,2.06376,-1.62912,1.69977,0.87883,0.0799058,0
716.384,0.469212,0.456249,-0.0742951,-1.26145,0.0707668,1.66486,1.19208,0.997966,-0.0130462,-0.0622413,0,-0.013931,-0.999798,-0.013804,0,-0.0620499,0.0146433,-0.997966,0,0.621173,0.282014,0.391726,1,0.463996,0.9783,-0.100745,-1.2176,0.0679392,2.26007,1.18804,-0.0197273,-0.218391,-0.0002043,-0.134293,0.000283856,-0.0470966,0.000411344,0,0,0,0,0,0,0,0.4065,-42.5788,-0.283859,22.8571,0.798424,2.24321,-0.0398682,0,0,0,0,0,0,0,0,0,0,0,0,0,0,0,0,0,0,0,0,0,0,0,0,0,0,1.20079,0.737255,0.69358,0.65868,0.0263901,0.101727,-0.0336243,5.73843,4.25854,1.78817,-2.1053,2.38623,1.10863,0.0799058,0
716.418,0.468416,0.44855,-0.0742814,-1.26655,0.0707776,1.66443,1.19208,0.998062,-0.0138961,-0.0604986,0,-0.0148388,-0.999765,-0.0151607,0,-0.0602749,0.0160293,-0.998053,0,0.620041,0.280839,0.39454,1,0.463996,0.9783,-0.100745,-1.2176,0.0679392,2.26007,1.18804,-0.0234983,-0.224395,0.00161212,-0.151945,0.000969036,0.00334189,-0.000360512,0,0,0,0,0,0,0,0.192267,-42.1225,-0.434615,22.4842,0.744408,2.1837,-0.0206421,0,0,0,0,0,0,0,0,0,0,0,0,0,0,0,0,0,0,0,0,0,0,0,0,0,0,0.714838,1.32499,0.330775,0.312574,-0.00426914,0.0400355,-0.0285133,6.43189,3.79036,1.14676,-2.05414,3.22309,0.618244,0.0799058,0
716.451,0.468198,0.440635,-0.07427,-1.27156,0.0707834,1.66444,1.19207,0.998203,-0.0141588,-0.0580682,0,-0.0151594,-0.999734,-0.0168282,0,-0.0578156,0.0176786,-0.998171,0,0.618825,0.280052,0.397566,1,0.463996,0.9783,-0.100745,-1.2176,0.0679392,2.26007,1.18804,0.00151367,-0.250288,-0.000143034,-0.14484,0.000111337,0.00343715,-0.00356911,0,0,0,0,0,0,0,-0.0616393,-42.0829,-0.509994,22.5993,0.735253,2.22398,0.0599243,0,0,0,0,0,0,0,0,0,0,0,0,0,0,0,0,0,0,0,0,0,0,0,0,0,0,-0.516887,2.30916,-0.484322,-0.300553,-0.0865176,-0.000683168,-0.0261492,7.61645,2.40615,-0.167808,-1.62763,4.70473,-0.569879,0.0799058,0
716.485,0.468454,0.432055,-0.0741889,-1.27647,0.070799,1.66443,1.19208,0.998381,-0.013884,-0.0549879,0,-0.0149419,-0.999701,-0.0188747,0,-0.0547105,0.0196661,-0.998309,0,0.617416,0.279579,0.401074,1,0.463996,0.9783,-0.100745,-1.2176,0.0679392,2.26007,1.18804,0.00972212,-0.253045,0.000387326,-0.149326,0.00141748,-0.000209669,0.000918973,0,0,0,0,0,0,0,-0.0973449,-41.5116,-0.771835,22.5993,0.681237,2.26335,-0.049939,0,0,0,0,0,0,0,0,0,0,0,0,0,0,0,0,0,0,0,0,0,0,0,0,0,0,-0.755271,1.72871,-0.667798,-0.0544593,-0.108313,0.034545,-0.0260512,6.91083,1.72204,0.347891,-1.09611,3.97329,-0.800919,0.0799058,0
716.519,0.468746,0.422965,-0.0741235,-1.28228,0.0708194,1.6644,1.19208,0.998529,-0.0136086,-0.0523002,0,-0.0147128,-0.999666,-0.0207847,0,-0.0520009,0.021524,-0.998415,0,0.615798,0.279015,0.404484,1,0.463996,0.9783,-0.100745,-1.2176,0.0679392,2.26007,1.18804,0.00756757,-0.272919,0.00116705,-0.189621,0.00215962,-0.00401408,-0.000577763,0,0,0,0,0,0,0,-0.0973449,-41.4759,-0.732162,22.9722,0.627221,2.3723,-0.0105713,0,0,0,0,0,0,0,0,0,0,0,0,0,0,0,0,0,0,0,0,0,0,0,0,0,0,-0.207542,1.08018,-0.342341,0.502329,-0.110801,0.142053,-0.0249355,6.98803,2.59613,1.51403,-1.32665,3.30201,-0.280703,0.0799058,0
716.553,0.468989,0.41348,-0.073878,-1.28903,0.0708413,1.66438,1.19208,0.998644,-0.0132552,-0.0501543,0,-0.0144016,-0.999632,-0.0225658,0,-0.0498376,0.0232579,-0.998486,0,0.613953,0.278418,0.407693,1,0.463996,0.9783,-0.100745,-1.2176,0.0679392,2.26007,1.18804,0.00536875,-0.285215,0.0131462,-0.206079,-0.000289758,0.000728391,-0.00103079,0,0,0,0,0,0,0,-0.13305,-41.1307,-0.80754,22.6707,0.645531,2.33293,-0.00050053,0,0,0,0,0,0,0,0,0,0,0,0,0,0,0,0,0,0,0,0,0,0,0,0,0,0,-0.541088,1.56955,-0.636362,0.449781,-0.176553,0.177757,-0.032064,8.69359,2.77976,1.46414,-1.51951,4.35153,-0.626835,0.0799058,0
716.587,0.469034,0.40297,-0.0731609,-1.29695,0.0708374,1.66438,1.19208,0.998747,-0.0126936,-0.0482158,0,-0.0138872,-0.999594,-0.0245018,0,-0.0478861,0.0251411,-0.998536,0,0.611778,0.277807,0.41102,1,0.463996,0.9783,-0.100745,-1.2176,0.0679392,2.26007,1.18804,-0.00018263,-0.321267,0.0200416,-0.252294,-0.000283622,0.000224428,0.000569131,0,0,0,0,0,0,0,0.0454774,-40.8252,-0.621078,22.9722,0.681237,2.35216,-0.0398682,0,0,0,0,0,0,0,0,0,0,0,0,0,0,0,0,0,0,0,0,0,0,0,0,0,0,-0.158552,1.57345,-0.42953,0.512498,-0.166381,0.202698,-0.0310788,8.65455,3.33539,1.5745,-1.84198,4.27213,-0.280988,0.0799058,0
716.621,0.46908,0.391782,-0.0725721,-1.30592,0.0708381,1.66438,1.19208,0.998827,-0.0122726,-0.0466247,0,-0.013508,-0.999554,-0.0262738,0,-0.0462823,0.0268733,-0.998567,0,0.60939,0.277007,0.414272,1,0.463996,0.9783,-0.100745,-1.2176,0.0679392,2.26007,1.18804,0.00168584,-0.34239,0.0112022,-0.279749,0.000126123,0.00023397,-0.000557976,0,0,0,0,0,0,0,-0.13305,-40.369,-0.585372,22.7857,0.672997,2.35216,-0.0206421,0,0,0,0,0,0,0,0,0,0,0,0,0,0,0,0,0,0,0,0,0,0,0,0,0,0,0.100516,1.44422,-0.209864,0.567909,-0.134041,0.200656,-0.0298527,8.20409,3.56309,1.69662,-1.93003,3.97125,-0.0173765,0.0799058,0
716.655,0.46922,0.379982,-0.0721077,-1.316,0.0708413,1.66429,1.19208,0.998882,-0.0119089,-0.0455476,0,-0.0131844,-0.999517,-0.0278066,0,-0.0451953,0.0283765,-0.998575,0,0.606745,0.276069,0.417374,1,0.463996,0.9783,-0.100745,-1.2176,0.0679392,2.26007,1.18804,0.007253,-0.354928,0.0111026,-0.309093,-4.25281e-05,-0.00268616,0.0013307,0,0,0,0,0,0,0,-0.0973449,-39.9881,-0.621078,22.635,0.645531,2.31279,-0.0700806,0,0,0,0,0,0,0,0,0,0,0,0,0,0,0,0,0,0,0,0,0,0,0,0,0,0,-0.0025754,1.18043,-0.238583,0.796298,-0.133416,0.245378,-0.0265097,8.39899,3.51388,2.20197,-1.7633,3.81741,-0.097387,0.0799058,0
716.689,0.469315,0.367704,-0.0716192,-1.32719,0.0708914,1.66427,1.19209,0.998909,-0.0115978,-0.0450221,0,-0.0129198,-0.999481,-0.0291835,0,-0.0446612,0.029734,-0.99856,0,0.603875,0.275012,0.420238,1,0.463996,0.9783,-0.100745,-1.2176,0.0679392,2.26007,1.18804,0.00100492,-0.365223,0.0133995,-0.339801,0.009814,-0.000702085,0.00353689,0,0,0,0,0,0,0,-0.0973449,-39.6827,-0.660751,22.9722,0.609825,2.40251,-0.0902222,0,0,0,0,0,0,0,0,0,0,0,0,0,0,0,0,0,0,0,0,0,0,0,0,0,0,-0.0717824,0.808602,-0.309292,0.934973,-0.160306,0.24285,-0.0254467,7.74549,3.10961,2.51079,-1.47358,3.26166,-0.167666,0.0799058,0
716.723,0.46939,0.355031,-0.0707827,-1.33933,0.0709336,1.66427,1.19207,0.998915,-0.0109777,-0.0450546,0,-0.0123574,-0.99945,-0.0304587,0,-0.0446963,0.030983,-0.99852,0,0.600719,0.274027,0.422867,1,0.463996,0.9783,-0.100745,-1.2176,0.0679392,2.26007,1.18804,0.00176107,-0.372085,0.0342023,-0.361985,-0.000732789,-0.000814447,-0.00196488,0,0,0,0,0,0,0,-0.13305,-39.7223,-0.621078,23.1587,0.663842,2.38237,0.0498535,0,0,0,0,0,0,0,0,0,0,0,0,0,0,0,0,0,0,0,0,0,0,0,0,0,0,-0.71034,0.700816,-0.789397,0.943367,-0.198055,0.238435,-0.015642,7.79759,2.11778,2.55781,-0.883501,3.29049,-0.790431,0.0799058,0
716.757,0.469594,0.342829,-0.0695013,-1.35142,0.0709405,1.66427,1.19206,0.998907,-0.00980037,-0.0454957,0,-0.0112459,-0.999427,-0.0316267,0,-0.0451605,0.0321043,-0.998464,0,0.597441,0.273365,0.425169,1,0.463996,0.9783,-0.100745,-1.2176,0.0679392,2.26007,1.18804,0.00959812,-0.352304,0.0416199,-0.352725,-0.000826544,0.0001325,-0.000458426,0,0,0,0,0,0,0,-0.208429,-39.1867,-0.585372,22.8571,0.654686,2.3723,0.0498535,0,0,0,0,0,0,0,0,0,0,0,0,0,0,0,0,0,0,0,0,0,0,0,0,0,0,-0.801432,0.0168932,-0.835851,0.919307,-0.196346,0.190663,0.00937323,5.2346,0.90492,2.37459,-0.171717,1.82675,-0.861608,0.0799058,0
716.791,0.469854,0.330887,-0.068025,-1.36389,0.0709506,1.66425,1.19205,0.998871,-0.00837541,-0.04656,0,-0.009897,-0.999412,-0.0325461,0,-0.0462609,0.0329707,-0.998385,0,0.59403,0.272811,0.427076,1,0.463996,0.9783,-0.100745,-1.2176,0.0679392,2.26007,1.18804,0.00615134,-0.357414,0.0400698,-0.378245,3.68035e-05,-8.32559e-05,-0.0011267,0,0,0,0,0,0,0,-0.13305,-39.1867,-0.509994,23.2697,0.654686,2.39244,0.0892211,0,0,0,0,0,0,0,0,0,0,0,0,0,0,0,0,0,0,0,0,0,0,0,0,0,0,-0.494248,-0.265257,-0.595779,1.2495,-0.171826,0.260668,0.030992,5.51146,1.56984,3.06511,-0.386807,1.60594,-0.555198,0.0799058,0
716.825,0.469913,0.319196,-0.0665157,-1.37694,0.0709388,1.66426,1.19202,0.998797,-0.00711401,-0.0483267,0,-0.00871955,-0.999405,-0.033093,0,-0.0480634,0.0334752,-0.998283,0,0.590577,0.272109,0.428513,1,0.463996,0.9783,-0.100745,-1.2176,0.0679392,2.26007,1.18804,-0.000761558,-0.339255,0.0458188,-0.378509,-0.000782395,0.00104204,-0.00373996,0,0,0,0,0,0,0,-0.0616393,-38.8059,-0.434615,22.7857,0.717858,2.30272,0.149646,0,0,0,0,0,0,0,0,0,0,0,0,0,0,0,0,0,0,0,0,0,0,0,0,0,0,-0.120548,-0.319367,-0.285175,1.19374,-0.146503,0.223755,0.0549083,4.70367,1.87823,2.9355,-0.604477,1.21786,-0.178489,0.0799058,0
716.859,0.469911,0.308168,-0.0649829,-1.38999,0.0709258,1.66425,1.192,0.998687,-0.00589266,-0.0506897,0,-0.00758733,-0.999407,-0.0333048,0,-0.0504644,0.0336464,-0.998159,0,0.587163,0.271404,0.429481,1,0.463996,0.9783,-0.100745,-1.2176,0.0679392,2.26007,1.18804,-0.00101217,-0.322886,0.042732,-0.376546,0.000156545,-0.000108616,-0.00171965,0,0,0,0,0,0,0,-0.0259338,-38.4647,-0.39891,22.9722,0.762719,2.33293,0.00957027,0,0,0,0,0,0,0,0,0,0,0,0,0,0,0,0,0,0,0,0,0,0,0,0,0,0,-0.0565658,-0.562866,-0.1937,1.2423,-0.111425,0.209472,0.0709706,3.98607,1.71715,3.02121,-0.452959,0.755932,-0.0993379,0.0799058,0
716.893,0.469944,0.297646,-0.0636839,-1.40275,0.0709262,1.66426,1.19199,0.998564,-0.00485161,-0.0531802,0,-0.00663097,-0.999413,-0.0333336,0,-0.0529883,0.033639,-0.998028,0,0.583866,0.270637,0.430235,1,0.463996,0.9783,-0.100745,-1.2176,0.0679392,2.26007,1.18804,-7.01175e-05,-0.301515,0.0347404,-0.359511,0.000332826,-0.000703755,0.00184682,0,0,0,0,0,0,0,-0.13305,-38.1592,-0.39891,22.7461,0.744408,2.32286,0.0297119,0,0,0,0,0,0,0,0,0,0,0,0,0,0,0,0,0,0,0,0,0,0,0,0,0,0,0.159252,-0.465023,0.0045286,1.00147,-0.0761538,0.166628,0.0694353,2.96148,1.63323,2.41249,-0.521058,0.475694,0.119829,0.0799058,0
716.927,0.47008,0.288072,-0.0626426,-1.41469,0.0709174,1.66426,1.19198,0.998429,-0.00393152,-0.0557251,0,-0.0057862,-0.999424,-0.0331601,0,-0.0555637,0.0334311,-0.997895,0,0.580799,0.269891,0.430736,1,0.463996,0.9783,-0.100745,-1.2176,0.0679392,2.26007,1.18804,0.00867106,-0.266494,0.0235723,-0.336431,-0.000543345,-0.00084101,0.000440729,0,0,0,0,0,0,0,-0.244134,-37.703,-0.359237,22.7104,0.781029,2.30272,0.0690795,0,0,0,0,0,0,0,0,0,0,0,0,0,0,0,0,0,0,0,0,0,0,0,0,0,0,-0.0383976,-1.00823,-0.130943,1.10359,-0.0495857,0.153312,0.0702176,1.72358,0.76985,2.59031,0.0926718,-0.379896,-0.0659191,0.0799058,0
716.961,0.470395,0.279738,-0.0618307,-1.42524,0.0709184,1.66428,1.19197,0.998299,-0.00303083,-0.0580515,0,-0.00494887,-0.999436,-0.0329248,0,-0.05792,0.0331567,-0.99777,0,0.578062,0.269291,0.431085,1,0.463996,0.9783,-0.100745,-1.2176,0.0679392,2.26007,1.18804,0.0107477,-0.231447,0.0193951,-0.285713,-0.000728083,-0.000377292,-0.000284099,0,0,0,0,0,0,0,-0.315546,-37.7426,-0.545699,22.4485,0.771874,2.25328,0.0690795,0,0,0,0,0,0,0,0,0,0,0,0,0,0,0,0,0,0,0,0,0,0,0,0,0,0,-0.302671,-0.671113,-0.331718,0.658517,-0.0654361,0.0788333,0.0755396,0.98419,0.015242,1.57764,0.29927,-0.270614,-0.321541,0.0799058,0
716.995,0.470855,0.272695,-0.0611678,-1.43395,0.0709101,1.66429,1.19192,0.998198,-0.00203886,-0.0598151,0,-0.00400631,-0.999445,-0.0327904,0,-0.0597161,0.0329716,-0.997671,0,0.575728,0.268893,0.431463,1,0.463996,0.9783,-0.100745,-1.2176,0.0679392,2.26007,1.18804,0.0163001,-0.189123,0.0138385,-0.229113,-0.00081481,0.000487119,-0.000624273,0,0,0,0,0,0,0,-0.315546,-37.703,-0.470321,22.4088,0.807579,2.20384,0.099292,0,0,0,0,0,0,0,0,0,0,0,0,0,0,0,0,0,0,0,0,0,0,0,0,0,0,-0.248753,-0.535356,-0.277916,0.393681,-0.0590491,0.0309459,0.0806706,0.177387,-0.239143,0.955684,0.309342,-0.424959,-0.264658,0.0799058,0
717.029,0.471421,0.267193,-0.0607868,-1.44091,0.0709126,1.66429,1.19191,0.998107,-0.00121872,-0.061328,0,-0.00322275,-0.999454,-0.0325886,0,-0.0612559,0.0327252,-0.997585,0,0.573848,0.268613,0.431674,1,0.463996,0.9783,-0.100745,-1.2176,0.0679392,2.26007,1.18804,0.0133644,-0.141458,0.00268112,-0.177797,0.000163336,0.000120473,-0.00061798,0,0,0,0,0,0,0,-0.244134,-37.703,-0.434615,22.4842,0.781029,2.22398,0.0690795,0,0,0,0,0,0,0,0,0,0,0,0,0,0,0,0,0,0,0,0,0,0,0,0,0,0,-0.0666961,-1.05011,-0.13154,0.499166,-0.0307871,0.0143973,0.0772948,-1.17172,-0.542754,1.15566,0.572853,-1.36934,-0.0861954,0.0799058,0
717.063,0.471835,0.263371,-0.0605197,-1.44581,0.070899,1.66429,1.19191,0.998039,-0.000633104,-0.0624344,0,-0.00266119,-0.999462,-0.0324053,0,-0.0623814,0.0325086,-0.997523,0,0.572523,0.268422,0.431786,1,0.463996,0.9783,-0.100745,-1.2176,0.0679392,2.26007,1.18804,0.0123045,-0.090917,0.00486229,-0.116324,-0.000176506,0.000245528,0.00258921,0,0,0,0,0,0,0,-0.27984,-37.3975,-0.470321,22.3731,0.816735,2.23406,0.00957027,0,0,0,0,0,0,0,0,0,0,0,0,0,0,0,0,0,0,0,0,0,0,0,0,0,0,-0.101708,-1.16049,-0.16436,0.526097,-0.0203442,0.0125095,0.0779926,-1.38291,-0.699599,1.21336,0.694475,-1.52826,-0.12346,0.0799058,0
717.097,0.472025,0.260845,-0.0604691,-1.44888,0.0708912,1.6643,1.1919,0.998004,-0.000438276,-0.0629945,0,-0.00247928,-0.999465,-0.0323249,0,-0.0629478,0.0324172,-0.99749,0,0.571728,0.268194,0.431937,1,0.463996,0.9783,-0.100745,-1.2176,0.0679392,2.26007,1.18804,0.00103155,-0.0586676,-5.25854e-05,-0.0695317,-0.000358768,-0.000569388,-0.000262697,0,0,0,0,0,0,0,-0.244134,-37.4372,-0.434615,22.4088,0.8442,2.21391,0.0892211,0,0,0,0,0,0,0,0,0,0,0,0,0,0,0,0,0,0,0,0,0,0,0,0,0,0,0.25312,-0.593961,0.118334,0.206151,0.00636819,-0.00759729,0.0774135,-1.23615,-0.0427388,0.460339,0.118628,-1.02595,0.216793,0.0799058,0
717.131,0.472022,0.259388,-0.0604875,-1.45049,0.0708864,1.66431,1.19189,0.997994,-0.000476334,-0.0631559,0,-0.00252337,-0.999464,-0.0323363,0,-0.0631079,0.0324314,-0.99748,0,0.57134,0.267987,0.432098,1,0.463996,0.9783,-0.100745,-1.2176,0.0679392,2.26007,1.18804,-0.000185612,-0.02842,-0.00160867,-0.0346269,-0.000579666,0.000538321,-0.00131639,0,0,0,0,0,0,0,-0.0973449,-37.3221,-0.212447,22.4088,0.8442,2.17455,0.109363,0,0,0,0,0,0,0,0,0,0,0,0,0,0,0,0,0,0,0,0,0,0,0,0,0,0,0.119456,-0.851185,0.00916431,0.274764,0.0109317,-0.00590185,0.0783136,-1.67268,-0.461254,0.596553,0.422633,-1.37604,0.0858531,0.0799058,0
717.165,0.471893,0.259067,-0.0605261,-1.45075,0.0708817,1.66433,1.19188,0.997998,-0.000628795,-0.0630863,0,-0.00267607,-0.999463,-0.0323724,0,-0.0630332,0.032477,-0.997483,0,0.571315,0.267858,0.432181,1,0.463996,0.9783,-0.100745,-1.2176,0.0679392,2.26007,1.18804,-0.00619814,-0.000324204,0.000168245,0.000512621,-0.000743746,0.00130377,-0.00157052,0,0,0,0,0,0,0,0.192267,-37.4729,-0.0616905,22.3374,0.8442,2.1544,0.119434,0,0,0,0,0,0,0,0,0,0,0,0,0,0,0,0,0,0,0,0,0,0,0,0,0,0,0.213795,-0.753178,0.120952,0.229895,0.0135784,-0.0133626,0.0807064,-1.62846,-0.255076,0.505167,0.274282,-1.29167,0.194435,0.0799058,0
717.199,0.471615,0.259214,-0.0605588,-1.45083,0.0708796,1.66435,1.19188,0.997987,-0.000947375,-0.0632675,0,-0.00299462,-0.999465,-0.0322712,0,-0.0632043,0.0323963,-0.997475,0,0.571402,0.267683,0.432052,1,0.463996,0.9783,-0.100745,-1.2176,0.0679392,2.26007,1.18804,-0.00840769,0.00841173,-0.0017212,-0.000915758,-0.000715219,0.0011379,-0.00185079,0,0,0,0,0,0,0,0.156561,-38.1235,-0.0616905,22.5596,0.861596,2.14433,0.109363,0,0,0,0,0,0,0,0,0,0,0,0,0,0,0,0,0,0,0,0,0,0,0,0,0,0,0.277648,-0.719156,0.199043,0.386078,0.0179883,0.0172729,0.078767,-0.872025,0.203494,0.88577,0.0853885,-1.01968,0.268675,0.0799058,0
717.233,0.471386,0.259504,-0.0606025,-1.45096,0.0708654,1.66438,1.19187,0.997965,-0.00122759,-0.0635954,0,-0.00327375,-0.99947,-0.03208,0,-0.0635235,0.0322236,-0.99746,0,0.571487,0.267532,0.431814,1,0.463996,0.9783,-0.100745,-1.2176,0.0679392,2.26007,1.18804,-0.00887652,0.00975306,-0.00292693,-0.00539144,0.000241554,0.000496755,-0.00263024,0,0,0,0,0,0,0,0.227972,-38.1235,-0.0616905,22.5993,0.861596,2.1544,0.139575,0,0,0,0,0,0,0,0,0,0,0,0,0,0,0,0,0,0,0,0,0,0,0,0,0,0,0.184958,-0.609906,0.153809,0.358052,0.022971,0.0138452,0.0771706,-0.56572,0.199249,0.847217,0.0853822,-0.795455,0.190149,0.0799058,0
717.267,0.47122,0.25985,-0.0607427,-1.45106,0.0708509,1.66446,1.19187,0.997945,-0.00154527,-0.063902,0,-0.00358817,-0.999476,-0.0318665,0,-0.0638205,0.032031,-0.997447,0,0.571596,0.267373,0.431555,1,0.463996,0.9783,-0.100745,-1.2176,0.0679392,2.26007,1.18804,0.000541886,0.0107993,-0.00479616,-0.00172829,0.000517385,0.00120391,0.00069533,0,0,0,0,0,0,0,0.156561,-38.0442,0.0493934,22.5993,0.861596,2.1544,0.0599243,0,0,0,0,0,0,0,0,0,0,0,0,0,0,0,0,0,0,0,0,0,0,0,0,0,0,0.126148,-0.528794,0.126997,0.284512,0.0345937,-0.00698986,0.0810625,-0.571217,0.115903,0.712995,0.11241,-0.706443,0.140462,0.0799058,0
717.301,0.471111,0.260141,-0.061034,-1.45126,0.0708373,1.66448,1.19186,0.997919,-0.00194061,-0.0642955,0,-0.00397821,-0.999484,-0.0315781,0,-0.0642022,0.0317688,-0.997431,0,0.571692,0.267152,0.431277,1,0.463996,0.9783,-0.100745,-1.2176,0.0679392,2.26007,1.18804,-0.00352221,0.00756304,-0.00325645,-0.0088514,-0.000819742,0.000220943,-0.00142937,0,0,0,0,0,0,0,0.192267,-38.1235,-0.0616905,22.5993,0.898217,2.1544,0.119434,0,0,0,0,0,0,0,0,0,0,0,0,0,0,0,0,0,0,0,0,0,0,0,0,0,0,0.250899,-0.467706,0.224034,0.30369,0.0515779,0.000385603,0.0812802,-0.377852,0.408509,0.757956,-0.0470824,-0.605181,0.258905,0.0799058,0
717.335,0.471012,0.260404,-0.0612967,-1.45146,0.0707926,1.66452,1.19183,0.997898,-0.00228616,-0.0646181,0,-0.00431644,-0.999491,-0.0312973,0,-0.0645149,0.031511,-0.997419,0,0.571786,0.266947,0.431024,1,0.463996,0.9783,-0.100745,-1.2176,0.0679392,2.26007,1.18804,-0.00670328,0.00713793,-0.00448387,-0.00322812,-0.00339215,0.00419472,-0.00338056,0,0,0,0,0,0,0,0.227972,-38.1592,0.0136879,22.5596,0.916527,2.1544,0.0791503,0,0,0,0,0,0,0,0,0,0,0,0,0,0,0,0,0,0,0,0,0,0,0,0,0,0,0.145142,-0.145457,0.124616,0.118933,0.0551514,-0.026718,0.0855231,-0.0486237,0.372356,0.381877,-0.121022,-0.177833,0.146346,0.0799058,0
717.369,0.470736,0.260686,-0.0613729,-1.45152,0.0707618,1.66462,1.19179,0.997885,-0.00260214,-0.0648081,0,-0.00462884,-0.999495,-0.0311415,0,-0.0646955,0.0313762,-0.997412,0,0.571915,0.266759,0.430826,1,0.463996,0.9783,-0.100745,-1.2176,0.0679392,2.26007,1.18804,-0.0110947,0.00941653,-0.00101206,-0.000717085,0.000884636,0.000192076,0.000578687,0,0,0,0,0,0,0,0.263678,-38.1592,0.0136879,22.4842,0.853356,2.13426,0.0599243,0,0,0,0,0,0,0,0,0,0,0,0,0,0,0,0,0,0,0,0,0,0,0,0,0,0,0.35685,-0.296855,0.255073,0.18057,0.0642828,-0.0311856,0.0837257,-0.409639,0.537346,0.521525,-0.191815,-0.476409,0.334999,0.0799058,0
717.403,0.470418,0.260881,-0.0613804,-1.45168,0.0707599,1.66477,1.19177,0.997872,-0.00292483,-0.0649867,0,-0.00495141,-0.999496,-0.031045,0,-0.0648644,0.0313013,-0.997403,0,0.572023,0.26658,0.430639,1,0.463996,0.9783,-0.100745,-1.2176,0.0679392,2.26007,1.18804,-0.00919001,0.00359739,0.00129611,-0.00484624,0.000302052,0.00260052,-0.000417182,0,0,0,0,0,0,0,0.192267,-38.2346,-0.0616905,22.635,0.861596,2.1544,0.0892211,0,0,0,0,0,0,0,0,0,0,0,0,0,0,0,0,0,0,0,0,0,0,0,0,0,0,0.150093,-0.277748,0.0895045,0.215537,0.0420096,-0.026022,0.083011,-0.0311979,0.358043,0.627267,-0.0728594,-0.298606,0.134998,0.0799058,0
717.437,0.470232,0.260981,-0.0614035,-1.45191,0.070752,1.66479,1.19174,0.997854,-0.00311248,-0.0652599,0,-0.00513875,-0.9995,-0.0309041,0,-0.0651323,0.0311738,-0.99739,0,0.572053,0.266448,0.430469,1,0.463996,0.9783,-0.100745,-1.2176,0.0679392,2.26007,1.18804,-0.00462321,0.00588333,-0.000484739,-0.0068005,-0.000103332,-0.00055716,-0.00639216,0,0,0,0,0,0,0,0.227972,-38.1235,0.0493934,22.5596,0.889061,2.17455,0.129504,0,0,0,0,0,0,0,0,0,0,0,0,0,0,0,0,0,0,0,0,0,0,0,0,0,0,0.0202228,-0.301828,-0.00222417,0.229299,0.0394464,-0.0141044,0.09174,0.0270051,0.19115,0.638405,0.038683,-0.277591,0.0147391,0.0799058,0
717.47,0.470094,0.261047,-0.06143,-1.45207,0.0706834,1.66483,1.1917,0.997844,-0.00324248,-0.0653998,0,-0.00526379,-0.999503,-0.0307581,0,-0.0652688,0.0310366,-0.997385,0,0.572087,0.266335,0.430356,1,0.463996,0.9783,-0.100745,-1.2176,0.0679392,2.26007,1.18804,-0.00373598,0.00103843,0.000996285,-0.00744604,-0.0052788,0.00221746,0.00178199,0,0,0,0,0,0,0,0.263678,-38.1592,-0.0220177,22.635,0.879906,2.14433,0.0498535,0,0,0,0,0,0,0,0,0,0,0,0,0,0,0,0,0,0,0,0,0,0,0,0,0,0,0.127973,-0.181735,0.0997381,0.125777,0.0521369,-0.0277909,0.0958878,-0.127865,0.319892,0.397714,-0.0896311,-0.237838,0.125673,0.0799058,0
717.504,0.47001,0.26105,-0.0615014,-1.45214,0.0705796,1.66491,1.1916,0.997849,-0.00329119,-0.0653313,0,-0.00530405,-0.999506,-0.0306602,0,-0.0651994,0.0309413,-0.997392,0,0.572142,0.266231,0.430328,1,0.463996,0.9783,-0.100745,-1.2176,0.0679392,2.26007,1.18804,-0.000344963,-0.000438978,-0.00325731,-0.00121607,-5.63453e-05,0.000408171,-0.00227623,0,0,0,0,0,0,0,0.263678,-38.0442,0.0890663,22.5239,0.889061,2.16447,0.109363,0,0,0,0,0,0,0,0,0,0,0,0,0,0,0,0,0,0,0,0,0,0,0,0,0,0,0.0797438,-0.104675,0.0749772,0.0901786,0.0480488,-0.0397425,0.091376,0.015536,0.302435,0.347638,-0.0962876,-0.109843,0.0845679,0.0799058,0
717.538,0.46995,0.261004,-0.0616967,-1.45214,0.0705603,1.66493,1.19158,0.997853,-0.00352312,-0.0652489,0,-0.00553147,-0.999506,-0.0306245,0,-0.06511,0.0309203,-0.997399,0,0.572206,0.266089,0.430358,1,0.463996,0.9783,-0.100745,-1.2176,0.0679392,2.26007,1.18804,-0.00564584,-0.00193847,-0.0107013,-0.000887565,0.000267988,-8.16894e-05,0.000689815,0,0,0,0,0,0,0,0.263678,-37.6276,0.0493934,22.5239,0.889061,2.16447,0.0690795,0,0,0,0,0,0,0,0,0,0,0,0,0,0,0,0,0,0,0,0,0,0,0,0,0,0,0.364083,0.0470816,0.305575,0.0632107,0.065151,-0.0300161,0.0849915,0.171433,0.838008,0.263732,-0.436469,0.0299576,0.360947,0.0799058,0
717.568,0.469788,0.26098,-0.062037,-1.45213,0.0705486,1.66494,1.19158,0.997857,-0.00401343,-0.0651674,0,-0.00601545,-0.999505,-0.0305538,0,-0.0650138,0.0308809,-0.997406,0,0.572334,0.265814,0.430379,1,0.463996,0.9783,-0.100745,-1.2176,0.0679392,2.26007,1.18804,-0.00708812,-0.0039346,-0.0131556,0.000710134,-3.43867e-05,0.00309337,0.00143687,0,0,0,0,0,0,0,0.227972,-37.5522,0.0493934,22.4485,0.907372,2.1544,0.0498535,0,0,0,0,0,0,0,0,0,0,0,0,0,0,0,0,0,0,0,0,0,0,0,0,0,0,0.631368,0.090257,0.514338,0.123427,0.0858024,-0.0176359,0.0815621,0.386104,1.36945,0.400265,-0.721685,0.0947777,0.617183,0.0799058,0
717.605,0.469497,0.260959,-0.0624842,-1.45212,0.0705332,1.66512,1.19158,0.99787,-0.00474649,-0.0649168,0,-0.00673985,-0.999502,-0.0305215,0,-0.0647409,0.0308946,-0.997424,0,0.572558,0.265421,0.430414,1,0.463996,0.9783,-0.100745,-1.2176,0.0679392,2.26007,1.18804,-0.00900731,-0.00169713,-0.0104261,-0.000330632,-0.000607494,0.00343355,0.00161956,0,0,0,0,0,0,0,0.335089,-37.4372,0.0136879,22.3731,0.916527,2.12419,0.0297119,0,0,0,0,0,0,0,0,0,0,0,0,0,0,0,0,0,0,0,0,0,0,0,0,0,0,0.438358,0.206406,0.336193,0.0753989,0.0830884,-0.036156,0.0740228,0.73518,1.16748,0.350385,-0.618128,0.359617,0.416068,0.0799058,0
717.639,0.469152,0.260816,-0.0627688,-1.45211,0.0705236,1.66544,1.19157,0.997897,-0.00536736,-0.0644472,0,-0.00735509,-0.999494,-0.0306449,0,-0.0642513,0.0310551,-0.99745,0,0.572774,0.26509,0.430534,1,0.463996,0.9783,-0.100745,-1.2176,0.0679392,2.26007,1.18804,-0.00941034,-0.0070852,-0.00873779,0.000543622,-0.000187637,0.00652935,-0.000660882,0,0,0,0,0,0,0,0.370795,-37.4729,0.0493934,22.3374,0.916527,2.1837,0.0892211,0,0,0,0,0,0,0,0,0,0,0,0,0,0,0,0,0,0,0,0,0,0,0,0,0,0,0.303506,0.646766,0.190191,-0.126704,0.0734557,-0.042688,0.0714635,1.38007,1.19482,-0.0994205,-0.756117,1.00247,0.264456,0.0799058,0
717.673,0.468668,0.260595,-0.0629858,-1.4521,0.070515,1.66552,1.19157,0.997913,-0.00605727,-0.0641455,0,-0.00804162,-0.999486,-0.0307219,0,-0.0639277,0.0311742,-0.997468,0,0.572953,0.264693,0.430685,1,0.463996,0.9783,-0.100745,-1.2176,0.0679392,2.26007,1.18804,-0.0121068,-0.00683233,-0.00547601,0.000586437,0.000230615,-5.7313e-05,-3.25858e-07,0,0,0,0,0,0,0,0.370795,-37.3221,0.0890663,22.2978,0.907372,2.17455,0.0892211,0,0,0,0,0,0,0,0,0,0,0,0,0,0,0,0,0,0,0,0,0,0,0,0,0,0,0.424227,0.502584,0.289582,-0.0405342,0.0817935,-0.00570727,0.0749231,1.1573,1.30937,0.00970546,-0.781734,0.773041,0.384248,0.0799058,0
717.707,0.468087,0.26029,-0.0630801,-1.45208,0.0704536,1.66554,1.19157,0.99793,-0.00671633,-0.0638014,0,-0.00869597,-0.999478,-0.030801,0,-0.0635625,0.0312927,-0.997487,0,0.573115,0.264289,0.430889,1,0.463996,0.9783,-0.100745,-1.2176,0.0679392,2.26007,1.18804,-0.023485,-0.0104984,-6.65112e-05,0.00282141,-0.00559353,0.00234501,0.000301321,0,0,0,0,0,0,0,0.335089,-37.2467,-0.0220177,22.1867,0.916527,2.14433,0.0690795,0,0,0,0,0,0,0,0,0,0,0,0,0,0,0,0,0,0,0,0,0,0,0,0,0,0,0.492595,0.83242,0.347278,-0.218577,0.0906242,-0.0212475,0.0758221,1.39312,1.52804,-0.386549,-1.00921,1.14298,0.449501,0.0799058,0
717.741,0.467512,0.259795,-0.0630889,-1.45202,0.070291,1.66571,1.19158,0.997973,-0.00727564,-0.0630765,0,-0.00924426,-0.999468,-0.0309742,0,-0.0628188,0.0314951,-0.997528,0,0.573284,0.263922,0.431243,1,0.463996,0.9783,-0.100745,-1.2176,0.0679392,2.26007,1.18804,-0.0145703,-0.0212841,-0.000267218,0.0031605,-0.00560416,0.0129277,0.000777738,0,0,0,0,0,0,0,0.299384,-37.1714,0.0136879,22.1867,0.916527,2.14433,0.0498535,0,0,0,0,0,0,0,0,0,0,0,0,0,0,0,0,0,0,0,0,0,0,0,0,0,0,0.21443,1.09596,0.133097,-0.386851,0.0753246,-0.0485133,0.075468,1.73093,1.21272,-0.718355,-0.907514,1.54928,0.181258,0.0799058,0
717.775,0.46704,0.259149,-0.0630961,-1.45186,0.0702686,1.66597,1.19157,0.998029,-0.0077287,-0.0621152,0,-0.00969479,-0.99945,-0.0314131,0,-0.0618394,0.031954,-0.997574,0,0.573433,0.263647,0.431746,1,0.463996,0.9783,-0.100745,-1.2176,0.0679392,2.26007,1.18804,-0.0147538,-0.0219413,0.00207836,0.00577107,-0.00074406,0.000678429,0.000199394,0,0,0,0,0,0,0,0.299384,-37.1317,-0.0220177,22.147,0.924767,2.17455,0.0690795,0,0,0,0,0,0,0,0,0,0,0,0,0,0,0,0,0,0,0,0,0,0,0,0,0,0,0.289875,0.928797,0.20231,-0.376733,0.0748722,-0.0409305,0.075932,1.1458,1.09135,-0.755955,-0.832683,1.1846,0.260475,0.0799058,0
717.809,0.466686,0.258288,-0.0631139,-1.45165,0.070261,1.666,1.19157,0.998088,-0.00806946,-0.0611235,0,-0.0100336,-0.999431,-0.0318947,0,-0.0608326,0.0324477,-0.99762,0,0.573496,0.263415,0.432389,1,0.463996,0.9783,-0.100745,-1.2176,0.0679392,2.26007,1.18804,-0.0085806,-0.0306924,-0.000146556,0.0075708,0.00038429,-0.000107445,0.00102522,0,0,0,0,0,0,0,0.263678,-37.0563,0.0493934,22.2224,0.907372,2.1837,0.0498535,0,0,0,0,0,0,0,0,0,0,0,0,0,0,0,0,0,0,0,0,0,0,0,0,0,0,0.0906825,1.27854,0.0585314,-0.508961,0.0672121,-0.0340882,0.0751602,1.83607,1.06841,-1.05412,-0.889725,1.77374,0.0716129,0.0799058,0
717.842,0.466421,0.257105,-0.0631122,-1.45163,0.070261,1.66601,1.19157,0.998151,-0.00829801,-0.0600491,0,-0.0102606,-0.999411,-0.0324484,0,-0.0597457,0.0330052,-0.997668,0,0.573465,0.263213,0.433146,1,0.463996,0.9783,-0.100745,-1.2176,0.0679392,2.26007,1.18804,-0.00521329,-0.0394062,0.00115081,-0.00151615,-0.000482849,0.000496871,0.000169201,0,0,0,0,0,0,0,0.299384,-37.0166,-0.0220177,22.2978,0.907372,2.17455,0.0599243,0,0,0,0,0,0,0,0,0,0,0,0,0,0,0,0,0,0,0,0,0,0,0,0,0,0,0.195981,1.30037,0.154602,-0.437697,0.069265,-0.0201094,0.0738481,2.14655,1.385,-0.880669,-1.04559,1.87626,0.179671,0.0799058,0
717.876,0.466221,0.255556,-0.0631123,-1.45162,0.070262,1.666,1.19157,0.998232,-0.00845647,-0.0586713,0,-0.0104153,-0.999386,-0.033161,0,-0.058356,0.0337141,-0.997726,0,0.573379,0.263028,0.434125,1,0.463996,0.9783,-0.100745,-1.2176,0.0679392,2.26007,1.18804,-0.00742461,-0.0468329,0.000845779,0.000106538,-3.71147e-05,0.000231155,0.000385426,0,0,0,0,0,0,0,0.263678,-36.9809,-0.0220177,22.2224,0.898217,2.19377,0.0599243,0,0,0,0,0,0,0,0,0,0,0,0,0,0,0,0,0,0,0,0,0,0,0,0,0,0,0.222836,1.2125,0.15743,-0.403801,0.0653701,-0.0154761,0.0682579,1.99299,1.34108,-0.815826,-1.00684,1.73872,0.197776,0.0799058,0
717.91,0.466092,0.253686,-0.0631204,-1.45163,0.0702563,1.666,1.19157,0.998327,-0.00853939,-0.0570216,0,-0.0104905,-0.999357,-0.0340055,0,-0.0566957,0.0345474,-0.997794,0,0.573242,0.262862,0.4353,1,0.463996,0.9783,-0.100745,-1.2176,0.0679392,2.26007,1.18804,-0.00212266,-0.0639459,-0.000190112,-0.000287202,-0.00020956,-0.000419549,-0.000946428,0,0,0,0,0,0,0,0.299384,-37.0166,0.0493934,22.2978,0.916527,2.23406,0.099292,0,0,0,0,0,0,0,0,0,0,0,0,0,0,0,0,0,0,0,0,0,0,0,0,0,0,0.1683,1.42527,0.124704,-0.487524,0.0597608,-0.00874131,0.0701677,2.34196,1.41334,-1.01249,-1.10044,2.05826,0.149115,0.0799058,0
717.944,0.465997,0.25155,-0.0631356,-1.45163,0.0702496,1.66599,1.19156,0.998433,-0.00858802,-0.0551242,0,-0.0105266,-0.999323,-0.0349739,0,-0.0547875,0.0355001,-0.997867,0,0.573074,0.262699,0.436644,1,0.463996,0.9783,-0.100745,-1.2176,0.0679392,2.26007,1.18804,7.55665e-05,-0.0649656,-0.00332011,-0.000204722,-0.000297134,-0.00020631,-0.00245738,0,0,0,0,0,0,0,0.263678,-36.9809,0.0890663,22.2978,0.924767,2.24321,0.129504,0,0,0,0,0,0,0,0,0,0,0,0,0,0,0,0,0,0,0,0,0,0,0,0,0,0,0.283938,1.21033,0.238241,-0.387154,0.0739184,0.00816194,0.0710141,1.97952,1.46533,-0.824619,-1.06985,1.7212,0.271771,0.0799058,0
717.978,0.465869,0.2493,-0.0631965,-1.45163,0.0702456,1.66599,1.19155,0.998541,-0.00871445,-0.0531119,0,-0.0106353,-0.999286,-0.0359909,0,-0.0527614,0.0365039,-0.99794,0,0.572914,0.262488,0.438065,1,0.463996,0.9783,-0.100745,-1.2176,0.0679392,2.26007,1.18804,-0.00447533,-0.0678391,-0.00198083,-0.000531692,-0.000219037,-4.85519e-05,-0.00200858,0,0,0,0,0,0,0,0.263678,-36.7508,0.124772,22.262,0.916527,2.24321,0.129504,0,0,0,0,0,0,0,0,0,0,0,0,0,0,0,0,0,0,0,0,0,0,0,0,0,0,0.399001,0.940538,0.369726,-0.235782,0.0879326,0.0247906,0.0796294,1.66341,1.56244,-0.501101,-1.03737,1.34687,0.403293,0.0799058,0
718.012,0.465778,0.247024,-0.0634223,-1.45163,0.0702456,1.66599,1.19154,0.998645,-0.0089575,-0.0510681,0,-0.0108542,-0.999247,-0.0369842,0,-0.0506993,0.0374892,-0.99801,0,0.572777,0.262207,0.439499,1,0.463996,0.9783,-0.100745,-1.2176,0.0679392,2.26007,1.18804,-0.000580792,-0.0661636,-0.0097827,-0.000717704,-0.000165017,-5.95774e-05,-0.00265854,0,0,0,0,0,0,0,0.227972,-36.9016,0.0890663,22.2224,0.916527,2.24321,0.158801,0,0,0,0,0,0,0,0,0,0,0,0,0,0,0,0,0,0,0,0,0,0,0,0,0,0,0.453428,0.750888,0.42988,-0.166068,0.0886164,0.0381119,0.0842555,1.2871,1.51125,-0.385284,-0.971559,1.03394,0.465608,0.0799058,0
718.046,0.465729,0.244833,-0.0637316,-1.45163,0.0702358,1.666,1.19145,0.998743,-0.00917107,-0.0490771,0,-0.0110387,-0.99921,-0.0379189,0,-0.0486915,0.0384138,-0.998075,0,0.572656,0.261907,0.440878,1,0.463996,0.9783,-0.100745,-1.2176,0.0679392,2.26007,1.18804,-0.00257365,-0.0642256,-0.00799348,6.49428e-06,-0.00107259,0.000774832,-0.00301032,0,0,0,0,0,0,0,0.335089,-36.7112,0.124772,22.262,0.961388,2.21391,0.0791503,0,0,0,0,0,0,0,0,0,0,0,0,0,0,0,0,0,0,0,0,0,0,0,0,0,0,0.287886,0.410377,0.303395,-0.0201203,0.0888504,0.0462525,0.0963804,0.935788,1.10675,-0.0615148,-0.635971,0.637005,0.309627,0.0799058,0
718.08,0.465709,0.242782,-0.064006,-1.45164,0.0702301,1.66599,1.19141,0.99883,-0.0093799,-0.0472353,0,-0.0112176,-0.999175,-0.0387913,0,-0.0468334,0.0392765,-0.99813,0,0.572527,0.261648,0.442164,1,0.463996,0.9783,-0.100745,-1.2176,0.0679392,2.26007,1.18804,-0.0017867,-0.057801,-0.00735481,-0.000390977,-8.11569e-05,2.17714e-05,-0.000745776,0,0,0,0,0,0,0,0.299384,-36.7112,0.0493934,22.3731,0.916527,2.24321,0.0791503,0,0,0,0,0,0,0,0,0,0,0,0,0,0,0,0,0,0,0,0,0,0,0,0,0,0,0.179512,0.266852,0.210425,0.0844175,0.0883532,0.0464712,0.0900497,1.0341,0.950318,0.2147,-0.475631,0.56355,0.201305,0.0799058,0
718.114,0.465707,0.241144,-0.0640488,-1.45154,0.070239,1.66601,1.19142,0.998903,-0.00939212,-0.0456716,0,-0.0112045,-0.999144,-0.0395887,0,-0.0452615,0.0400578,-0.998172,0,0.572396,0.261554,0.443245,1,0.465713,0.242204,-0.064043,-1.45164,0.0702274,1.666,1.19141,-0.000866634,-0.0401358,0.00082534,0.00755146,0.00078599,-0.00147335,1.08956e-05,0,0,0,0,0,0,0,0.446173,-33.3231,0.164445,21.1393,0.889061,2.17455,0.129504,0,0,0,0,0,0,0,0,0,0,0,0,0,0,0,0,0,0,0,0,0,0,0,0,0,0,0.0455973,-0.103166,0.0971218,0.306306,0.0909864,0.0519533,0.0893431,0.930232,0.673093,0.758029,-0.172661,0.220748,0.069589,0.0799058,0
718.148,0.465761,0.240636,-0.0640029,-1.45154,0.0702566,1.66601,1.19143,0.998923,-0.00929186,-0.0452362,0,-0.0110982,-0.999135,-0.0398455,0,-0.0448277,0.0403054,-0.998181,0,0.572319,0.261587,0.443563,1,0.465713,0.242204,-0.064043,-1.45164,0.0702274,1.666,1.19141,0.000143489,-0.000200668,0.0020889,-0.00314453,0.000761367,-0.000291293,-0.000995341,0,0,0,0,0,0,0,0.0454774,-33.1684,-0.323531,21.3654,0.816735,2.22398,0.109363,0,0,0,0,0,0,0,0,0,0,0,0,0,0,0,0,0,0,0,0,0,0,0,0,0,0,0.0955133,0.419143,0.062588,0.388028,0.0649758,0.0925234,0.094047,2.98662,1.609,1.06809,-0.736799,1.36273,0.0830458,0.0799058,0
718.182,0.465819,0.24104,-0.0639931,-1.45173,0.0702507,1.66599,1.19142,0.998899,-0.00923657,-0.0457894,0,-0.0110528,-0.999146,-0.0395711,0,-0.0453857,0.0400344,-0.998167,0,0.572307,0.261627,0.443215,1,0.465713,0.242204,-0.064043,-1.45164,0.0702274,1.666,1.19141,0.0017659,0.0136142,0.000101102,-0.00878929,0.0003547,-0.00149113,-0.00370973,0,0,0,0,0,0,0,-0.315546,-37.9331,-0.434615,23.607,0.870751,2.39244,0.168872,0,0,0,0,0,0,0,0,0,0,0,0,0,0,0,0,0,0,0,0,0,0,0,0,0,0,-0.0207326,0.459458,-0.0718214,0.615081,0.0503941,0.134508,0.0967498,4.2272,1.93017,1.65962,-0.820765,1.83267,-0.0483406,0.0799058,0
718.216,0.465799,0.241352,-0.0640177,-1.4519,0.0702446,1.66599,1.19143,0.998879,-0.00929953,-0.0462153,0,-0.0111227,-0.999154,-0.0393493,0,-0.0458112,0.03982,-0.998156,0,0.572322,0.261605,0.44294,1,0.465713,0.242204,-0.064043,-1.45164,0.0702274,1.666,1.19141,-0.000841681,0.00337357,-0.00130456,-0.00430487,-0.000575177,-0.000408524,-0.000770856,0,0,0,0,0,0,0,0.00977179,-39.4922,-0.0973961,23.8688,0.924767,2.36223,0.099292,0,0,0,0,0,0,0,0,0,0,0,0,0,0,0,0,0,0,0,0,0,0,0,0,0,0,-0.0437824,-0.0340444,-0.0580011,0.74076,0.0424739,0.128056,0.0909842,3.17811,1.44909,1.89172,-0.45824,1.03295,-0.0521213,0.0799058,0
718.25,0.465773,0.241329,-0.0640333,-1.45193,0.0702466,1.66599,1.19144,0.998878,-0.00935428,-0.0462195,0,-0.0111775,-0.999153,-0.0393467,0,-0.0458132,0.0398199,-0.998156,0,0.572326,0.261579,0.44294,1,0.465713,0.242204,-0.064043,-1.45164,0.0702274,1.666,1.19141,-0.000549214,-0.00445741,-0.000750207,0.00174844,-9.69914e-06,0.000671015,0.00210936,0,0,0,0,0,0,0,0.335089,-38.7702,0.124772,23.607,0.907372,2.35216,0.0297119,0,0,0,0,0,0,0,0,0,0,0,0,0,0,0,0,0,0,0,0,0,0,0,0,0,0,0.0612868,-0.839042,0.0522806,1.01039,0.0524156,0.138175,0.0882838,1.63884,0.972008,2.40537,-0.0138096,-0.236937,0.0662789,0.0799058,0
718.284,0.465778,0.241189,-0.064028,-1.45187,0.0702496,1.66599,1.19143,0.998887,-0.0093295,-0.0460352,0,-0.0111497,-0.99915,-0.0394423,0,-0.045629,0.0399124,-0.998161,0,0.57232,0.261583,0.443058,1,0.465713,0.242204,-0.064043,-1.45164,0.0702274,1.666,1.19141,0.000711701,-0.00141813,0.00153639,0.0020748,6.74218e-05,-0.000163258,-0.000370867,0,0,0,0,0,0,0,0.263678,-36.8262,0.0493934,22.7857,0.879906,2.33293,0.119434,0,0,0,0,0,0,0,0,0,0,0,0,0,0,0,0,0,0,0,0,0,0,0,0,0,0,0.164873,-0.695212,0.153149,0.93894,0.0528063,0.134807,0.0884216,1.70657,1.18813,2.23982,-0.189523,-0.105541,0.174887,0.0799058,0
718.318,0.465836,0.241231,-0.0639803,-1.45189,0.0702526,1.666,1.19144,0.998885,-0.00922878,-0.0460962,0,-0.0110508,-0.999152,-0.0394281,0,-0.0456941,0.0398943,-0.998159,0,0.572295,0.261643,0.443022,1,0.465788,0.241183,-0.064023,-1.45187,0.0702465,1.666,1.19144,0.00191897,0.00336039,0.00199261,-0.00113004,-0.000224053,0.000233719,0.000653949,0,0,0,0,0,0,0,-0.422662,-37.4729,-0.585372,23.0079,0.853356,2.31279,0.0599243,0,0,0,0,0,0,0,0,0,0,0,0,0,0,0,0,0,0,0,0,0,0,0,0,0,0,0.00438623,-0.485081,0.00575095,0.861111,0.0484365,0.13884,0.0896297,2.16926,1.10913,2.07415,-0.181153,0.274627,0.00878169,0.0799058,0
718.352,0.465828,0.241335,-0.0639982,-1.452,0.0702507,1.66599,1.19143,0.998876,-0.00925355,-0.0462904,0,-0.0110787,-0.999155,-0.039329,0,-0.0458882,0.0397984,-0.998153,0,0.572293,0.261625,0.442905,1,0.465788,0.241183,-0.064023,-1.45187,0.0702465,1.666,1.19144,-0.000893389,-5.97222e-05,-0.000802461,-0.00449587,0.000217409,-0.000253217,-0.00086901,0,0,0,0,0,0,0,-0.13305,-38.6948,-0.283859,23.4562,0.870751,2.343,0.109363,0,0,0,0,0,0,0,0,0,0,0,0,0,0,0,0,0,0,0,0,0,0,0,0,0,0,-0.0497503,-0.728553,-0.0368876,0.940126,0.0465379,0.136844,0.0843655,1.76923,0.835643,2.24001,0.0324787,-0.0694097,-0.0423686,0.0799058,0
718.386,0.465788,0.241315,-0.0640307,-1.45203,0.0702476,1.66599,1.19143,0.998875,-0.00932903,-0.046295,0,-0.0111539,-0.999155,-0.0393165,0,-0.04589,0.0397894,-0.998154,0,0.572305,0.261581,0.442904,1,0.465788,0.241183,-0.064023,-1.45187,0.0702465,1.666,1.19144,0.000352466,-0.00286648,0.000128384,0.000852783,-9.20033e-05,0.000521439,-0.000518734,0,0,0,0,0,0,0,0.299384,-38.0838,0.0890663,23.3094,0.898217,2.33293,0.0791503,0,0,0,0,0,0,0,0,0,0,0,0,0,0,0,0,0,0,0,0,0,0,0,0,0,0,-0.00926656,-0.743903,0.0086372,0.916717,0.0482195,0.131807,0.0791174,1.58389,0.822505,2.1745,0.0289196,-0.152247,0.00286472,0.0799058,0
718.42,0.465816,0.241277,-0.0640014,-1.45201,0.0702484,1.66599,1.19144,0.998877,-0.00927218,-0.0462461,0,-0.0110965,-0.999154,-0.0393491,0,-0.045843,0.0398189,-0.998155,0,0.57229,0.261612,0.442938,1,0.465788,0.241183,-0.064023,-1.45187,0.0702465,1.666,1.19144,0.00213513,-0.00125088,0.00224872,0.00205743,0.000460457,-0.000419279,-0.000336463,0,0,0,0,0,0,0,-0.0973449,-37.5879,-0.283859,23.0476,0.861596,2.343,0.0690795,0,0,0,0,0,0,0,0,0,0,0,0,0,0,0,0,0,0,0,0,0,0,0,0,0,0,0.0523496,-0.758832,0.0602453,0.917486,0.0493101,0.133382,0.0792572,1.48686,0.886203,2.16381,-0.0125447,-0.211482,0.0640073,0.0799058,0
718.454,0.46583,0.241296,-0.0639933,-1.45202,0.0702517,1.66599,1.19143,0.998876,-0.00924785,-0.0462753,0,-0.011073,-0.999155,-0.0393407,0,-0.0458733,0.0398096,-0.998154,0,0.572284,0.261625,0.44292,1,0.465788,0.241183,-0.064023,-1.45187,0.0702465,1.666,1.19144,-0.000925687,0.000894645,9.67585e-05,-0.000872222,5.87205e-05,8.51448e-05,-0.00111053,0,0,0,0,0,0,0,-0.208429,-37.8537,-0.39891,23.234,0.861596,2.33293,0.099292,0,0,0,0,0,0,0,0,0,0,0,0,0,0,0,0,0,0,0,0,0,0,0,0,0,0,-0.0302577,-0.647963,-0.01194,0.891759,0.0455264,0.135095,0.0741397,1.80479,0.872013,2.12277,-0.0163667,0.0141893,-0.0200039,0.0799058,0
718.488,0.465807,0.241323,-0.0640117,-1.45203,0.0702444,1.66599,1.19143,0.998875,-0.00928778,-0.0463054,0,-0.0111128,-0.999156,-0.039313,0,-0.045902,0.0397841,-0.998153,0,0.572295,0.261601,0.442898,1,0.465788,0.241183,-0.064023,-1.45187,0.0702465,1.666,1.19144,-0.0013551,0.00126102,0.00084316,0.00112093,3.2077e-05,-0.000162331,-0.00163433,0,0,0,0,0,0,0,0.116888,-38.1989,-0.137069,23.3451,0.898217,2.35216,0.109363,0,0,0,0,0,0,0,0,0,0,0,0,0,0,0,0,0,0,0,0,0,0,0,0,0,0,-0.0452155,-0.688923,-0.0203304,0.916749,0.0459148,0.1369,0.0720291,1.79428,0.840796,2.18036,0.0183555,-0.0228691,-0.0328396,0.0799058,0
718.522,0.465791,0.241299,-0.0640298,-1.45202,0.0702454,1.66599,1.19143,0.998876,-0.00932486,-0.0462719,0,-0.0111492,-0.999155,-0.0393256,0,-0.045867,0.0397981,-0.998154,0,0.572304,0.261582,0.442918,1,0.465788,0.241183,-0.064023,-1.45187,0.0702465,1.666,1.19144,-0.000263434,-0.000781916,0.000292372,-0.000276726,0.000142164,-7.52138e-05,-0.000485679,0,0,0,0,0,0,0,0.263678,-37.8934,0.0890663,23.234,0.889061,2.33293,0.0791503,0,0,0,0,0,0,0,0,0,0,0,0,0,0,0,0,0,0,0,0,0,0,0,0,0,0,0.0393895,-0.752718,0.0558737,0.941079,0.0485402,0.133559,0.0755597,1.62917,0.922978,2.23664,-0.0202633,-0.154883,0.0539738,0.0799058,0
718.556,0.465809,0.241304,-0.0640117,-1.45202,0.0702486,1.66599,1.19144,0.998876,-0.0092929,-0.0462808,0,-0.0111177,-0.999155,-0.0393295,0,-0.0458771,0.0398005,-0.998154,0,0.572295,0.261603,0.442915,1,0.465788,0.241183,-0.064023,-1.45187,0.0702465,1.666,1.19144,0.00136994,0.00142023,0.000617385,-0.000468947,-0.00016658,0.000160105,0.00156587,0,0,0,0,0,0,0,0.00977179,-37.9688,-0.137069,23.234,0.889061,2.343,0.0498535,0,0,0,0,0,0,0,0,0,0,0,0,0,0,0,0,0,0,0,0,0,0,0,0,0,0,0.0739104,-0.746331,0.079825,0.915943,0.0484672,0.132818,0.0782719,1.50578,0.930443,2.16315,-0.0420082,-0.198569,0.0860807,0.0799058,0
718.59,0.465817,0.241306,-0.0639986,-1.45203,0.0702496,1.66599,1.19144,0.998875,-0.00927441,-0.0462927,0,-0.0110997,-0.999155,-0.0393285,0,-0.0458897,0.0397989,-0.998153,0,0.572288,0.261614,0.442909,1,0.465788,0.241183,-0.064023,-1.45187,0.0702465,1.666,1.19144,-0.000619253,-0.000768796,0.00185811,-0.000771578,-5.14025e-05,-1.36349e-05,0.00179416,0,0,0,0,0,0,0,-0.0616393,-37.9688,-0.323531,23.3451,0.879906,2.35216,0.0297119,0,0,0,0,0,0,0,0,0,0,0,0,0,0,0,0,0,0,0,0,0,0,0,0,0,0,0.056386,-0.737261,0.0507088,0.922914,0.050135,0.137038,0.0775413,1.5815,0.922337,2.17704,-0.032693,-0.159987,0.0615735,0.0799058,0
718.624,0.465807,0.241301,-0.0640145,-1.45202,0.0702486,1.66599,1.19143,0.998876,-0.00929085,-0.046277,0,-0.0111156,-0.999155,-0.0393308,0,-0.0458734,0.0398017,-0.998154,0,0.572296,0.2616,0.442916,1,0.465788,0.241183,-0.064023,-1.45187,0.0702465,1.666,1.19144,0.000123113,0.00108597,0.000123066,-0.000353345,-0.000528723,0.000189905,-0.00148952,0,0,0,0,0,0,0,0.0811829,-37.9331,-0.0973961,23.234,0.889061,2.33293,0.109363,0,0,0,0,0,0,0,0,0,0,0,0,0,0,0,0,0,0,0,0,0,0,0,0,0,0,0.0421512,-0.722718,0.0359439,0.922399,0.0482511,0.135731,0.076071,1.64225,0.919701,2.18457,-0.0320367,-0.123617,0.0461235,0.0799058,0
718.658,0.465796,0.241309,-0.0640223,-1.45202,0.0702486,1.66599,1.19144,0.998875,-0.00931744,-0.0462902,0,-0.0111423,-0.999155,-0.0393222,0,-0.0458855,0.0397945,-0.998154,0,0.5723,0.26159,0.442909,1,0.465788,0.241183,-0.064023,-1.45187,0.0702465,1.666,1.19144,0.00123448,0.00123514,1.25247e-05,1.34346e-06,-7.4783e-05,-2.3481e-06,0.000601021,0,0,0,0,0,0,0,0.192267,-38.0442,0.0136879,23.3094,0.889061,2.35216,0.0397827,0,0,0,0,0,0,0,0,0,0,0,0,0,0,0,0,0,0,0,0,0,0,0,0,0,0,0.0873475,-0.750664,0.0838224,0.93046,0.0501377,0.135318,0.0750801,1.54998,0.961664,2.19757,-0.0529179,-0.189011,0.095604,0.0799058,0
718.692,0.465816,0.241305,-0.0640039,-1.45202,0.0702507,1.66599,1.19144,0.998875,-0.00927853,-0.0462869,0,-0.0111037,-0.999155,-0.0393309,0,-0.0458837,0.0398014,-0.998154,0,0.57229,0.261611,0.442912,1,0.465788,0.241183,-0.064023,-1.45187,0.0702465,1.666,1.19144,0.00140754,-0.000302563,0.00108768,-0.000811316,3.80439e-05,0.000520213,0.00141169,0,0,0,0,0,0,0,-0.0616393,-37.9688,-0.248153,23.3094,0.870751,2.33293,0.0498535,0,0,0,0,0,0,0,0,0,0,0,0,0,0,0,0,0,0,0,0,0,0,0,0,0,0,0.0856924,-0.735032,0.0738243,0.933595,0.050175,0.13655,0.0740568,1.61976,0.981415,2.20895,-0.0639373,-0.150584,0.0897128,0.0799058,0
718.726,0.465825,0.241299,-0.0640014,-1.45201,0.0702507,1.66599,1.19144,0.998876,-0.00926882,-0.0462707,0,-0.0110937,-0.999155,-0.0393391,0,-0.0458679,0.0398089,-0.998154,0,0.572289,0.261618,0.442922,1,0.465788,0.241183,-0.064023,-1.45187,0.0702465,1.666,1.19144,0.00133254,0.000594917,0.000270196,0.00161052,0.000184166,-0.000434344,0.00221079,0,0,0,0,0,0,0,-0.172723,-37.8934,-0.283859,23.119,0.870751,2.343,0.0297119,0,0,0,0,0,0,0,0,0,0,0,0,0,0,0,0,0,0,0,0,0,0,0,0,0,0,-0.0447105,-0.721728,-0.0355648,0.925234,0.0430288,0.134756,0.0728249,1.72893,0.804296,2.20128,0.0413044,-0.0760663,-0.0391831,0.0799058,0
718.76,0.465801,0.241314,-0.0640198,-1.45202,0.0702496,1.66599,1.19143,0.998875,-0.00930396,-0.0462905,0,-0.0111289,-0.999155,-0.0393236,0,-0.0458864,0.0397953,-0.998154,0,0.572299,0.261595,0.442907,1,0.465788,0.241183,-0.064023,-1.45187,0.0702465,1.666,1.19144,-0.000677846,0.00212641,-0.00138903,-8.52767e-06,6.93052e-05,0.00032476,-0.000726321,0,0,0,0,0,0,0,0.156561,-38.0838,-0.0220177,23.2697,0.879906,2.33293,0.0892211,0,0,0,0,0,0,0,0,0,0,0,0,0,0,0,0,0,0,0,0,0,0,0,0,0,0,0.025998,-0.712692,0.027255,0.908478,0.0491817,0.13349,0.0749445,1.62612,0.886164,2.15275,-0.0166019,-0.115587,0.032132,0.0799058,0
718.794,0.465801,0.241304,-0.0640145,-1.45202,0.0702496,1.66599,1.19143,0.998875,-0.0092978,-0.0462839,0,-0.0111227,-0.999155,-0.0393286,0,-0.04588,0.0397999,-0.998154,0,0.572297,0.261597,0.442913,1,0.465788,0.241183,-0.064023,-1.45187,0.0702465,1.666,1.19144,0.000804706,-9.88135e-05,0.00120891,0.000458858,0.00038311,-0.00124294,-0.00115631,0,0,0,0,0,0,0,0.116888,-37.9688,-0.0973961,23.2697,0.879906,2.35216,0.099292,0,0,0,0,0,0,0,0,0,0,0,0,0,0,0,0,0,0,0,0,0,0,0,0,0,0,0.0389437,-0.722229,0.0539243,0.927985,0.0483003,0.137126,0.0732214,1.66759,0.934123,2.19736,-0.0350448,-0.113545,0.0524961,0.0799058,0
718.828,0.465812,0.241299,-0.0640117,-1.45202,0.0702507,1.66599,1.19143,0.998876,-0.00927799,-0.0462787,0,-0.0111029,-0.999155,-0.0393333,0,-0.0458756,0.0398037,-0.998154,0,0.572293,0.261604,0.442917,1,0.465788,0.241183,-0.064023,-1.45187,0.0702465,1.666,1.19144,-0.000668818,0.000586991,-0.00137729,-0.00149132,0.000385461,-0.000187218,-0.00351394,0,0,0,0,0,0,0,0.00977179,-37.8934,-0.137069,23.2697,0.870751,2.343,0.158801,0,0,0,0,0,0,0,0,0,0,0,0,0,0,0,0,0,0,0,0,0,0,0,0,0,0,0.0608641,-0.700788,0.0622727,0.913529,0.0468903,0.134376,0.0727844,1.66087,0.961067,2.16688,-0.0627175,-0.101282,0.0695256,0.0799058,0
718.862,0.465814,0.241309,-0.0640092,-1.45202,0.0702495,1.66599,1.19143,0.998875,-0.00928177,-0.0462892,0,-0.0111068,-0.999155,-0.0393271,0,-0.045886,0.0397978,-0.998154,0,0.572293,0.261608,0.44291,1,0.465788,0.241183,-0.064023,-1.45187,0.0702465,1.666,1.19144,0.00017285,0.00241391,-9.07465e-05,-0.000402572,0.000256777,-0.000129702,-1.9165e-05,0,0,0,0,0,0,0,-0.0259338,-38.0442,-0.172775,23.2697,0.879906,2.35216,0.0791503,0,0,0,0,0,0,0,0,0,0,0,0,0,0,0,0,0,0,0,0,0,0,0,0,0,0,0.0297014,-0.712949,0.035378,0.918973,0.0477508,0.13534,0.0722942,1.66937,0.910077,2.17867,-0.0261099,-0.102195,0.0381529,0.0799058,0
718.896,0.465804,0.241299,-0.064017,-1.45202,0.0702483,1.66599,1.19143,0.998876,-0.00929584,-0.04628,0,-0.0111206,-0.999155,-0.0393286,0,-0.0458762,0.0397998,-0.998154,0,0.572296,0.261597,0.442915,1,0.465788,0.241183,-0.064023,-1.45187,0.0702465,1.666,1.19144,-0.000848402,-0.000646217,-0.00120995,-0.000642027,8.21474e-06,0.000176672,-0.00195132,0,0,0,0,0,0,0,0.116888,-37.8934,-0.0616905,23.3094,0.889061,2.343,0.109363,0,0,0,0,0,0,0,0,0,0,0,0,0,0,0,0,0,0,0,0,0,0,0,0,0,0,0.0233897,-0.705662,0.0359414,0.914121,0.0488174,0.136594,0.0734264,1.67228,0.906629,2.16357,-0.0251786,-0.0931301,0.0345835,0.0799058,0
718.93,0.465809,0.241296,-0.0640145,-1.45202,0.0702496,1.66599,1.19143,0.998876,-0.00928938,-0.0462778,0,-0.0111142,-0.999155,-0.0393319,0,-0.0458742,0.0398028,-0.998154,0,0.572294,0.261601,0.442918,1,0.465788,0.241183,-0.064023,-1.45187,0.0702465,1.666,1.19144,0.000347209,-0.00144765,-6.63722e-05,-0.000359905,0.000231639,-0.000835793,-0.000822651,0,0,0,0,0,0,0,0.0454774,-37.8537,-0.0973961,23.2697,0.879906,2.36223,0.099292,0,0,0,0,0,0,0,0,0,0,0,0,0,0,0,0,0,0,0,0,0,0,0,0,0,0,0.0466189,-0.700691,0.0652628,0.917901,0.049596,0.133558,0.0729202,1.69087,0.959596,2.18302,-0.0543111,-0.0870699,0.0621215,0.0799058,0
718.964,0.465814,0.241301,-0.064005,-1.45202,0.0702517,1.66599,1.19143,0.998876,-0.00927763,-0.0462794,0,-0.0111027,-0.999155,-0.0393354,0,-0.0458762,0.0398058,-0.998154,0,0.572291,0.26161,0.442916,1,0.465788,0.241183,-0.064023,-1.45187,0.0702465,1.666,1.19144,0.000888401,0.000410012,0.00102592,0.000360512,0.000533757,0.00011131,-0.000285828,0,0,0,0,0,0,0,-0.0259338,-37.9331,-0.212447,23.234,0.861596,2.33293,0.0791503,0,0,0,0,0,0,0,0,0,0,0,0,0,0,0,0,0,0,0,0,0,0,0,0,0,0,0.0358133,-0.701416,0.0480479,0.91977,0.0492205,0.136198,0.0722843,1.70441,0.940657,2.18208,-0.0426355,-0.0807509,0.0475471,0.0799058,0
718.998,0.465812,0.241301,-0.0640117,-1.45202,0.0702496,1.66599,1.19144,0.998876,-0.00928967,-0.0462809,0,-0.0111146,-0.999155,-0.0393307,0,-0.0458773,0.0398016,-0.998154,0,0.572293,0.261605,0.442916,1,0.465788,0.241183,-0.064023,-1.45187,0.0702465,1.666,1.19144,-0.000391108,0.000489309,-0.00123762,0.000748085,9.00124e-05,-0.000526809,0.00100818,0,0,0,0,0,0,0,0.00977179,-37.9331,-0.137069,23.234,0.879906,2.36223,0.0498535,0,0,0,0,0,0,0,0,0,0,0,0,0,0,0,0,0,0,0,0,0,0,0,0,0,0,0.029133,-0.691787,0.0366768,0.918147,0.0480083,0.133096,0.07407,1.73864,0.943095,2.18939,-0.0460033,-0.0598927,0.0383676,0.0799058,0
719.032,0.465804,0.241301,-0.0640198,-1.45202,0.0702476,1.66599,1.19144,0.998876,-0.00930513,-0.0462786,0,-0.0111298,-0.999155,-0.0393274,0,-0.0458744,0.039799,-0.998154,0,0.572298,0.261596,0.442915,1,0.465788,0.241183,-0.064023,-1.45187,0.0702465,1.666,1.19144,0.000258597,7.87569e-05,-0.000193887,-0.000630976,-0.000274255,0.00107421,0.000236318,0,0,0,0,0,0,0,0.116888,-37.9331,-0.0220177,23.2697,0.898217,2.33293,0.0498535,0,0,0,0,0,0,0,0,0,0,0,0,0,0,0,0,0,0,0,0,0,0,0,0,0,0,0.0559678,-0.691765,0.0642195,0.914174,0.0487861,0.132156,0.0735382,1.69962,0.974362,2.17807,-0.0674836,-0.0783938,0.06728,0.0799058,0
719.066,0.465812,0.241301,-0.0640117,-1.45202,0.0702507,1.66599,1.19143,0.998876,-0.00928375,-0.0462824,0,-0.0111087,-0.999155,-0.0393313,0,-0.045879,0.039802,-0.998154,0,0.572293,0.261605,0.442915,1,0.465788,0.241183,-0.064023,-1.45187,0.0702465,1.666,1.19144,0.000501562,0.000349718,-0.000237384,-0.00046806,0.000291885,-0.000405812,-0.000921635,0,0,0,0,0,0,0,0.00977179,-37.9331,-0.137069,23.2697,0.870751,2.35216,0.109363,0,0,0,0,0,0,0,0,0,0,0,0,0,0,0,0,0,0,0,0,0,0,0,0,0,0,0.0431068,-0.708249,0.0535107,0.916301,0.0489466,0.135029,0.0725648,1.66092,0.934335,2.17208,-0.0413851,-0.103313,0.0545801,0.0799058,0
719.1,0.465817,0.241304,-0.0640039,-1.45202,0.0702496,1.66599,1.19144,0.998876,-0.00927844,-0.0462823,0,-0.0111034,-0.999155,-0.0393318,0,-0.0458792,0.0398023,-0.998154,0,0.572291,0.261612,0.442914,1,0.465788,0.241183,-0.064023,-1.45187,0.0702465,1.666,1.19144,0.000334069,0.0010211,0.000900625,-0.000278711,-3.16212e-05,0.000530853,0.00142525,0,0,0,0,0,0,0,-0.0616393,-37.9688,-0.248153,23.2697,0.879906,2.32286,0.0397827,0,0,0,0,0,0,0,0,0,0,0,0,0,0,0,0,0,0,0,0,0,0,0,0,0,0,0.0330355,-0.708432,0.0390981,0.923825,0.0494313,0.135116,0.0750108,1.70335,0.935701,2.1955,-0.0378621,-0.0874361,0.0418553,0.0799058,0
719.134,0.465807,0.241299,-0.0640145,-1.45203,0.0702476,1.66599,1.19144,0.998875,-0.00929864,-0.0462826,0,-0.0111235,-0.999155,-0.0393272,0,-0.0458787,0.0397985,-0.998154,0,0.572294,0.261599,0.442914,1,0.465788,0.241183,-0.064023,-1.45187,0.0702465,1.666,1.19144,-0.000342805,-0.000986754,-3.83874e-05,-0.00176327,-0.000437657,-2.40318e-05,0.0013444,0,0,0,0,0,0,0,0.0811829,-37.8934,-0.0973961,23.3451,0.898217,2.343,0.0397827,0,0,0,0,0,0,0,0,0,0,0,0,0,0,0,0,0,0,0,0,0,0,0,0,0,0,0.0305727,-0.700608,0.0349209,0.925753,0.0494862,0.134397,0.0738349,1.74306,0.94492,2.20584,-0.042112,-0.0660522,0.03827,0.0799058,0
719.168,0.465807,0.241299,-0.0640146,-1.45202,0.0702503,1.66599,1.19144,0.998876,-0.00929669,-0.0462792,0,-0.0111216,-0.999155,-0.0393316,0,-0.0458753,0.0398028,-0.998154,0,0.572295,0.2616,0.442916,1,0.465788,0.241183,-0.064023,-1.45187,0.0702465,1.666,1.19144,0.000692133,0.000730418,-0.000611836,-0.00204483,0.000475166,0.000456017,0.000467959,0,0,0,0,0,0,0,0.0811829,-37.8934,-0.0973961,23.3094,0.870751,2.32286,0.0599243,0,0,0,0,0,0,0,0,0,0,0,0,0,0,0,0,0,0,0,0,0,0,0,0,0,0,0.0516152,-0.6746,0.049585,0.911224,0.0508439,0.13284,0.07082,1.75113,0.976657,2.17308,-0.0693092,-0.0426629,0.0572404,0.0799058,0
719.202,0.465814,0.241301,-0.0640092,-1.45202,0.0702486,1.66599,1.19144,0.998876,-0.00928816,-0.0462796,0,-0.011113,-0.999155,-0.0393307,0,-0.0458761,0.0398016,-0.998154,0,0.572292,0.261607,0.442915,1,0.465788,0.241183,-0.064023,-1.45187,0.0702465,1.666,1.19144,-0.000381762,0.000345442,-0.000719825,-5.64465e-05,-0.000599552,0.000195334,0.00251423,0,0,0,0,0,0,0,-0.0259338,-37.9331,-0.172775,23.2697,0.889061,2.33293,0.0196411,0,0,0,0,0,0,0,0,0,0,0,0,0,0,0,0,0,0,0,0,0,0,0,0,0,0,0.0403982,-0.685894,0.0270082,0.91557,0.0477308,0.133544,0.0711648,1.74366,0.946383,2.18153,-0.0521156,-0.0543196,0.0403192,0.0799058,0
719.236,0.465809,0.241299,-0.0640145,-1.45202,0.0702486,1.66599,1.19144,0.998876,-0.00929494,-0.0462787,0,-0.0111197,-0.999155,-0.03933,0,-0.0458749,0.0398011,-0.998154,0,0.572294,0.261601,0.442916,1,0.465788,0.241183,-0.064023,-1.45187,0.0702465,1.666,1.19144,-0.000861754,-0.00111124,-0.00108674,0.000439073,-0.000444293,1.12895e-05,0.00102025,0,0,0,0,0,0,0,0.0454774,-37.8934,-0.0973961,23.2697,0.889061,2.343,0.0498535,0,0,0,0,0,0,0,0,0,0,0,0,0,0,0,0,0,0,0,0,0,0,0,0,0,0,0.0293244,-0.688934,0.0169502,0.914567,0.0483016,0.133357,0.0712301,1.73793,0.924508,2.17876,-0.0382567,-0.056328,0.0289216,0.0799058,0
719.27,0.465809,0.241299,-0.064017,-1.45202,0.0702464,1.66599,1.19143,0.998876,-0.00929282,-0.0462735,0,-0.0111174,-0.999155,-0.0393294,0,-0.0458698,0.0398004,-0.998154,0,0.572296,0.2616,0.442918,1,0.465788,0.241183,-0.064023,-1.45187,0.0702465,1.666,1.19144,0.00128198,0.000327953,-0.000618546,0.000474329,4.85444e-05,0.000194308,-0.000829241,0,0,0,0,0,0,0,0.0454774,-37.8934,-0.0616905,23.234,0.879906,2.33293,0.0892211,0,0,0,0,0,0,0,0,0,0,0,0,0,0,0,0,0,0,0,0,0,0,0,0,0,0,0.0400696,-0.691507,0.0410251,0.920785,0.0505616,0.134886,0.0716016,1.74448,0.956437,2.1917,-0.0515172,-0.0582285,0.046501,0.0799058,0
719.304,0.465817,0.241299,-0.0640092,-1.45202,0.0702496,1.66599,1.19143,0.998876,-0.0092779,-0.0462798,0,-0.0111028,-0.999155,-0.0393321,0,-0.0458767,0.0398025,-0.998154,0,0.572291,0.261609,0.442917,1,0.465788,0.241183,-0.064023,-1.45187,0.0702465,1.666,1.19144,0.0016782,-0.000655138,0.000525685,-0.000229969,7.79043e-05,-0.00034054,-0.000447732,0,0,0,0,0,0,0,-0.0616393,-37.8934,-0.172775,23.2697,0.879906,2.35216,0.0892211,0,0,0,0,0,0,0,0,0,0,0,0,0,0,0,0,0,0,0,0,0,0,0,0,0,0,0.0504638,-0.698178,0.0457182,0.922363,0.0496678,0.133048,0.0728104,1.7238,0.96462,2.19871,-0.0573158,-0.0741514,0.0551381,0.0799058,0
719.338,0.465809,0.241304,-0.0640117,-1.45202,0.0702496,1.66599,1.19143,0.998876,-0.00928793,-0.046281,0,-0.0111128,-0.999155,-0.0393306,0,-0.0458775,0.0398014,-0.998154,0,0.572295,0.261603,0.442915,1,0.465788,0.241183,-0.064023,-1.45187,0.0702465,1.666,1.19144,-0.000563944,0.00114886,-0.000489454,0.000987283,0.000279054,2.82353e-05,-0.000190186,0,0,0,0,0,0,0,0.0454774,-37.9688,-0.137069,23.234,0.879906,2.343,0.0892211,0,0,0,0,0,0,0,0,0,0,0,0,0,0,0,0,0,0,0,0,0,0,0,0,0,0,0.0319458,-0.691365,0.0251633,0.92255,0.0472785,0.133451,0.0718571,1.76292,0.945037,2.20157,-0.046755,-0.0515089,0.034534,0.0799058,0
719.372,0.465809,0.241301,-0.0640145,-1.45202,0.0702476,1.66599,1.19144,0.998875,-0.00929383,-0.0462836,0,-0.0111187,-0.999155,-0.0393266,0,-0.0458799,0.0397977,-0.998154,0,0.572294,0.261601,0.442914,1,0.465788,0.241183,-0.064023,-1.45187,0.0702465,1.666,1.19144,0.000287111,0.000672026,-0.000124899,-0.00147144,-0.000402331,-0.000598735,0.000334461,0,0,0,0,0,0,0,0.0454774,-37.9331,-0.0973961,23.3094,0.898217,2.35216,0.0599243,0,0,0,0,0,0,0,0,0,0,0,0,0,0,0,0,0,0,0,0,0,0,0,0,0,0,0.0449525,-0.6834,0.0409446,0.918175,0.0480963,0.132324,0.0721825,1.75929,0.969388,2.19314,-0.0634323,-0.0480647,0.0496323,0.0799058,0
719.406,0.465809,0.241301,-0.0640117,-1.45202,0.0702496,1.66599,1.19144,0.998876,-0.00929217,-0.0462809,0,-0.0111171,-0.999155,-0.0393307,0,-0.0458772,0.0398017,-0.998154,0,0.572294,0.261603,0.442916,1,0.465788,0.241183,-0.064023,-1.45187,0.0702465,1.666,1.19144,2.65821e-05,9.93578e-05,-5.667e-05,0.000400081,0.00025176,-0.000916694,0.000512141,0,0,0,0,0,0,0,0.0454774,-37.9331,-0.137069,23.234,0.879906,2.36223,0.0498535,0,0,0,0,0,0,0,0,0,0,0,0,0,0,0,0,0,0,0,0,0,0,0,0,0,0,0.0439615,-0.701689,0.0408941,0.931701,0.0486467,0.134074,0.0665803,1.76354,0.959936,2.22257,-0.048947,-0.0614185,0.0486718,0.0799058,0
719.44,0.465809,0.241301,-0.0640092,-1.45202,0.0702496,1.66599,1.19144,0.998875,-0.00928881,-0.046286,0,-0.0111139,-0.999155,-0.0393291,0,-0.0458825,0.0398001,-0.998154,0,0.572292,0.261604,0.442913,1,0.465788,0.241183,-0.064023,-1.45187,0.0702465,1.666,1.19144,-0.000435105,0.000156354,-0.000396412,-0.00157199,6.48337e-05,-0.000512211,0.000660081,0,0,0,0,0,0,0,0.0454774,-37.9331,-0.172775,23.3094,0.879906,2.36223,0.0599243,0,0,0,0,0,0,0,0,0,0,0,0,0,0,0,0,0,0,0,0,0,0,0,0,0,0,0.037046,-0.6853,0.0329294,0.916087,0.0490873,0.135294,0.0730726,1.74511,0.950705,2.17891,-0.0526805,-0.0526485,0.0411048,0.0799058,0
719.474,0.465809,0.241301,-0.0640117,-1.45202,0.0702496,1.66599,1.19144,0.998876,-0.00929676,-0.0462781,0,-0.0111216,-0.999155,-0.0393318,0,-0.0458742,0.039803,-0.998154,0,0.572295,0.261603,0.442916,1,0.465788,0.241183,-0.064023,-1.45187,0.0702465,1.666,1.19144,0.000139986,0.000860694,0.000748,0.000653181,0.000154559,0.000273205,0.00246188,0,0,0,0,0,0,0,0.0454774,-37.9331,-0.137069,23.234,0.879906,2.33293,0.00957027,0,0,0,0,0,0,0,0,0,0,0,0,0,0,0,0,0,0,0,0,0,0,0,0,0,0,0.0432971,-0.691315,0.0335064,0.911921,0.0492414,0.13535,0.0753803,1.69988,0.942892,2.16421,-0.051388,-0.0751537,0.0452909,0.0799058,0
719.508,0.465807,0.241296,-0.0640145,-1.45202,0.0702495,1.66599,1.19143,0.998876,-0.00929115,-0.0462725,0,-0.0111159,-0.999155,-0.0393341,0,-0.0458688,0.039805,-0.998154,0,0.572295,0.2616,0.44292,1,0.465788,0.241183,-0.064023,-1.45187,0.0702465,1.666,1.19144,-6.99514e-05,-0.00113735,-0.000154069,0.000622481,7.47786e-05,-0.000224427,-0.00112865,0,0,0,0,0,0,0,0.0811829,-37.8537,-0.0973961,23.234,0.879906,2.343,0.109363,0,0,0,0,0,0,0,0,0,0,0,0,0,0,0,0,0,0,0,0,0,0,0,0,0,0,0.0492105,-0.686665,0.0533653,0.91008,0.0492731,0.134591,0.0732473,1.70104,0.959684,2.16137,-0.0609569,-0.071441,0.0580341,0.0799058,0
719.542,0.465814,0.241307,-0.0640117,-1.45201,0.0702496,1.66599,1.19144,0.998876,-0.00928941,-0.0462789,0,-0.0111143,-0.999155,-0.0393311,0,-0.0458753,0.039802,-0.998154,0,0.572294,0.261607,0.442915,1,0.465788,0.241183,-0.064023,-1.45187,0.0702465,1.666,1.19144,0.000384407,0.0020562,-0.000745353,0.00251498,-0.000192178,-0.000101817,0.00185917,0,0,0,0,0,0,0,-0.0259338,-38.0085,-0.137069,23.1587,0.879906,2.343,0.0297119,0,0,0,0,0,0,0,0,0,0,0,0,0,0,0,0,0,0,0,0,0,0,0,0,0,0,0.0404433,-0.68781,0.03927,0.917073,0.0477036,0.133577,0.0741221,1.73906,0.958111,2.18554,-0.0575379,-0.0586548,0.0463588,0.0799058,0
719.576,0.465809,0.241301,-0.0640092,-1.45202,0.0702464,1.66599,1.19143,0.998876,-0.00928413,-0.0462757,0,-0.0111088,-0.999155,-0.0393303,0,-0.0458724,0.0398009,-0.998154,0,0.572294,0.261604,0.442916,1,0.465788,0.241183,-0.064023,-1.45187,0.0702465,1.666,1.19144,-0.000327434,0.000915798,0.000719528,0.000900427,3.8702e-05,0.000473803,-0.00148808,0,0,0,0,0,0,0,0.0454774,-37.9331,-0.172775,23.234,0.879906,2.32286,0.099292,0,0,0,0,0,0,0,0,0,0,0,0,0,0,0,0,0,0,0,0,0,0,0,0,0,0,0.0351899,-0.684054,0.0388692,0.908793,0.0476332,0.132776,0.0723222,1.71822,0.939615,2.16404,-0.0498963,-0.060619,0.0429061,0.0799058,0
719.61,0.465804,0.241301,-0.0640145,-1.45202,0.0702485,1.66599,1.19143,0.998876,-0.00928785,-0.046277,0,-0.0111126,-0.999155,-0.0393308,0,-0.0458734,0.0398016,-0.998154,0,0.572297,0.261599,0.442916,1,0.465788,0.241183,-0.064023,-1.45187,0.0702465,1.666,1.19144,-0.000803921,0.000538715,0.000231569,0.00096366,0.000270125,0.000299696,-0.00333359,0,0,0,0,0,0,0,0.116888,-37.9331,-0.0973961,23.234,0.879906,2.33293,0.158801,0,0,0,0,0,0,0,0,0,0,0,0,0,0,0,0,0,0,0,0,0,0,0,0,0,0,0.0457664,-0.688692,0.0523359,0.927441,0.0502873,0.134994,0.071204,1.77922,0.984861,2.21186,-0.0648902,-0.0454114,0.0552353,0.0799058,0
719.644,0.465812,0.241296,-0.0640092,-1.45202,0.0702507,1.66599,1.19143,0.998876,-0.00928321,-0.0462738,0,-0.0111081,-0.999155,-0.039336,0,-0.0458704,0.0398066,-0.998154,0,0.572293,0.261606,0.442919,1,0.465788,0.241183,-0.064023,-1.45187,0.0702465,1.666,1.19144,0.000271588,-0.00187967,0.000130836,0.000390117,0.000640778,0.000784787,-0.000532001,0,0,0,0,0,0,0,0.00977179,-37.8537,-0.172775,23.2697,0.870751,2.32286,0.0892211,0,0,0,0,0,0,0,0,0,0,0,0,0,0,0,0,0,0,0,0,0,0,0,0,0,0,0.043786,-0.699902,0.049982,0.938726,0.0485852,0.134097,0.0730753,1.7958,0.99152,2.24496,-0.0641232,-0.0509326,0.0532986,0.0799058,0
719.678,0.465809,0.241301,-0.0640117,-1.45202,0.0702495,1.66599,1.19144,0.998876,-0.00929024,-0.0462763,0,-0.0111151,-0.999155,-0.0393327,0,-0.0458726,0.0398036,-0.998154,0,0.572295,0.261603,0.442917,1,0.465788,0.241183,-0.064023,-1.45187,0.0702465,1.666,1.19144,-0.000671059,-0.000243072,8.52472e-05,0.000798688,2.77203e-05,0.000425587,0.000257686,0,0,0,0,0,0,0,0.0454774,-37.8934,-0.137069,23.234,0.879906,2.33293,0.0690795,0,0,0,0,0,0,0,0,0,0,0,0,0,0,0,0,0,0,0,0,0,0,0,0,0,0,0.0452357,-0.684759,0.043153,0.920956,0.0485833,0.132019,0.0699011,1.76919,0.971239,2.20159,-0.0619767,-0.0452414,0.0506329,0.0799058,0
719.712,0.465809,0.241299,-0.0640145,-1.45202,0.0702506,1.66599,1.19144,0.998876,-0.00929602,-0.0462741,0,-0.0111208,-0.999155,-0.0393342,0,-0.0458702,0.0398053,-0.998154,0,0.572295,0.261602,0.442919,1,0.465788,0.241183,-0.064023,-1.45187,0.0702465,1.666,1.19144,0.000157776,-0.000110724,5.81557e-05,0.00126729,0.000349232,-0.000237704,0.0017437,0,0,0,0,0,0,0,0.0454774,-37.8934,-0.0973961,23.1944,0.870751,2.343,0.0397827,0,0,0,0,0,0,0,0,0,0,0,0,0,0,0,0,0,0,0,0,0,0,0,0,0,0,0.0376909,-0.687069,0.0480507,0.917996,0.0496437,0.133155,0.073437,1.7468,0.962739,2.18965,-0.0565718,-0.0538947,0.0485899,0.0799058,0
719.746,0.465812,0.241304,-0.0640118,-1.45202,0.0702507,1.66599,1.19143,0.998876,-0.00928679,-0.0462794,0,-0.0111117,-0.999155,-0.0393323,0,-0.0458759,0.0398031,-0.998154,0,0.572294,0.261605,0.442915,1,0.465788,0.241183,-0.064023,-1.45187,0.0702465,1.666,1.19144,0.000199373,0.00171078,0.000238057,0.000370076,0.000364776,0.000760077,-0.000400881,0,0,0,0,0,0,0,0.00977179,-37.9688,-0.137069,23.234,0.870751,2.32286,0.0791503,0,0,0,0,0,0,0,0,0,0,0,0,0,0,0,0,0,0,0,0,0,0,0,0,0,0,0.0314292,-0.689293,0.0441334,0.92208,0.0488514,0.134096,0.0721506,1.7625,0.95758,2.19891,-0.0512818,-0.0493467,0.0430204,0.0799058,0
719.78,0.465809,0.241301,-0.0640145,-1.45202,0.0702496,1.66599,1.19143,0.998876,-0.00929108,-0.0462756,0,-0.0111159,-0.999155,-0.0393324,0,-0.0458719,0.0398033,-0.998154,0,0.572296,0.261602,0.442916,1,0.465788,0.241183,-0.064023,-1.45187,0.0702465,1.666,1.19144,-0.000680245,1.85875e-05,-0.00124884,0.00116034,8.46882e-05,-7.26483e-05,-0.000988863,0,0,0,0,0,0,0,0.0454774,-37.9331,-0.0973961,23.234,0.879906,2.343,0.0892211,0,0,0,0,0,0,0,0,0,0,0,0,0,0,0,0,0,0,0,0,0,0,0,0,0,0,0.043203,-0.68829,0.0465881,0.921951,0.0489016,0.133985,0.0701071,1.75951,0.967638,2.19823,-0.0586566,-0.0513039,0.0510571,0.0799058,0
719.814,0.465812,0.241299,-0.0640145,-1.45202,0.0702496,1.66599,1.19144,0.998876,-0.00929481,-0.0462753,0,-0.0111196,-0.999155,-0.0393325,0,-0.0458715,0.0398037,-0.998154,0,0.572294,0.261603,0.442918,1,0.465788,0.241183,-0.064023,-1.45187,0.0702465,1.666,1.19144,0.00100604,-5.40099e-06,-0.000259093,0.000480535,0.000144762,-8.31836e-05,0.00139179,0,0,0,0,0,0,0,0.00977179,-37.8934,-0.0973961,23.234,0.879906,2.33293,0.0297119,0,0,0,0,0,0,0,0,0,0,0,0,0,0,0,0,0,0,0,0,0,0,0,0,0,0,0.0440709,-0.677952,0.0426315,0.922275,0.0479675,0.134705,0.071452,1.79415,0.983497,2.20085,-0.0697976,-0.0311801,0.0498328,0.0799058,0
719.848,0.465812,0.241301,-0.0640092,-1.45202,0.0702475,1.66599,1.19143,0.998876,-0.00927856,-0.0462808,0,-0.0111034,-0.999155,-0.0393292,0,-0.0458777,0.0397997,-0.998154,0,0.572293,0.261605,0.442914,1,0.465788,0.241183,-0.064023,-1.45187,0.0702465,1.666,1.19144,0.000731406,0.00162809,0.00108723,-0.000837899,0.00036644,-0.00679471,-0.00246798,0,0,0,0,0,0,0,0.00977179,-37.9331,-0.172775,23.3094,0.870751,2.32286,0.129504,0,0,0,0,0,0,0,0,0,0,0,0,0,0,0,0,0,0,0,0,0,0,0,0,0,0,0.0479106,-0.667311,0.0426031,0.913105,0.0482115,0.132865,0.0729045,1.78624,0.986934,2.18161,-0.0772998,-0.0251306,0.0521271,0.0799058,0
719.882,0.465809,0.241301,-0.0640117,-1.45202,0.0702476,1.66599,1.19145,0.998876,-0.00929994,-0.0462798,0,-0.0111247,-0.999155,-0.0393288,0,-0.0458758,0.0398001,-0.998154,0,0.572294,0.261603,0.442915,1,0.465788,0.241183,-0.064023,-1.45187,0.0702465,1.666,1.19144,-0.000210045,0.000161121,-6.56391e-05,-1.419e-05,-0.000453164,0.000330665,0.00273326,0,0,0,0,0,0,0,0.0454774,-37.9331,-0.137069,23.2697,0.898217,2.33293,0.00957027,0,0,0,0,0,0,0,0,0,0,0,0,0,0,0,0,0,0,0,0,0,0,0,0,0,0,0.0418151,-0.682087,0.0442336,0.922985,0.04904,0.133018,0.0737252,1.78548,0.98206,2.20653,-0.0670673,-0.0375296,0.0492971,0.0799058,0
719.916,0.465809,0.241299,-0.0640145,-1.45202,0.0702486,1.66599,1.19144,0.998876,-0.00929283,-0.046277,0,-0.0111176,-0.999155,-0.0393308,0,-0.0458733,0.0398019,-0.998154,0,0.572295,0.261601,0.442917,1,0.465788,0.241183,-0.064023,-1.45187,0.0702465,1.666,1.19144,-0.000251602,-0.000174559,-0.000907903,-0.000474806,-0.000271859,0.000143324,0.00013359,0,0,0,0,0,0,0,0.0454774,-37.8934,-0.0973961,23.2697,0.889061,2.33293,0.0690795,0,0,0,0,0,0,0,0,0,0,0,0,0,0,0,0,0,0,0,0,0,0,0,0,0,0,0.0376627,-0.677412,0.0423194,0.920481,0.0488994,0.132491,0.0757063,1.7916,0.982237,2.20243,-0.0684692,-0.0309185,0.0460422,0.0799058,0
