1.000000000000000000e+00,0.000000000000000000e+00,0.000000000000000000e+00,5.000000000000000000e-01
0.000000000000000000e+00,-1.000000000000000000e+00,0.000000000000000000e+00,-0.000000000000000000e+00
0.000000000000000000e+00,0.000000000000000000e+00,-1.000000000000000000e+00,1.000000000000000000e+00
0.000000000000000000e+00,0.000000000000000000e+00,0.000000000000000000e+00,1.000000000000000000e+00
9.999540801402002632e-01,9.548957209937310869e-03,8.093374877230143528e-04,4.999447599999999881e-01
9.554686354169426160e-03,-9.999269848940199878e-01,-7.398165274448644316e-03,1.758399999999999970e-04
7.386336302228203692e-04,7.405558517586329284e-03,-9.999723056782137132e-01,9.998904400000000470e-01
0.000000000000000000e+00,0.000000000000000000e+00,0.000000000000000000e+00,1.000000000000000000e+00
9.999502891287239681e-01,9.767750265155878547e-03,-2.002579870892742895e-03,4.999319500000000138e-01
9.767998512942521749e-03,-9.999522854410083372e-01,1.142206458336370722e-04,4.269799999999999811e-04
-2.001368639933729602e-03,-1.337761650267438990e-04,-9.999979883117289248e-01,1.001027679999999975e+00
0.000000000000000000e+00,0.000000000000000000e+00,0.000000000000000000e+00,1.000000000000000000e+00
9.998641446767834173e-01,5.809095433116107446e-03,-1.542551781994015367e-02,5.003997000000000028e-01
6.101955208793991697e-03,-9.998007357130225259e-01,1.900670961341784440e-02,1.341760000000000001e-03
-1.531203227511663406e-02,-1.909825326954975658e-02,-9.997003543010564153e-01,1.002742460000000113e+00
0.000000000000000000e+00,0.000000000000000000e+00,0.000000000000000000e+00,1.000000000000000000e+00
9.993976059211360230e-01,2.007925381853460645e-02,-2.830633931106268930e-02,5.010966100000000534e-01
2.075165034306537121e-02,-9.995045671882283322e-01,2.366409047295101736e-02,2.642119999999999972e-03
-2.781715814279568655e-02,-2.423723862084374570e-02,-9.993191492095481188e-01,1.003889919999999991e+00
0.000000000000000000e+00,0.000000000000000000e+00,0.000000000000000000e+00,1.000000000000000000e+00
9.983302278434804666e-01,4.909724213119073116e-02,-3.043381325263164530e-02,5.007945299999999600e-01
5.038911232644185251e-02,-9.977929976000788903e-01,4.324432100522054845e-02,5.084130000000000073e-03
-2.824346885455207914e-02,-4.470564567658723287e-02,-9.986008770833828541e-01,1.004801250000000090e+00
0.000000000000000000e+00,0.000000000000000000e+00,0.000000000000000000e+00,1.000000000000000000e+00
9.981375583377259941e-01,6.073014999400679070e-02,-5.767453277512805780e-03,4.991968200000000411e-01
6.091844244127816999e-02,-9.972706982964019140e-01,4.171447818127283630e-02,5.094360000000000034e-03
-3.218385640586644315e-03,-4.198813166970693372e-02,-9.991129259461893897e-01,1.004352420000000023e+00
0.000000000000000000e+00,0.000000000000000000e+00,0.000000000000000000e+00,1.000000000000000000e+00
9.988839983457493688e-01,4.181372253670543465e-02,2.196293369367532944e-02,4.976037600000000061e-01
4.062378650192364354e-02,-9.978160161847096088e-01,5.208556244797465234e-02,3.512209999999999985e-03
2.409285825831989497e-02,-5.113521734479235109e-02,-9.984010835971910414e-01,1.002861790000000086e+00
0.000000000000000000e+00,0.000000000000000000e+00,0.000000000000000000e+00,1.000000000000000000e+00
9.988818338605019997e-01,4.106327420443212778e-02,2.342839079179213219e-02,4.977306699999999862e-01
3.986160874001013626e-02,-9.979714988932144593e-01,4.963808563482222797e-02,2.745270000000000175e-03
2.541916859654655414e-02,-4.864868866108536943e-02,-9.984924491248879930e-01,1.001845929999999996e+00
0.000000000000000000e+00,0.000000000000000000e+00,0.000000000000000000e+00,1.000000000000000000e+00
9.990479189135988980e-01,4.243997646025376991e-02,1.010465795860412616e-02,4.986493699999999807e-01
4.203748194678653960e-02,-9.984241939877646077e-01,3.717497775999798609e-02,2.428089999999999936e-03
1.166644015888614744e-02,-3.671480979027203634e-02,-9.992576829407333605e-01,1.002232360000000044e+00
0.000000000000000000e+00,0.000000000000000000e+00,0.000000000000000000e+00,1.000000000000000000e+00
9.989936640040346649e-01,4.372058796956436455e-02,1.000846978263916602e-02,4.987782700000000236e-01
4.331844267655848846e-02,-9.983617894027013717e-01,3.737980717866880992e-02,2.289030000000000058e-03
1.162634094941884279e-02,-3.690863920862334085e-02,-9.992510097807735248e-01,1.002315370000000039e+00
0.000000000000000000e+00,0.000000000000000000e+00,0.000000000000000000e+00,1.000000000000000000e+00
9.989728410277800563e-01,4.425533830381828820e-02,9.732826953159606775e-03,4.989491300000000185e-01
4.384979412344593847e-02,-9.982944665501846115e-01,3.854028555438571840e-02,2.117630000000000120e-03
1.142184066676482992e-02,-3.807391609615144029e-02,-9.992096469054360108e-01,1.002432250000000025e+00
0.000000000000000000e+00,0.000000000000000000e+00,0.000000000000000000e+00,1.000000000000000000e+00
9.991168759264074106e-01,4.122757254614917849e-02,8.108976569682430080e-03,4.994408399999999415e-01
4.086548346253199987e-02,-9.983373959625183591e-01,4.065041308709284318e-02,1.718179999999999924e-03
9.771412407076882772e-03,-4.028313648078774012e-02,-9.991405248586612275e-01,1.002760470000000126e+00
0.000000000000000000e+00,0.000000000000000000e+00,0.000000000000000000e+00,1.000000000000000000e+00
9.991525564966211581e-01,4.061568589993748424e-02,6.673447770380169265e-03,4.998496200000000500e-01
4.032367220067718805e-02,-9.984159588992961298e-01,3.923741168134504964e-02,1.606030000000000044e-03
8.256531143204534282e-03,-3.893506227138514297e-02,-9.992076313856919079e-01,1.003318939999999992e+00
0.000000000000000000e+00,0.000000000000000000e+00,0.000000000000000000e+00,1.000000000000000000e+00
9.991480101908148947e-01,4.103852384204952075e-02,4.369587234674925623e-03,5.002583700000000633e-01
4.083638140373314906e-02,-9.983976054907630626e-01,3.917411523136402063e-02,1.786790000000000123e-03
5.970233293995976138e-03,-3.896230115351097256e-02,-9.992228457172295242e-01,1.003982390000000002e+00
0.000000000000000000e+00,0.000000000000000000e+00,0.000000000000000000e+00,1.000000000000000000e+00
9.991431977634329664e-01,4.130734272658703049e-02,-2.563942263295967538e-03,5.010440800000000028e-01
4.138134106832646458e-02,-9.981012703785493434e-01,4.562278685166488990e-02,2.692069999999999533e-03
-6.745179375492083192e-04,-4.568979651512891649e-02,-9.989554482157640969e-01,1.005604710000000068e+00
0.000000000000000000e+00,0.000000000000000000e+00,0.000000000000000000e+00,1.000000000000000000e+00
9.991250548257366582e-01,4.107840342042445164e-02,-7.854272206775057830e-03,5.015003199999999994e-01
4.142478052940486849e-02,-9.978539449717729326e-01,5.070988130888425677e-02,3.583930000000000362e-03
-5.754335544604452859e-03,-5.099087444532942465e-02,-9.986825413241890992e-01,1.006979059999999926e+00
0.000000000000000000e+00,0.000000000000000000e+00,0.000000000000000000e+00,1.000000000000000000e+00
9.990327130789012910e-01,4.290532885478005182e-02,-9.631767961975323464e-03,5.016422999999999854e-01
4.332415975996199015e-02,-9.978792249361171374e-01,4.858054777364952115e-02,4.217910000000000062e-03
-7.526976770486673053e-03,-4.895084469912375225e-02,-9.987728267348581213e-01,1.008013760000000092e+00
0.000000000000000000e+00,0.000000000000000000e+00,0.000000000000000000e+00,1.000000000000000000e+00
9.989212365551458639e-01,4.523753749436423138e-02,-1.048467265032391668e-02,5.017446899999999932e-01
4.566295351059285884e-02,-9.979566161174234784e-01,4.469325479477776614e-02,4.602069999999999772e-03
-8.441435649692220766e-03,-4.512380246507912557e-02,-9.989457365719444093e-01,1.008758620000000050e+00
0.000000000000000000e+00,0.000000000000000000e+00,0.000000000000000000e+00,1.000000000000000000e+00
9.989585181248107348e-01,4.441339385340793700e-02,-1.045607537768439635e-02,5.018567999999999918e-01
4.479376903746298821e-02,-9.982151120921812781e-01,3.949820560749708193e-02,5.248739999999999135e-03
-8.683163093030875357e-03,-3.992543596776067932e-02,-9.991649324518370179e-01,1.010381320000000027e+00
0.000000000000000000e+00,0.000000000000000000e+00,0.000000000000000000e+00,1.000000000000000000e+00
9.991020372168316621e-01,4.103004895710916228e-02,-1.056666038796279412e-02,5.018709199999999981e-01
4.144818637734868499e-02,-9.982159409116428961e-01,4.297654192594538292e-02,5.631960000000000091e-03
-8.784479222235271403e-03,-4.337591949989302864e-02,-9.990202012633843109e-01,1.011285709999999893e+00
0.000000000000000000e+00,0.000000000000000000e+00,0.000000000000000000e+00,1.000000000000000000e+00
9.992260573807641988e-01,3.741711277266659974e-02,-1.213449311063780588e-02,5.021509600000000351e-01
3.795473903251897485e-02,-9.981448702193079781e-01,4.760520811691824894e-02,6.845969999999999833e-03
-1.033073261041766132e-02,-4.802892593676511002e-02,-9.987925201147096477e-01,1.013683010000000051e+00
0.000000000000000000e+00,0.000000000000000000e+00,0.000000000000000000e+00,1.000000000000000000e+00
9.990822023618435299e-01,4.075172060373091765e-02,-1.319280833049150947e-02,5.023547400000000218e-01
4.132676782804292626e-02,-9.980523492155050080e-01,4.672907538460326082e-02,7.532520000000000014e-03
-1.126282312285289619e-02,-4.723140367645610460e-02,-9.988204760226208068e-01,1.014823760000000075e+00
0.000000000000000000e+00,0.000000000000000000e+00,0.000000000000000000e+00,1.000000000000000000e+00
9.984617463431451068e-01,5.125980206958900831e-02,-2.113229237883605324e-02,5.038125999999999438e-01
5.196477870801442800e-02,-9.980603008609308935e-01,3.428261394958498354e-02,1.050473999999999852e-02
-1.933398208401839943e-02,-3.532801349036975014e-02,-9.991887352245315546e-01,1.020736010000000027e+00
0.000000000000000000e+00,0.000000000000000000e+00,0.000000000000000000e+00,1.000000000000000000e+00
9.982394377073138259e-01,5.269520280357397474e-02,-2.722573428351187513e-02,5.047563199999999251e-01
5.347840015297660593e-02,-9.981510871218866043e-01,2.888715968166678111e-02,1.189176999999999942e-02
-2.565318153493433700e-02,-3.029229075006069360e-02,-9.992118350971677110e-01,1.023899230000000049e+00
0.000000000000000000e+00,0.000000000000000000e+00,0.000000000000000000e+00,1.000000000000000000e+00
9.983165698060365578e-01,4.891253719068658357e-02,-3.117034097150143956e-02,5.052051499999999917e-01
4.990462584951606273e-02,-9.982448348829515705e-01,3.188695577081171462e-02,1.253598999999999859e-02
-2.955595996630413363e-02,-3.338882051045816146e-02,-9.990053212547922445e-01,1.025282210000000083e+00
0.000000000000000000e+00,0.000000000000000000e+00,0.000000000000000000e+00,1.000000000000000000e+00
9.984492574959376032e-01,3.690795407565053421e-02,-4.167592988478057564e-02,5.063412099999999860e-01
3.844556485834552118e-02,-9.985859295546191117e-01,3.671620675206840184e-02,1.429864999999999955e-02
-4.026187711140929298e-02,-3.826152403508720906e-02,-9.984563270519037914e-01,1.028964690000000015e+00
0.000000000000000000e+00,0.000000000000000000e+00,0.000000000000000000e+00,1.000000000000000000e+00
9.982333402140922685e-01,3.058321304472093674e-02,-5.093982297650099383e-02,5.075088100000000324e-01
3.245800195841386931e-02,-9.988103219763235785e-01,3.639256548280506154e-02,1.619771999999999879e-02
-4.976621940517130666e-02,-3.798167707479310762e-02,-9.980384339356388468e-01,1.032835160000000085e+00
0.000000000000000000e+00,0.000000000000000000e+00,0.000000000000000000e+00,1.000000000000000000e+00
9.981955765516841161e-01,2.667644139613637236e-02,-5.379552422915934162e-02,5.082402799999999887e-01
2.861345414880992269e-02,-9.989576908588623239e-01,3.556405651222046410e-02,1.737191999999999903e-02
-5.279073019314584059e-02,-3.703915966067481552e-02,-9.979184533103421240e-01,1.034777220000000053e+00
0.000000000000000000e+00,0.000000000000000000e+00,0.000000000000000000e+00,1.000000000000000000e+00
9.981426972676845644e-01,2.649625207625124976e-02,-5.485530527764324871e-02,5.088676100000000257e-01
2.837012241507956209e-02,-9.990303292037658878e-01,3.366804843124931307e-02,1.860851000000000172e-02
-5.391003659194718023e-02,-3.516176839874952248e-02,-9.979265293586134788e-01,1.036644289999999913e+00
0.000000000000000000e+00,0.000000000000000000e+00,0.000000000000000000e+00,1.000000000000000000e+00
9.981516947814748075e-01,3.621444807864081239e-02,-4.880274536569456645e-02,5.088035600000000436e-01
3.744549968484239821e-02,-9.989970352331916104e-01,2.455113334747625192e-02,1.910498000000000057e-02
-4.786469218768529821e-02,-2.633319854579996289e-02,-9.985066519037946176e-01,1.036578750000000104e+00
0.000000000000000000e+00,0.000000000000000000e+00,0.000000000000000000e+00,1.000000000000000000e+00
9.977436598052575878e-01,3.960765047587321702e-02,-5.421091534176097904e-02,5.105484000000000133e-01
4.053609675922172778e-02,-9.990477885356644494e-01,1.613508851929350979e-02,2.257467000000000154e-02
-5.352022214021097402e-02,-1.829618118022129786e-02,-9.983991364060181839e-01,1.041648480000000099e+00
0.000000000000000000e+00,0.000000000000000000e+00,0.000000000000000000e+00,1.000000000000000000e+00
9.975898359921763214e-01,3.976691712425776959e-02,-5.686045574505752681e-02,5.115171800000000157e-01
4.041540269421710352e-02,-9.991298708838541875e-01,1.030030740694705925e-02,2.422216000000000299e-02
-5.640136833594997651e-02,-1.257352019307852488e-02,-9.983289999993922859e-01,1.043828430000000029e+00
0.000000000000000000e+00,0.000000000000000000e+00,0.000000000000000000e+00,1.000000000000000000e+00
9.978311778838314661e-01,3.400745255364973768e-02,-5.635985817740098852e-02,5.115605200000000741e-01
3.450270194299464438e-02,-9.993738737080415380e-01,7.837353406379820447e-03,2.416154999999999692e-02
-5.605804136427141454e-02,-9.764922969224151122e-03,-9.983797585477215408e-01,1.043683240000000012e+00
0.000000000000000000e+00,0.000000000000000000e+00,0.000000000000000000e+00,1.000000000000000000e+00
9.979684914000531704e-01,1.470923366387259096e-02,-6.198813287818596973e-02,5.120765699999999532e-01
1.602140724879163799e-02,-9.996568457822353482e-01,2.072450700211045382e-02,2.570141000000000092e-02
-6.166201977287485980e-02,-2.167554210933963360e-02,-9.978616969258795599e-01,1.045353470000000007e+00
0.000000000000000000e+00,0.000000000000000000e+00,0.000000000000000000e+00,1.000000000000000000e+00
9.976672460336419856e-01,3.622090336489253246e-03,-6.816851658385161827e-02,5.133849299999999616e-01
5.495725515944314965e-03,-9.996116889640418446e-01,2.731791147780034817e-02,2.887632000000000046e-02
-6.804309805338040751e-02,-2.762882096742183546e-02,-9.972997468460764736e-01,1.048981249999999976e+00
0.000000000000000000e+00,0.000000000000000000e+00,0.000000000000000000e+00,1.000000000000000000e+00
9.974763140277530526e-01,4.180754528968389123e-03,-7.087682445747951754e-02,5.148550400000000415e-01
5.776320040021224768e-03,-9.997341500180768614e-01,2.232181476558265168e-02,3.245499000000000300e-02
-7.076465982680270328e-02,-2.267488873627045501e-02,-9.972352843438676562e-01,1.052654339999999911e+00
0.000000000000000000e+00,0.000000000000000000e+00,0.000000000000000000e+00,1.000000000000000000e+00
9.972883437137971541e-01,2.417644615787565426e-02,-6.950869689303039445e-02,5.153488500000000805e-01
2.429062415990237284e-02,-9.997046209525017879e-01,7.977619556164265062e-04,3.335284999999999639e-02
-6.946887843138251084e-02,-2.484008331467760147e-03,-9.975810265998923398e-01,1.052657930000000075e+00
0.000000000000000000e+00,0.000000000000000000e+00,0.000000000000000000e+00,1.000000000000000000e+00
9.970713347847560692e-01,2.642089482283267385e-02,-7.176830545098623892e-02,5.168662299999999821e-01
2.554806504264381731e-02,-9.995883759124319923e-01,-1.305278182319104426e-02,3.709047000000000038e-02
-7.208363006343455892e-02,1.118101325944116826e-02,-9.973359189457532414e-01,1.056129839999999875e+00
0.000000000000000000e+00,0.000000000000000000e+00,0.000000000000000000e+00,1.000000000000000000e+00
9.971400394029351633e-01,1.908262439673000244e-02,-7.312725391840567413e-02,5.173705299999999951e-01
1.869421229405629492e-02,-9.998072908993675956e-01,-5.992285972226023619e-03,3.945363999999999816e-02
-7.322751017355709491e-02,4.608091861227075689e-03,-9.973046160743367361e-01,1.057758870000000018e+00
0.000000000000000000e+00,0.000000000000000000e+00,0.000000000000000000e+00,1.000000000000000000e+00
9.971101678346793173e-01,8.962476171127982047e-03,-7.543863215607717054e-02,5.177086599999999317e-01
9.803654015096032251e-03,-9.998937527576005069e-01,1.078756526168330766e-02,4.220652000000000431e-02
-7.533393371283785001e-02,-1.149596525763487732e-02,-9.970920926444784005e-01,1.059327549999999896e+00
0.000000000000000000e+00,0.000000000000000000e+00,0.000000000000000000e+00,1.000000000000000000e+00
9.969846937632176331e-01,1.074942926069325129e-02,-7.685031016484530908e-02,5.181056199999999334e-01
1.112199939646341292e-02,-9.999283725809655632e-01,4.421632844027156319e-03,4.485402999999999613e-02
-7.679727554600254691e-02,-5.263029370207234457e-03,-9.970328374685357709e-01,1.060784610000000017e+00
0.000000000000000000e+00,0.000000000000000000e+00,0.000000000000000000e+00,1.000000000000000000e+00
9.968775505201590281e-01,1.164641370260323903e-02,-7.809936182066870569e-02,5.192120700000000255e-01
1.119163753407832924e-02,-9.999177875044906738e-01,-6.258233091709912432e-03,4.943795999999999607e-02
-7.816582704886912425e-02,5.364632325908218202e-03,-9.969259371697449801e-01,1.063984829999999882e+00
0.000000000000000000e+00,0.000000000000000000e+00,0.000000000000000000e+00,1.000000000000000000e+00
9.967772172202323810e-01,1.131062928497694915e-02,-7.941818995587672514e-02,5.195419700000000196e-01
1.065945455242474187e-02,-9.999060443866807368e-01,-8.618493350128694774e-03,5.201244000000000006e-02
-7.950820875440904600e-02,7.744163231701853972e-03,-9.968041295442681138e-01,1.065574490000000152e+00
0.000000000000000000e+00,0.000000000000000000e+00,0.000000000000000000e+00,1.000000000000000000e+00
9.969265391638186813e-01,1.020156753115351173e-02,-7.767498651920917707e-02,5.194318799999999570e-01
9.751002789052155145e-03,-9.999333746353537000e-01,-6.177720854983448015e-03,5.533099999999999824e-02
-7.773283383139914515e-02,5.401324861690395135e-03,-9.969595940830694447e-01,1.067034910000000059e+00
0.000000000000000000e+00,0.000000000000000000e+00,0.000000000000000000e+00,1.000000000000000000e+00
9.968680874592285024e-01,1.130985297918184196e-02,-7.826942845689913164e-02,5.198653800000000436e-01
1.078870558836007507e-02,-9.999167490375173717e-01,-7.078052413678440069e-03,5.865474999999999856e-02
-7.834296418382474814e-02,6.211458752369104080e-03,-9.969071159055188369e-01,1.068951339999999917e+00
0.000000000000000000e+00,0.000000000000000000e+00,0.000000000000000000e+00,1.000000000000000000e+00
9.969482989744037349e-01,1.365069535055236059e-02,-7.686187408910781504e-02,5.199558600000000474e-01
1.324867690914595213e-02,-9.998957690348919680e-01,-5.737911316809249027e-03,6.028774000000000632e-02
-7.693218918112572358e-02,4.702082790520914143e-03,-9.970252397433229108e-01,1.069787290000000057e+00
0.000000000000000000e+00,0.000000000000000000e+00,0.000000000000000000e+00,1.000000000000000000e+00
9.969960478074481047e-01,1.679384683369455553e-02,-7.560983642923391201e-02,5.205167000000000543e-01
1.623709461317748501e-02,-9.998363866664276012e-01,-7.972242867913018408e-03,6.465651000000000037e-02
-7.573135027748958970e-02,6.720610563682049080e-03,-9.971056092404653182e-01,1.072540129999999925e+00
0.000000000000000000e+00,0.000000000000000000e+00,0.000000000000000000e+00,1.000000000000000000e+00
9.967759730119655215e-01,2.604261236042052993e-02,-7.589098739306499031e-02,5.214059799999999356e-01
2.480269373203957198e-02,-9.995437817653093360e-01,-1.723527539491113633e-02,7.009237000000000106e-02
-7.630521613680235626e-02,1.529740748455946965e-02,-9.969671525755334773e-01,1.076166839999999958e+00
0.000000000000000000e+00,0.000000000000000000e+00,0.000000000000000000e+00,1.000000000000000000e+00
9.966029200884094497e-01,3.130938849048160721e-02,-7.617310459478371376e-02,5.223929999999999962e-01
2.949463916764436325e-02,-9.992563992693754837e-01,-2.483374276208598352e-02,7.589732999999999896e-02
-7.689399151836390223e-02,2.250268231911690953e-02,-9.967853045449750482e-01,1.079799799999999976e+00
0.000000000000000000e+00,0.000000000000000000e+00,0.000000000000000000e+00,1.000000000000000000e+00
9.969941322243317527e-01,2.693813925692159494e-02,-7.264321691408402726e-02,5.227850699999999629e-01
2.519894483515303096e-02,-9.993759594120840140e-01,-2.475287717360873455e-02,7.871720999999999580e-02
-7.326468105060500446e-02,2.284794088209144911e-02,-9.970507801050063623e-01,1.081548769999999937e+00
0.000000000000000000e+00,0.000000000000000000e+00,0.000000000000000000e+00,1.000000000000000000e+00
9.976945405357633412e-01,1.464969003256969514e-02,-6.626454834285086526e-02,5.229318200000000472e-01
1.354907721079410231e-02,-9.997631996573752566e-01,-1.702842087756523126e-02,8.132621999999999074e-02
-6.649831796269986550e-02,1.609133906165635675e-02,-9.976567759080947617e-01,1.083360980000000140e+00
0.000000000000000000e+00,0.000000000000000000e+00,0.000000000000000000e+00,1.000000000000000000e+00
9.979038710250508482e-01,1.107339010492649004e-02,-6.375926775616949649e-02,5.238232000000000443e-01
9.750576670728722944e-03,-9.997314875092668807e-01,-2.102092141408137133e-02,8.681321999999999650e-02
-6.397492045956007511e-02,2.035516922289913599e-02,-9.977438933103525143e-01,1.087088550000000042e+00
0.000000000000000000e+00,0.000000000000000000e+00,0.000000000000000000e+00,1.000000000000000000e+00
9.980102742688674589e-01,1.216378472852846365e-02,-6.186707359216468000e-02,5.243817499999999798e-01
1.045080406345630375e-02,-9.995550613584202049e-01,-2.793671432349043374e-02,8.960432000000001507e-02
-6.217936271953539845e-02,2.723456726006653547e-02,-9.976933422640191784e-01,1.089020080000000057e+00
0.000000000000000000e+00,0.000000000000000000e+00,0.000000000000000000e+00,1.000000000000000000e+00
9.981162925922486551e-01,1.723218571789048373e-02,-5.888054209404890854e-02,5.250971199999999728e-01
1.530013142002233269e-02,-9.993346656927681870e-01,-3.310788309834434423e-02,9.278316000000000341e-02
-5.941188803964219528e-02,3.214463750157591643e-02,-9.977158662863176986e-01,1.091155470000000127e+00
0.000000000000000000e+00,0.000000000000000000e+00,0.000000000000000000e+00,1.000000000000000000e+00
9.981182956494519809e-01,2.189676864028332337e-02,-5.727477117324160372e-02,5.262209300000000312e-01
1.996965704963288984e-02,-9.992221178751337085e-01,-3.400546936086239896e-02,9.900325999999999571e-02
-5.797482804763917641e-02,3.279772358329780674e-02,-9.977791482290058189e-01,1.095245440000000015e+00
0.000000000000000000e+00,0.000000000000000000e+00,0.000000000000000000e+00,1.000000000000000000e+00
9.979142326953324149e-01,3.026346902726029242e-02,-5.702022997605430549e-02,5.268869400000000258e-01
2.805535654684172819e-02,-9.988399765671817088e-01,-3.913563823807611475e-02,1.024209400000000020e-01
-5.813846534881746825e-02,3.745428752103072134e-02,-9.976056812153668574e-01,1.097556299999999929e+00
0.000000000000000000e+00,0.000000000000000000e+00,0.000000000000000000e+00,1.000000000000000000e+00
9.978492431840768617e-01,3.379277978675650218e-02,-5.616881618166294499e-02,5.275864399999999899e-01
3.144213842278076321e-02,-9.986134972132265641e-01,-4.221936895516695265e-02,1.055939500000000059e-01
-5.751764779933506155e-02,4.036249766619506851e-02,-9.975282396873674795e-01,1.099734039999999968e+00
0.000000000000000000e+00,0.000000000000000000e+00,0.000000000000000000e+00,1.000000000000000000e+00
9.976781253946228611e-01,3.712349951674578236e-02,-5.709819517902264135e-02,5.290387699999999915e-01
3.442754595584638505e-02,-9.982779334860304443e-01,-4.749643770136056237e-02,1.085075800000000062e-01
-5.876310227115034285e-02,4.542040619029420051e-02,-9.972381282888149734e-01,1.102336580000000010e+00
0.000000000000000000e+00,0.000000000000000000e+00,0.000000000000000000e+00,1.000000000000000000e+00
9.974211600318539928e-01,4.077767464382597851e-02,-5.906107661864296726e-02,5.301757000000000275e-01
3.778322867199550295e-02,-9.979857302659643770e-01,-5.095988438595374509e-02,1.115833900000000045e-01
-6.102013726492788032e-02,4.859694883583070418e-02,-9.969527969828948510e-01,1.104703599999999897e+00
0.000000000000000000e+00,0.000000000000000000e+00,0.000000000000000000e+00,1.000000000000000000e+00
9.970541396045174976e-01,4.432778559005320224e-02,-6.259464930949226735e-02,5.320860299999999876e-01
4.111401346184617028e-02,-9.978144455187412110e-01,-5.172978069919415695e-02,1.178062199999999893e-01
-6.475091192064541534e-02,4.900387473261538090e-02,-9.966975166351298432e-01,1.109403230000000073e+00
0.000000000000000000e+00,0.000000000000000000e+00,0.000000000000000000e+00,1.000000000000000000e+00
9.972951363230027066e-01,2.955181004240808179e-02,-6.729860020610362037e-02,5.324608600000000358e-01
2.644765550728291753e-02,-9.985654020616414606e-01,-4.655812843790435585e-02,1.173947300000000027e-01
-6.857793074052051518e-02,4.465230485305030084e-02,-9.966459948681170022e-01,1.109804000000000013e+00
0.000000000000000000e+00,0.000000000000000000e+00,0.000000000000000000e+00,1.000000000000000000e+00
9.973375629044413104e-01,1.708205515495734086e-02,-7.089420999992419870e-02,5.345775999999999861e-01
1.385741463248417113e-02,-9.988576978492835767e-01,-4.573042211628474546e-02,1.228698200000000046e-01
-7.159439698421778131e-02,4.462625728103541273e-02,-9.964350151824016288e-01,1.114390559999999919e+00
0.000000000000000000e+00,0.000000000000000000e+00,0.000000000000000000e+00,1.000000000000000000e+00
9.975055755441543104e-01,1.014856261743751417e-02,-6.985437305656770623e-02,5.355855900000000558e-01
7.040481175154596899e-03,-9.989802503512474896e-01,-4.459698457274709205e-02,1.256817299999999915e-01
-7.023573437466483493e-02,4.399393236526484563e-02,-9.965598203479267836e-01,1.116586759999999900e+00
0.000000000000000000e+00,0.000000000000000000e+00,0.000000000000000000e+00,1.000000000000000000e+00
9.978250869525900901e-01,1.054984232676724198e-02,-6.506763154546568728e-02,5.364931099999999953e-01
7.727931859060076930e-03,-9.990248832238231014e-01,-4.346908980883567447e-02,1.290396999999999794e-01
-6.546277504993089358e-02,4.287171009543761652e-02,-9.969336194332373280e-01,1.118995819999999863e+00
0.000000000000000000e+00,0.000000000000000000e+00,0.000000000000000000e+00,1.000000000000000000e+00
9.974426895929070502e-01,1.050133849690447138e-02,-7.069514033822725529e-02,5.387594599999999678e-01
7.671415564888258570e-03,-9.991628833285977063e-01,-4.018310542646379852e-02,1.355703000000000047e-01
-7.105793664960306788e-02,3.953801295281474809e-02,-9.966882738202772485e-01,1.123871379999999975e+00
0.000000000000000000e+00,0.000000000000000000e+00,0.000000000000000000e+00,1.000000000000000000e+00
9.967800251491559793e-01,1.685766313641383005e-02,-7.839260588363669569e-02,5.402907200000000021e-01
1.345483257605071051e-02,-9.989525618468035884e-01,-4.373495924381763655e-02,1.391712499999999963e-01
-7.904776368752275406e-02,4.253937438758519096e-02,-9.959627767555946365e-01,1.126516269999999986e+00
0.000000000000000000e+00,0.000000000000000000e+00,0.000000000000000000e+00,1.000000000000000000e+00
9.961969574325524324e-01,2.576501466887386183e-02,-8.323332278143681651e-02,5.417493100000000394e-01
2.141015215399140470e-02,-9.983757426121885326e-01,-5.279660925007190198e-02,1.426593399999999956e-01
-8.445843585379185503e-02,5.081378339264412680e-02,-9.951305100490369648e-01,1.129230350000000049e+00
0.000000000000000000e+00,0.000000000000000000e+00,0.000000000000000000e+00,1.000000000000000000e+00
9.963430776569561775e-01,3.485962445467248594e-02,-7.800819308216148940e-02,5.427487599999999413e-01
2.984857778283540874e-02,-9.974707903030757272e-01,-6.450647174121015848e-02,1.458954000000000084e-01
-8.005956538357307528e-02,6.194214296451746454e-02,-9.948636272954984872e-01,1.131379550000000123e+00
0.000000000000000000e+00,0.000000000000000000e+00,0.000000000000000000e+00,1.000000000000000000e+00
9.964383639301692686e-01,3.652308515807039385e-02,-7.600428368653924793e-02,5.446712900000000301e-01
3.130560678510197620e-02,-9.971432107081313889e-01,-6.874137271320542031e-02,1.521663299999999885e-01
-7.829780247225445744e-02,6.611718074158624836e-02,-9.947351268246237277e-01,1.135703120000000066e+00
0.000000000000000000e+00,0.000000000000000000e+00,0.000000000000000000e+00,1.000000000000000000e+00
9.971907420484473761e-01,2.560614050687166909e-02,-7.039140246656151734e-02,5.450094199999999667e-01
2.089566469618985706e-02,-9.975436247126069356e-01,-6.685871665039805345e-02,1.548389500000000030e-01
-7.193048845775691646e-02,6.520001812558148813e-02,-9.952763246790573559e-01,1.137088929999999998e+00
0.000000000000000000e+00,0.000000000000000000e+00,0.000000000000000000e+00,1.000000000000000000e+00
9.979891573833888918e-01,1.056344284283963417e-02,-6.249844334461135409e-02,5.451752100000000212e-01
6.952487449858605478e-03,-9.983089145936203668e-01,-5.771459053971795400e-02,1.573467400000000127e-01
-6.300241791751404197e-02,5.716401593847132007e-02,-9.963749146874046891e-01,1.138301320000000061e+00
0.000000000000000000e+00,0.000000000000000000e+00,0.000000000000000000e+00,1.000000000000000000e+00
9.980729137675309337e-01,5.420711476197328030e-03,-6.181484199351243436e-02,5.468106099999999747e-01
1.824739992125651734e-03,-9.983101498143273078e-01,-5.808196881698116792e-02,1.635295100000000168e-01
-6.202522976621870077e-02,5.785724384022677275e-02,-9.963962114579021367e-01,1.142175369999999912e+00
0.000000000000000000e+00,0.000000000000000000e+00,0.000000000000000000e+00,1.000000000000000000e+00
9.976793996751462945e-01,5.746352774860973706e-03,-6.784390093167441682e-02,5.479252999999999485e-01
1.637987381597589501e-03,-9.981694507707944419e-01,-6.045712981335240460e-02,1.670327800000000196e-01
-6.806711732678072391e-02,6.020570552462336383e-02,-9.958625108724118435e-01,1.144037549999999959e+00
0.000000000000000000e+00,0.000000000000000000e+00,0.000000000000000000e+00,1.000000000000000000e+00
9.972453369369452814e-01,7.392118854044439809e-03,-7.380443439500372627e-02,5.489264699999999442e-01
2.543691394344503066e-03,-9.978446008987663651e-01,-6.557196116689084642e-02,1.705872700000000131e-01
-7.413007211388011886e-02,6.520359680285731097e-02,-9.951146785031166342e-01,1.145577010000000007e+00
0.000000000000000000e+00,0.000000000000000000e+00,0.000000000000000000e+00,1.000000000000000000e+00
9.975132618399888962e-01,7.688920989292515225e-03,-7.005835387279633897e-02,5.502712600000000398e-01
2.830238996837136818e-03,-9.975995590936349577e-01,-6.918894018125724965e-02,1.766172200000000192e-01
-7.042217122871406720e-02,6.881860351827280564e-02,-9.951405516856542954e-01,1.148770749999999952e+00
0.000000000000000000e+00,0.000000000000000000e+00,0.000000000000000000e+00,1.000000000000000000e+00
9.980887993371778677e-01,1.120473845196071072e-02,-6.077172429587571201e-02,5.506675699999999951e-01
6.513732867508990367e-03,-9.970216721290915407e-01,-7.684631799273748676e-02,1.801730900000000080e-01
-6.145176906974697539e-02,7.630359848089308950e-02,-9.951891483215967726e-01,1.150172650000000019e+00
0.000000000000000000e+00,0.000000000000000000e+00,0.000000000000000000e+00,1.000000000000000000e+00
9.980962117347406126e-01,1.373681102912058596e-02,-6.012696685772878774e-02,5.508966399999999375e-01
9.304784888713633906e-03,-9.972606538804298371e-01,-7.337989643051182065e-02,1.839917399999999870e-01
-6.097026405498792018e-02,7.268072815215947946e-02,-9.954898988218497946e-01,1.151110610000000145e+00
0.000000000000000000e+00,0.000000000000000000e+00,0.000000000000000000e+00,1.000000000000000000e+00
9.975016366446198823e-01,1.497913711845868211e-02,-6.903702153548721410e-02,5.518738199999999594e-01
9.916775636639929212e-03,-9.972756071211877904e-01,-7.309597117515570508e-02,1.886151500000000092e-01
-6.994385214068107870e-02,7.222872622615647553e-02,-9.949325950311757039e-01,1.152958680000000014e+00
0.000000000000000000e+00,0.000000000000000000e+00,0.000000000000000000e+00,1.000000000000000000e+00
9.968567925388474027e-01,1.367595004672972001e-02,-7.803527125269299480e-02,5.531217600000000179e-01
8.036924253188946349e-03,-9.973632810267393234e-01,-7.212415343091804765e-02,1.948632999999999893e-01
-7.881588049188134604e-02,7.127028868958970587e-02,-9.943382738949516630e-01,1.155210340000000002e+00
0.000000000000000000e+00,0.000000000000000000e+00,0.000000000000000000e+00,1.000000000000000000e+00
9.966976899799186995e-01,1.022224183950183780e-02,-8.055569849780358505e-02,5.534993000000000274e-01
5.013251657418010473e-03,-9.978985128401156590e-01,-6.460205398673633803e-02,1.992613800000000157e-01
-8.104678955093588821e-02,6.398487198752951521e-02,-9.946543892529835507e-01,1.156304089999999896e+00
0.000000000000000000e+00,0.000000000000000000e+00,0.000000000000000000e+00,1.000000000000000000e+00
9.976991089074591645e-01,1.299161647234724909e-02,-6.654100981122534897e-02,5.527104200000000356e-01
8.399461496414035305e-03,-9.975928456230828134e-01,-6.883286575619627923e-02,2.014718999999999816e-01
-6.727508552081082338e-02,6.811558017866188586e-02,-9.954066157129416448e-01,1.155860820000000011e+00
0.000000000000000000e+00,0.000000000000000000e+00,0.000000000000000000e+00,1.000000000000000000e+00
9.979964528778190180e-01,1.591949048537598041e-02,-6.123438467052586681e-02,5.531287799999999866e-01
1.118702176057359207e-02,-9.969787414149609006e-01,-7.686507471387558910e-02,2.068104400000000120e-01
-6.227303258570569128e-02,7.602604152083185240e-02,-9.951593392131997673e-01,1.156931079999999890e+00
0.000000000000000000e+00,0.000000000000000000e+00,0.000000000000000000e+00,1.000000000000000000e+00
9.982289290886982025e-01,1.735999776167081871e-02,-5.690022502719471742e-02,5.533082999999999751e-01
1.252840505241677692e-02,-9.963704479605379749e-01,-8.419601830110111373e-02,2.102295099999999806e-01
-5.815534538865012315e-02,8.333403211552624368e-02,-9.948232983269417185e-01,1.157509000000000121e+00
0.000000000000000000e+00,0.000000000000000000e+00,0.000000000000000000e+00,1.000000000000000000e+00
9.989908740591508796e-01,1.638396423815840011e-02,-4.181864730447776984e-02,5.527847299999999464e-01
1.272565597172877622e-02,-9.961884311996785923e-01,-8.629407409557372788e-02,2.137217899999999948e-01
-4.307309167708724823e-02,8.567482278806250184e-02,-9.953916483041291841e-01,1.157620699999999836e+00
0.000000000000000000e+00,0.000000000000000000e+00,0.000000000000000000e+00,1.000000000000000000e+00
9.993574246616783174e-01,2.083417427249767417e-02,-2.916633257647446159e-02,5.528061300000000067e-01
1.795934227620923918e-02,-9.952600527922436102e-01,-9.557661503206123232e-02,2.211673499999999848e-01
-3.101934555377148378e-02,9.499139170663868648e-02,-9.949946912939041654e-01,1.159062420000000149e+00
0.000000000000000000e+00,0.000000000000000000e+00,0.000000000000000000e+00,1.000000000000000000e+00
9.991897512021042926e-01,2.085079221542894545e-02,-3.442507162905773799e-02,5.529628399999999555e-01
1.752698058374115714e-02,-9.954009825962825131e-01,-9.417902525494879773e-02,2.252582599999999879e-01
-3.623045741215405458e-02,9.349934925091259175e-02,-9.949599115770253466e-01,1.159818340000000170e+00
0.000000000000000000e+00,0.000000000000000000e+00,0.000000000000000000e+00,1.000000000000000000e+00
9.985307592472718596e-01,9.298773178198471365e-03,-5.338403932307559524e-02,5.535696800000000639e-01
5.076825349901696247e-03,-9.968866994207765675e-01,-7.868376174483117380e-02,2.294168099999999988e-01
-5.394950121580236596e-02,7.829713491138216852e-02,-9.954692411035284128e-01,1.160956649999999923e+00
0.000000000000000000e+00,0.000000000000000000e+00,0.000000000000000000e+00,1.000000000000000000e+00
9.983167020174550377e-01,1.095816841055973108e-02,-5.695332315218755437e-02,5.539870799999999651e-01
6.320401815789607539e-03,-9.966955233384249269e-01,-8.098201206459465507e-02,2.362689599999999723e-01
-5.765253675146181367e-02,8.048572731999756313e-02,-9.950870478022977306e-01,1.162795639999999908e+00
0.000000000000000000e+00,0.000000000000000000e+00,0.000000000000000000e+00,1.000000000000000000e+00
9.981674082023120897e-01,2.305381995375783977e-02,-5.594950033931127276e-02,5.541955200000000525e-01
1.775119605150635854e-02,-9.954622568377171632e-01,-9.348684533291293230e-02,2.411257700000000170e-01
-5.785084477706320394e-02,9.232235155745718846e-02,-9.940472137486636717e-01,1.164110720000000043e+00
0.000000000000000000e+00,0.000000000000000000e+00,0.000000000000000000e+00,1.000000000000000000e+00
9.961484696062735678e-01,7.983231360427908707e-02,-3.626331763184223456e-02,5.537279099999999898e-01
7.398909576765944074e-02,-9.872514738955163738e-01,-1.409260124981022433e-01,2.469880100000000078e-01
-4.705146340512655900e-02,1.377001415965836417e-01,-9.893557655341767010e-01,1.165006940000000046e+00
0.000000000000000000e+00,0.000000000000000000e+00,0.000000000000000000e+00,1.000000000000000000e+00
9.935936989341588310e-01,1.074343771081201770e-01,-3.506302972828150705e-02,5.539775499999999298e-01
1.008965429324224505e-01,-9.830624757073351816e-01,-1.529969165717105228e-01,2.562910999999999939e-01
-5.090627724182906350e-02,1.484790337776864255e-01,-9.876044387637302746e-01,1.166999969999999998e+00
0.000000000000000000e+00,0.000000000000000000e+00,0.000000000000000000e+00,1.000000000000000000e+00
9.936361713461782097e-01,1.083961315641840117e-01,-3.061760366895355939e-02,5.537018599999999902e-01
1.027235439655351246e-01,-9.835696251590119177e-01,-1.484542555123364860e-01,2.610605999999999760e-01
-4.620641197571804387e-02,1.443643693107181658e-01,-9.884451913818230739e-01,1.167781750000000063e+00
0.000000000000000000e+00,0.000000000000000000e+00,0.000000000000000000e+00,1.000000000000000000e+00
9.967548528382091932e-01,8.020888876415685487e-02,-6.804227119918370738e-03,5.511795800000000023e-01
7.869515105120949983e-02,-9.887406116271485468e-01,-1.272755912192114203e-01,2.649415800000000099e-01
-1.693624942269214909e-02,1.263271035146124321e-01,-9.918440534545240883e-01,1.167031020000000030e+00
0.000000000000000000e+00,0.000000000000000000e+00,0.000000000000000000e+00,1.000000000000000000e+00
9.984551229917799642e-01,4.887131186631737956e-02,-2.643789416604586454e-02,5.511999899999999730e-01
4.685855541343389441e-02,-9.963009983365430644e-01,-7.203191305368954189e-02,2.731921199999999827e-01
-2.986039443872167201e-02,7.068179107856061016e-02,-9.970518749061608732e-01,1.168554149999999847e+00
0.000000000000000000e+00,0.000000000000000000e+00,0.000000000000000000e+00,1.000000000000000000e+00
9.979957119658475762e-01,1.499258079220136368e-02,-6.147992695970141974e-02,5.523816299999999568e-01
1.166439971641514313e-02,-9.984652003540485099e-01,-5.414042354105941951e-02,2.766288000000000080e-01
-6.219727226363389039e-02,5.331478409539817248e-02,-9.966388679556023034e-01,1.170199580000000017e+00
0.000000000000000000e+00,0.000000000000000000e+00,0.000000000000000000e+00,1.000000000000000000e+00
9.975926185234688104e-01,-1.308830512939023263e-03,-6.933436687659119690e-02,5.536396399999999884e-01
-7.313846490602959882e-03,-9.962313643602330737e-01,-8.642671065394683105e-02,2.792349199999999976e-01
-6.895995299448254290e-02,8.672574950749950551e-02,-9.938426280127861112e-01,1.169788440000000040e+00
0.000000000000000000e+00,0.000000000000000000e+00,0.000000000000000000e+00,1.000000000000000000e+00
9.981640043071763335e-01,-7.121109200471744706e-04,-6.056495194005813432e-02,5.534339500000000633e-01
-6.201575360922407382e-03,-9.958773172714803223e-01,-9.049811825227488393e-02,2.872094499999999773e-01
-6.025081716049004998e-02,9.070756221064193991e-02,-9.940533070159244255e-01,1.170377349999999872e+00
0.000000000000000000e+00,0.000000000000000000e+00,0.000000000000000000e+00,1.000000000000000000e+00
9.987170820010166095e-01,1.365363051153840532e-02,-4.876236759252620262e-02,5.530903200000000242e-01
9.102813388723211135e-03,-9.956843028942943263e-01,-9.235749974048050592e-02,2.919899900000000326e-01
-4.981293916026582197e-02,9.179513790913527982e-02,-9.945312080314315795e-01,1.170396879999999973e+00
0.000000000000000000e+00,0.000000000000000000e+00,0.000000000000000000e+00,1.000000000000000000e+00
9.990515257940005833e-01,2.303417264384133301e-02,-3.695234362382730786e-02,5.525954399999999378e-01
1.900913160125236590e-02,-9.942055945635724923e-01,-1.058011751081238544e-01,2.920460699999999910e-01
-3.917526929640646749e-02,1.049983934596493279e-01,-9.937004758207810262e-01,1.169930420000000026e+00
0.000000000000000000e+00,0.000000000000000000e+00,0.000000000000000000e+00,1.000000000000000000e+00
9.989214887759471084e-01,1.674439536701532311e-02,-4.330686418385844283e-02,5.528128100000000433e-01
1.263971658846271655e-02,-9.955507070356196531e-01,-9.337573177995357743e-02,2.964836100000000085e-01
-4.467769942834373675e-02,9.272763851555569647e-02,-9.946886388358515685e-01,1.169963300000000039e+00
0.000000000000000000e+00,0.000000000000000000e+00,0.000000000000000000e+00,1.000000000000000000e+00
9.987730280391176052e-01,1.517887750357332401e-02,-4.713852075854080975e-02,5.528839899999999918e-01
1.088273512400728983e-02,-9.958738687151127422e-01,-9.009330544837830523e-02,3.051631499999999941e-01
-4.831153628060864264e-02,8.946976745317720969e-02,-9.948171471049751524e-01,1.170526119999999892e+00
0.000000000000000000e+00,0.000000000000000000e+00,0.000000000000000000e+00,1.000000000000000000e+00
9.985230349918765569e-01,1.745046912615912105e-02,-5.145123631059566466e-02,5.528545400000000054e-01
1.297421797915827846e-02,-9.962033464748047962e-01,-8.608462197297211960e-02,3.099009699999999978e-01
-5.275811083085781700e-02,8.528993844338964014e-02,-9.949583951813671945e-01,1.170909189999999933e+00
0.000000000000000000e+00,0.000000000000000000e+00,0.000000000000000000e+00,1.000000000000000000e+00
9.984836294964918313e-01,2.094686449020952482e-02,-5.090845210317338637e-02,5.530080000000000551e-01
1.641512743115646281e-02,-9.959976164896413575e-01,-8.785949885113190916e-02,3.145537800000000050e-01
-5.254507797055014279e-02,8.689060257002452492e-02,-9.948311605323221229e-01,1.170720060000000062e+00
0.000000000000000000e+00,0.000000000000000000e+00,0.000000000000000000e+00,1.000000000000000000e+00
9.987717551473827005e-01,2.022777376740192076e-02,-4.523072283561466872e-02,5.529629499999999531e-01
1.611685694596727211e-02,-9.958588068496551093e-01,-8.947336889916006342e-02,3.222307200000000260e-01
-4.685326074032216542e-02,8.863449660485901715e-02,-9.949616565323523565e-01,1.170654140000000121e+00
0.000000000000000000e+00,0.000000000000000000e+00,0.000000000000000000e+00,1.000000000000000000e+00
9.991879326687285179e-01,1.679550828730192943e-02,-3.662493836942188469e-02,5.529705400000000104e-01
1.335025602284467365e-02,-9.956358834588526774e-01,-9.236318656929722037e-02,3.268917499999999809e-01
-3.801638953553162364e-02,9.179922913881945201e-02,-9.950515844197230786e-01,1.170356670000000099e+00
0.000000000000000000e+00,0.000000000000000000e+00,0.000000000000000000e+00,1.000000000000000000e+00
9.993057771726756577e-01,2.074465569251178823e-02,-3.094548383066902247e-02,5.532316600000000140e-01
1.750754317925484402e-02,-9.946877410494494587e-01,-1.014385712526068573e-01,3.305384399999999889e-01
-3.288540164178608421e-02,1.008263708865037300e-01,-9.943603940688283682e-01,1.169772420000000146e+00
0.000000000000000000e+00,0.000000000000000000e+00,0.000000000000000000e+00,1.000000000000000000e+00
9.993593188126839166e-01,2.051324434714208583e-02,-2.932846243162792049e-02,5.536256400000000299e-01
1.732439740659199451e-02,-9.943079921090378637e-01,-1.051260295197745248e-01,3.388760800000000240e-01
-3.131800052282130570e-02,1.045505793118741006e-01,-9.940263372812634390e-01,1.169429019999999930e+00
0.000000000000000000e+00,0.000000000000000000e+00,0.000000000000000000e+00,1.000000000000000000e+00
9.991603632772136923e-01,1.875786566264807387e-02,-3.642404331659101352e-02,5.542360699999999696e-01
1.479174675433191088e-02,-9.942287529252397116e-01,-1.062562519792538129e-01,3.433234800000000142e-01
-3.820697166359251357e-02,1.056282601035585522e-01,-9.936714235519669147e-01,1.169208600000000153e+00
0.000000000000000000e+00,0.000000000000000000e+00,0.000000000000000000e+00,1.000000000000000000e+00
9.986746224599432065e-01,6.459564896689281958e-03,-5.106145783108207575e-02,5.551995499999999861e-01
1.155725398574437152e-03,-9.946572773723750815e-01,-1.032257955599137494e-01,3.477703500000000059e-01
-5.145544435036008418e-02,1.030299693852205350e-01,-9.933464464401066119e-01,1.168614959999999980e+00
0.000000000000000000e+00,0.000000000000000000e+00,0.000000000000000000e+00,1.000000000000000000e+00
9.985968203876645077e-01,-4.763313632710319823e-03,-5.274183495939058219e-02,5.555800200000000633e-01
-9.838443502827119019e-03,-9.952951095467605924e-01,-9.638905509311808395e-02,3.563995699999999989e-01
-5.203455910343468549e-02,9.677270149964249668e-02,-9.939453953328483138e-01,1.167965849999999861e+00
0.000000000000000000e+00,0.000000000000000000e+00,0.000000000000000000e+00,1.000000000000000000e+00
9.986608381190095196e-01,-1.212967152819514546e-02,-5.029315535990899755e-02,5.553568599999999522e-01
-1.630768367493183255e-02,-9.963731869843336364e-01,-8.351366182751639167e-02,3.611809900000000351e-01
-4.909775820336620411e-02,8.422198838367862817e-02,-9.952366888394454936e-01,1.167438659999999961e+00
0.000000000000000000e+00,0.000000000000000000e+00,0.000000000000000000e+00,1.000000000000000000e+00
9.986015098900279385e-01,-1.595096300407121762e-02,-5.040427784027758096e-02,5.553213499999999359e-01
-1.979385264560598948e-02,-9.968587797718198029e-01,-7.668622163911364975e-02,3.660609800000000358e-01
-4.902272781885136377e-02,7.757667156485884008e-02,-9.957804136385274285e-01,1.167035519999999993e+00
0.000000000000000000e+00,0.000000000000000000e+00,0.000000000000000000e+00,1.000000000000000000e+00
9.985427496962208105e-01,-3.489673384935298040e-03,-5.385349764664576488e-02,5.557191499999999396e-01
-7.637951997662432296e-03,-9.970005512797643910e-01,-7.701663740470356123e-02,3.719071600000000144e-01
-5.342320393230090558e-02,7.731573531638079311e-02,-9.955743258813453123e-01,1.166768880000000008e+00
0.000000000000000000e+00,0.000000000000000000e+00,0.000000000000000000e+00,1.000000000000000000e+00
9.983985072853770459e-01,5.917911213735018924e-03,-5.626187854309605552e-02,5.562248199999999532e-01
1.529471187754738535e-03,-9.969736283332150117e-01,-7.772544709418541253e-02,3.818004200000000292e-01
-5.655158148290435893e-02,7.751491943472260671e-02,-9.953860336054605185e-01,1.166405410000000087e+00
0.000000000000000000e+00,0.000000000000000000e+00,0.000000000000000000e+00,1.000000000000000000e+00
9.983214397993080969e-01,1.698588715559085430e-02,-5.536950852747247326e-02,5.564957799999999954e-01
1.265949481475134135e-02,-9.969064161054999040e-01,-7.757148134928829042e-02,3.873125099999999987e-01
-5.651583873633653915e-02,7.674032294188778969e-02,-9.954480814219810458e-01,1.166231000000000018e+00
0.000000000000000000e+00,0.000000000000000000e+00,0.000000000000000000e+00,1.000000000000000000e+00
9.980919082131491926e-01,1.570257782797891688e-02,-5.971575846451022268e-02,5.564995999999999832e-01
1.162467922168054432e-02,-9.976153543971076898e-01,-6.803287076206090966e-02,3.924786799999999687e-01
-6.064164899166651218e-02,6.720888126349461311e-02,-9.958943501631490891e-01,1.165715789999999918e+00
0.000000000000000000e+00,0.000000000000000000e+00,0.000000000000000000e+00,1.000000000000000000e+00
9.979441061833026483e-01,1.531457969018511223e-02,-6.223362903545670566e-02,5.567626199999999859e-01
1.137852221165702379e-02,-9.979413457103779583e-01,-6.311576470296069441e-02,4.019393500000000286e-01
-6.307210291633455479e-02,6.227787866227976060e-02,-9.960639415534715546e-01,1.164666600000000107e+00
0.000000000000000000e+00,0.000000000000000000e+00,0.000000000000000000e+00,1.000000000000000000e+00
9.979947944928089232e-01,1.210138043812936104e-02,-6.212846977632902751e-02,5.568263999999999436e-01
8.314998314502431570e-03,-9.981125840692073314e-01,-6.084513395268283803e-02,4.064525999999999972e-01
-6.274751762648775322e-02,6.020652883352233670e-02,-9.962117861767807447e-01,1.163858339999999991e+00
0.000000000000000000e+00,0.000000000000000000e+00,0.000000000000000000e+00,1.000000000000000000e+00
9.978171593426702346e-01,-1.278760831453701558e-03,-6.602485359363413631e-02,5.566341799999999784e-01
-4.025191069143572824e-03,-9.991311986994866334e-01,-4.148066564297684528e-02,4.109232300000000282e-01
-6.591444726447889813e-02,4.165588261054484903e-02,-9.969554017536365054e-01,1.162624660000000087e+00
0.000000000000000000e+00,0.000000000000000000e+00,0.000000000000000000e+00,1.000000000000000000e+00
9.974263565142678090e-01,-1.135776511054554377e-02,-7.079311055722163626e-02,5.566695799999999972e-01
-1.331995789080826428e-02,-9.995383436366415131e-01,-2.730711119666189360e-02,4.201375199999999865e-01
-7.045028071243168710e-02,2.817979367939795962e-02,-9.971171732428071310e-01,1.161071849999999905e+00
0.000000000000000000e+00,0.000000000000000000e+00,0.000000000000000000e+00,1.000000000000000000e+00
9.972588124799767195e-01,-1.569877274195138200e-02,-7.230774139346318741e-02,5.567805100000000618e-01
-1.759947719999491872e-02,-9.995141333691722751e-01,-2.572461073680270410e-02,4.244790299999999794e-01
-7.186876465693733951e-02,2.692667320093089511e-02,-9.970505678936329996e-01,1.160077669999999950e+00
0.000000000000000000e+00,0.000000000000000000e+00,0.000000000000000000e+00,1.000000000000000000e+00
9.975692370538837839e-01,-3.036235063328435353e-03,-6.961607975441480578e-02,5.568118300000000076e-01
-5.996220761306780660e-03,-9.990848744058702380e-01,-4.234925111485195182e-02,4.239612999999999854e-01
-6.942379001692791651e-02,4.266374350719039088e-02,-9.966745418488616171e-01,1.159249039999999953e+00
0.000000000000000000e+00,0.000000000000000000e+00,0.000000000000000000e+00,1.000000000000000000e+00
9.979710463987443436e-01,8.211331862053068351e-03,-6.313766371071137529e-02,5.562750599999999324e-01
5.298232823676935627e-03,-9.989196109800010381e-01,-4.616859894462904679e-02,4.328616699999999762e-01
-6.344855615963031215e-02,4.574040695725303807e-02,-9.969363549859354690e-01,1.157095109999999982e+00
0.000000000000000000e+00,0.000000000000000000e+00,0.000000000000000000e+00,1.000000000000000000e+00
9.980711370506463176e-01,1.631570979208773337e-02,-5.989827209870493552e-02,5.557169299999999978e-01
1.324039480497251134e-02,-9.985911489103551641e-01,-5.138491279846089249e-02,4.367278700000000180e-01
-6.065226567770225230e-02,5.049272157328563854e-02,-9.968810298808399306e-01,1.155879059999999958e+00
0.000000000000000000e+00,0.000000000000000000e+00,0.000000000000000000e+00,1.000000000000000000e+00
9.973017213545203319e-01,1.041667297500473502e-02,-7.266890330424997935e-02,5.554966399999999860e-01
7.139021967404599739e-03,-9.989516022463620359e-01,-4.521869895048820365e-02,4.396108599999999922e-01
-7.306374578858888802e-02,4.457790140369748133e-02,-9.963305173273488968e-01,1.154608920000000039e+00
0.000000000000000000e+00,0.000000000000000000e+00,0.000000000000000000e+00,1.000000000000000000e+00
9.963361082254715839e-01,1.113039234757850875e-03,-8.551678542709077735e-02,5.553313399999999511e-01
-2.403582956502084162e-03,-9.991559252620247911e-01,-4.100804558568962171e-02,4.467181000000000068e-01
-8.549024643251655620e-02,4.106334323272612524e-02,-9.954924508038516251e-01,1.152501749999999880e+00
0.000000000000000000e+00,0.000000000000000000e+00,0.000000000000000000e+00,1.000000000000000000e+00
9.957400268390043108e-01,-5.452048033378997620e-03,-9.204387064275636188e-02,5.552014499999999853e-01
-9.388717683235257849e-03,-9.990569904796509082e-01,-4.239082157740019924e-02,4.494827699999999759e-01
-9.172595560103609380e-02,4.307441173114499172e-02,-9.948522222536836379e-01,1.151363909999999935e+00
0.000000000000000000e+00,0.000000000000000000e+00,0.000000000000000000e+00,1.000000000000000000e+00
9.971317310983673909e-01,6.120485609408985242e-03,-7.543772592462294480e-02,5.542319900000000077e-01
2.670912985503251166e-03,-9.989496359612264342e-01,-4.574375407372558572e-02,4.512251700000000088e-01
-7.563846283867342590e-02,4.541106108470307351e-02,-9.961007270705930505e-01,1.150350039999999963e+00
0.000000000000000000e+00,0.000000000000000000e+00,0.000000000000000000e+00,1.000000000000000000e+00
9.972839407247010568e-01,1.424707902018328663e-02,-7.226176244739951349e-02,5.535217999999999527e-01
1.053194919150960383e-02,-9.986156510094938987e-01,-5.153503279433261502e-02,4.577845400000000176e-01
-7.289595063403184194e-02,5.063400337992376293e-02,-9.960534012204781407e-01,1.148310010000000103e+00
0.000000000000000000e+00,0.000000000000000000e+00,0.000000000000000000e+00,1.000000000000000000e+00
9.971695410028681428e-01,2.051557948920706281e-02,-7.233268620997829190e-02,5.532995600000000236e-01
1.621441109981192064e-02,-9.980931893545780254e-01,-5.955735249902131823e-02,4.612440899999999955e-01
-7.341661507326152636e-02,5.821594594463283534e-02,-9.956007755465823283e-01,1.147109910000000177e+00
0.000000000000000000e+00,0.000000000000000000e+00,0.000000000000000000e+00,1.000000000000000000e+00
9.970998476397110455e-01,2.626348523412944808e-02,-7.142914797351135325e-02,5.526583899999999439e-01
2.201252285184233937e-02,-9.979758690970766954e-01,-5.966249691080321993e-02,4.634471099999999399e-01
-7.285151113437685066e-02,5.791713082751206998e-02,-9.956597125936886838e-01,1.146680069999999940e+00
0.000000000000000000e+00,0.000000000000000000e+00,0.000000000000000000e+00,1.000000000000000000e+00
9.968581850222808516e-01,3.595197811705672791e-02,-7.057771761367262475e-02,5.516443300000000161e-01
3.155509112978707037e-02,-9.975488452701402053e-01,-6.245460370542163520e-02,4.695103799999999494e-01
-7.265008725304791803e-02,6.003129658504059718e-02,-9.955491993128433581e-01,1.145311739999999912e+00
0.000000000000000000e+00,0.000000000000000000e+00,0.000000000000000000e+00,1.000000000000000000e+00
9.963943279393073782e-01,4.757509731944379455e-02,-7.024922323714653805e-02,5.512584300000000770e-01
4.227067756859886200e-02,-9.962754595265591595e-01,-7.515582853668681396e-02,4.722226299999999766e-01
-7.356312301872829085e-02,7.191535900063189546e-02,-9.946942485364744790e-01,1.144612729999999967e+00
0.000000000000000000e+00,0.000000000000000000e+00,0.000000000000000000e+00,1.000000000000000000e+00
9.967127900279715291e-01,5.333835319309317147e-02,-6.098060571448891271e-02,5.511971299999999241e-01
4.624979602098548692e-02,-9.926014393401532132e-01,-1.122645936521113746e-01,4.722205700000000062e-01
-6.651744555133146108e-02,1.090752157848211418e-01,-9.918054379457799108e-01,1.142723390000000006e+00
0.000000000000000000e+00,0.000000000000000000e+00,0.000000000000000000e+00,1.000000000000000000e+00
9.975926708244896579e-01,4.280091923292408951e-02,-5.456138222294232981e-02,5.503360000000000474e-01
3.585345297510841855e-02,-9.918208421383666318e-01,-1.224987632986672403e-01,4.751568999999999932e-01
-5.935817573867131075e-02,1.202476545000272512e-01,-9.909677636332168138e-01,1.140271220000000030e+00
0.000000000000000000e+00,0.000000000000000000e+00,0.000000000000000000e+00,1.000000000000000000e+00
9.988041989407409060e-01,2.444208488913951829e-02,-4.234095729453842688e-02,5.490760000000000085e-01
1.953098499673749586e-02,-9.934315109058721172e-01,-1.127491630316355548e-01,4.761602799999999913e-01
-4.481866579231296582e-02,1.117873768613845548e-01,-9.927209424460872178e-01,1.138650740000000106e+00
0.000000000000000000e+00,0.000000000000000000e+00,0.000000000000000000e+00,1.000000000000000000e+00
9.990051725921468284e-01,2.881085755897294653e-03,-4.450128626233968571e-02,5.473346700000000231e-01
2.527693755996411433e-04,-9.982606315422544174e-01,-5.895462340226215181e-02,4.771695299999999529e-01
-4.459373545441439740e-02,5.888472516473998442e-02,-9.972682627560623958e-01,1.138490369999999974e+00
0.000000000000000000e+00,0.000000000000000000e+00,0.000000000000000000e+00,1.000000000000000000e+00
9.992108826828606238e-01,1.997386000234591119e-02,-3.433157212749927273e-02,5.451724999999999488e-01
1.770688413964332381e-02,-9.977207984670179997e-01,-6.511278338699470758e-02,4.820800000000000085e-01
-3.555387717541149545e-02,6.445349659206343895e-02,-9.972871545321601028e-01,1.135308529999999871e+00
0.000000000000000000e+00,0.000000000000000000e+00,0.000000000000000000e+00,1.000000000000000000e+00
9.992774611370786042e-01,2.415055588240257872e-02,-2.934802061479219182e-02,5.439198699999999720e-01
2.229082163656929960e-02,-9.978195609153570622e-01,-6.212280680596817678e-02,4.842917299999999758e-01
-3.078432936092601047e-02,6.142372917086637990e-02,-9.976369332380102817e-01,1.133827740000000084e+00
0.000000000000000000e+00,0.000000000000000000e+00,0.000000000000000000e+00,1.000000000000000000e+00
9.992496410260940376e-01,2.517123023228374015e-02,-2.943746045118996249e-02,5.427865200000000501e-01
2.383133974301843497e-02,-9.987020553231392705e-01,-4.501413044134006808e-02,4.866190699999999869e-01
-3.053231329714206979e-02,4.427881956342686470e-02,-9.985525344130846692e-01,1.132036059999999900e+00
0.000000000000000000e+00,0.000000000000000000e+00,0.000000000000000000e+00,1.000000000000000000e+00
9.988403504715956949e-01,3.462745999224283583e-02,-3.344986224584410583e-02,5.420966299999999682e-01
3.302642185116525658e-02,-9.983352844160388040e-01,-4.728546657965997796e-02,4.883821499999999594e-01
-3.503155334108379315e-02,4.612590274924587702e-02,-9.983211864756141862e-01,1.130191039999999925e+00
0.000000000000000000e+00,0.000000000000000000e+00,0.000000000000000000e+00,1.000000000000000000e+00
9.986500127869910592e-01,4.425260934222943060e-02,-2.720034056673737571e-02,5.400653499999999996e-01
4.313660741387614211e-02,-9.982548140155296235e-01,-4.033062602590407192e-02,4.924787500000000207e-01
-2.893760635165937289e-02,3.910284978392538496e-02,-9.988160902175196032e-01,1.127039029999999942e+00
0.000000000000000000e+00,0.000000000000000000e+00,0.000000000000000000e+00,1.000000000000000000e+00
9.982798874573183268e-01,5.280725622760203131e-02,-2.546880421057388239e-02,5.395188899999999732e-01
5.141270951578881532e-02,-9.972907857286019695e-01,-5.261009409868915021e-02,4.936745799999999740e-01
-2.817799848195888524e-02,5.121017858336558704e-02,-9.982902974641246763e-01,1.125229570000000123e+00
0.000000000000000000e+00,0.000000000000000000e+00,0.000000000000000000e+00,1.000000000000000000e+00
9.979240675792414583e-01,6.212572230223570996e-02,-1.696908879485902605e-02,5.384622999999999493e-01
6.091998447407496325e-02,-9.960789367348831247e-01,-6.415221964035217050e-02,4.940134800000000048e-01
-2.088805490659154107e-02,6.298528734181510491e-02,-9.977958422145725148e-01,1.122744749999999847e+00
0.000000000000000000e+00,0.000000000000000000e+00,0.000000000000000000e+00,1.000000000000000000e+00
9.978156208965083263e-01,6.561319795476608374e-02,-7.674304467808589457e-03,5.359541700000000075e-01
6.505127347416495009e-02,-9.961478647218264815e-01,-5.880275018683669974e-02,4.966895699999999692e-01
-1.150297849712627121e-02,5.817507940944130485e-02,-9.982401222258099338e-01,1.118900830000000068e+00
0.000000000000000000e+00,0.000000000000000000e+00,0.000000000000000000e+00,1.000000000000000000e+00
9.983811172294220215e-01,5.640835052548706652e-02,-7.296763030627320505e-03,5.346512199999999826e-01
5.594274339356922199e-02,-9.970174908198949915e-01,-5.316514328770362285e-02,4.966890699999999548e-01
-1.027395840621395454e-02,5.267087421141378178e-02,-9.985590742607434178e-01,1.116525729999999994e+00
0.000000000000000000e+00,0.000000000000000000e+00,0.000000000000000000e+00,1.000000000000000000e+00
9.984297537423615365e-01,5.541574735418121345e-02,-8.192788728216765862e-03,5.336309799999999770e-01
5.487882692927270600e-02,-9.969526283898179075e-01,-5.544160082015101715e-02,4.964779300000000117e-01
-1.124016000039903228e-02,5.490493321926177145e-02,-9.984283184642519515e-01,1.114346239999999932e+00
0.000000000000000000e+00,0.000000000000000000e+00,0.000000000000000000e+00,1.000000000000000000e+00
9.980842857959061343e-01,6.154457938817630563e-02,-6.326388796831773804e-03,5.314893699999999610e-01
6.115960374601418087e-02,-9.969094163268031883e-01,-4.930637391436716588e-02,4.981898100000000107e-01
-9.341376606621865780e-03,4.882499756154959347e-02,-9.987636648858466693e-01,1.110926209999999914e+00
0.000000000000000000e+00,0.000000000000000000e+00,0.000000000000000000e+00,1.000000000000000000e+00
9.978666376706912811e-01,6.495049994990349795e-02,-6.603482418187682328e-03,5.301940900000000623e-01
6.457807807984684845e-02,-9.968424542360311280e-01,-4.620382304744735658e-02,4.985687599999999997e-01
-9.583593026779267665e-03,4.567881334868725829e-02,-9.989102065529978924e-01,1.109078669999999933e+00
0.000000000000000000e+00,0.000000000000000000e+00,0.000000000000000000e+00,1.000000000000000000e+00
9.982978949137184532e-01,5.810130181875584193e-02,-5.054872679334988621e-03,5.291819799999999407e-01
5.780645924282496600e-02,-9.972558373399167397e-01,-4.625157468961681867e-02,4.977194600000000024e-01
-7.728277987111038284e-03,4.588064535757344770e-02,-9.989170336423973673e-01,1.107021180000000049e+00
0.000000000000000000e+00,0.000000000000000000e+00,0.000000000000000000e+00,1.000000000000000000e+00
9.985670838363612800e-01,5.351399658242653179e-02,1.767719499449008904e-04,5.265269500000000491e-01
5.348715266112329114e-02,-9.979501060386654077e-01,-3.513844557778522670e-02,4.984758000000000244e-01
-1.703989070369203458e-03,3.509755015942457590e-02,-9.993824385059277837e-01,1.102916339999999940e+00
0.000000000000000000e+00,0.000000000000000000e+00,0.000000000000000000e+00,1.000000000000000000e+00
9.984043150074726203e-01,5.646401225890426701e-02,7.994336034267753455e-04,5.256056199999999956e-01
5.645857802176315610e-02,-9.978275514629015852e-01,-3.395005904724739121e-02,4.985808200000000356e-01
-1.119259675169797076e-03,3.394102033200256663e-02,-9.994232108554423899e-01,1.101589509999999938e+00
0.000000000000000000e+00,0.000000000000000000e+00,0.000000000000000000e+00,1.000000000000000000e+00
9.974473568205639573e-01,7.117145807494848486e-02,5.778747888383027609e-03,5.241002300000000558e-01
7.135052405423730759e-02,-9.965878895516072644e-01,-4.149314541295002351e-02,4.989882699999999560e-01
2.805902503178932857e-03,4.179954490853173693e-02,-9.991220771039853732e-01,1.099184110000000159e+00
0.000000000000000000e+00,0.000000000000000000e+00,0.000000000000000000e+00,1.000000000000000000e+00
9.973391247206507826e-01,7.241520153694015749e-02,8.408857699526589916e-03,5.232239899999999722e-01
7.273459716933254604e-02,-9.962176628984955595e-01,-4.753994639957861978e-02,4.988961799999999669e-01
4.934437765487578557e-03,4.802506340885169533e-02,-9.988339424591629045e-01,1.097484209999999960e+00
0.000000000000000000e+00,0.000000000000000000e+00,0.000000000000000000e+00,1.000000000000000000e+00
9.973353220728962132e-01,7.188349957142156632e-02,1.245061585295978435e-02,5.220733300000000021e-01
7.245791306516999319e-02,-9.958887385024766115e-01,-5.436424705802776758e-02,4.986920899999999768e-01
8.491535785286660060e-03,5.512152948995020785e-02,-9.984435441259038591e-01,1.095138630000000113e+00
0.000000000000000000e+00,0.000000000000000000e+00,0.000000000000000000e+00,1.000000000000000000e+00
9.972366895151014710e-01,7.312079519686451312e-02,1.312761953819295037e-02,5.216033599999999604e-01
7.370073835875437518e-02,-9.959697579573468795e-01,-5.111205728356747746e-02,4.985474399999999529e-01
9.337357781288023115e-03,5.193833405262868186e-02,-9.986066408779293857e-01,1.094409179999999981e+00
0.000000000000000000e+00,0.000000000000000000e+00,0.000000000000000000e+00,1.000000000000000000e+00
9.970352670594296862e-01,7.604900243371058577e-02,1.171432749113292607e-02,5.201584200000000102e-01
7.648583283930661392e-02,-9.961446900554014050e-01,-4.296130641992107480e-02,4.990584900000000212e-01
8.402000631378109263e-03,4.372991771391968041e-02,-9.990080583669603831e-01,1.092439500000000008e+00
0.000000000000000000e+00,0.000000000000000000e+00,0.000000000000000000e+00,1.000000000000000000e+00
9.971299818394664394e-01,7.497561005066408213e-02,1.050986271825325724e-02,5.198882299999999512e-01
7.535769839622427635e-02,-9.962489028116880974e-01,-4.253634844379231006e-02,4.990168799999999960e-01
7.281250527860327892e-03,4.320626741618367739e-02,-9.990396397774773396e-01,1.091920699999999966e+00
0.000000000000000000e+00,0.000000000000000000e+00,0.000000000000000000e+00,1.000000000000000000e+00
9.974053448111594999e-01,6.961096105406953949e-02,1.835462457425545910e-02,5.177992999999999624e-01
7.029008792665793204e-02,-9.967483413828628347e-01,-3.939603393459455150e-02,4.990273700000000257e-01
1.555254581718839083e-02,4.058396298591161744e-02,-9.990550837000742312e-01,1.088463519999999907e+00
0.000000000000000000e+00,0.000000000000000000e+00,0.000000000000000000e+00,1.000000000000000000e+00
9.977038601497297821e-01,6.571283122976248614e-02,1.639607435020015366e-02,5.171357300000000157e-01
6.626182447970127565e-02,-9.971687403070313982e-01,-3.555100520533360786e-02,4.991414600000000368e-01
1.401349560066302014e-02,3.655580892631357659e-02,-9.992333535139792389e-01,1.087196880000000032e+00
0.000000000000000000e+00,0.000000000000000000e+00,0.000000000000000000e+00,1.000000000000000000e+00
9.977585018467375333e-01,6.512781879447838984e-02,1.537332792947807870e-02,5.166300999999999810e-01
6.561196391334282729e-02,-9.972851604266540493e-01,-3.342721921155102777e-02,4.993422699999999770e-01
1.315454993482790581e-02,3.436096639875654141e-02,-9.993229116777797572e-01,1.086218640000000013e+00
0.000000000000000000e+00,0.000000000000000000e+00,0.000000000000000000e+00,1.000000000000000000e+00
9.971384134089342766e-01,7.318618870113331731e-02,1.894112688611429562e-02,5.146347399999999794e-01
7.370132864569443887e-02,-9.968843809926524191e-01,-2.810062434815608148e-02,5.003117400000000048e-01
1.682553595500351634e-02,2.941619819587412352e-02,-9.994256293609484754e-01,1.083413540000000008e+00
0.000000000000000000e+00,0.000000000000000000e+00,0.000000000000000000e+00,1.000000000000000000e+00
9.965437666260009708e-01,8.063102657501275417e-02,1.997895773864238195e-02,5.130034299999999270e-01
8.102454274970119497e-02,-9.965166529014618524e-01,-1.973788140276235351e-02,5.013285400000000447e-01
1.831787845425108391e-02,2.128844859371519307e-02,-9.996055508476371365e-01,1.081139300000000025e+00
0.000000000000000000e+00,0.000000000000000000e+00,0.000000000000000000e+00,1.000000000000000000e+00
9.965807811206365274e-01,8.145700776760815554e-02,1.383844595791483036e-02,5.128469500000000236e-01
8.169652269511458453e-02,-9.964995958813804844e-01,-1.772663498164007631e-02,5.016462700000000607e-01
1.234604716129543943e-02,1.879657665090917265e-02,-9.997470999336269815e-01,1.080652390000000018e+00
0.000000000000000000e+00,0.000000000000000000e+00,0.000000000000000000e+00,1.000000000000000000e+00
9.966883540245560225e-01,8.020052152117142230e-02,1.342390776017501203e-02,5.129367799999999811e-01
8.052083429556282368e-02,-9.964313315247188552e-01,-2.531791461046020708e-02,5.012928399999999618e-01
1.134549232814879849e-02,2.631497489278981222e-02,-9.995893166196924140e-01,1.080005340000000036e+00
0.000000000000000000e+00,0.000000000000000000e+00,0.000000000000000000e+00,1.000000000000000000e+00
9.966669526409072111e-01,7.816586264894447023e-02,2.334702186221244632e-02,5.108741399999999766e-01
7.862326167328780036e-02,-9.967163853866733980e-01,-1.936052234777082756e-02,5.014865499999999754e-01
2.175702730940034732e-02,2.113161181905362854e-02,-9.995399375435615186e-01,1.076788019999999957e+00
0.000000000000000000e+00,0.000000000000000000e+00,0.000000000000000000e+00,1.000000000000000000e+00
9.966721562783099619e-01,7.548317641631765995e-02,3.077178866506868199e-02,5.095486099999999574e-01
7.607916942959913609e-02,-9.969268041264176539e-01,-1.867905760979678489e-02,5.013489899999999944e-01
2.926726633026958263e-02,2.095798874870450842e-02,-9.993518848879819894e-01,1.074360809999999944e+00
0.000000000000000000e+00,0.000000000000000000e+00,0.000000000000000000e+00,1.000000000000000000e+00
9.970380745726017402e-01,7.064883131733062926e-02,3.039441537610273678e-02,5.088550899999999544e-01
7.117249024256949719e-02,-9.973274576711870232e-01,-1.650511459514044862e-02,5.010432799999999798e-01
2.914711795754527587e-02,1.861947390832325092e-02,-9.994017013724492138e-01,1.072377010000000075e+00
0.000000000000000000e+00,0.000000000000000000e+00,0.000000000000000000e+00,1.000000000000000000e+00
9.973680229102811490e-01,6.327554170336353867e-02,3.540102679560089283e-02,5.064678200000000130e-01
6.353999953283724633e-02,-9.979588047529507344e-01,-6.394722466920886757e-03,5.012947500000000112e-01
3.492413685982796723e-02,8.627272929947280705e-03,-9.993527279326295254e-01,1.068209689999999989e+00
0.000000000000000000e+00,0.000000000000000000e+00,0.000000000000000000e+00,1.000000000000000000e+00
9.973180217739682218e-01,5.912752737612263221e-02,4.313581981653913378e-02,5.051766199999999651e-01
5.899707327486207464e-02,-9.982489281698555539e-01,4.292173427939159625e-03,5.016187699999999916e-01
4.331407149945173951e-02,-1.735774789775467288e-03,-9.990599973455145388e-01,1.066013490000000008e+00
0.000000000000000000e+00,0.000000000000000000e+00,0.000000000000000000e+00,1.000000000000000000e+00
9.972613344801298796e-01,6.053396449099990306e-02,4.249082129017311277e-02,5.054342699999999633e-01
6.053107299442990474e-02,-9.981653925883459122e-01,1.355817501270948624e-03,5.016101099999999979e-01
4.249494032298509888e-02,1.219910634479763915e-03,-9.990959372677830075e-01,1.066183239999999977e+00
0.000000000000000000e+00,0.000000000000000000e+00,0.000000000000000000e+00,1.000000000000000000e+00
9.971289550670544566e-01,6.507909406058914881e-02,3.871121908616257518e-02,5.060942800000000075e-01
6.547334936487711476e-02,-9.978136930196684906e-01,-9.004140458440709760e-03,5.011629499999999959e-01
3.804060317382774309e-02,1.151284233817059452e-02,-9.992098713340795690e-01,1.066237719999999944e+00
0.000000000000000000e+00,0.000000000000000000e+00,0.000000000000000000e+00,1.000000000000000000e+00
9.968797479390323346e-01,6.841567823844513230e-02,3.937084098905421076e-02,5.059478800000000165e-01
6.896164801471230121e-02,-9.975387387666669881e-01,-1.267894959776930466e-02,5.010579299999999847e-01
3.840650012832167587e-02,1.535446615748631977e-02,-9.991442243825021663e-01,1.065587229999999996e+00
0.000000000000000000e+00,0.000000000000000000e+00,0.000000000000000000e+00,1.000000000000000000e+00
9.967537793026295390e-01,6.963354361878147658e-02,4.041129853167195474e-02,5.055697599999999792e-01
7.018943920610500042e-02,-9.974553281754781064e-01,-1.250243649379866907e-02,5.010302699999999998e-01
3.943787608197409089e-02,1.529829720721349005e-02,-9.991049074209887859e-01,1.064620059999999979e+00
0.000000000000000000e+00,0.000000000000000000e+00,0.000000000000000000e+00,1.000000000000000000e+00
9.970465295893137236e-01,6.516104825370434839e-02,4.064794735758152366e-02,5.047209200000000173e-01
6.546550137623420584e-02,-9.978355528725274537e-01,-6.203027739436734779e-03,5.009193400000000462e-01
4.015577123483723976e-02,8.845745534230488316e-03,-9.991542757865168323e-01,1.062458190000000080e+00
0.000000000000000000e+00,0.000000000000000000e+00,0.000000000000000000e+00,1.000000000000000000e+00
9.970752670740553603e-01,6.427393772680836670e-02,4.134939804026812465e-02,5.044444699999999226e-01
6.457486485699207024e-02,-9.978949339103084792e-01,-5.982282578014531428e-03,5.007901399999999947e-01
4.087784996674089649e-02,8.634917789554590745e-03,-9.991268385830019971e-01,1.061449969999999965e+00
0.000000000000000000e+00,0.000000000000000000e+00,0.000000000000000000e+00,1.000000000000000000e+00
9.970737707477440592e-01,6.245218418511667979e-02,4.408651015201490303e-02,5.035619700000000254e-01
6.253220073906000376e-02,-9.980428512808396935e-01,-4.368958022079876165e-04,5.006117199999999823e-01
4.397294119802943463e-02,3.192443847641781522e-03,-9.990276216124728270e-01,1.059004590000000023e+00
0.000000000000000000e+00,0.000000000000000000e+00,0.000000000000000000e+00,1.000000000000000000e+00
9.972322622569668171e-01,5.603897121554716337e-02,4.886152698141579126e-02,5.023194100000000217e-01
5.545384702720838194e-02,-9.983733221026482862e-01,1.325068162793958601e-02,5.001398799999999811e-01
4.952459958177874572e-02,-1.050444757353377265e-02,-9.987176631147761663e-01,1.055589749999999993e+00
0.000000000000000000e+00,0.000000000000000000e+00,0.000000000000000000e+00,1.000000000000000000e+00
9.971586800961682595e-01,5.638289024543528122e-02,4.995534402282840458e-02,5.020654300000000347e-01
5.571891806979072798e-02,-9.983399359209758073e-01,1.458679246559128548e-02,4.997793999999999848e-01
5.069486046928117773e-02,-1.176188900106954829e-02,-9.986449264323765673e-01,1.054333650000000011e+00
0.000000000000000000e+00,0.000000000000000000e+00,0.000000000000000000e+00,1.000000000000000000e+00
9.971037717533228761e-01,6.186563036156840500e-02,4.423473900977646645e-02,5.029951499999999465e-01
6.160828828576067617e-02,-9.980747321645164760e-01,7.158758916682078643e-03,4.998517600000000338e-01
4.459245642253698017e-02,-4.412798963736740479e-03,-9.989955155232228545e-01,1.055978389999999933e+00
0.000000000000000000e+00,0.000000000000000000e+00,0.000000000000000000e+00,1.000000000000000000e+00
9.962808588297351609e-01,7.708533971060829715e-02,3.850065884092557927e-02,5.029230900000000171e-01
7.726255371016974016e-02,-9.970058548735839521e-01,-3.134189205679532332e-03,4.992462500000000025e-01
3.814378224125609257e-02,6.097191935143224210e-03,-9.992536595513862308e-01,1.052999570000000107e+00
0.000000000000000000e+00,0.000000000000000000e+00,0.000000000000000000e+00,1.000000000000000000e+00
9.961025145890095578e-01,7.837374463241547629e-02,4.046401588751463024e-02,5.026858499999999896e-01
7.850891002103160821e-02,-9.969118588255280189e-01,-1.759767126705053539e-03,4.992250799999999877e-01
4.020113775456699706e-02,4.929694242404459442e-03,-9.991794466650696371e-01,1.052426379999999995e+00
0.000000000000000000e+00,0.000000000000000000e+00,0.000000000000000000e+00,1.000000000000000000e+00
9.963154917375670605e-01,7.406687514049696552e-02,4.323816520912544814e-02,5.024923700000000215e-01
7.403656231701326307e-02,-9.972528656717618567e-01,2.304202625093424057e-03,4.993125199999999819e-01
4.329004924932063070e-02,9.054923414957829694e-04,-9.990621360654255989e-01,1.052638020000000063e+00
0.000000000000000000e+00,0.000000000000000000e+00,0.000000000000000000e+00,1.000000000000000000e+00
9.962249949432937512e-01,7.077835810247243287e-02,5.026115273800103866e-02,5.012096799999999908e-01
7.035906975201619562e-02,-9.974709477775923760e-01,1.006526916194966370e-02,4.989740400000000076e-01
5.084644288311047922e-02,-6.490944768656439073e-03,-9.986853893404793459e-01,1.049513399999999930e+00
0.000000000000000000e+00,0.000000000000000000e+00,0.000000000000000000e+00,1.000000000000000000e+00
9.960006104012284478e-01,7.020618164597787481e-02,5.526188685769753417e-02,5.004562000000000177e-01
6.953136856932541632e-02,-9.974809189967703826e-01,1.404297056308690707e-02,4.988582199999999633e-01
5.610858103051286072e-02,-1.014437262974210961e-02,-9.983731360762324591e-01,1.047807849999999874e+00
0.000000000000000000e+00,0.000000000000000000e+00,0.000000000000000000e+00,1.000000000000000000e+00
9.961506007642315641e-01,6.488650541892541923e-02,5.893828985965460232e-02,4.996850999999999932e-01
6.383239008113057722e-02,-9.977681998832622634e-01,1.959707320609600789e-02,4.986288100000000334e-01
6.007833697424791453e-02,-1.575946433843694594e-02,-9.980692524620594641e-01,1.046100459999999899e+00
0.000000000000000000e+00,0.000000000000000000e+00,0.000000000000000000e+00,1.000000000000000000e+00
9.971768740523667685e-01,5.394287625936539793e-02,5.223454753337924278e-02,4.996549999999999603e-01
5.244329410547254183e-02,-9.981831417354829483e-01,2.966675679017748146e-02,4.986225900000000322e-01
5.373995495454914756e-02,-2.684365206054172004e-02,-9.981940871321246522e-01,1.045414660000000051e+00
0.000000000000000000e+00,0.000000000000000000e+00,0.000000000000000000e+00,1.000000000000000000e+00
9.970481427648570927e-01,5.862590348004750179e-02,4.957826590651723264e-02,4.998413800000000018e-01
5.732671250493472787e-02,-9.979839443823385059e-01,2.723407403320455764e-02,4.987803299999999940e-01
5.107493556066160234e-02,-2.431152393861110358e-02,-9.983988685696998377e-01,1.045415570000000072e+00
0.000000000000000000e+00,0.000000000000000000e+00,0.000000000000000000e+00,1.000000000000000000e+00
9.965842105985897037e-01,6.624622504530544576e-02,4.930870970561467004e-02,5.001394299999999404e-01
6.523057813209792721e-02,-9.976291848643003002e-01,2.193128321699887653e-02,4.990169899999999936e-01
5.064467259384840270e-02,-1.863993493118188891e-02,-9.985427732268774559e-01,1.046188510000000127e+00
0.000000000000000000e+00,0.000000000000000000e+00,0.000000000000000000e+00,1.000000000000000000e+00
9.960767301381151517e-01,7.348112397467802814e-02,4.931198735377900072e-02,4.993999500000000369e-01
7.200022266588933240e-02,-9.969175613670443470e-01,3.116638853072793702e-02,4.996386700000000070e-01
5.145012743836128305e-02,-2.749364030833192224e-02,-9.982970420316652493e-01,1.044622270000000075e+00
0.000000000000000000e+00,0.000000000000000000e+00,0.000000000000000000e+00,1.000000000000000000e+00
9.962274525933508817e-01,7.086001522060106361e-02,5.009711510955087987e-02,4.994420199999999865e-01
6.945412141672022144e-02,-9.971556398775325292e-01,2.927037544447573178e-02,4.994734600000000357e-01
5.202872012259085466e-02,-2.568050045005486684e-02,-9.983153430550087970e-01,1.044742430000000111e+00
0.000000000000000000e+00,0.000000000000000000e+00,0.000000000000000000e+00,1.000000000000000000e+00
9.963017500376802893e-01,6.887084979278676466e-02,5.137731912698063896e-02,4.994997399999999699e-01
6.758448449997175866e-02,-9.973650009276742168e-01,2.637029350261791555e-02,4.992457600000000384e-01
5.305808446155294011e-02,-2.280045993747796540e-02,-9.983310967308942629e-01,1.044863279999999950e+00
0.000000000000000000e+00,0.000000000000000000e+00,0.000000000000000000e+00,1.000000000000000000e+00
9.964716776494387807e-01,6.538752381378551415e-02,5.261812778895306325e-02,4.991452000000000111e-01
6.428295936221234408e-02,-9.976798445238348467e-01,2.241938818372996370e-02,4.985603700000000305e-01
5.396199383037211111e-02,-1.895783638494243431e-02,-9.983630119658143398e-01,1.043682859999999879e+00
0.000000000000000000e+00,0.000000000000000000e+00,0.000000000000000000e+00,1.000000000000000000e+00
9.965184198300327534e-01,6.518163686700347015e-02,5.198454726928724429e-02,4.991084299999999918e-01
6.420401282746111826e-02,-9.977310922232781598e-01,2.026110430839575191e-02,4.983075299999999985e-01
5.318725106927291862e-02,-1.685294710970692764e-02,-9.984423340871576569e-01,1.043358540000000056e+00
0.000000000000000000e+00,0.000000000000000000e+00,0.000000000000000000e+00,1.000000000000000000e+00
9.964556907340422764e-01,6.616565929172163463e-02,5.194383441982731303e-02,4.991164799999999735e-01
6.511937245157259357e-02,-9.976440037222468193e-01,2.158492919976168906e-02,4.984171299999999860e-01
5.324963601054934909e-02,-1.812587563504638316e-02,-9.984167110466485306e-01,1.043490829999999869e+00
0.000000000000000000e+00,0.000000000000000000e+00,0.000000000000000000e+00,1.000000000000000000e+00
9.963658730034314903e-01,6.880147936791916607e-02,5.021357934757864072e-02,4.988044399999999601e-01
6.757663487985132722e-02,-9.973830863659891577e-01,2.569781020571993910e-02,4.986632500000000578e-01
5.185022210584101787e-02,-2.221115638231687187e-02,-9.984078420163451373e-01,1.042851870000000014e+00
0.000000000000000000e+00,0.000000000000000000e+00,0.000000000000000000e+00,1.000000000000000000e+00
9.962233886241027569e-01,7.124138974955321335e-02,4.963491054552929965e-02,4.986986499999999656e-01
7.000645393039184317e-02,-9.972026268842341112e-01,2.619193278999457780e-02,4.989318500000000101e-01
5.136201287335188242e-02,-2.261825196021842455e-02,-9.984239371689070941e-01,1.042646329999999955e+00
0.000000000000000000e+00,0.000000000000000000e+00,0.000000000000000000e+00,1.000000000000000000e+00
9.960387258712762870e-01,7.391134873998635169e-02,4.943651577690766352e-02,4.985644099999999579e-01
7.270060758983552807e-02,-9.970185302195574417e-01,2.585869399064829460e-02,4.992330199999999718e-01
5.120037324857183714e-02,-2.216219588103487959e-02,-9.984424664711220032e-01,1.042409130000000017e+00
0.000000000000000000e+00,0.000000000000000000e+00,0.000000000000000000e+00,1.000000000000000000e+00
9.959654597426090827e-01,7.382959459853401241e-02,5.100974378596240255e-02,4.984555099999999905e-01
7.268546169100552345e-02,-9.970676820774735383e-01,2.393451514903946128e-02,4.993028600000000150e-01
5.262724255040139576e-02,-2.013028360630695138e-02,-9.984113105446426051e-01,1.041977460000000022e+00
0.000000000000000000e+00,0.000000000000000000e+00,0.000000000000000000e+00,1.000000000000000000e+00
9.959844685904986061e-01,7.313247575712215898e-02,5.163893217463193241e-02,4.983949699999999927e-01
7.198901525154470515e-02,-9.971245442985676721e-01,2.366906927800237898e-02,4.993273500000000031e-01
5.322142434786165943e-02,-1.985658951098983466e-02,-9.983852942844144707e-01,1.041738590000000020e+00
0.000000000000000000e+00,0.000000000000000000e+00,0.000000000000000000e+00,1.000000000000000000e+00
9.960561585446038313e-01,7.202886380851956927e-02,5.180706326188574962e-02,4.982976900000000153e-01
7.085711893987763077e-02,-9.971950143538366174e-01,2.411165783167642379e-02,4.994095200000000512e-01
5.339848051122171591e-02,-2.034566603248832289e-02,-9.983659930870979471e-01,1.041354139999999928e+00
0.000000000000000000e+00,0.000000000000000000e+00,0.000000000000000000e+00,1.000000000000000000e+00
9.961140624975697300e-01,7.012239860908019151e-02,5.328811976320448757e-02,4.981167200000000128e-01
6.889344717345265157e-02,-9.973216184173874232e-01,2.456180721938610798e-02,4.995384200000000385e-01
5.486772668105583534e-02,-2.079515930770587870e-02,-9.982770627026447130e-01,1.040665589999999918e+00
0.000000000000000000e+00,0.000000000000000000e+00,0.000000000000000000e+00,1.000000000000000000e+00
9.962309328646434814e-01,6.737536289235986076e-02,5.463047573255592343e-02,4.979847000000000024e-01
6.607752317745897719e-02,-9.974955486396009929e-01,2.522679874486940393e-02,4.997299600000000286e-01
5.619332108333637693e-02,-2.152187072037628490e-02,-9.981879180526683770e-01,1.039715189999999900e+00
0.000000000000000000e+00,0.000000000000000000e+00,0.000000000000000000e+00,1.000000000000000000e+00
9.961187194716233373e-01,6.895187300144844933e-02,5.470955974786958359e-02,4.980165499999999468e-01
6.767019707264407269e-02,-9.973958406019501899e-01,2.494557231411714121e-02,4.998424899999999726e-01
5.628713126784045534e-02,-2.114654486012921414e-02,-9.981906543812737453e-01,1.039637759999999966e+00
0.000000000000000000e+00,0.000000000000000000e+00,0.000000000000000000e+00,1.000000000000000000e+00
9.959364064455376031e-01,7.122855692734482436e-02,5.511049804163927618e-02,4.979640200000000072e-01
6.997896964933521258e-02,-9.972528532991232764e-01,2.428354161928031676e-02,5.002023700000000073e-01
5.668878304538695762e-02,-2.032828730626106209e-02,-9.981849240556718295e-01,1.039066159999999961e+00
0.000000000000000000e+00,0.000000000000000000e+00,0.000000000000000000e+00,1.000000000000000000e+00
9.957638835175551817e-01,7.292585361948529521e-02,5.600096566941515502e-02,4.978206600000000259e-01
7.160301730356889716e-02,-9.971128411064118513e-01,2.527825179328930735e-02,5.007857099999999395e-01
5.768272007336706225e-02,-2.116133206037665651e-02,-9.981106661239363964e-01,1.038375700000000013e+00
0.000000000000000000e+00,0.000000000000000000e+00,0.000000000000000000e+00,1.000000000000000000e+00
9.958228633620451742e-01,7.189368212575973638e-02,5.628608421109078386e-02,4.977440300000000040e-01
7.053932820188356378e-02,-9.971780689839238043e-01,2.569244858553179287e-02,5.010278300000000629e-01
5.797437349592267364e-02,-2.161474514986140225e-02,-9.980840519765166174e-01,1.038009490000000090e+00
0.000000000000000000e+00,0.000000000000000000e+00,0.000000000000000000e+00,1.000000000000000000e+00
9.958008060874796730e-01,7.142702260290174909e-02,5.726198597334474644e-02,4.976549099999999504e-01
7.006240395952394173e-02,-9.972167022277329540e-01,2.549722238712594929e-02,5.013964800000000333e-01
5.892379949510597598e-02,-2.137824221330266589e-02,-9.980335448335040383e-01,1.037505950000000121e+00
0.000000000000000000e+00,0.000000000000000000e+00,0.000000000000000000e+00,1.000000000000000000e+00
9.956869111034434283e-01,7.184181092072444708e-02,5.870544490006692623e-02,4.976109300000000069e-01
7.060463371932768073e-02,-9.972417989423417728e-01,2.288624345763022941e-02,5.024273300000000608e-01
6.018771265502199236e-02,-1.864265662058983350e-02,-9.980129711579320828e-01,1.036377939999999942e+00
0.000000000000000000e+00,0.000000000000000000e+00,0.000000000000000000e+00,1.000000000000000000e+00
9.956228046310736657e-01,7.197037800567492039e-02,5.962797655694378890e-02,4.976162699999999717e-01
7.080247339597585399e-02,-9.972591430694035530e-01,2.147583119442325605e-02,5.028361100000000583e-01
6.101016849318894458e-02,-1.716001906174629416e-02,-9.979896257407855353e-01,1.035850369999999909e+00
0.000000000000000000e+00,0.000000000000000000e+00,0.000000000000000000e+00,1.000000000000000000e+00
9.956638387170553273e-01,7.080929216018015671e-02,6.032880253239152057e-02,4.976273700000000133e-01
6.959938587630391804e-02,-9.973339789041992809e-01,2.192852044165367192e-02,5.030386000000000024e-01
6.172070768274928732e-02,-1.763458723341505135e-02,-9.979376611673935749e-01,1.035495829999999895e+00
0.000000000000000000e+00,0.000000000000000000e+00,0.000000000000000000e+00,1.000000000000000000e+00
9.957785265096147365e-01,6.945016981702595293e-02,6.001499858141102345e-02,4.977713399999999511e-01
6.841501901060212387e-02,-9.974733938365198949e-01,1.913671241446256166e-02,5.036642100000000566e-01
6.119241224301798926e-02,-1.495000002144328440e-02,-9.980140210353957153e-01,1.034652179999999921e+00
0.000000000000000000e+00,0.000000000000000000e+00,0.000000000000000000e+00,1.000000000000000000e+00
9.958256256319815147e-01,6.926163769693582939e-02,5.944870796082325076e-02,4.978339800000000093e-01
6.826580650243754822e-02,-9.974933187112986488e-01,1.862414531976146551e-02,5.039519099999999474e-01
6.058962780249278063e-02,-1.448808717043892011e-02,-9.980576097264612923e-01,1.034433900000000017e+00
0.000000000000000000e+00,0.000000000000000000e+00,0.000000000000000000e+00,1.000000000000000000e+00
9.958765008851958589e-01,6.868710720653528612e-02,5.926277320761471484e-02,4.978479000000000099e-01
6.766312540885704996e-02,-9.975250368282521096e-01,1.911811603428116568e-02,5.042745600000000383e-01
6.042926811210385524e-02,-1.502937804411359074e-02,-9.980593275707825285e-01,1.034219589999999966e+00
0.000000000000000000e+00,0.000000000000000000e+00,0.000000000000000000e+00,1.000000000000000000e+00
9.959224358589062742e-01,6.789990769172907226e-02,5.939784750575795996e-02,4.978030799999999534e-01
6.677266430396613939e-02,-9.975521491911856220e-01,2.076345216470865118e-02,5.052694300000000194e-01
6.066228692204451295e-02,-1.671263532483637654e-02,-9.980184240613430013e-01,1.033618010000000087e+00
0.000000000000000000e+00,0.000000000000000000e+00,0.000000000000000000e+00,1.000000000000000000e+00
9.957900097351457536e-01,6.957602837246183725e-02,5.967774114017148496e-02,4.977836599999999612e-01
6.851712637381300597e-02,-9.974571413419753840e-01,1.961261276245956225e-02,5.058835999999999888e-01
6.089055678144082023e-02,-1.544109652225641831e-02,-9.980250060158996073e-01,1.033283080000000131e+00
0.000000000000000000e+00,0.000000000000000000e+00,0.000000000000000000e+00,1.000000000000000000e+00
9.955264234548030222e-01,7.325848601677473204e-02,5.966853802313749205e-02,4.978212700000000379e-01
7.243481964373363335e-02,-9.972471207213410294e-01,1.585487673162929920e-02,5.068724100000000510e-01
6.066578200656746328e-02,-1.146186893684446317e-02,-9.980923246143145189e-01,1.032774960000000020e+00
0.000000000000000000e+00,0.000000000000000000e+00,0.000000000000000000e+00,1.000000000000000000e+00
9.953981702452066038e-01,7.455653711643391024e-02,6.019805184307090717e-02,4.979610400000000214e-01
7.416322243721741592e-02,-9.972077738193120267e-01,8.744842597793827527e-03,5.075070199999999199e-01
6.068195044840804520e-02,-4.240118811801498605e-03,-9.981481464603533249e-01,1.032189639999999908e+00
0.000000000000000000e+00,0.000000000000000000e+00,0.000000000000000000e+00,1.000000000000000000e+00
9.956262602654065708e-01,7.178401635739052600e-02,5.979468927524035637e-02,4.979522699999999746e-01
7.117358575876493731e-02,-9.973883564940227986e-01,1.227953665215356961e-02,5.072116899999999928e-01
6.052000132320212167e-02,-7.970026709725628808e-03,-9.981351652527257201e-01,1.032289350000000105e+00
0.000000000000000000e+00,0.000000000000000000e+00,0.000000000000000000e+00,1.000000000000000000e+00
9.957615879161453298e-01,7.018484362029119017e-02,5.943860493578190241e-02,4.980035399999999668e-01
6.960112532639291250e-02,-9.975046695809757225e-01,1.183712454307292439e-02,5.074543400000000037e-01
6.012107271179076284e-02,-7.649960140010157901e-03,-9.981617778325514445e-01,1.031968989999999975e+00
0.000000000000000000e+00,0.000000000000000000e+00,0.000000000000000000e+00,1.000000000000000000e+00
9.957458197178009618e-01,6.969631371123864716e-02,6.027177091797881331e-02,4.980381799999999970e-01
6.928283553901139202e-02,-9.975571275290682216e-01,8.925582089062043811e-03,5.077560799999999430e-01
6.074661483736366191e-02,-4.711811861576311808e-03,-9.981420979072980204e-01,1.031418989999999924e+00
0.000000000000000000e+00,0.000000000000000000e+00,0.000000000000000000e+00,1.000000000000000000e+00
9.956438522584923900e-01,6.997873191594673747e-02,6.161409367430592532e-02,4.980174300000000387e-01
6.968445940503074920e-02,-9.975451187641227735e-01,6.914632839241471873e-03,5.079912199999999656e-01
6.194671562963374734e-02,-2.590966867590520795e-03,-9.980760949513780567e-01,1.031028210000000112e+00
0.000000000000000000e+00,0.000000000000000000e+00,0.000000000000000000e+00,1.000000000000000000e+00
9.955801267831986268e-01,7.048120379785730027e-02,6.206940522959176337e-02,4.980678600000000289e-01
7.055869714486709410e-02,-9.975071813197994297e-01,9.452368210372008063e-04,5.081686400000000603e-01
6.198129888578726016e-02,3.438477371428430660e-03,-9.980713879586955439e-01,1.030451199999999901e+00
0.000000000000000000e+00,0.000000000000000000e+00,0.000000000000000000e+00,1.000000000000000000e+00
9.957116304399558082e-01,6.875465423310418711e-02,6.189625617023446907e-02,4.981192399999999632e-01
6.898912095785973697e-02,-9.976160371391888937e-01,-1.656391307146586056e-03,5.080429499999999932e-01
6.163481318270380011e-02,5.919456392852474533e-03,-9.980812140502126617e-01,1.030155259999999906e+00
0.000000000000000000e+00,0.000000000000000000e+00,0.000000000000000000e+00,1.000000000000000000e+00
9.958493695369395882e-01,6.671536455926026232e-02,6.191198046101365621e-02,4.981158800000000109e-01
6.703722963915421940e-02,-9.977455530616015089e-01,-3.133877487434812321e-03,5.078503400000000667e-01
6.156332540715486051e-02,7.271277571647767786e-03,-9.980766931890999727e-01,1.029751590000000050e+00
0.000000000000000000e+00,0.000000000000000000e+00,0.000000000000000000e+00,1.000000000000000000e+00
9.959746113088076003e-01,6.566745661199908934e-02,6.101113644557978194e-02,4.981194700000000086e-01
6.587971221029616242e-02,-9.978264866528901988e-01,-1.471751690509098560e-03,5.078703700000000154e-01
6.078188173591281968e-02,5.485223428555785485e-03,-9.981360003409256443e-01,1.029699169999999997e+00
0.000000000000000000e+00,0.000000000000000000e+00,0.000000000000000000e+00,1.000000000000000000e+00
9.962178253277406137e-01,6.325867115939583230e-02,5.956832230653246602e-02,4.981301499999999938e-01
6.342525289718499437e-02,-9.979861786776579313e-01,-9.079996113585976896e-04,5.078649499999999817e-01
5.939092350010762716e-02,4.682701305178942931e-03,-9.982238178456226407e-01,1.029498669999999949e+00
0.000000000000000000e+00,0.000000000000000000e+00,0.000000000000000000e+00,1.000000000000000000e+00
9.961529891522055147e-01,6.557380661077286121e-02,5.813173048945744631e-02,4.981524300000000349e-01
6.600651729893000641e-02,-9.978037406819004751e-01,-5.552905120100290297e-03,5.078506099999999801e-01
5.763993300821929761e-02,9.368616108035601048e-03,-9.982934774679378398e-01,1.029351039999999884e+00
0.000000000000000000e+00,0.000000000000000000e+00,0.000000000000000000e+00,1.000000000000000000e+00
9.957418498189315459e-01,7.111909193178754529e-02,5.865358711937935371e-02,4.981539200000000278e-01
7.203983999381825820e-02,-9.973072049264708472e-01,-1.373318810092932774e-02,5.077690499999999441e-01
5.751895316187295021e-02,1.790010515467427288e-02,-9.981839290745037063e-01,1.029161529999999880e+00
0.000000000000000000e+00,0.000000000000000000e+00,0.000000000000000000e+00,1.000000000000000000e+00
9.956963724858673981e-01,7.137278217484194220e-02,5.911564753183378568e-02,4.981778299999999882e-01
7.236718451614096437e-02,-9.972674700862682595e-01,-1.485206089878749781e-02,5.075848800000000161e-01
5.789407934920676874e-02,1.906617613358926530e-02,-9.981406496601321621e-01,1.029200969999999993e+00
0.000000000000000000e+00,0.000000000000000000e+00,0.000000000000000000e+00,1.000000000000000000e+00
9.959910135676277587e-01,6.808387733665489938e-02,5.802143172429234663e-02,4.981629199999999535e-01
6.880807736905360239e-02,-9.975738744964082194e-01,-1.057418606789642737e-02,5.075712999999999475e-01
5.716073286184951419e-02,1.452413746256522170e-02,-9.982593350676289834e-01,1.029301070000000040e+00
0.000000000000000000e+00,0.000000000000000000e+00,0.000000000000000000e+00,1.000000000000000000e+00
9.960368327851074621e-01,6.790442620821707242e-02,5.744228961963195046e-02,4.981121399999999810e-01
6.860945313673988410e-02,-9.975894947134585911e-01,-1.038956099288371182e-02,5.075611500000000165e-01
5.659832749905571725e-02,1.428946950310476180e-02,-9.982947662817979184e-01,1.029283369999999920e+00
0.000000000000000000e+00,0.000000000000000000e+00,0.000000000000000000e+00,1.000000000000000000e+00
9.960914032337202517e-01,6.792109404951007789e-02,5.646805634158016257e-02,4.980602300000000482e-01
6.864645927819110205e-02,-9.975803557328419835e-01,-1.100443022169600785e-02,5.075301700000000027e-01
5.558399079272661331e-02,1.483775047148761655e-02,-9.983437589971202453e-01,1.029239119999999952e+00
0.000000000000000000e+00,0.000000000000000000e+00,0.000000000000000000e+00,1.000000000000000000e+00
9.960070698990304283e-01,7.040165522541520782e-02,5.489557042850076035e-02,4.980098699999999656e-01
7.131171721901223559e-02,-9.973443192244851874e-01,-1.479688811624483083e-02,5.073987199999999698e-01
5.370805990188393803e-02,1.865250257125840652e-02,-9.983824560004072035e-01,1.029167710000000069e+00
0.000000000000000000e+00,0.000000000000000000e+00,0.000000000000000000e+00,1.000000000000000000e+00
9.960203906826466946e-01,7.099504800109986136e-02,5.388027935812730873e-02,4.980300500000000019e-01
7.194481810987617132e-02,-9.972819525509509786e-01,-1.589497603961988886e-02,5.072986999999999913e-01
5.260536561535474054e-02,1.970812714300328866e-02,-9.984208858156915500e-01,1.029199069999999994e+00
0.000000000000000000e+00,0.000000000000000000e+00,0.000000000000000000e+00,1.000000000000000000e+00
9.960813952054935472e-01,7.027446628824365882e-02,5.369686688606969960e-02,4.980396699999999899e-01
7.117369192395248123e-02,-9.973508535362548555e-01,-1.501933848138930876e-02,5.072723799999999672e-01
5.249914002526215318e-02,1.878228789063642740e-02,-9.984443229135018250e-01,1.029218289999999980e+00
0.000000000000000000e+00,0.000000000000000000e+00,0.000000000000000000e+00,1.000000000000000000e+00
9.962172349218296752e-01,6.893615324552343493e-02,5.290583729999906448e-02,4.980535500000000115e-01
6.976815144262427104e-02,-9.974644064629438756e-01,-1.404147014405264862e-02,5.070695899999999590e-01
5.180372466322578917e-02,1.767949703009072740e-02,-9.985007809189634376e-01,1.029324110000000125e+00
0.000000000000000000e+00,0.000000000000000000e+00,0.000000000000000000e+00,1.000000000000000000e+00
9.962062019877823138e-01,6.915297747022414176e-02,5.283056717546209813e-02,4.981007000000000073e-01
6.999431480625489810e-02,-9.974457140051636861e-01,-1.424231398097041551e-02,5.070352599999999876e-01
5.171072437977664027e-02,1.788612086877231638e-02,-9.985019217129160740e-01,1.029362260000000084e+00
0.000000000000000000e+00,0.000000000000000000e+00,0.000000000000000000e+00,1.000000000000000000e+00
9.961870220969507583e-01,6.968917215262253329e-02,5.248653437112617975e-02,4.980937200000000176e-01
7.051256687952793534e-02,-9.974126332310716547e-01,-1.400060652685322822e-02,5.070080900000000224e-01
5.137504177778711573e-02,1.764818278865572590e-02,-9.985234833125302689e-01,1.029420320000000055e+00
0.000000000000000000e+00,0.000000000000000000e+00,0.000000000000000000e+00,1.000000000000000000e+00
9.961812504804835600e-01,7.079045730720381902e-02,5.110408345109730688e-02,4.977130900000000246e-01
7.111313700768048807e-02,-9.974580081990424008e-01,-4.521462653358213415e-03,5.075628699999999993e-01
5.065410088104049802e-02,8.138368008133009882e-03,-9.986830973988183313e-01,1.029529040000000117e+00
0.000000000000000000e+00,0.000000000000000000e+00,0.000000000000000000e+00,1.000000000000000000e+00
9.961709386810148059e-01,7.085076170181053845e-02,5.122138707277752723e-02,4.977547500000000236e-01
7.123603091495397943e-02,-9.974430095721743550e-01,-5.733284842665033187e-03,5.075448999999999655e-01
5.068420687817622172e-02,9.360140056466462882e-03,-9.986708661772674134e-01,1.029493409999999942e+00
0.000000000000000000e+00,0.000000000000000000e+00,0.000000000000000000e+00,1.000000000000000000e+00
9.961631967890863804e-01,7.063996159678075093e-02,5.166121551564350350e-02,4.978025400000000156e-01
7.107060488196063897e-02,-9.974498166672970401e-01,-6.544643006932787839e-03,5.075012600000000651e-01
5.106715661421395297e-02,1.019112633526361722e-02,-9.986432228075039497e-01,1.029445340000000098e+00
0.000000000000000000e+00,0.000000000000000000e+00,0.000000000000000000e+00,1.000000000000000000e+00
9.961154417921258553e-01,7.075708888201735769e-02,5.241622836699148802e-02,4.977930799999999989e-01
7.115586638996344859e-02,-9.974484684272548751e-01,-5.778884876641078930e-03,5.075416200000000266e-01
5.187358963453345129e-02,9.486158604308620249e-03,-9.986086037549255501e-01,1.029380419999999852e+00
0.000000000000000000e+00,0.000000000000000000e+00,0.000000000000000000e+00,1.000000000000000000e+00
9.960266764397701644e-01,7.123720490944246420e-02,5.344268384948033801e-02,4.978055200000000013e-01
7.169525986932329120e-02,-9.974040745507342098e-01,-6.700879185874111972e-03,5.074671600000000282e-01
5.282659872276086743e-02,1.050584153143320487e-02,-9.985484353605992291e-01,1.029337230000000103e+00
0.000000000000000000e+00,0.000000000000000000e+00,0.000000000000000000e+00,1.000000000000000000e+00
9.959956100717700656e-01,7.069477378665682543e-02,5.472653540117632109e-02,4.978547700000000020e-01
7.130063367236673388e-02,-9.974124784089460904e-01,-9.196061768103322431e-03,5.071321100000000248e-01
5.393481580279800569e-02,1.306127380377683153e-02,-9.984590320944275454e-01,1.029302289999999953e+00
0.000000000000000000e+00,0.000000000000000000e+00,0.000000000000000000e+00,1.000000000000000000e+00
9.968115796952904395e-01,5.622252291034183364e-02,5.661892354130362848e-02,4.978651399999999838e-01
5.638344766626842558e-02,-9.984084086653657319e-01,-1.247531786113402529e-03,5.059263600000000194e-01
5.645866996879282673e-02,4.435924242847334199e-03,-9.983950827009649975e-01,1.029531779999999896e+00
0.000000000000000000e+00,0.000000000000000000e+00,0.000000000000000000e+00,1.000000000000000000e+00
9.972517502651598864e-01,4.711840149620411672e-02,5.717344517796968395e-02,4.979118700000000342e-01
4.696478732519477478e-02,-9.988884231413385217e-01,4.028258396628342855e-03,5.053686099999999959e-01
5.729969759584267741e-02,-1.332049043125912210e-03,-9.983561340026773090e-01,1.029849930000000136e+00
0.000000000000000000e+00,0.000000000000000000e+00,0.000000000000000000e+00,1.000000000000000000e+00
